207559.Dde_1775,Dde_1775,"PFAM:&nbsp;Phosphotransferase&nbsp;system,&nbsp;fructose&nbsp;subfamily&nbsp;IIA&nbsp;component",98.9
207559.Dde_1085,Dde_1085,"PFAM:&nbsp;4Fe-4S&nbsp;ferredoxin,&nbsp;iron-sulphur&nbsp;binding,&nbsp;subgroup",98.9
207559.Dde_0718,Dde_0718,"KEGG:&nbsp;dvm:DvMF_1216&nbsp;formate&nbsp;dehydrogenase,&nbsp;beta&nbsp;subunit,&nbsp;putative",98.9
207559.Dde_0261,Dde_0261,Monosaccharide-transporting&nbsp;ATPase,98.9
207559.Dde_0581,Dde_0581,NADH:quinone&nbsp;oxidoreductase&nbsp;subunit&nbsp;RnfC,98.8
207559.Dde_2035,recO,DNA&nbsp;repair&nbsp;protein&nbsp;RecO,98.8
207559.Dde_0544,Dde_0544,Histidine&nbsp;kinase,98.7
207559.Dde_2247,rplN,50S&nbsp;ribosomal&nbsp;protein&nbsp;L14,98.7
207559.Dde_1823,Dde_1823,Cytochrome&nbsp;c&nbsp;oxidase&nbsp;subunit&nbsp;1,98.7
207559.Dde_2891,Dde_2891,"TIGRFAM:&nbsp;Asparagine&nbsp;synthase,&nbsp;glutamine-hydrolyzing",98.7
207559.Dde_0240,fumC,Fumarate&nbsp;hydratase&nbsp;class&nbsp;II,98.6
207559.Dde_3670,potA,Spermidine/putrescine&nbsp;import&nbsp;ATP-binding&nbsp;protein&nbsp;PotA,98.5
207559.Dde_2762,Dde_2762,KEGG:&nbsp;dvm:DvMF_2789&nbsp;histidine&nbsp;kinase,98.4
207559.Dde_1959,Dde_1959,"TIGRFAM:&nbsp;SirA-related,&nbsp;selenium&nbsp;metabolism",98.4
207559.Dde_1454,Dde_1454,Universal&nbsp;stress&nbsp;protein,98.4
207559.Dde_3004,gpmA,"2,3-bisphosphoglycerate-dependent&nbsp;phosphoglycerate&nbsp;mutase",98.4
207559.Dde_3283,Dde_3283,KEGG:&nbsp;dsa:Desal_0467&nbsp;acetaldehyde&nbsp;dehydrogenase-like&nbsp;protein,98.3
207559.Dde_1577,Dde_1577,KEGG:&nbsp;dvm:DvMF_0774&nbsp;CheA&nbsp;signal&nbsp;transduction&nbsp;histidine&nbsp;kinase,98.3
207559.Dde_3000,Dde_3000,Multi-sensor&nbsp;signal&nbsp;transduction&nbsp;histidine&nbsp;kinase,98.3
207559.Dde_3493,Dde_3493,PFAM:&nbsp;Nitrogen&nbsp;regulatory&nbsp;protein&nbsp;PII,98.3
207559.Dde_0011,hisS,Histidine--tRNA&nbsp;ligase,98.2
207559.Dde_0430,Dde_0430,"PFAM:&nbsp;Glycosyl&nbsp;transferase,&nbsp;family&nbsp;2",98.2
207559.Dde_1637,Dde_1637,2-oxoglutarate&nbsp;synthase,98.0
207559.Dde_2285,glgB,"1,4-alpha-glucan&nbsp;branching&nbsp;enzyme&nbsp;GlgB",98.0
207559.Dde_3124,Dde_3124,TIGRFAM:&nbsp;Penicillin-binding&nbsp;protein&nbsp;1A,98.0
207559.Dde_3150,csrA,Translational&nbsp;regulator&nbsp;CsrA,97.9
207559.Dde_1418,Dde_1418,"SMART:&nbsp;ATPase,&nbsp;AAA+&nbsp;type,&nbsp;core",97.8
207559.Dde_1772,hpf,Ribosome&nbsp;hibernation&nbsp;promoting&nbsp;factor,97.8
207559.Dde_2718,pyrF,Orotidine&nbsp;5'-phosphate&nbsp;decarboxylase,97.8
207559.Dde_0638,Dde_0638,"PFAM:&nbsp;Anti-sigma-28&nbsp;factor,&nbsp;FlgM",97.7
207559.Dde_1538,Dde_1538,PFAM:&nbsp;MotA/TolQ/ExbB&nbsp;proton&nbsp;channel,97.7
207559.Dde_3639,Dde_3639,TIGRFAM:&nbsp;Fe-S&nbsp;type&nbsp;hydro-lyases&nbsp;tartrate/fumarate&nbsp;alpha&nbsp;region,97.7
207559.Dde_2254,rplB,50S&nbsp;ribosomal&nbsp;protein&nbsp;L2,97.5
207559.Dde_2387,Dde_2387,"KEGG:&nbsp;dvm:DvMF_0882&nbsp;two&nbsp;component&nbsp;transcriptional&nbsp;regulator,&nbsp;winged&nbsp;helix&nbsp;family",97.5
207559.Dde_0193,Dde_0193,KEGG:&nbsp;dvm:DvMF_2243&nbsp;AMP-dependent&nbsp;synthetase&nbsp;and&nbsp;ligase,97.4
207559.Dde_0145,Dde_0145,"PFAM:&nbsp;ABC-type&nbsp;glycine&nbsp;betaine&nbsp;transport&nbsp;system,&nbsp;substrate-binding&nbsp;region",97.4
207559.Dde_3740,Dde_3740,PAS&nbsp;sensor&nbsp;protein,97.4
207559.Dde_2157,Dde_2157,PFAM:&nbsp;Tetratricopeptide&nbsp;TPR-1,97.4
207559.Dde_1815,Dde_1815,"PFAM:&nbsp;Glutamine&nbsp;amidotransferase,&nbsp;class-II",97.3
207559.Dde_2954,Dde_2954,PFAM:&nbsp;BioY&nbsp;protein,97.3
207559.Dde_3159,Dde_3159,KEGG:&nbsp;dvl:Dvul_2429&nbsp;hypothetical&nbsp;protein,97.3
207559.Dde_0023,Dde_0023,PFAM:&nbsp;Protein&nbsp;of&nbsp;unknown&nbsp;function&nbsp;DUF140,97.2
207559.Dde_2230,rplQ,KEGG:&nbsp;das:Daes_2227&nbsp;50S&nbsp;ribosomal&nbsp;protein&nbsp;L17,97.0
207559.Dde_2286,glgA,Glycogen&nbsp;synthase,97.0
207559.Dde_0373,Dde_0373,"KEGG:&nbsp;dvl:Dvul_0149&nbsp;phosphoesterase,&nbsp;PA-phosphatase&nbsp;related",96.9
207559.Dde_1825,Dde_1825,"TIGRFAM:&nbsp;Caa(3)-type&nbsp;oxidase,&nbsp;subunit&nbsp;IV",96.9
207559.Dde_2065,bamD,Outer&nbsp;membrane&nbsp;protein&nbsp;assembly&nbsp;factor&nbsp;BamD,96.9
207559.Dde_3589,Dde_3589,PFAM:&nbsp;MotA/TolQ/ExbB&nbsp;proton&nbsp;channel,96.9
207559.Dde_0351,Dde_0351,KEGG:&nbsp;dvl:Dvul_2670&nbsp;flagellar&nbsp;assembly&nbsp;protein&nbsp;FliH,96.9
207559.Dde_1180,Dde_1180,TIGRFAM:&nbsp;Phosphoenolpyruvate-protein&nbsp;phosphotransferase,96.9
207559.Dde_3736,Dde_3736,"SMART:&nbsp;Glyceraldehyde&nbsp;3-phosphate&nbsp;dehydrogenase,&nbsp;NAD(P)&nbsp;binding&nbsp;domain",96.8
207559.Dde_0079,Dde_0079,Tryptophan&nbsp;synthase&nbsp;beta&nbsp;chain,96.8
207559.Dde_1164,Dde_1164,Alcohol&nbsp;dehydrogenase,96.8
207559.Dde_0575,Dde_0575,KEGG:&nbsp;dvm:DvMF_1208&nbsp;CheW&nbsp;protein,96.8
207559.Dde_2249,rpmC,KEGG:&nbsp;dvm:DvMF_0087&nbsp;50S&nbsp;ribosomal&nbsp;protein&nbsp;L29,96.7
207559.Dde_1539,Dde_1539,"PFAM:&nbsp;Outer&nbsp;membrane&nbsp;protein,&nbsp;OmpA/MotB,&nbsp;C-terminal",96.6
207559.Dde_2206,proS,Proline--tRNA&nbsp;ligase,96.5
207559.Dde_0779,Dde_0779,KEGG:&nbsp;gwc:GWCH70_2069&nbsp;SNF2-related&nbsp;protein,96.5
207559.Dde_1984,Dde_1984,Fe(3+)-transporting&nbsp;ATPase,96.5
207559.Dde_2233,rpsK,30S&nbsp;ribosomal&nbsp;protein&nbsp;S11,96.5
207559.Dde_0102,Dde_0102,"PFAM:&nbsp;Glutamine&nbsp;synthetase,&nbsp;catalytic&nbsp;region",96.5
207559.Dde_0233,Dde_0233,"ABC-type&nbsp;transporter,&nbsp;integral&nbsp;membrane&nbsp;subunit",96.4
207559.Dde_1609,Dde_1609,Amino&nbsp;acid&nbsp;adenylation&nbsp;domain&nbsp;protein,96.4
207559.Dde_1453,hisC,TIGRFAM:&nbsp;Histidinol-phosphate&nbsp;aminotransferase,96.3
207559.Dde_1075,Dde_1075,"PFAM:&nbsp;4Fe-4S&nbsp;ferredoxin,&nbsp;iron-sulphur&nbsp;binding,&nbsp;subgroup",96.3
207559.Dde_2276,Dde_2276,KEGG:&nbsp;dsa:Desal_1339&nbsp;small&nbsp;GTP-binding&nbsp;protein,96.3
207559.Dde_3161,nusA,Transcription&nbsp;termination/antitermination&nbsp;protein&nbsp;NusA,96.3
207559.Dde_3173,Dde_3173,"TIGRFAM:&nbsp;Translation&nbsp;elongation&nbsp;factor,&nbsp;selenocysteine-specific",96.3
207559.Dde_2998,rpoC,DNA-directed&nbsp;RNA&nbsp;polymerase&nbsp;subunit&nbsp;beta',96.2
207559.Dde_1060,Dde_1060,KEGG:&nbsp;dvu:DVU2479&nbsp;phosphate&nbsp;ABC&nbsp;transporter&nbsp;permease,96.2
207559.Dde_1210,Dde_1210,"PFAM:&nbsp;Methyl-viologen-reducing&nbsp;hydrogenase,&nbsp;delta&nbsp;subunit",96.1
207559.Dde_1256,Dde_1256,KEGG:&nbsp;drt:Dret_1067&nbsp;fumarate&nbsp;reductase&nbsp;iron-sulfur&nbsp;subunit,96.1
207559.Dde_3002,Dde_3002,Putative&nbsp;PAS/PAC&nbsp;sensor&nbsp;protein,96.1
207559.Dde_0166,Dde_0166,Phosphonate-transporting&nbsp;ATPase,96.1
207559.Dde_3074,Dde_3074,Methyl-accepting&nbsp;chemotaxis&nbsp;sensory&nbsp;transducer&nbsp;with&nbsp;Pas/Pac&nbsp;sensor,96.1
207559.Dde_3571,Dde_3571,"PFAM:&nbsp;DNA&nbsp;helicase,&nbsp;UvrD/REP&nbsp;type",96.0
207559.Dde_1172,Dde_1172,"TIGRFAM:&nbsp;RNA&nbsp;helicase,&nbsp;ATP-dependent&nbsp;DEAH&nbsp;box,&nbsp;HrpB&nbsp;type",96.0
207559.Dde_2985,prmC,Release&nbsp;factor&nbsp;glutamine&nbsp;methyltransferase,96.0
207559.Dde_0154,Dde_0154,"Molybdenum&nbsp;ABC&nbsp;transporter,&nbsp;permease&nbsp;protein",95.9
207559.Dde_3621,dinB,DNA&nbsp;polymerase&nbsp;IV,95.9
207559.Dde_3330,Dde_3330,PFAM:&nbsp;Phosphonate&nbsp;metabolism,95.7
207559.Dde_0685,Dde_0685,KEGG:&nbsp;das:Daes_0366&nbsp;formylmethanofuran&nbsp;dehydrogenase&nbsp;subunit&nbsp;E&nbsp;domain-containing&nbsp;protein,95.7
207559.Dde_3718,Dde_3718,Multi-sensor&nbsp;signal&nbsp;transduction&nbsp;histidine&nbsp;kinase,95.6
207559.Dde_1207,Dde_1207,"KEGG:&nbsp;dsa:Desal_0602&nbsp;heterodisulfide&nbsp;reductase,&nbsp;C&nbsp;subunit",95.6
207559.Dde_3311,Dde_3311,KEGG:&nbsp;vex:VEA_000537&nbsp;autoinducer&nbsp;2-binding&nbsp;periplasmic&nbsp;protein&nbsp;LuxP&nbsp;precursor,95.6
207559.Dde_3481,Dde_3481,KEGG:&nbsp;dma:DMR_05280&nbsp;indole-3-glycerol&nbsp;phosphate&nbsp;synthase,95.5
207559.Dde_0065,ilvE,Branched-chain-amino-acid&nbsp;aminotransferase,95.5
207559.Dde_3180,hemL,"TIGRFAM:&nbsp;Tetrapyrrole&nbsp;biosynthesis,&nbsp;glutamate-1-semialdehyde&nbsp;aminotransferase",95.5
207559.Dde_3515,Dde_3515,Formate&nbsp;dehydrogenase&nbsp;accessory&nbsp;protein,95.5
207559.Dde_2086,Dde_2086,KEGG:&nbsp;dvl:Dvul_1521&nbsp;glutamate&nbsp;synthase&nbsp;subunit&nbsp;beta,95.5
207559.Dde_0262,Dde_0262,Fe(3+)-transporting&nbsp;ATPase,95.5
207559.Dde_2636,rplT,50S&nbsp;ribosomal&nbsp;protein&nbsp;L20,95.4
207559.Dde_3525,Dde_3525,KEGG:&nbsp;dsa:Desal_0601&nbsp;CoB--CoM&nbsp;heterodisulfide&nbsp;reductase,95.4
207559.Dde_0400,Dde_0400,"KEGG:&nbsp;dbr:Deba_0020&nbsp;RND&nbsp;efflux&nbsp;system,&nbsp;outer&nbsp;membrane&nbsp;lipoprotein,&nbsp;NodT&nbsp;family",95.4
207559.Dde_3482,trpD,Anthranilate&nbsp;phosphoribosyltransferase,95.4
207559.Dde_2278,Dde_2278,KEGG:&nbsp;dsa:Desal_0367&nbsp;thiamine&nbsp;biosynthesis&nbsp;protein&nbsp;ThiH,95.3
207559.Dde_3003,Dde_3003,"KEGG:&nbsp;dvm:DvMF_1461&nbsp;two&nbsp;component,&nbsp;sigma54&nbsp;specific,&nbsp;transcriptional&nbsp;regulator,&nbsp;fis&nbsp;family",95.3
207559.Dde_3635,Dde_3635,"TIGRFAM:&nbsp;Glutamate&nbsp;synthase&nbsp;(NADPH),&nbsp;homotetrameric",95.3
207559.Dde_2262,rpsG,30S&nbsp;ribosomal&nbsp;protein&nbsp;S7,95.2
207559.Dde_0681,Dde_0681,"PFAM:&nbsp;4Fe-4S&nbsp;ferredoxin,&nbsp;iron-sulphur&nbsp;binding,&nbsp;subgroup",95.2
207559.Dde_3200,Dde_3200,"PFAM:&nbsp;Cobyrinic&nbsp;acid&nbsp;a,c-diamide&nbsp;synthase",95.2
207559.Dde_0476,Dde_0476,"Hydrogenase&nbsp;FeS&nbsp;protein,&nbsp;cytoplasmic",95.1
207559.Dde_2437,ribH,"6,7-dimethyl-8-ribityllumazine&nbsp;synthase",94.9
207559.Dde_2277,Dde_2277,Radical&nbsp;SAM&nbsp;domain&nbsp;protein,94.9
207559.Dde_3659,Dde_3659,"ABC-type&nbsp;transporter,&nbsp;integral&nbsp;membrane&nbsp;subunit",94.8
207559.Dde_0657,Dde_0657,"PFAM:&nbsp;4Fe-4S&nbsp;ferredoxin,&nbsp;iron-sulphur&nbsp;binding,&nbsp;subgroup",94.6
207559.Dde_3193,dfx,Desulfoferrodoxin,94.6
207559.Dde_3107,Dde_3107,Precorrin-2&nbsp;C20-methyltransferase,94.4
207559.Dde_1174,glcB,Malate&nbsp;synthase&nbsp;G,94.4
207559.Dde_2993,rplA,50S&nbsp;ribosomal&nbsp;protein&nbsp;L1,94.3
207559.Dde_2183,Dde_2183,dTDP-4-dehydrorhamnose&nbsp;reductase,94.3
207559.Dde_2621,hemC,Porphobilinogen&nbsp;deaminase,94.2
207559.Dde_3487,Dde_3487,KEGG:&nbsp;dvm:DvMF_1749&nbsp;prephenate&nbsp;dehydratase,94.2
207559.Dde_2299,Dde_2299,PFAM:&nbsp;Mammalian&nbsp;cell&nbsp;entry&nbsp;related,94.2
207559.Dde_1764,Dde_1764,KEGG:&nbsp;dvm:DvMF_0434&nbsp;phosphoribosylformylglycinamidine&nbsp;synthase,94.2
207559.Dde_1190,Dde_1190,PFAM:&nbsp;Cobalamin&nbsp;(vitamin&nbsp;B12)&nbsp;biosynthesis&nbsp;CbiM,94.2
207559.Dde_3135,Dde_3135,"KEGG:&nbsp;dvm:DvMF_2579&nbsp;transcriptional&nbsp;regulator,&nbsp;ArsR&nbsp;family",94.1
207559.Dde_1691,Dde_1691,"PFAM:&nbsp;Glycine&nbsp;cleavage&nbsp;system&nbsp;P-protein,&nbsp;N-terminal",94.1
207559.Dde_3113,Dde_3113,PAS/PAC&nbsp;sensor&nbsp;signal&nbsp;transduction&nbsp;histidine&nbsp;kinase,94.1
207559.Dde_1623,Dde_1623,"ABC-type&nbsp;transporter,&nbsp;integral&nbsp;membrane&nbsp;subunit",94.1
207559.Dde_1006,Dde_1006,Enoyl-[acyl-carrier-protein]&nbsp;reductase&nbsp;[NADH],94.0
207559.Dde_1406,Dde_1406,KEGG:&nbsp;dvm:DvMF_3021&nbsp;aconitate&nbsp;hydratase,94.0
207559.Dde_0347,Dde_0347,KEGG:&nbsp;dvl:Dvul_0296&nbsp;methyl-accepting&nbsp;chemotaxis&nbsp;sensory&nbsp;transducer,94.0
207559.Dde_2641,hcp,Hydroxylamine&nbsp;reductase,94.0
207559.Dde_3489,Dde_3489,"2-amino-3,7-dideoxy-D-threo-hept-6-ulosonate&nbsp;synthase",93.9
207559.Dde_2014,hslU,ATP-dependent&nbsp;protease&nbsp;ATPase&nbsp;subunit&nbsp;HslU,93.9
207559.Dde_0228,tyrS,Tyrosine--tRNA&nbsp;ligase,93.9
207559.Dde_2069,fbp,"KEGG:&nbsp;dvl:Dvul_1321&nbsp;fructose-1,6-bisphosphatase",93.9
207559.Dde_0573,Dde_0573,Carboxynorspermidine/carboxyspermidine&nbsp;decarboxylase,93.8
207559.Dde_2749,Dde_2749,PFAM:&nbsp;Rubredoxin-type&nbsp;Fe(Cys)4&nbsp;protein,93.8
207559.Dde_3218,leuA,2-isopropylmalate&nbsp;synthase,93.8
207559.Dde_2989,tuf,Elongation&nbsp;factor&nbsp;Tu,93.7
207559.Dde_3464,mutL,DNA&nbsp;mismatch&nbsp;repair&nbsp;protein&nbsp;MutL,93.7
207559.Dde_1819,secF,Protein-export&nbsp;membrane&nbsp;protein&nbsp;SecF,93.7
207559.Dde_2113,Dde_2113,PFAM:&nbsp;GCN5-related&nbsp;N-acetyltransferase,93.6
207559.Dde_1079,Dde_1079,KEGG:&nbsp;dvl:Dvul_1537&nbsp;nitrite&nbsp;and&nbsp;sulphite&nbsp;reductase&nbsp;4Fe-4S&nbsp;region,93.6
207559.Dde_0295,eno,Enolase,93.6
207559.Dde_0122,Dde_0122,Putative&nbsp;23S&nbsp;rRNA&nbsp;m(5)C&nbsp;methyltransferase,93.5
207559.Dde_0218,Dde_0218,KEGG:&nbsp;dma:DMR_16200&nbsp;methyl-accepting&nbsp;chemotaxis&nbsp;protein,93.5
207559.Dde_1518,Dde_1518,"TIGRFAM:&nbsp;UTP--glucose-1-phosphate&nbsp;uridylyltransferase,&nbsp;bacterial/archaeal&nbsp;type",93.4
207559.Dde_1781,Dde_1781,RNA-metabolising&nbsp;metallo-beta-lactamase,93.4
207559.Dde_0986,atpG,ATP&nbsp;synthase&nbsp;gamma&nbsp;chain,93.3
207559.Dde_3224,Dde_3224,"KEGG:&nbsp;dvm:DvMF_1801&nbsp;phage&nbsp;shock&nbsp;protein&nbsp;C,&nbsp;PspC",93.1
207559.Dde_2245,rplE,50S&nbsp;ribosomal&nbsp;protein&nbsp;L5,93.1
207559.Dde_1589,pfkA,ATP-dependent&nbsp;6-phosphofructokinase,93.1
207559.Dde_3228,Dde_3228,TIGRFAM:&nbsp;Molybdenum&nbsp;cofactor&nbsp;synthesis,93.1
207559.Dde_1081,argJ,Arginine&nbsp;biosynthesis&nbsp;bifunctional&nbsp;protein&nbsp;ArgJ,93.1
207559.Dde_2124,hslV,ATP-dependent&nbsp;protease&nbsp;subunit&nbsp;HslV,92.8
207559.Dde_1624,Dde_1624,Phosphonate-transporting&nbsp;ATPase,92.8
207559.Dde_0257,Dde_0257,KEGG:&nbsp;dvl:Dvul_0331&nbsp;PAS/PAC&nbsp;sensor&nbsp;hybrid&nbsp;histidine&nbsp;kinase,92.8
207559.Dde_2061,Dde_2061,Trehalose&nbsp;6-phosphate&nbsp;phosphatase,92.8
207559.Dde_3618,Dde_3618,Anthranilate&nbsp;synthase,92.8
207559.Dde_3520,Dde_3520,Molybdate-transporting&nbsp;ATPase,92.8
207559.Dde_0155,Dde_0155,"TIGRFAM:&nbsp;Molybdenum&nbsp;ABC&nbsp;transporter,&nbsp;periplasmic&nbsp;binding&nbsp;protein",92.8
207559.Dde_2618,nadK,NAD&nbsp;kinase,92.7
207559.Dde_0046,Dde_0046,PFAM:&nbsp;Pyruvate/ketoisovalerate&nbsp;oxidoreductase,92.7
207559.Dde_3233,Dde_3233,Multi-sensor&nbsp;hybrid&nbsp;histidine&nbsp;kinase,92.6
207559.Dde_1113,Dde_1113,Quinone-interacting&nbsp;membrane-bound&nbsp;oxidoreductase,92.6
207559.Dde_2837,Dde_2837,"TIGRFAM:&nbsp;Uroporphyrin-III&nbsp;C-methyltransferase,&nbsp;C-terminal",92.5
207559.Dde_0277,Dde_0277,KEGG:&nbsp;dvl:Dvul_2681&nbsp;anaerobic&nbsp;ribonucleoside&nbsp;triphosphate&nbsp;reductase,92.5
207559.Dde_2011,Dde_2011,"PFAM:&nbsp;Ribosomal&nbsp;protein&nbsp;S1,&nbsp;RNA&nbsp;binding&nbsp;domain",92.4
207559.Dde_3681,Dde_3681,KEGG:&nbsp;mta:Moth_0756&nbsp;N-acetylneuraminate&nbsp;synthase,92.4
207559.Dde_1608,Dde_1608,TIGRFAM:&nbsp;Amino&nbsp;acid&nbsp;adenylation,92.4
207559.Dde_2309,glnD,Bifunctional&nbsp;uridylyltransferase/uridylyl-removing&nbsp;enzyme,92.4
207559.Dde_0324,Dde_0324,KEGG:&nbsp;tye:THEYE_A0739&nbsp;response&nbsp;regulator,92.3
207559.Dde_1627,Dde_1627,KEGG:&nbsp;dvm:DvMF_0621&nbsp;methyl-accepting&nbsp;chemotaxis&nbsp;sensory&nbsp;transducer,92.2
207559.Dde_0736,Dde_0736,PFAM:&nbsp;Phosphoglycerate&nbsp;mutase,92.2
207559.Dde_1251,Dde_1251,PFAM:&nbsp;Oxidoreductase&nbsp;FAD/NAD(P)-binding,92.2
207559.Dde_1179,Dde_1179,"KEGG:&nbsp;dvm:DvMF_2583&nbsp;dihydroxyacetone&nbsp;kinase,&nbsp;L&nbsp;subunit",92.2
207559.Dde_2933,Dde_2933,PFAM:&nbsp;Molybdopterin&nbsp;oxidoreductase,92.2
207559.Dde_0114,Dde_0114,"SMART:&nbsp;ATPase,&nbsp;AAA+&nbsp;type,&nbsp;core",92.2
207559.Dde_2274,Dde_2274,"Periplasmic&nbsp;(Tat),&nbsp;binds&nbsp;2(4Fe-4S)",92.1
207559.Dde_2608,rpsI,PFAM:&nbsp;Ribosomal&nbsp;protein&nbsp;S9,92.1
207559.Dde_0056,pyrD,Dihydroorotate&nbsp;dehydrogenase,92.0
207559.Dde_0247,rpoZ,DNA-directed&nbsp;RNA&nbsp;polymerase&nbsp;subunit&nbsp;omega,92.0
207559.Dde_1537,Dde_1537,Purine&nbsp;nucleoside&nbsp;phosphorylase,91.9
207559.Dde_2975,Dde_2975,KEGG:&nbsp;dvm:DvMF_1436&nbsp;hypothetical&nbsp;protein,91.9
207559.Dde_3028,Dde_3028,"TIGRFAM:&nbsp;Carbon-monoxide&nbsp;dehydrogenase,&nbsp;catalytic&nbsp;subunit",91.8
207559.Dde_3222,leuB,3-isopropylmalate&nbsp;dehydrogenase,91.8
207559.Dde_2944,Dde_2944,"PFAM:&nbsp;4Fe-4S&nbsp;ferredoxin,&nbsp;iron-sulphur&nbsp;binding,&nbsp;subgroup",91.8
207559.Dde_2034,glyQ,"TIGRFAM:&nbsp;Glycyl-tRNA&nbsp;synthetase,&nbsp;class&nbsp;IIc,&nbsp;alpha&nbsp;subunit",91.8
207559.Dde_2300,Dde_2300,PFAM:&nbsp;Toluene&nbsp;tolerance,91.7
207559.Dde_2342,Dde_2342,"SMART:&nbsp;Glyceraldehyde&nbsp;3-phosphate&nbsp;dehydrogenase,&nbsp;NAD(P)&nbsp;binding&nbsp;domain",91.7
207559.Dde_2240,rpsE,30S&nbsp;ribosomal&nbsp;protein&nbsp;S5,91.7
207559.Dde_2630,pgk,HAMAP:&nbsp;Phosphoglycerate&nbsp;kinase,91.6
207559.Dde_3469,Dde_3469,PFAM:&nbsp;Metallophosphoesterase,91.5
207559.Dde_1121,Dde_1121,"PFAM:&nbsp;Peptidase&nbsp;M22,&nbsp;glycoprotease",91.5
207559.Dde_1315,Dde_1315,KEGG:&nbsp;dvm:DvMF_3172&nbsp;UTP--glucose-1-phosphate&nbsp;uridylyltransferase,91.4
207559.Dde_1111,Dde_1111,Quinone-interacting&nbsp;membrane-bound&nbsp;oxidoreductase,91.3
207559.Dde_3597,Dde_3597,PFAM:&nbsp;Phosphoglucose&nbsp;isomerase&nbsp;(PGI),91.2
207559.Dde_2394,yidC,Membrane&nbsp;protein&nbsp;insertase&nbsp;YidC,91.2
207559.Dde_1415,Dde_1415,"KEGG:&nbsp;dvm:DvMF_1494&nbsp;type&nbsp;I&nbsp;secretion&nbsp;outer&nbsp;membrane&nbsp;protein,&nbsp;TolC&nbsp;family",91.2
207559.Dde_2340,surE,5'-nucleotidase&nbsp;SurE,91.1
207559.Dde_2120,Dde_2120,TIGRFAM:&nbsp;Ribose&nbsp;5-phosphate&nbsp;isomerase&nbsp;B,91.0
207559.Dde_0449,Dde_0449,"ABC-type&nbsp;transporter,&nbsp;integral&nbsp;membrane&nbsp;subunit",91.0
207559.Dde_3181,Dde_3181,Precorrin-3B&nbsp;C17-methyltransferase,91.0
207559.Dde_0560,ftsY,Signal&nbsp;recognition&nbsp;particle&nbsp;receptor&nbsp;FtsY,90.9
207559.Dde_3468,Dde_3468,PFAM:&nbsp;Serine/threonine-protein&nbsp;kinase-like&nbsp;domain,90.9
207559.Dde_3609,Dde_3609,KEGG:&nbsp;dvm:DvMF_2332&nbsp;response&nbsp;regulator&nbsp;receiver&nbsp;protein,90.8
207559.Dde_0300,Dde_0300,KEGG:&nbsp;dal:Dalk_2563&nbsp;hypothetical&nbsp;protein,90.8
207559.Dde_0249,moaC,Cyclic&nbsp;pyranopterin&nbsp;monophosphate&nbsp;synthase,90.6
207559.Dde_2130,rho,Transcription&nbsp;termination&nbsp;factor&nbsp;Rho,90.5
207559.Dde_2321,thyX,Flavin-dependent&nbsp;thymidylate&nbsp;synthase,90.5
207559.Dde_0057,Dde_0057,"PFAM:&nbsp;Dihydroorotate&nbsp;dehydrogenase,&nbsp;electron&nbsp;transfer&nbsp;subunit,&nbsp;iron-sulphur&nbsp;cluster&nbsp;binding&nbsp;domain",90.4
207559.Dde_3485,Dde_3485,PFAM:&nbsp;Prephenate&nbsp;dehydrogenase,90.4
207559.Dde_1340,Dde_1340,KEGG:&nbsp;dvl:Dvul_0795&nbsp;RND&nbsp;family&nbsp;efflux&nbsp;transporter&nbsp;MFP&nbsp;subunit,90.4
207559.Dde_3158,Dde_3158,KEGG:&nbsp;dvl:Dvul_2428&nbsp;flagellar&nbsp;basal&nbsp;body&nbsp;rod&nbsp;protein&nbsp;FlgG,90.4
207559.Dde_3773,Dde_3773,KEGG:&nbsp;dvl:Dvul_0115&nbsp;hypothetical&nbsp;protein,90.3
207559.Dde_1391,Dde_1391,Metal&nbsp;dependent&nbsp;phosphohydrolase,90.3
207559.Dde_1198,Dde_1198,Chemotaxis&nbsp;protein&nbsp;methyltransferase,90.3
207559.Dde_2253,rpsS,30S&nbsp;ribosomal&nbsp;protein&nbsp;S19,90.3
207559.Dde_1218,Dde_1218,KEGG:&nbsp;dvl:Dvul_2289&nbsp;ferredoxin-dependent&nbsp;glutamate&nbsp;synthase,90.2
207559.Dde_2459,Dde_2459,PFAM:&nbsp;UBA/THIF-type&nbsp;NAD/FAD&nbsp;binding&nbsp;fold,90.1
207559.Dde_1657,Dde_1657,KEGG:&nbsp;dvm:DvMF_0572&nbsp;threonine&nbsp;aldolase,90.1
207559.Dde_2965,pyrC,Dihydroorotase,90.1
207559.Dde_2159,Dde_2159,KEGG:&nbsp;dvm:DvMF_2542&nbsp;methyl-accepting&nbsp;chemotaxis&nbsp;sensory&nbsp;transducer,90.1
207559.Dde_0857,Dde_0857,CRISPR-associated&nbsp;protein&nbsp;Cas2,90.0
207559.Dde_1050,ribB,"3,4-dihydroxy-2-butanone&nbsp;4-phosphate&nbsp;synthase",90.0
207559.Dde_1976,mutS,DNA&nbsp;mismatch&nbsp;repair&nbsp;protein&nbsp;MutS,89.9
207559.Dde_3208,Dde_3208,PFAM:&nbsp;GCN5-related&nbsp;N-acetyltransferase,89.9
207559.Dde_2099,Dde_2099,TIGRFAM:&nbsp;ATP-dependent&nbsp;Clp&nbsp;protease&nbsp;ATP-binding&nbsp;subunit&nbsp;clpA,89.9
207559.Dde_1411,rpsR,30S&nbsp;ribosomal&nbsp;protein&nbsp;S18,89.9
207559.Dde_2127,ctc,50S&nbsp;ribosomal&nbsp;protein&nbsp;L25,89.8
207559.Dde_3687,Dde_3687,TIGRFAM:&nbsp;3-deoxy-D-manno-octulosonate&nbsp;cytidylyltransferase,89.8
207559.Dde_1412,rpsF,30S&nbsp;ribosomal&nbsp;protein&nbsp;S6,89.7
207559.Dde_3480,Dde_3480,KEGG:&nbsp;dvm:DvMF_1742&nbsp;phosphoribosylanthranilate&nbsp;isomerase,89.6
207559.Dde_0884,Dde_0884,KEGG:&nbsp;dat:HRM2_02360&nbsp;hypothetical&nbsp;protein,89.6
207559.Dde_3167,pnp,Polyribonucleotide&nbsp;nucleotidyltransferase,89.5
207559.Dde_1830,Dde_1830,Quinolinate&nbsp;synthase,89.5
207559.Dde_1660,Dde_1660,KEGG:&nbsp;dvm:DvMF_0568&nbsp;hypothetical&nbsp;protein,89.5
207559.Dde_2602,Dde_2602,KEGG:&nbsp;dvl:Dvul_2357&nbsp;hypothetical&nbsp;protein,89.4
207559.Dde_0789,Dde_0789,5'-nucleotidase,89.4
207559.Dde_0043,Dde_0043,Ferrodoxin-like&nbsp;protein,89.3
207559.Dde_2991,nusG,Transcription&nbsp;termination/antitermination&nbsp;protein&nbsp;NusG,89.2
207559.Dde_2900,Dde_2900,GDP-L-fucose&nbsp;synthase,89.2
207559.Dde_1717,Dde_1717,PFAM:&nbsp;MotA/TolQ/ExbB&nbsp;proton&nbsp;channel,89.2
207559.Dde_2637,rpmI,KEGG:&nbsp;dvl:Dvul_0709&nbsp;50S&nbsp;ribosomal&nbsp;protein&nbsp;L35,89.2
207559.Dde_3266,Dde_3266,"PFAM:&nbsp;NADH:ubiquinone&nbsp;oxidoreductase,&nbsp;51kDa&nbsp;subunit",89.1
207559.Dde_1644,Dde_1644,KEGG:&nbsp;dvm:DvMF_0600&nbsp;DegV&nbsp;family&nbsp;protein,89.0
207559.Dde_1792,Dde_1792,"TIGRFAM:&nbsp;2-oxoacid:acceptor&nbsp;oxidoreductase,&nbsp;alpha&nbsp;subunit",89.0
207559.Dde_2525,Dde_2525,"TIGRFAM:&nbsp;5,10-methylenetetrahydrofolate&nbsp;reductase",89.0
207559.Dde_0431,Dde_0431,PFAM:&nbsp;CDP-glycerol&nbsp;glycerophosphotransferase,88.9
207559.Dde_2995,rplL,50S&nbsp;ribosomal&nbsp;protein&nbsp;L7/L12,88.9
207559.Dde_1496,metK,S-adenosylmethionine&nbsp;synthase,88.9
207559.Dde_3030,Dde_3030,KEGG:&nbsp;das:Daes_0632&nbsp;hypothetical&nbsp;protein,88.8
207559.Dde_2115,Dde_2115,Methionine&nbsp;synthase,88.8
207559.Dde_2108,Dde_2108,KEGG:&nbsp;dvm:DvMF_0469&nbsp;methyl-accepting&nbsp;chemotaxis&nbsp;sensory&nbsp;transducer,88.8
207559.Dde_2982,rpmE,50S&nbsp;ribosomal&nbsp;protein&nbsp;L31,88.8
207559.Dde_1360,Dde_1360,Multi-sensor&nbsp;hybrid&nbsp;histidine&nbsp;kinase,88.7
207559.Dde_3326,Dde_3326,KEGG:&nbsp;das:Daes_1172&nbsp;phosphonate&nbsp;ABC&nbsp;transporter&nbsp;inner&nbsp;membrane&nbsp;subunit,88.7
207559.Dde_1046,ftsA,Cell&nbsp;division&nbsp;protein&nbsp;FtsA,88.6
207559.Dde_1444,Dde_1444,SufBD&nbsp;protein,88.6
207559.Dde_2857,Dde_2857,Methyl-accepting&nbsp;chemotaxis&nbsp;sensory&nbsp;transducer&nbsp;with&nbsp;Pas/Pac&nbsp;sensor,88.6
207559.Dde_2258,rpsJ,30S&nbsp;ribosomal&nbsp;protein&nbsp;S10,88.5
207559.Dde_0110,Dde_0110,"Signal&nbsp;transduction&nbsp;histidine&nbsp;kinase,&nbsp;nitrogen&nbsp;specific,&nbsp;NtrB",88.5
207559.Dde_2056,rpsU,TIGRFAM:&nbsp;Ribosomal&nbsp;protein&nbsp;S21,88.4
207559.Dde_1842,Dde_1842,Uncharacterized&nbsp;protein,88.4
207559.Dde_1211,Dde_1211,"PFAM:&nbsp;4Fe-4S&nbsp;ferredoxin,&nbsp;iron-sulphur&nbsp;binding,&nbsp;subgroup",88.2
207559.Dde_0706,Dde_0706,Formate&nbsp;dehydrogenase&nbsp;accessory&nbsp;protein,88.2
207559.Dde_3483,Dde_3483,TIGRFAM:&nbsp;Glutamine&nbsp;amidotransferase&nbsp;of&nbsp;anthranilate&nbsp;synthase,88.1
207559.Dde_0341,Dde_0341,KEGG:&nbsp;dvm:DvMF_2252&nbsp;DEAD/DEAH&nbsp;box&nbsp;helicase&nbsp;domain&nbsp;protein,88.1
207559.Dde_3038,Dde_3038,TIGRFAM:&nbsp;PAS,88.0
207559.Dde_2164,Dde_2164,PFAM:&nbsp;Acylphosphatase-like,87.9
207559.Dde_1698,ychF,Ribosome-binding&nbsp;ATPase&nbsp;YchF,87.9
207559.Dde_1949,Dde_1949,"PFAM:&nbsp;Permease&nbsp;YjgP/YjgQ,&nbsp;predicted",87.8
207559.Dde_0458,Dde_0458,KEGG:&nbsp;dvl:Dvul_0230&nbsp;methyl-accepting&nbsp;chemotaxis&nbsp;sensory&nbsp;transducer,87.8
207559.Dde_0362,Dde_0362,PFAM:&nbsp;Bacterial&nbsp;sugar&nbsp;transferase,87.8
207559.Dde_3404,Dde_3404,KEGG:&nbsp;elm:ELI_1642&nbsp;hypothetical&nbsp;protein,87.7
207559.Dde_1985,Dde_1985,PFAM:&nbsp;Protein&nbsp;of&nbsp;unknown&nbsp;function&nbsp;DUF140,87.7
207559.Dde_2657,Dde_2657,"PFAM:&nbsp;Beta-hydroxyacyl-(acyl-carrier-protein)&nbsp;dehydratase,&nbsp;FabA/FabZ",87.6
207559.Dde_0720,Dde_0720,KEGG:&nbsp;das:Daes_0557&nbsp;anti-anti-sigma&nbsp;factor,87.6
207559.Dde_2634,pheT,"TIGRFAM:&nbsp;Phenylalanyl-tRNA&nbsp;synthetase,&nbsp;class&nbsp;IIc,&nbsp;beta&nbsp;subunit,&nbsp;bacterial",87.6
207559.Dde_0610,Dde_0610,"ABC-type&nbsp;transporter,&nbsp;integral&nbsp;membrane&nbsp;subunit",87.5
207559.Dde_2446,Dde_2446,"TIGRFAM:&nbsp;DNA&nbsp;helicase,&nbsp;ATP-dependent,&nbsp;RecQ&nbsp;type,&nbsp;bacterial",87.5
207559.Dde_1014,uvrC,UvrABC&nbsp;system&nbsp;protein&nbsp;C,87.5
207559.Dde_2700,atpB,ATP&nbsp;synthase&nbsp;subunit&nbsp;a,87.5
207559.Dde_1922,Dde_1922,KEGG:&nbsp;dly:Dehly_1690&nbsp;UvrD/REP&nbsp;helicase,87.4
207559.Dde_3636,Dde_3636,PFAM:&nbsp;Oxidoreductase&nbsp;FAD/NAD(P)-binding,87.4
207559.Dde_2060,Dde_2060,"Alpha,alpha-trehalose-phosphate&nbsp;synthase&nbsp;(UDP-forming)",87.3
207559.Dde_2943,Dde_2943,"PFAM:&nbsp;Aldehyde&nbsp;ferredoxin&nbsp;oxidoreductase,&nbsp;C-terminal",87.3
207559.Dde_2080,Dde_2080,"Pyruvate,&nbsp;water&nbsp;dikinase.,&nbsp;Phosphoenolpyruvate--protein&nbsp;phosphotransferase",87.2
207559.Dde_0113,Dde_0113,Vitamin&nbsp;B12-dependent&nbsp;ribonucleotide&nbsp;reductase,87.2
207559.Dde_2973,Dde_2973,DNA-directed&nbsp;DNA&nbsp;polymerase,87.2
207559.Dde_2835,purN,Phosphoribosylglycinamide&nbsp;formyltransferase,87.2
207559.Dde_1426,argD,TIGRFAM:&nbsp;Acetylornithine/succinylornithine&nbsp;aminotransferase,87.1
207559.Dde_0331,hisF,Imidazole&nbsp;glycerol&nbsp;phosphate&nbsp;synthase&nbsp;subunit&nbsp;HisF,87.1
207559.Dde_0721,Dde_0721,Histidine&nbsp;kinase,87.1
207559.Dde_3245,Dde_3245,Lactate&nbsp;utilization&nbsp;protein&nbsp;B/C,87.0
207559.Dde_2045,nnrD,Multifunctional&nbsp;fusion&nbsp;protein,86.9
207559.Dde_1135,Dde_1135,PFAM:&nbsp;Asparagine&nbsp;synthase,86.9
207559.Dde_3633,Dde_3633,KEGG:&nbsp;dvm:DvMF_2359&nbsp;peptidoglycan-associated&nbsp;lipoprotein,86.9
207559.Dde_0265,Dde_0265,"PFAM:&nbsp;4Fe-4S&nbsp;ferredoxin,&nbsp;iron-sulphur&nbsp;binding,&nbsp;subgroup",86.8
207559.Dde_2393,Dde_2393,PFAM:&nbsp;Single-stranded&nbsp;nucleic&nbsp;acid&nbsp;binding&nbsp;R3H,86.7
207559.Dde_2732,Dde_2732,KEGG:&nbsp;dvm:DvMF_1414&nbsp;phosphoglycerate&nbsp;mutase,86.7
207559.Dde_1407,Dde_1407,"PFAM:&nbsp;Peptidyl-prolyl&nbsp;cis-trans&nbsp;isomerase,&nbsp;PpiC-type",86.7
207559.Dde_0383,Dde_0383,"KEGG:&nbsp;dvm:DvMF_2011&nbsp;RNA&nbsp;polymerase,&nbsp;sigma&nbsp;28&nbsp;subunit,&nbsp;FliA/WhiG",86.6
207559.Dde_0995,Dde_0995,Cell&nbsp;shape-determining&nbsp;protein&nbsp;MreC,86.6
207559.Dde_1545,Dde_1545,Single-stranded&nbsp;DNA-binding&nbsp;protein,86.6
207559.Dde_0286,Dde_0286,"PFAM:&nbsp;4Fe-4S&nbsp;ferredoxin,&nbsp;iron-sulphur&nbsp;binding,&nbsp;subgroup",86.6
207559.Dde_3638,Dde_3638,TIGRFAM:&nbsp;Fe-S&nbsp;type&nbsp;hydro-lyases&nbsp;tartrate/fumarate&nbsp;beta&nbsp;region,86.5
207559.Dde_0448,Dde_0448,"ABC-type&nbsp;transporter,&nbsp;periplasmic&nbsp;subunit",86.5
207559.Dde_3458,purD,Phosphoribosylamine--glycine&nbsp;ligase,86.4
207559.Dde_3253,Dde_3253,KEGG:&nbsp;dvm:DvMF_1850&nbsp;capsule&nbsp;polysaccharide&nbsp;biosynthesis&nbsp;protein,86.4
207559.Dde_2997,rpoB,DNA-directed&nbsp;RNA&nbsp;polymerase&nbsp;subunit&nbsp;beta,86.4
207559.Dde_1814,Dde_1814,KEGG:&nbsp;dvm:DvMF_0546&nbsp;glutamate&nbsp;synthase&nbsp;(NADPH),86.4
207559.Dde_2004,Dde_2004,"PFAM:&nbsp;Glutamyl/glutaminyl-tRNA&nbsp;synthetase,&nbsp;class&nbsp;Ic,&nbsp;catalytic&nbsp;domain",86.3
207559.Dde_3162,infB,Translation&nbsp;initiation&nbsp;factor&nbsp;IF-2,86.2
207559.Dde_0962,Dde_0962,KEGG:&nbsp;dau:Daud_2100&nbsp;RND&nbsp;family&nbsp;efflux&nbsp;transporter&nbsp;MFP&nbsp;subunit,86.2
207559.Dde_2202,xseB,Exodeoxyribonuclease&nbsp;7&nbsp;small&nbsp;subunit,86.1
207559.Dde_3006,Dde_3006,KEGG:&nbsp;dvm:DvMF_1463&nbsp;response&nbsp;regulator&nbsp;receiver&nbsp;protein,86.0
207559.Dde_3220,leuD,3-isopropylmalate&nbsp;dehydratase&nbsp;small&nbsp;subunit,85.9
207559.Dde_2092,dapB,4-hydroxy-tetrahydrodipicolinate&nbsp;reductase,85.9
207559.Dde_2931,Dde_2931,TIGRFAM:&nbsp;Mannose-1-phosphate&nbsp;guanylyltransferase/mannose-6-phosphate&nbsp;isomerase,85.8
207559.Dde_0849,Dde_0849,"TIGRFAM:&nbsp;Signal&nbsp;transduction&nbsp;histidine&nbsp;kinase,&nbsp;PEP-CTERM&nbsp;system,&nbsp;putative",85.8
207559.Dde_3479,Dde_3479,Tryptophan&nbsp;synthase&nbsp;beta&nbsp;chain,85.8
207559.Dde_1452,cmk,TIGRFAM:&nbsp;Cytidylate&nbsp;kinase,85.7
207559.Dde_2033,glyS,"TIGRFAM:&nbsp;Glycyl-tRNA&nbsp;synthetase,&nbsp;class&nbsp;IIc,&nbsp;beta&nbsp;subunit",85.7
207559.Dde_1827,ctaB,Protoheme&nbsp;IX&nbsp;farnesyltransferase,85.7
207559.Dde_0066,dnaX,DNA&nbsp;polymerase&nbsp;III&nbsp;subunit&nbsp;gamma/tau,85.7
207559.Dde_0167,Dde_0167,"KEGG:&nbsp;dvm:DvMF_1919&nbsp;polar&nbsp;amino&nbsp;acid&nbsp;ABC&nbsp;transporter,&nbsp;inner&nbsp;membrane&nbsp;subunit",85.6
207559.Dde_1726,ispDF,Bifunctional&nbsp;enzyme&nbsp;IspD/IspF,85.5
207559.Dde_0328,Dde_0328,KEGG:&nbsp;das:Daes_0066&nbsp;response&nbsp;regulator&nbsp;receiver,85.4
207559.Dde_2984,prfA,Peptide&nbsp;chain&nbsp;release&nbsp;factor&nbsp;1,85.4
207559.Dde_0260,Dde_0260,"ABC-type&nbsp;transporter,&nbsp;integral&nbsp;membrane&nbsp;subunit",85.3
207559.Dde_1723,Dde_1723,KEGG:&nbsp;dsa:Desal_1148&nbsp;response&nbsp;regulator&nbsp;receiver&nbsp;protein,85.3
207559.Dde_3039,Dde_3039,"PFAM:&nbsp;Pyruvate&nbsp;formate-lyase,&nbsp;PFL",85.2
207559.Dde_2648,gltX,Glutamate--tRNA&nbsp;ligase,85.2
207559.Dde_0152,Dde_0152,KEGG:&nbsp;dvm:DvMF_2125&nbsp;DEAD/DEAH&nbsp;box&nbsp;helicase&nbsp;domain&nbsp;protein,85.1
207559.Dde_2425,rpmB,KEGG:&nbsp;dvl:Dvul_1846&nbsp;50S&nbsp;ribosomal&nbsp;protein&nbsp;L28,85.0
207559.Dde_2068,tsaD,tRNA&nbsp;N6-adenosine&nbsp;threonylcarbamoyltransferase,85.0
207559.Dde_0109,Dde_0109,"Two&nbsp;component,&nbsp;sigma54&nbsp;specific,&nbsp;transcriptional&nbsp;regulator,&nbsp;Fis&nbsp;family",84.8
207559.Dde_3619,Dde_3619,"PFAM:&nbsp;Aminotransferase,&nbsp;class&nbsp;IV",84.8
207559.Dde_0798,mqnE,Aminodeoxyfutalosine&nbsp;synthase,84.7
207559.Dde_2896,Dde_2896,Transport&nbsp;permease&nbsp;protein,84.6
207559.Dde_1040,murD,UDP-N-acetylmuramoylalanine--D-glutamate&nbsp;ligase,84.5
207559.Dde_1078,Dde_1078,CheW&nbsp;protein,84.5
207559.Dde_2930,Dde_2930,"dTDP-4-dehydrorhamnose&nbsp;3,5-epimerase",84.5
207559.Dde_2726,aroC,Chorismate&nbsp;synthase,84.3
207559.Dde_2237,secY,Protein&nbsp;translocase&nbsp;subunit&nbsp;SecY,84.3
207559.Dde_3502,Dde_3502,KEGG:&nbsp;dba:Dbac_3110&nbsp;fructose-bisphosphate&nbsp;aldolase,84.3
207559.Dde_0408,Dde_0408,Glycerol-3-phosphate&nbsp;dehydrogenase,84.2
207559.Dde_1776,Dde_1776,"PFAM:&nbsp;Phosphotransferase&nbsp;system,&nbsp;sorbose&nbsp;subfamily&nbsp;IIB&nbsp;component",84.1
207559.Dde_0312,Dde_0312,"PFAM:&nbsp;FAD&nbsp;linked&nbsp;oxidase,&nbsp;N-terminal",84.1
207559.Dde_1622,Dde_1622,"ABC-type&nbsp;transporter,&nbsp;periplasmic&nbsp;subunit",84.1
207559.Dde_1036,Dde_1036,Peptidoglycan&nbsp;glycosyltransferase,84.0
207559.Dde_1769,Dde_1769,PFAM:&nbsp;OstA-like&nbsp;protein,83.9
207559.Dde_0236,Dde_0236,KEGG:&nbsp;dvl:Dvul_2879&nbsp;NAD-dependent&nbsp;epimerase/dehydratase,83.9
207559.Dde_0232,Dde_0232,Fe(3+)-transporting&nbsp;ATPase,83.8
207559.Dde_3213,Dde_3213,KEGG:&nbsp;dvl:Dvul_0397&nbsp;histone&nbsp;family&nbsp;protein&nbsp;DNA-binding&nbsp;protein,83.7
207559.Dde_1650,Dde_1650,Methyl-accepting&nbsp;chemotaxis&nbsp;sensory&nbsp;transducer&nbsp;with&nbsp;Pas/Pac&nbsp;sensor,83.7
207559.Dde_1147,htpG,Chaperone&nbsp;protein&nbsp;HtpG,83.7
207559.Dde_3333,Dde_3333,"SMART:&nbsp;ATPase,&nbsp;AAA+&nbsp;type,&nbsp;core",83.7
207559.Dde_3725,Dde_3725,KEGG:&nbsp;dvl:Dvul_1232&nbsp;phosphonate&nbsp;ABC&nbsp;transporter&nbsp;inner&nbsp;membrane&nbsp;protein,83.7
207559.Dde_0251,Dde_0251,PFAM:&nbsp;NUDIX&nbsp;hydrolase&nbsp;domain,83.7
207559.Dde_1373,fabZ,3-hydroxyacyl-[acyl-carrier-protein]&nbsp;dehydratase&nbsp;FabZ,83.7
207559.Dde_0774,Dde_0774,KEGG:&nbsp;dvm:DvMF_2860&nbsp;response&nbsp;regulator&nbsp;receiver&nbsp;protein,83.7
207559.Dde_1165,Dde_1165,KEGG:&nbsp;dal:Dalk_0006&nbsp;PAS/PAC&nbsp;sensor&nbsp;signal&nbsp;transduction&nbsp;histidine&nbsp;kinase,83.6
207559.Dde_0004,gyrA,DNA&nbsp;gyrase&nbsp;subunit&nbsp;A,83.5
207559.Dde_1440,proC,Pyrroline-5-carboxylate&nbsp;reductase,83.5
207559.Dde_2659,Dde_2659,PFAM:&nbsp;Phosphopantetheine-binding,83.4
207559.Dde_2992,rplK,50S&nbsp;ribosomal&nbsp;protein&nbsp;L11,83.3
207559.Dde_2858,Dde_2858,KEGG:&nbsp;dvm:DvMF_2711&nbsp;cytochrome&nbsp;c&nbsp;family&nbsp;protein,83.3
207559.Dde_2493,Dde_2493,KEGG:&nbsp;din:Selin_1700&nbsp;type&nbsp;III&nbsp;restriction&nbsp;protein&nbsp;res&nbsp;subunit,83.3
207559.Dde_3152,Dde_3152,KEGG:&nbsp;dvm:DvMF_2524&nbsp;flagellar&nbsp;hook-associated&nbsp;protein&nbsp;FlgK,83.2
207559.Dde_1641,Dde_1641,Gamma-glutamyltransferase,83.1
207559.Dde_3696,Dde_3696,KEGG:&nbsp;dvm:DvMF_1910&nbsp;polysaccharide&nbsp;biosynthesis&nbsp;domain-containing&nbsp;protein,82.9
207559.Dde_3476,Dde_3476,KEGG:&nbsp;dvm:DvMF_1739&nbsp;isocitrate/isopropylmalate&nbsp;dehydrogenase,82.8
207559.Dde_3658,Dde_3658,"ABC-type&nbsp;transporter,&nbsp;integral&nbsp;membrane&nbsp;subunit",82.8
207559.Dde_0332,hisH,Imidazole&nbsp;glycerol&nbsp;phosphate&nbsp;synthase&nbsp;subunit&nbsp;HisH,82.7
207559.Dde_1062,Dde_1062,KEGG:&nbsp;dvl:Dvul_0765&nbsp;phosphate&nbsp;binding&nbsp;protein,82.6
207559.Dde_0609,Dde_0609,Sulfate-transporting&nbsp;ATPase,82.6
207559.Dde_3735,Dde_3735,PFAM:&nbsp;Alpha/beta&nbsp;hydrolase&nbsp;fold-1,82.6
207559.Dde_2038,Dde_2038,SurA&nbsp;domain-containing&nbsp;protein,82.5
207559.Dde_3465,Dde_3465,Multi-sensor&nbsp;signal&nbsp;transduction&nbsp;histidine&nbsp;kinase,82.4
207559.Dde_1322,Dde_1322,Methyl-accepting&nbsp;chemotaxis&nbsp;sensory&nbsp;transducer&nbsp;with&nbsp;Pas/Pac&nbsp;sensor,82.3
207559.Dde_2384,Dde_2384,KEGG:&nbsp;dvm:DvMF_1334&nbsp;response&nbsp;regulator&nbsp;receiver&nbsp;protein,82.3
207559.Dde_1628,Dde_1628,Diguanylate&nbsp;cyclase/phosphodiesterase&nbsp;with&nbsp;CBS&nbsp;domains,82.3
207559.Dde_0611,Dde_0611,"ABC-type&nbsp;transporter,&nbsp;integral&nbsp;membrane&nbsp;subunit",82.2
207559.Dde_0841,Dde_0841,Transport&nbsp;permease&nbsp;protein,82.2
207559.Dde_0309,Dde_0309,"ABC-type&nbsp;transporter,&nbsp;integral&nbsp;membrane&nbsp;subunit",82.2
207559.Dde_1196,Dde_1196,PFAM:&nbsp;CheC-like&nbsp;protein,82.1
207559.Dde_3713,Dde_3713,KEGG:&nbsp;dvl:Dvul_2718&nbsp;response&nbsp;regulator&nbsp;receiver&nbsp;protein,82.1
207559.Dde_2986,lpxC,UDP-3-O-acyl-N-acetylglucosamine&nbsp;deacetylase,82.1
207559.Dde_0304,Dde_0304,PFAM:&nbsp;Glyoxalase/bleomycin&nbsp;resistance&nbsp;protein/dioxygenase,82.1
207559.Dde_2935,Dde_2935,KEGG:&nbsp;dvm:DvMF_2687&nbsp;polysulphide&nbsp;reductase&nbsp;NrfD,82.1
207559.Dde_2142,ileS,Isoleucine--tRNA&nbsp;ligase,82.0
207559.Dde_2768,Dde_2768,PFAM:&nbsp;Extracellular&nbsp;ligand-binding&nbsp;receptor,81.9
207559.Dde_3099,Dde_3099,KEGG:&nbsp;dba:Dbac_1194&nbsp;methylated-DNA-(protein)-cysteine&nbsp;S-methyltransferase&nbsp;DNA&nbsp;binding,81.9
207559.Dde_1972,Dde_1972,PFAM:&nbsp;Polynucleotide&nbsp;adenylyltransferase&nbsp;region,81.9
207559.Dde_3455,argC,N-acetyl-gamma-glutamyl-phosphate&nbsp;reductase,81.7
207559.Dde_0518,Dde_0518,PFAM:&nbsp;Amidase,81.6
207559.Dde_1213,Dde_1213,"PFAM:&nbsp;Dihydroorotate&nbsp;dehydrogenase,&nbsp;electron&nbsp;transfer&nbsp;subunit,&nbsp;iron-sulphur&nbsp;cluster&nbsp;binding&nbsp;domain",81.6
207559.Dde_2682,Dde_2682,"PFAM:&nbsp;Glycoside&nbsp;hydrolase,&nbsp;family&nbsp;13,&nbsp;N-terminal",81.5
207559.Dde_0481,Dde_0481,TIGRFAM:&nbsp;Exopolysaccharide&nbsp;biosynthesis&nbsp;polyprenyl&nbsp;glycosylphosphotransferase,81.5
207559.Dde_2318,Dde_2318,Cupin&nbsp;2&nbsp;conserved&nbsp;barrel&nbsp;domain&nbsp;protein,81.3
207559.Dde_1805,prfB,Peptide&nbsp;chain&nbsp;release&nbsp;factor&nbsp;2,81.3
207559.Dde_2241,rplR,50S&nbsp;ribosomal&nbsp;protein&nbsp;L18,81.3
207559.Dde_2823,Dde_2823,TIGRFAM:&nbsp;Acetate--CoA&nbsp;ligase,81.2
207559.Dde_0682,Dde_0682,Nitrate&nbsp;reductase,81.2
207559.Dde_1555,thiG,Thiazole&nbsp;synthase,81.0
207559.Dde_3129,Dde_3129,KEGG:&nbsp;dvm:DvMF_2625&nbsp;phosphate&nbsp;butyryltransferase,81.0
207559.Dde_1541,Dde_1541,KEGG:&nbsp;dvm:DvMF_0817&nbsp;biotin&nbsp;carboxylase,81.0
207559.Dde_0831,Dde_0831,KEGG:&nbsp;dvl:Dvul_3070&nbsp;lipopolysaccharide&nbsp;biosynthesis,80.9
207559.Dde_0353,Dde_0353,Flagellar&nbsp;M-ring&nbsp;protein,80.9
207559.Dde_1932,Dde_1932,"SOS-response&nbsp;transcriptional&nbsp;repressor,&nbsp;LexA",80.9
207559.Dde_1821,Dde_1821,KEGG:&nbsp;dvm:DvMF_0538&nbsp;cytochrome&nbsp;c&nbsp;class&nbsp;I,80.9
207559.Dde_1459,Dde_1459,"ABC-type&nbsp;transporter,&nbsp;periplasmic&nbsp;subunit&nbsp;family&nbsp;3",80.8
207559.Dde_3530,Dde_3530,PFAM:&nbsp;Oxidoreductase&nbsp;FAD/NAD(P)-binding,80.7
207559.Dde_0296,folD,Bifunctional&nbsp;protein&nbsp;FolD,80.7
207559.Dde_1362,Dde_1362,KEGG:&nbsp;dvl:Dvul_0821&nbsp;calcium-binding&nbsp;EF-hand-containing&nbsp;protein,80.7
207559.Dde_3524,Dde_3524,"KEGG:&nbsp;dsa:Desal_0602&nbsp;heterodisulfide&nbsp;reductase,&nbsp;C&nbsp;subunit",80.7
207559.Dde_0223,Dde_0223,PFAM:&nbsp;FAD-dependent&nbsp;pyridine&nbsp;nucleotide-disulfide&nbsp;oxidoreductase,80.7
207559.Dde_1946,uppP,Undecaprenyl-diphosphatase,80.7
207559.Dde_2953,Dde_2953,KEGG:&nbsp;dvm:DvMF_1317&nbsp;ABC&nbsp;transporter&nbsp;related,80.6
207559.Dde_0698,Dde_0698,PFAM:&nbsp;ABC-2&nbsp;type&nbsp;transporter,80.6
207559.Dde_3328,Dde_3328,KEGG:&nbsp;das:Daes_1163&nbsp;phosphonate&nbsp;C-P&nbsp;lyase&nbsp;system&nbsp;protein&nbsp;PhnG,80.6
207559.Dde_2964,pyrB,"TIGRFAM:&nbsp;Aspartate&nbsp;carbamoyltransferase,&nbsp;eukaryotic",80.6
207559.Dde_3490,Dde_3490,"2-amino-3,7-dideoxy-D-threo-hept-6-ulosonate&nbsp;synthase",80.5
207559.Dde_2615,gatB,Aspartyl/glutamyl-tRNA(Asn/Gln)&nbsp;amidotransferase&nbsp;subunit&nbsp;B,80.3
207559.Dde_3518,Dde_3518,KEGG:&nbsp;dsa:Desal_0306&nbsp;molybdenum&nbsp;ABC&nbsp;transporter&nbsp;periplasmic&nbsp;molybdate-binding&nbsp;protein,80.3
207559.Dde_2436,ribBA,Riboflavin&nbsp;biosynthesis&nbsp;protein&nbsp;RibBA,80.2
207559.Dde_2560,Dde_2560,Peroxiredoxin,80.2
207559.Dde_3194,Dde_3194,PFAM:&nbsp;Rubredoxin-type&nbsp;Fe(Cys)4&nbsp;protein,80.2
207559.Dde_2655,bioB,Biotin&nbsp;synthase,80.2
207559.Dde_2298,Dde_2298,Fe(3+)-transporting&nbsp;ATPase,80.0
207559.Dde_2112,Dde_2112,TIGRFAM:&nbsp;Hypoxanthine&nbsp;phosphoribosyl&nbsp;transferase,80.0
207559.Dde_2592,Dde_2592,KEGG:&nbsp;dvl:Dvul_0780&nbsp;hypothetical&nbsp;protein,80.0
207559.Dde_2767,purT,Formate-dependent&nbsp;phosphoribosylglycinamide&nbsp;formyltransferase,79.9
207559.Dde_3219,leuC,3-isopropylmalate&nbsp;dehydratase&nbsp;large&nbsp;subunit,79.8
207559.Dde_2136,Dde_2136,KEGG:&nbsp;dvm:DvMF_0272&nbsp;hydrogenase&nbsp;maturation&nbsp;protease,79.8
207559.Dde_1087,Dde_1087,D-lactate&nbsp;dehydrogenase&nbsp;(Cytochrome),79.8
207559.Dde_1266,Dde_1266,TIGRFAM:&nbsp;Diaminopropionate&nbsp;ammonia-lyase,79.8
207559.Dde_1186,Dde_1186,PFAM:&nbsp;Peptidase&nbsp;M20,79.7
207559.Dde_1695,Dde_1695,"TIGRFAM:&nbsp;Phosphoglucomutase,&nbsp;alpha-D-glucose&nbsp;specific",79.7
207559.Dde_3513,Dde_3513,"TIGRFAM:&nbsp;Formate&nbsp;dehydrogenase,&nbsp;alpha&nbsp;subunit,&nbsp;anaerobic",79.7
207559.Dde_1390,Dde_1390,KEGG:&nbsp;dvu:DVU0971&nbsp;molybdenum&nbsp;cofactor&nbsp;biosynthesis&nbsp;protein,79.6
207559.Dde_2441,Dde_2441,KEGG:&nbsp;dvm:DvMF_3088&nbsp;hypothetical&nbsp;protein,79.5
207559.Dde_1563,Dde_1563,PFAM:&nbsp;Acriflavin&nbsp;resistance&nbsp;protein,79.5
207559.Dde_2453,Dde_2453,MazG&nbsp;family&nbsp;protein,79.5
207559.Dde_1506,gpt,Xanthine&nbsp;phosphoribosyltransferase,79.5
207559.Dde_0174,Dde_0174,"PFAM:&nbsp;AICARFT/IMPCHase&nbsp;bienzyme,&nbsp;formylation&nbsp;region",79.5
207559.Dde_0410,glpK,Glycerol&nbsp;kinase,79.4
207559.Dde_1255,Dde_1255,"Hydro-lyase,&nbsp;Fe-S&nbsp;type,&nbsp;tartrate/fumarate&nbsp;subfamily,&nbsp;alpha&nbsp;subunit",79.4
207559.Dde_3068,Dde_3068,KEGG:&nbsp;dsa:Desal_1163&nbsp;response&nbsp;regulator&nbsp;receiver&nbsp;modulated&nbsp;CheW&nbsp;protein,79.4
207559.Dde_1799,Dde_1799,KEGG:&nbsp;dvm:DvMF_0558&nbsp;histone&nbsp;family&nbsp;protein&nbsp;DNA-binding&nbsp;protein,79.3
207559.Dde_2941,rnhA,Ribonuclease&nbsp;H,79.3
207559.Dde_0961,Dde_0961,Protein&nbsp;CyaE,79.3
207559.Dde_3656,Dde_3656,Glycerol-3-phosphate-transporting&nbsp;ATPase,79.2
207559.Dde_3694,Dde_3694,TIGRFAM:&nbsp;Glucose-1-phosphate&nbsp;cytidylyltransferase,79.2
207559.Dde_0366,ddl,D-alanine--D-alanine&nbsp;ligase,79.2
207559.Dde_0123,Dde_0123,"KEGG:&nbsp;sur:STAUR_7898&nbsp;3'(2'),5'-bisphosphate&nbsp;nucleotidase",79.1
207559.Dde_1948,Dde_1948,"PFAM:&nbsp;Permease&nbsp;YjgP/YjgQ,&nbsp;predicted",79.1
207559.Dde_1208,Dde_1208,KEGG:&nbsp;dba:Dbac_0849&nbsp;CoB--CoM&nbsp;heterodisulfide&nbsp;reductase,79.0
207559.Dde_0369,Dde_0369,KEGG:&nbsp;dma:DMR_12590&nbsp;methyl-accepting&nbsp;chemotaxis&nbsp;protein,79.0
207559.Dde_2140,Dde_2140,KEGG:&nbsp;dvl:Dvul_1243&nbsp;hydrogenase&nbsp;assembly&nbsp;chaperone&nbsp;HypC/HupF,78.9
207559.Dde_2879,Dde_2879,"PFAM:&nbsp;Glycosyl&nbsp;transferase,&nbsp;family&nbsp;2",78.9
207559.Dde_0377,Dde_0377,KEGG:&nbsp;dvm:DvMF_1946&nbsp;phosphoribosylaminoimidazolecarboxamide&nbsp;formyltransferase,78.9
207559.Dde_1477,Dde_1477,PFAM:&nbsp;Cytochrome&nbsp;c&nbsp;assembly&nbsp;protein,78.9
207559.Dde_3519,Dde_3519,KEGG:&nbsp;dsa:Desal_0305&nbsp;molybdate&nbsp;ABC&nbsp;transporter&nbsp;inner&nbsp;membrane&nbsp;subunit,78.9
207559.Dde_1632,nadD,Probable&nbsp;nicotinate-nucleotide&nbsp;adenylyltransferase,78.8
207559.Dde_3756,Dde_3756,KEGG:&nbsp;dvm:DvMF_1733&nbsp;nickel-dependent&nbsp;hydrogenase&nbsp;large&nbsp;subunit,78.8
207559.Dde_1725,Dde_1725,KEGG:&nbsp;dvm:DvMF_0256&nbsp;AMP-dependent&nbsp;synthetase&nbsp;and&nbsp;ligase,78.7
207559.Dde_0604,Dde_0604,"Pyruvate,&nbsp;water&nbsp;dikinase",78.7
207559.Dde_3471,zwf,Glucose-6-phosphate&nbsp;1-dehydrogenase,78.7
207559.Dde_3149,fliW,Flagellar&nbsp;assembly&nbsp;factor&nbsp;FliW,78.7
207559.Dde_3585,Dde_3585,KEGG:&nbsp;dvm:DvMF_2213&nbsp;flagellar&nbsp;motor&nbsp;switch&nbsp;protein&nbsp;FliN,78.7
207559.Dde_1307,Dde_1307,KEGG:&nbsp;dvl:Dvul_0929&nbsp;hydrogenase&nbsp;accessory&nbsp;protein&nbsp;HypB,78.7
207559.Dde_3450,polA,DNA&nbsp;polymerase&nbsp;I,78.6
207559.Dde_0592,Dde_0592,"PFAM:&nbsp;Glycosyl&nbsp;transferase,&nbsp;group&nbsp;1",78.5
207559.Dde_2295,argS,Arginine--tRNA&nbsp;ligase,78.5
207559.Dde_2263,rpsL,30S&nbsp;ribosomal&nbsp;protein&nbsp;S12,78.5
207559.Dde_0001,Dde_0001,Chromosomal&nbsp;replication&nbsp;initiator&nbsp;protein&nbsp;DnaA,78.4
207559.Dde_1091,Dde_1091,"PFAM:&nbsp;Phosphotransferase&nbsp;system,&nbsp;mannose/fructose/sorbose&nbsp;family&nbsp;IID&nbsp;component",78.3
207559.Dde_3714,Dde_3714,KEGG:&nbsp;dvm:DvMF_2551&nbsp;response&nbsp;regulator&nbsp;receiver&nbsp;protein,78.3
207559.Dde_2181,Dde_2181,Sirohydrochlorin&nbsp;cobaltochelatase,78.3
207559.Dde_1076,Dde_1076,Nitrate&nbsp;reductase,78.2
207559.Dde_2167,Dde_2167,KEGG:&nbsp;dvm:DvMF_0154&nbsp;acetolactate&nbsp;synthase&nbsp;3&nbsp;regulatory&nbsp;subunit,78.1
207559.Dde_0234,Dde_0234,KEGG:&nbsp;das:Daes_1323&nbsp;ABC&nbsp;transporter&nbsp;periplasmic&nbsp;substrate-binding&nbsp;protein,78.0
207559.Dde_3016,Dde_3016,"TIGRFAM:&nbsp;Ribonucleoside-triphosphate&nbsp;reductase,&nbsp;anaerobic",78.0
207559.Dde_2430,acpP,Acyl&nbsp;carrier&nbsp;protein,78.0
207559.Dde_0988,atpH,ATP&nbsp;synthase&nbsp;subunit&nbsp;delta,77.9
207559.Dde_2516,Dde_2516,Biosynthetic&nbsp;peptidoglycan&nbsp;transglycosylase,77.9
207559.Dde_0608,Dde_0608,Monosaccharide-transporting&nbsp;ATPase,77.8
207559.Dde_0719,Dde_0719,PFAM:&nbsp;Putative&nbsp;Fe-S&nbsp;cluster,77.8
207559.Dde_3729,Dde_3729,PFAM:&nbsp;ABC&nbsp;transporter-like,77.7
207559.Dde_0189,Dde_0189,"Lysine&nbsp;2,3-aminomutase&nbsp;YodO&nbsp;family&nbsp;protein",77.7
207559.Dde_1768,Dde_1768,KEGG:&nbsp;dvm:DvMF_0430&nbsp;protein&nbsp;of&nbsp;unknown&nbsp;function&nbsp;DUF1239,77.7
207559.Dde_2632,Dde_2632,TIGRFAM:&nbsp;Ribulose-phosphate&nbsp;3-epimerase,77.7
207559.Dde_1279,Dde_1279,KEGG:&nbsp;dsa:Desal_0036&nbsp;methyl-accepting&nbsp;chemotaxis&nbsp;sensory&nbsp;transducer,77.6
207559.Dde_0003,gyrB,DNA&nbsp;gyrase&nbsp;subunit&nbsp;B,77.6
207559.Dde_0054,Dde_0054,Bifunctional&nbsp;protein&nbsp;PutA,77.6
207559.Dde_0423,Dde_0423,"PFAM:&nbsp;N-acetylneuraminic&nbsp;acid&nbsp;synthase,&nbsp;N-terminal",77.6
207559.Dde_1096,trmD,tRNA&nbsp;(guanine-N(1)-)-methyltransferase,77.5
207559.Dde_2235,rpmJ,KEGG:&nbsp;dsa:Desal_1207&nbsp;50S&nbsp;ribosomal&nbsp;protein&nbsp;L36,77.5
207559.Dde_0258,Dde_0258,PFAM:&nbsp;Extracellular&nbsp;ligand-binding&nbsp;receptor,77.5
207559.Dde_2474,groS,10&nbsp;kDa&nbsp;chaperonin,77.3
207559.Dde_1025,grpE,Protein&nbsp;GrpE,77.3
207559.Dde_3023,Dde_3023,"PFAM:&nbsp;4Fe-4S&nbsp;ferredoxin,&nbsp;iron-sulphur&nbsp;binding,&nbsp;subgroup",77.3
207559.Dde_3204,Dde_3204,"PFAM:&nbsp;Cytochrome&nbsp;bd&nbsp;ubiquinol&nbsp;oxidase,&nbsp;subunit&nbsp;I",77.2
207559.Dde_1996,Dde_1996,TIGRFAM:&nbsp;Glycine&nbsp;cleavage&nbsp;system&nbsp;T&nbsp;protein,77.2
207559.Dde_1482,Dde_1482,"PFAM:&nbsp;Glycosyl&nbsp;transferase,&nbsp;family&nbsp;9",77.2
207559.Dde_3673,Dde_3673,Putrescine-binding&nbsp;periplasmic&nbsp;protein,77.1
207559.Dde_3042,Dde_3042,D-alanine--D-alanine&nbsp;ligase,77.0
207559.Dde_2220,clpP,ATP-dependent&nbsp;Clp&nbsp;protease&nbsp;proteolytic&nbsp;subunit,77.0
207559.Dde_0528,Dde_0528,PFAM:&nbsp;Dissimilatory&nbsp;sulphite&nbsp;reductase&nbsp;D,77.0
207559.Dde_0527,Dde_0527,"TIGRFAM:&nbsp;Sulphite&nbsp;reductase,&nbsp;dissimilatory-type&nbsp;beta&nbsp;subunit",77.0
207559.Dde_1061,Dde_1061,Phosphate&nbsp;transport&nbsp;system&nbsp;permease&nbsp;protein,76.9
207559.Dde_0367,Dde_0367,"PFAM:&nbsp;Three-deoxy-D-manno-octulosonic-acid&nbsp;transferase,&nbsp;N-terminal",76.9
207559.Dde_1689,Dde_1689,KEGG:&nbsp;dvl:Dvul_1654&nbsp;OmpA/MotB&nbsp;domain-containing&nbsp;protein,76.8
207559.Dde_2210,Dde_2210,Permease&nbsp;component&nbsp;of&nbsp;zinc&nbsp;ABC&nbsp;transporter,76.8
207559.Dde_0906,Dde_0906,KEGG:&nbsp;dly:Dehly_1690&nbsp;UvrD/REP&nbsp;helicase,76.7
207559.Dde_2994,rplJ,50S&nbsp;ribosomal&nbsp;protein&nbsp;L10,76.6
207559.Dde_1124,Dde_1124,KEGG:&nbsp;dvm:DvMF_2916&nbsp;aromatic-L-amino-acid&nbsp;decarboxylase,76.6
207559.Dde_2104,cheB2,Chemotaxis&nbsp;response&nbsp;regulator&nbsp;protein-glutamate&nbsp;methylesterase&nbsp;2,76.6
207559.Dde_2328,metE,5-methyltetrahydropteroyltriglutamate--homocysteine&nbsp;methyltransferase,76.6
207559.Dde_3240,Dde_3240,Uncharacterized&nbsp;protein,76.6
207559.Dde_2052,rpoD,RNA&nbsp;polymerase&nbsp;sigma&nbsp;factor&nbsp;RpoD,76.6
207559.Dde_1817,Dde_1817,"KEGG:&nbsp;dvm:DvMF_0542&nbsp;preprotein&nbsp;translocase,&nbsp;YajC&nbsp;subunit",76.5
207559.Dde_0803,Dde_0803,"Precorrin-6y&nbsp;C5,15-methyltransferase&nbsp;(Decarboxylating),&nbsp;CbiE&nbsp;subunit",76.4
207559.Dde_1594,metG,Methionine--tRNA&nbsp;ligase,76.4
207559.Dde_3207,acsA,Acetyl-coenzyme&nbsp;A&nbsp;synthetase,76.4
207559.Dde_2731,Dde_2731,"PFAM:&nbsp;Homoserine&nbsp;dehydrogenase,&nbsp;catalytic",76.3
207559.Dde_2388,Dde_2388,KEGG:&nbsp;dvl:Dvul_1912&nbsp;3'-5'&nbsp;exonuclease,76.3
207559.Dde_1193,Dde_1193,Component&nbsp;of&nbsp;nickel&nbsp;ABC&nbsp;transport&nbsp;system,76.1
207559.Dde_2023,Dde_2023,"TIGRFAM:&nbsp;Sirohaem&nbsp;synthase,&nbsp;N-terminal",76.1
207559.Dde_2434,Dde_2434,Riboflavin&nbsp;biosynthesis&nbsp;protein&nbsp;RibD,76.0
207559.Dde_3726,Dde_3726,"KEGG:&nbsp;dvm:DvMF_0597&nbsp;phosphonate&nbsp;ABC&nbsp;transporter,&nbsp;ATPase&nbsp;subunit",76.0
207559.Dde_3672,Dde_3672,"ABC-type&nbsp;transporter,&nbsp;integral&nbsp;membrane&nbsp;subunit",76.0
207559.Dde_1037,murE,"UDP-N-acetylmuramoyl-L-alanyl-D-glutamate--2,6-diaminopimelate&nbsp;ligase",76.0
207559.Dde_0674,Dde_0674,"ABC-type&nbsp;transporter,&nbsp;integral&nbsp;membrane&nbsp;subunit",75.9
207559.Dde_1225,Dde_1225,Formyltetrahydrofolate&nbsp;dehydrogenase,75.9
207559.Dde_3237,Dde_3237,"SMART:&nbsp;Pyruvate-flavodoxin&nbsp;oxidoreductase,&nbsp;EKR&nbsp;domain",75.8
207559.Dde_3096,Dde_3096,PAS&nbsp;sensor&nbsp;protein,75.8
207559.Dde_1829,Dde_1829,L-aspartate&nbsp;oxidase,75.7
207559.Dde_4010,rpmG,TIGRFAM:&nbsp;Ribosomal&nbsp;protein&nbsp;L33,75.7
207559.Dde_2486,Dde_2486,UvrABC&nbsp;system&nbsp;protein&nbsp;A,75.6
207559.Dde_2168,Dde_2168,"TIGRFAM:&nbsp;Acetolactate&nbsp;synthase,&nbsp;large&nbsp;subunit,&nbsp;biosynthetic",75.6
207559.Dde_2385,Dde_2385,Phosphate-specific&nbsp;transport&nbsp;system&nbsp;accessory&nbsp;protein&nbsp;PhoU,75.5
207559.Dde_0045,Dde_0045,2-oxoglutarate&nbsp;synthase,75.4
207559.Dde_1099,rpsP,KEGG:&nbsp;dvl:Dvul_2142&nbsp;30S&nbsp;ribosomal&nbsp;protein&nbsp;S16,75.4
207559.Dde_1133,rpsB,KEGG:&nbsp;dvm:DvMF_2924&nbsp;30S&nbsp;ribosomal&nbsp;protein&nbsp;S2,75.4
207559.Dde_1257,Dde_1257,"TIGRFAM:&nbsp;Succinate&nbsp;dehydrogenase/fumarate&nbsp;reductase,&nbsp;flavoprotein&nbsp;subunit",75.4
207559.Dde_1374,lpxA,Acyl-[acyl-carrier-protein]--UDP-N-acetylglucosamine&nbsp;O-acyltransferase,75.4
207559.Dde_2381,Dde_2381,PFAM:&nbsp;Acriflavin&nbsp;resistance&nbsp;protein,75.3
207559.Dde_0259,Dde_0259,"ABC-type&nbsp;transporter,&nbsp;integral&nbsp;membrane&nbsp;subunit",75.3
207559.Dde_2831,Dde_2831,PFAM:&nbsp;Extracellular&nbsp;ligand-binding&nbsp;receptor,75.3
207559.Dde_2081,Dde_2081,Pyruvate&nbsp;carboxylase,75.3
207559.Dde_1797,dapA,4-hydroxy-tetrahydrodipicolinate&nbsp;synthase,75.2
207559.Dde_2243,rpsH,30S&nbsp;ribosomal&nbsp;protein&nbsp;S8,75.2
207559.Dde_1216,Dde_1216,KEGG:&nbsp;dsa:Desal_1742&nbsp;alkaline&nbsp;phosphatase,75.2
207559.Dde_1054,Dde_1054,PFAM:&nbsp;N-(5'phosphoribosyl)anthranilate&nbsp;isomerase&nbsp;(PRAI),75.0
207559.Dde_0014,fmt,Methionyl-tRNA&nbsp;formyltransferase,75.0
207559.Dde_2728,Dde_2728,HAMAP:&nbsp;Shikimate&nbsp;kinase,75.0
207559.Dde_3103,Dde_3103,Sirohydrochlorin&nbsp;cobaltochelatase,74.9
207559.Dde_1020,gatA,Glutamyl-tRNA(Gln)&nbsp;amidotransferase&nbsp;subunit&nbsp;A,74.9
207559.Dde_2373,recA,Protein&nbsp;RecA,74.8
207559.Dde_3564,aroE,Shikimate&nbsp;dehydrogenase&nbsp;(NADP(+)),74.7
207559.Dde_1719,Dde_1719,KEGG:&nbsp;dsa:Desal_3349&nbsp;anti-sigma-factor&nbsp;antagonist,74.7
207559.Dde_2016,pyrR,Bifunctional&nbsp;protein&nbsp;PyrR,74.6
207559.Dde_2024,Dde_2024,PFAM:&nbsp;Cytochrome&nbsp;c&nbsp;assembly&nbsp;protein,74.6
207559.Dde_1110,Dde_1110,"TIGRFAM:&nbsp;Adenylylsulphate&nbsp;reductase,&nbsp;alpha&nbsp;subunit",74.6
207559.Dde_1365,lysS,Lysine--tRNA&nbsp;ligase,74.5
207559.Dde_2031,rpsT,30S&nbsp;ribosomal&nbsp;protein&nbsp;S20,74.5
207559.Dde_2708,Dde_2708,KEGG:&nbsp;dvm:DvMF_1396&nbsp;flagellar&nbsp;motor&nbsp;switch&nbsp;protein&nbsp;FliM,74.5
207559.Dde_3755,Dde_3755,"TIGRFAM:&nbsp;[Ni-Fe]-hydrogenase,&nbsp;small&nbsp;subunit",74.3
207559.Dde_0526,Dde_0526,"TIGRFAM:&nbsp;Sulphite&nbsp;reductase,&nbsp;dissimilatory-type&nbsp;alpha&nbsp;subunit",74.3
207559.Dde_1021,gatC,Aspartyl/glutamyl-tRNA(Asn/Gln)&nbsp;amidotransferase&nbsp;subunit&nbsp;C,74.3
207559.Dde_0905,Dde_0905,PFAM:&nbsp;ERCC4&nbsp;domain,74.2
207559.Dde_1474,Dde_1474,PFAM:&nbsp;Cytochrome&nbsp;c&nbsp;assembly&nbsp;protein,74.1
207559.Dde_2719,gmk,Guanylate&nbsp;kinase,74.1
207559.Dde_3081,Dde_3081,KEGG:&nbsp;dvm:DvMF_2657&nbsp;serine&nbsp;O-acetyltransferase,74.1
207559.Dde_2713,lipB,Octanoyltransferase,74.1
207559.Dde_3591,era,GTPase&nbsp;Era,74.1
207559.Dde_1100,ffh,Signal&nbsp;recognition&nbsp;particle&nbsp;protein,74.0
207559.Dde_0871,Dde_0871,KEGG:&nbsp;dma:DMR_19500&nbsp;putative&nbsp;molybdenum-pterin&nbsp;binding&nbsp;protein,74.0
207559.Dde_0140,Dde_0140,PFAM:&nbsp;Phosphoribosyltransferase,73.9
207559.Dde_1129,pyrH,Uridylate&nbsp;kinase,73.9
207559.Dde_3588,Dde_3588,"PFAM:&nbsp;Outer&nbsp;membrane&nbsp;protein,&nbsp;OmpA/MotB,&nbsp;C-terminal",73.8
207559.Dde_3062,Dde_3062,Alcohol&nbsp;dehydrogenase,73.8
207559.Dde_2429,Dde_2429,TIGRFAM:&nbsp;3-oxoacyl-(acyl-carrier-protein)&nbsp;reductase,73.7
207559.Dde_2530,argH,TIGRFAM:&nbsp;Argininosuccinate&nbsp;lyase,73.6
207559.Dde_2642,Dde_2642,"PFAM:&nbsp;4Fe-4S&nbsp;ferredoxin,&nbsp;iron-sulphur&nbsp;binding,&nbsp;subgroup",73.6
207559.Dde_2219,clpX,ATP-dependent&nbsp;Clp&nbsp;protease&nbsp;ATP-binding&nbsp;subunit&nbsp;ClpX,73.6
207559.Dde_3499,Dde_3499,"PFAM:&nbsp;DNA&nbsp;helicase,&nbsp;UvrD/REP&nbsp;type",73.5
207559.Dde_3775,Dde_3775,"PFAM:&nbsp;4Fe-4S&nbsp;ferredoxin,&nbsp;iron-sulphur&nbsp;binding,&nbsp;subgroup",73.5
207559.Dde_2082,Dde_2082,KEGG:&nbsp;dvm:DvMF_0418&nbsp;biotin/acetyl-CoA-carboxylase&nbsp;ligase,73.5
207559.Dde_0002,Dde_0002,"SMART:&nbsp;DNA&nbsp;polymerase&nbsp;III,&nbsp;beta&nbsp;chain",73.5
207559.Dde_3647,kdsB,3-deoxy-manno-octulosonate&nbsp;cytidylyltransferase,73.4
207559.Dde_1952,aroQ,3-dehydroquinate&nbsp;dehydratase,73.4
207559.Dde_1112,Dde_1112,Quinone-interacting&nbsp;membrane-bound&nbsp;oxidoreductase,73.4
207559.Dde_2135,Dde_2135,"Periplasmic&nbsp;(NiFeSe)&nbsp;hydrogenase,&nbsp;large&nbsp;subunit,&nbsp;selenocysteine-containing",73.3
207559.Dde_1189,Dde_1189,"PFAM:&nbsp;Nickel&nbsp;transport&nbsp;complex,&nbsp;NikM&nbsp;subunit,&nbsp;transmembrane",73.2
207559.Dde_0254,asd,Aspartate-semialdehyde&nbsp;dehydrogenase,73.2
207559.Dde_2126,prs,Ribose-phosphate&nbsp;pyrophosphokinase,73.2
207559.Dde_1705,Dde_1705,DRTGG&nbsp;domain&nbsp;protein,73.1
207559.Dde_0709,moaA,"GTP&nbsp;3',8-cyclase",73.1
207559.Dde_1542,Dde_1542,KEGG:&nbsp;dvm:DvMF_0816&nbsp;acetyl-CoA&nbsp;carboxylase,73.1
207559.Dde_0428,Dde_0428,"PFAM:&nbsp;Glycosyl&nbsp;transferase,&nbsp;group&nbsp;1",73.1
207559.Dde_1103,Dde_1103,Aminotransferase,73.1
207559.Dde_3705,Dde_3705,KEGG:&nbsp;das:Daes_2035&nbsp;export-like&nbsp;chaperone&nbsp;CsaA,73.0
207559.Dde_2714,lipA,Lipoyl&nbsp;synthase,73.0
207559.Dde_4026,Dde_4026,"PFAM:&nbsp;4Fe-4S&nbsp;ferredoxin,&nbsp;iron-sulphur&nbsp;binding,&nbsp;subgroup",73.0
207559.Dde_2413,Dde_2413,PFAM:&nbsp;Nitroreductase-like,72.9
207559.Dde_2460,Dde_2460,"PFAM:&nbsp;Aldehyde&nbsp;ferredoxin&nbsp;oxidoreductase,&nbsp;C-terminal",72.9
207559.Dde_3540,Dde_3540,PFAM:&nbsp;Amine&nbsp;oxidase,72.8
207559.Dde_3413,Dde_3413,KEGG:&nbsp;mfa:Mfla_1170&nbsp;ATPase&nbsp;AAA-2,72.8
207559.Dde_0350,Dde_0350,"SMART:&nbsp;ATPase,&nbsp;AAA+&nbsp;type,&nbsp;core",72.8
207559.Dde_2030,Dde_2030,TrkA-N&nbsp;domain&nbsp;protein,72.8
207559.Dde_1368,bamA,Outer&nbsp;membrane&nbsp;protein&nbsp;assembly&nbsp;factor&nbsp;BamA,72.7
207559.Dde_1700,Dde_1700,Hpt&nbsp;protein,72.6
207559.Dde_3570,thiL,Thiamine-monophosphate&nbsp;kinase,72.6
207559.Dde_3527,Dde_3527,"PFAM:&nbsp;Methyl-viologen-reducing&nbsp;hydrogenase,&nbsp;delta&nbsp;subunit",72.6
207559.Dde_3100,Dde_3100,KEGG:&nbsp;dvl:Dvul_2308&nbsp;CheW&nbsp;protein,72.6
207559.Dde_0333,carB,SMART:&nbsp;MGS-like,72.5
207559.Dde_2473,groL,60&nbsp;kDa&nbsp;chaperonin,72.5
207559.Dde_2701,atpE,ATP&nbsp;synthase&nbsp;subunit&nbsp;c,72.5
207559.Dde_2049,Dde_2049,TIGRFAM:&nbsp;2-isopropylmalate&nbsp;synthase/homocitrate&nbsp;synthase&nbsp;related,72.5
207559.Dde_2591,Dde_2591,KEGG:&nbsp;dvm:DvMF_0918&nbsp;hypothetical&nbsp;protein,72.4
207559.Dde_1796,Dde_1796,"Fructose-1,6-bisphosphatase",72.3
207559.Dde_3686,Dde_3686,PFAM:&nbsp;NAD-dependent&nbsp;epimerase/dehydratase,72.3
207559.Dde_3191,purL,Phosphoribosylformylglycinamidine&nbsp;synthase&nbsp;subunit&nbsp;PurL,72.3
207559.Dde_3079,Dde_3079,Cysteine&nbsp;desulfurase,72.3
207559.Dde_2966,Dde_2966,"PFAM:&nbsp;Metal-dependent&nbsp;phosphohydrolase,&nbsp;HD&nbsp;region,&nbsp;subdomain",72.3
207559.Dde_0013,def,Peptide&nbsp;deformylase,72.1
207559.Dde_3612,Dde_3612,"PFAM:&nbsp;Glycosyl&nbsp;transferase,&nbsp;family&nbsp;2",72.1
207559.Dde_1448,upp,Uracil&nbsp;phosphoribosyltransferase,71.8
207559.Dde_1410,rplI,50S&nbsp;ribosomal&nbsp;protein&nbsp;L9,71.7
207559.Dde_2334,sucD,Succinate--CoA&nbsp;ligase&nbsp;[ADP-forming]&nbsp;subunit&nbsp;alpha,71.7
207559.Dde_2934,Dde_2934,"PFAM:&nbsp;4Fe-4S&nbsp;ferredoxin,&nbsp;iron-sulphur&nbsp;binding,&nbsp;subgroup",71.6
207559.Dde_0996,Dde_0996,KEGG:&nbsp;dvm:DvMF_2820&nbsp;rod&nbsp;shape-determining&nbsp;protein&nbsp;MreB,71.6
207559.Dde_2058,Dde_2058,Histone&nbsp;family&nbsp;protein&nbsp;DNA-binding&nbsp;protein,71.6
207559.Dde_0561,Dde_0561,KEGG:&nbsp;drt:Dret_0454&nbsp;cytochrome&nbsp;c&nbsp;family&nbsp;protein,71.6
207559.Dde_2691,rpmA,KEGG:&nbsp;drt:Dret_2181&nbsp;50S&nbsp;ribosomal&nbsp;protein&nbsp;L27,71.3
207559.Dde_3121,Dde_3121,KEGG:&nbsp;bsu:BSU37960&nbsp;aldehyde&nbsp;dehydrogenase,71.3
207559.Dde_3205,Dde_3205,"KEGG:&nbsp;dvm:DvMF_2472&nbsp;cytochrome&nbsp;d&nbsp;ubiquinol&nbsp;oxidase,&nbsp;subunit&nbsp;II",71.2
207559.Dde_1114,Dde_1114,KEGG:&nbsp;dvl:Dvul_2132&nbsp;hypothetical&nbsp;protein,71.2
207559.Dde_2660,Dde_2660,KEGG:&nbsp;dvm:DvMF_1006&nbsp;beta-ketoacyl&nbsp;synthase,71.1
207559.Dde_0425,Dde_0425,GDP-L-fucose&nbsp;synthase,71.0
207559.Dde_1514,Dde_1514,Dihydropteroate&nbsp;synthase,70.9
207559.Dde_1082,secA,Protein&nbsp;translocase&nbsp;subunit&nbsp;SecA,70.9
207559.Dde_2231,rpoA,DNA-directed&nbsp;RNA&nbsp;polymerase&nbsp;subunit&nbsp;alpha,70.9
207559.Dde_2138,Dde_2138,"KEGG:&nbsp;dvl:Dvul_1245&nbsp;nickel-dependent&nbsp;hydrogenase,&nbsp;large&nbsp;subunit",70.9
207559.Dde_3195,Dde_3195,PFAM:&nbsp;Flavodoxin/nitric&nbsp;oxide&nbsp;synthase,70.8
207559.Dde_1128,frr,Ribosome-recycling&nbsp;factor,70.8
207559.Dde_3397,Dde_3397,Formyltetrahydrofolate&nbsp;dehydrogenase,70.6
207559.Dde_1575,Dde_1575,KEGG:&nbsp;dvl:Dvul_1154&nbsp;CheW&nbsp;protein,70.6
207559.Dde_0999,Dde_0999,Malto-oligosyltrehalose&nbsp;trehalohydrolase,70.6
207559.Dde_1471,guaB,Inosine-5'-monophosphate&nbsp;dehydrogenase,70.5
207559.Dde_2238,rplO,50S&nbsp;ribosomal&nbsp;protein&nbsp;L15,70.5
207559.Dde_3164,Dde_3164,"PFAM:&nbsp;Phosphoesterase,&nbsp;RecJ-like",70.5
207559.Dde_2895,Dde_2895,Teichoic-acid-transporting&nbsp;ATPase,70.4
207559.Dde_2432,glyA,Serine&nbsp;hydroxymethyltransferase,70.4
207559.Dde_2945,Dde_2945,"PFAM:&nbsp;Alpha-D-phosphohexomutase,&nbsp;alpha/beta/alpha&nbsp;domain&nbsp;I",70.3
207559.Dde_1554,Dde_1554,KEGG:&nbsp;dvm:DvMF_0801&nbsp;thiamine&nbsp;biosynthesis&nbsp;protein&nbsp;ThiS,70.3
207559.Dde_1367,lolD,Lipoprotein-releasing&nbsp;system&nbsp;ATP-binding&nbsp;protein&nbsp;LolD,70.3
207559.Dde_0391,Dde_0391,KEGG:&nbsp;dvu:DVU0056&nbsp;chemotaxis&nbsp;protein&nbsp;CheV,70.3
207559.Dde_2054,mutS2,Endonuclease&nbsp;MutS2,70.2
207559.Dde_0468,Dde_0468,KEGG:&nbsp;dba:Dbac_3164&nbsp;CoA-binding&nbsp;domain-containing&nbsp;protein,70.2
207559.Dde_1765,pyrG,CTP&nbsp;synthase,70.2
207559.Dde_2297,Dde_2297,KEGG:&nbsp;dvu:DVU1246&nbsp;hypothetical&nbsp;protein,70.1
207559.Dde_2386,pstB,Phosphate&nbsp;import&nbsp;ATP-binding&nbsp;protein&nbsp;PstB,70.1
207559.Dde_3055,Dde_3055,"PFAM:&nbsp;Pyruvate&nbsp;formate-lyase,&nbsp;PFL",70.1
207559.Dde_0418,Dde_0418,"PFAM:&nbsp;Phosphoribosylglycinamide&nbsp;synthetase,&nbsp;ATP-grasp&nbsp;(A)&nbsp;domain",70.1
207559.Dde_1376,Dde_1376,"KEGG:&nbsp;dvm:DvMF_3003&nbsp;putative&nbsp;transcriptional&nbsp;regulator,&nbsp;GntR&nbsp;family",70.0
207559.Dde_0907,Dde_0907,"PFAM:&nbsp;DNA&nbsp;primase,&nbsp;catalytic&nbsp;core,&nbsp;N-terminal",69.9
207559.Dde_0558,Dde_0558,TIGRFAM:&nbsp;PAS,69.9
207559.Dde_1983,Dde_1983,PFAM:&nbsp;Mammalian&nbsp;cell&nbsp;entry&nbsp;related,69.7
207559.Dde_2631,Dde_2631,Transketolase,69.7
207559.Dde_2734,Dde_2734,KEGG:&nbsp;dvl:Dvul_2947&nbsp;methyl-accepting&nbsp;chemotaxis&nbsp;sensory&nbsp;transducer,69.7
207559.Dde_3020,Dde_3020,Methyl-accepting&nbsp;chemotaxis&nbsp;sensory&nbsp;transducer&nbsp;with&nbsp;Cache&nbsp;sensor,69.7
207559.Dde_1470,guaA,GMP&nbsp;synthase&nbsp;[glutamine-hydrolyzing],69.6
207559.Dde_0177,Dde_0177,KEGG:&nbsp;dvu:DVU3203&nbsp;DNA&nbsp;polymerase&nbsp;III&nbsp;subunit&nbsp;delta',69.6
207559.Dde_0812,Dde_0812,Formate&nbsp;dehydrogenase&nbsp;beta&nbsp;subunit,69.6
207559.Dde_3473,Dde_3473,Cytokinin&nbsp;riboside&nbsp;5'-monophosphate&nbsp;phosphoribohydrolase,69.6
207559.Dde_0605,Dde_0605,"PFAM:&nbsp;Dual&nbsp;specificity&nbsp;phosphatase,&nbsp;catalytic&nbsp;domain",69.5
207559.Dde_0517,Dde_0517,Integration&nbsp;host&nbsp;factor&nbsp;subunit&nbsp;alpha,69.4
207559.Dde_1324,Dde_1324,KEGG:&nbsp;dvu:DVU2313&nbsp;6-phosphogluconolactonase,69.4
207559.Dde_0708,Dde_0708,Molybdenum&nbsp;cofactor&nbsp;guanylyltransferase,69.4
207559.Dde_0172,plsY,Glycerol-3-phosphate&nbsp;acyltransferase,69.4
207559.Dde_2411,Dde_2411,KEGG:&nbsp;dvm:DvMF_3116&nbsp;methyl-accepting&nbsp;chemotaxis&nbsp;sensory&nbsp;transducer&nbsp;with&nbsp;cache&nbsp;sensor,69.3
207559.Dde_2323,ruvA,Holliday&nbsp;junction&nbsp;ATP-dependent&nbsp;DNA&nbsp;helicase&nbsp;RuvA,69.2
207559.Dde_1192,Dde_1192,"KEGG:&nbsp;dvm:DvMF_3138&nbsp;cobalt&nbsp;ABC&nbsp;transporter,&nbsp;inner&nbsp;membrane&nbsp;subunit&nbsp;CbiQ",69.2
207559.Dde_1468,tatC,Sec-independent&nbsp;protein&nbsp;translocase&nbsp;protein&nbsp;TatC,69.1
207559.Dde_0762,Dde_0762,"Sulfite&nbsp;reductase,&nbsp;dissimilatory-type&nbsp;gamma&nbsp;subunit",69.1
207559.Dde_1478,Dde_1478,Cytochrome&nbsp;c&nbsp;biogenesis&nbsp;protein&nbsp;CcmE,69.0
207559.Dde_3080,Dde_3080,TIGRFAM:&nbsp;Cysteine&nbsp;synthase&nbsp;A,68.9
207559.Dde_3523,Dde_3523,Alcohol&nbsp;dehydrogenase,68.9
207559.Dde_2252,rplV,50S&nbsp;ribosomal&nbsp;protein&nbsp;L22,68.9
207559.Dde_0291,Dde_0291,"PFAM:&nbsp;Cytochrome&nbsp;c,&nbsp;class&nbsp;I",68.9
207559.Dde_2177,tatA,Sec-independent&nbsp;protein&nbsp;translocase&nbsp;protein&nbsp;TatA,68.7
207559.Dde_0564,Dde_0564,KEGG:&nbsp;dvm:DvMF_1546&nbsp;hypothetical&nbsp;protein,68.7
207559.Dde_3126,Dde_3126,Alcohol&nbsp;dehydrogenase,68.7
207559.Dde_1433,Dde_1433,"PFAM:&nbsp;Glycosyl&nbsp;transferase,&nbsp;family&nbsp;9",68.7
207559.Dde_0398,Dde_0398,"TIGRFAM:&nbsp;Acetolactate&nbsp;synthase,&nbsp;large&nbsp;subunit,&nbsp;biosynthetic",68.7
207559.Dde_2093,ligA,DNA&nbsp;ligase,68.6
207559.Dde_0239,Dde_0239,Histidine&nbsp;kinase,68.6
207559.Dde_0104,Dde_0104,TIGRFAM:&nbsp;Glutamine&nbsp;synthetase&nbsp;type&nbsp;I,68.6
207559.Dde_2028,adk,Adenylate&nbsp;kinase,68.6
207559.Dde_1826,Dde_1826,Cytochrome&nbsp;c&nbsp;oxidase&nbsp;subunit&nbsp;2,68.5
207559.Dde_1047,ftsZ,Cell&nbsp;division&nbsp;protein&nbsp;FtsZ,68.5
207559.Dde_3246,Dde_3246,KEGG:&nbsp;dvl:Dvul_0339&nbsp;methyl-accepting&nbsp;chemotaxis&nbsp;sensory&nbsp;transducer,68.5
207559.Dde_1098,Dde_1098,UPF0109&nbsp;protein&nbsp;Dde_1098,68.5
207559.Dde_2725,recD2,ATP-dependent&nbsp;RecD-like&nbsp;DNA&nbsp;helicase,68.4
207559.Dde_0839,Dde_0839,"PFAM:&nbsp;Glycosyl&nbsp;transferase,&nbsp;group&nbsp;1",68.4
207559.Dde_1692,gcvPA,Probable&nbsp;glycine&nbsp;dehydrogenase&nbsp;(decarboxylating)&nbsp;subunit&nbsp;1,68.4
207559.Dde_1824,Dde_1824,"PFAM:&nbsp;Cytochrome&nbsp;c&nbsp;oxidase,&nbsp;subunit&nbsp;III",68.4
207559.Dde_1543,Dde_1543,KEGG:&nbsp;dvm:DvMF_0815&nbsp;hypothetical&nbsp;protein,68.4
207559.Dde_3416,Dde_3416,TIGRFAM:&nbsp;Thioredoxin,68.4
207559.Dde_2146,Dde_2146,NIL&nbsp;domain-containing&nbsp;protein,68.3
207559.Dde_2244,rpsN,30S&nbsp;ribosomal&nbsp;protein&nbsp;S14&nbsp;type&nbsp;Z,68.3
207559.Dde_1993,Dde_1993,KEGG:&nbsp;dvm:DvMF_0344&nbsp;rod&nbsp;shape-determining&nbsp;protein&nbsp;MreB,68.3
207559.Dde_1253,Dde_1253,"PFAM:&nbsp;Malic&nbsp;enzyme,&nbsp;NAD-binding",68.2
207559.Dde_3406,Dde_2908,KEGG:&nbsp;gme:Gmet_3281&nbsp;transposase/IS&nbsp;protein,68.2
207559.Dde_3187,Dde_3187,TIGRFAM:&nbsp;Nucleotide&nbsp;sugar&nbsp;dehydrogenase,68.1
207559.Dde_1476,Dde_1476,Heme-transporting&nbsp;ATPase,68.0
207559.Dde_0990,Dde_0990,ATP&nbsp;synthase&nbsp;subunit&nbsp;b,67.9
207559.Dde_0985,atpD,ATP&nbsp;synthase&nbsp;subunit&nbsp;beta,67.9
207559.Dde_0514,ung,Uracil-DNA&nbsp;glycosylase,67.9
207559.Dde_3239,Dde_3239,D-lactate&nbsp;dehydrogenase&nbsp;(Cytochrome),67.8
207559.Dde_0851,Dde_0851,Teichoic-acid-transporting&nbsp;ATPase,67.7
207559.Dde_2888,Dde_2888,UDP-glucose&nbsp;4-epimerase,67.6
207559.Dde_0586,Dde_0586,NADH:quinone&nbsp;oxidoreductase&nbsp;subunit&nbsp;RnfB,67.6
207559.Dde_2106,Dde_2106,CheA&nbsp;signal&nbsp;transduction&nbsp;histidine&nbsp;kinase,67.6
207559.Dde_1095,rplS,50S&nbsp;ribosomal&nbsp;protein&nbsp;L19,67.4
207559.Dde_0413,Dde_0413,Arylesterase,67.4
207559.Dde_0248,dnaJ,Chaperone&nbsp;protein&nbsp;DnaJ,67.4
207559.Dde_1576,Dde_1576,KEGG:&nbsp;dvl:Dvul_1155&nbsp;response&nbsp;regulator&nbsp;receiver&nbsp;protein,67.3
207559.Dde_1625,Dde_1625,"PFAM:&nbsp;Formylmethanofuran&nbsp;dehydrogenase,&nbsp;subunit&nbsp;E&nbsp;region",67.2
207559.Dde_3478,trpA,Tryptophan&nbsp;synthase&nbsp;alpha&nbsp;chain,67.2
207559.Dde_0039,Dde_0039,Coenzyme&nbsp;A&nbsp;biosynthesis&nbsp;bifunctional&nbsp;protein&nbsp;CoaBC,67.2
207559.Dde_1690,Dde_1690,Dihydrolipoyl&nbsp;dehydrogenase,67.0
207559.Dde_2096,uvrB,UvrABC&nbsp;system&nbsp;protein&nbsp;B,67.0
207559.Dde_2523,Dde_2523,KEGG:&nbsp;tte:TTE1983&nbsp;phosphatase/phosphohexomutase,67.0
207559.Dde_3166,rpsO,30S&nbsp;ribosomal&nbsp;protein&nbsp;S15,66.9
207559.Dde_3677,Dde_3677,KEGG:&nbsp;mau:Micau_1844&nbsp;asparagine&nbsp;synthase,66.9
207559.Dde_0813,Dde_0813,"TIGRFAM:&nbsp;Formate&nbsp;dehydrogenase,&nbsp;alpha&nbsp;subunit,&nbsp;anaerobic",66.9
207559.Dde_0847,Dde_0847,Eight&nbsp;transmembrane&nbsp;protein&nbsp;EpsH,66.9
207559.Dde_1254,Dde_1254,TIGRFAM:&nbsp;Fe-S&nbsp;type&nbsp;hydro-lyases&nbsp;tartrate/fumarate&nbsp;beta&nbsp;region,66.8
207559.Dde_0021,Dde_0021,PFAM:&nbsp;Mammalian&nbsp;cell&nbsp;entry&nbsp;related,66.8
207559.Dde_0374,Dde_0374,CoA-disulfide&nbsp;reductase,66.7
207559.Dde_3130,Dde_3130,"KEGG:&nbsp;dvm:DvMF_2624&nbsp;acetolactate&nbsp;synthase,&nbsp;small&nbsp;subunit",66.6
207559.Dde_2037,Dde_2037,Peptidylprolyl&nbsp;isomerase,66.4
207559.Dde_2239,rpmD,KEGG:&nbsp;dvm:DvMF_0097&nbsp;50S&nbsp;ribosomal&nbsp;protein&nbsp;L30,66.4
207559.Dde_2010,Dde_2010,"PFAM:&nbsp;Peptidyl-prolyl&nbsp;cis-trans&nbsp;isomerase,&nbsp;PpiC-type",66.4
207559.Dde_0868,Dde_0868,PFAM:&nbsp;Cation/H+&nbsp;exchanger,66.4
207559.Dde_2533,Dde_2533,KEGG:&nbsp;azl:AZL_008920&nbsp;two-component&nbsp;response&nbsp;regulator,66.3
207559.Dde_1370,Dde_1370,Cell&nbsp;wall&nbsp;hydrolase/autolysin,66.3
207559.Dde_0520,Dde_0520,Putative&nbsp;cache&nbsp;sensor&nbsp;protein,66.2
207559.Dde_2317,Dde_2317,Butyrate--CoA&nbsp;ligase,66.2
207559.Dde_0612,Dde_0612,PFAM:&nbsp;Extracellular&nbsp;ligand-binding&nbsp;receptor,66.0
207559.Dde_3623,Dde_3623,PFAM:&nbsp;Metallophosphoesterase,66.0
207559.Dde_1773,Dde_1773,Putative&nbsp;PTS&nbsp;IIA-like&nbsp;nitrogen-regulatory&nbsp;protein&nbsp;PtsN,66.0
207559.Dde_0626,glnS,Glutamine--tRNA&nbsp;ligase,66.0
207559.Dde_3484,Dde_3484,KEGG:&nbsp;dvm:DvMF_1746&nbsp;anthranilate&nbsp;synthase,66.0
207559.Dde_3276,Dde_3276,Phosphate&nbsp;propanoyltransferase,65.9
207559.Dde_0281,Dde_0281,PFAM:&nbsp;CheC-like&nbsp;protein,65.8
207559.Dde_2764,Dde_2764,"ABC-type&nbsp;transporter,&nbsp;periplasmic&nbsp;subunit&nbsp;family&nbsp;3",65.8
207559.Dde_0012,aspS,Aspartate--tRNA(Asp/Asn)&nbsp;ligase,65.8
207559.Dde_2134,Dde_2134,"TIGRFAM:&nbsp;[Ni-Fe]-hydrogenase,&nbsp;small&nbsp;subunit",65.7
207559.Dde_2294,Dde_2294,KEGG:&nbsp;dvl:Dvul_1813&nbsp;malonyl&nbsp;CoA-acyl&nbsp;carrier&nbsp;protein&nbsp;transacylase,65.7
207559.Dde_3604,Dde_3604,D-lactate&nbsp;dehydrogenase&nbsp;(Cytochrome),65.6
207559.Dde_1465,hisA,1-(5-phosphoribosyl)-5-[(5-phosphoribosylamino)methylideneamino]&nbsp;imidazole-4-carboxamide&nbsp;isomerase,65.6
207559.Dde_2958,Dde_2958,"PFAM:&nbsp;Flagellar&nbsp;basal&nbsp;body&nbsp;rod&nbsp;protein,&nbsp;N-terminal",65.6
207559.Dde_3261,Dde_3261,KEGG:&nbsp;dvm:DvMF_1869&nbsp;methyl-accepting&nbsp;chemotaxis&nbsp;sensory&nbsp;transducer&nbsp;with&nbsp;cache&nbsp;sensor,65.6
207559.Dde_1681,Dde_1681,Phosphoglycerate&nbsp;dehydrogenase,65.6
207559.Dde_0989,Dde_0989,ATP&nbsp;synthase&nbsp;subunit&nbsp;b,65.6
207559.Dde_0656,Dde_0656,KEGG:&nbsp;dvm:DvMF_1693&nbsp;4Fe-4S&nbsp;ferredoxin&nbsp;iron-sulfur&nbsp;binding&nbsp;domain&nbsp;protein,65.5
207559.Dde_0473,Dde_0473,"TIGRFAM:&nbsp;Formate&nbsp;dehydrogenase,&nbsp;alpha&nbsp;subunit",65.5
207559.Dde_2990,secE,Protein&nbsp;translocase&nbsp;subunit&nbsp;SecE,65.5
207559.Dde_2306,Dde_2306,"ABC-type&nbsp;transporter,&nbsp;periplasmic&nbsp;subunit&nbsp;family&nbsp;3",65.4
207559.Dde_3267,Dde_3267,Alcohol&nbsp;dehydrogenase,65.4
207559.Dde_1777,Dde_1777,KEGG:&nbsp;dvl:Dvul_1499&nbsp;hypothetical&nbsp;protein,65.4
207559.Dde_0434,Dde_0434,"TIGRFAM:&nbsp;Haemerythrin-like,&nbsp;metal-binding",65.2
207559.Dde_1519,priA,Primosomal&nbsp;protein&nbsp;N,65.2
207559.Dde_2443,acyP,PFAM:&nbsp;Acylphosphatase-like,65.1
207559.Dde_3607,Dde_3607,"TIGRFAM:&nbsp;Tryptophanyl-tRNA&nbsp;synthetase,&nbsp;class&nbsp;Ib",65.1
207559.Dde_1665,Dde_1665,Methyl-accepting&nbsp;chemotaxis&nbsp;sensory&nbsp;transducer&nbsp;with&nbsp;Cache&nbsp;sensor,65.0
207559.Dde_1564,Dde_1564,SNF2-related&nbsp;protein,64.9
207559.Dde_1007,purC,TIGRFAM:&nbsp;SAICAR&nbsp;synthetase,64.9
207559.Dde_2137,Dde_2137,"Periplasmic&nbsp;(NiFe)&nbsp;hydrogenase,&nbsp;small&nbsp;subunit,&nbsp;isozyme&nbsp;1",64.9
207559.Dde_0801,Dde_0801,Precorrin-4&nbsp;C11-methyltransferase,64.8
207559.Dde_3782,Dde_3782,Multi-sensor&nbsp;signal&nbsp;transduction&nbsp;histidine&nbsp;kinase,64.8
207559.Dde_3083,Dde_3083,PFAM:&nbsp;Glyoxalase/bleomycin&nbsp;resistance&nbsp;protein/dioxygenase,64.8
207559.Dde_0171,Dde_0171,KEGG:&nbsp;dvl:Dvul_0177&nbsp;threonine&nbsp;synthase,64.7
207559.Dde_3324,phnC,Phosphonates&nbsp;import&nbsp;ATP-binding&nbsp;protein&nbsp;PhnC,64.7
207559.Dde_1366,Dde_1366,"KEGG:&nbsp;dvm:DvMF_2994&nbsp;lipoprotein&nbsp;releasing&nbsp;system,&nbsp;transmembrane&nbsp;protein,&nbsp;LolC/E&nbsp;family",64.7
207559.Dde_2458,Dde_2458,PFAM:&nbsp;ThiamineS,64.7
207559.Dde_1668,Dde_1668,Hpt&nbsp;domain&nbsp;protein,64.7
207559.Dde_2256,rplD,50S&nbsp;ribosomal&nbsp;protein&nbsp;L4,64.7
207559.Dde_1771,Dde_1771,RNA&nbsp;polymerase&nbsp;sigma-54&nbsp;factor,64.6
207559.Dde_0230,Dde_0230,TIGRFAM:&nbsp;Molybdenum&nbsp;cofactor&nbsp;synthesis,64.6
207559.Dde_0830,Dde_0830,KEGG:&nbsp;dvu:DVUA0038&nbsp;capsular&nbsp;polysaccharide&nbsp;transport&nbsp;protein,64.6
207559.Dde_3587,Dde_3587,"PFAM:&nbsp;Outer&nbsp;membrane&nbsp;protein,&nbsp;OmpA/MotB,&nbsp;C-terminal",64.5
207559.Dde_1489,Dde_1489,KEGG:&nbsp;dvl:Dvul_2001&nbsp;ribokinase-like&nbsp;domain-containing&nbsp;protein,64.5
207559.Dde_0993,Dde_0993,TIGRFAM:&nbsp;Penicillin-binding&nbsp;protein&nbsp;2,64.5
207559.Dde_2739,Dde_2739,PFAM:&nbsp;Glutaredoxin,64.5
207559.Dde_1409,Dde_1409,Replicative&nbsp;DNA&nbsp;helicase,64.4
207559.Dde_1463,Dde_1463,Dihydrolipoyl&nbsp;dehydrogenase,64.3
207559.Dde_0276,Dde_0276,Cystathionine&nbsp;beta-lyase,64.3
207559.Dde_1090,Dde_1090,"KEGG:&nbsp;dvm:DvMF_2878&nbsp;phosphotransferase&nbsp;system,&nbsp;phosphocarrier&nbsp;protein&nbsp;HPr",64.2
207559.Dde_3486,aroA,3-phosphoshikimate&nbsp;1-carboxyvinyltransferase,64.1
207559.Dde_2091,nadE,Glutamine-dependent&nbsp;NAD(+)&nbsp;synthetase,64.1
207559.Dde_1349,Dde_1349,KEGG:&nbsp;dvm:DvMF_2966&nbsp;hypothetical&nbsp;protein,64.0
207559.Dde_3329,Dde_3329,KEGG:&nbsp;das:Daes_1164&nbsp;phosphonate&nbsp;C-P&nbsp;lyase&nbsp;system&nbsp;protein&nbsp;PhnH,64.0
207559.Dde_1711,Dde_1711,Flagellar&nbsp;hook&nbsp;protein&nbsp;FlgE,63.9
207559.Dde_3078,Dde_3078,Nitrogen&nbsp;fixation&nbsp;protein&nbsp;NifU,63.9
207559.Dde_3317,Dde_3317,"KEGG:&nbsp;eba:ebA4265&nbsp;amidotransferase,&nbsp;asparagine&nbsp;synthase&nbsp;(glutamine-hydrolyzing)",63.9
207559.Dde_3021,Dde_3021,PFAM:&nbsp;Nitroreductase-like,63.9
207559.Dde_2693,Dde_2693,Glucose-1-phosphate&nbsp;thymidylyltransferase,63.9
207559.Dde_0474,Dde_0474,"Hydrogenase&nbsp;FeS&nbsp;protein,&nbsp;cytoplasmic",63.9
207559.Dde_3652,Dde_3652,"TIGRFAM:&nbsp;Galactose-1-phosphate&nbsp;uridyl&nbsp;transferase,&nbsp;class&nbsp;I",63.8
207559.Dde_1445,Dde_1445,KEGG:&nbsp;dvl:Dvul_1972&nbsp;ABC&nbsp;transporter,63.8
207559.Dde_3603,Dde_3603,Uncharacterized&nbsp;protein,63.8
207559.Dde_2392,mnmE,tRNA&nbsp;modification&nbsp;GTPase&nbsp;MnmE,63.7
207559.Dde_0679,Dde_0679,Rhodanese-like&nbsp;protein,63.6
207559.Dde_2044,acpS,Holo-[acyl-carrier-protein]&nbsp;synthase,63.6
207559.Dde_2141,Dde_2141,"PFAM:&nbsp;Lipase,&nbsp;GDSL",63.5
207559.Dde_2048,Dde_2048,Aspartokinase,63.3
207559.Dde_1372,lpxD,UDP-3-O-acylglucosamine&nbsp;N-acyltransferase,63.3
207559.Dde_1693,gcvH,Glycine&nbsp;cleavage&nbsp;system&nbsp;H&nbsp;protein,63.3
207559.Dde_0269,Dde_0269,Bifunctional&nbsp;transpeptidase/transglycosylase,63.3
207559.Dde_3116,Dde_3116,Molybdenum&nbsp;cofactor&nbsp;guanylyltransferase,63.2
207559.Dde_0652,Dde_0652,"HmcB,&nbsp;40.1&nbsp;kd&nbsp;protein&nbsp;in&nbsp;hmc&nbsp;operon",63.2
207559.Dde_1379,Dde_1379,Thiamine-phosphate&nbsp;synthase,63.2
207559.Dde_2182,Dde_2182,"TIGRFAM:&nbsp;dTDP-glucose&nbsp;4,6-dehydratase",63.0
207559.Dde_3134,ahcY,Adenosylhomocysteinase,63.0
207559.Dde_2204,xseA,Exodeoxyribonuclease&nbsp;7&nbsp;large&nbsp;subunit,63.0
207559.Dde_1077,Dde_1077,KEGG:&nbsp;dma:DMR_29870&nbsp;methyl-accepting&nbsp;chemotaxis&nbsp;protein,63.0
207559.Dde_2711,Dde_2711,KEGG:&nbsp;dvu:DVU0908&nbsp;iron-sulfur&nbsp;cluster-binding&nbsp;protein,62.9
207559.Dde_3229,Dde_3229,YbhB&nbsp;YbcL&nbsp;family&nbsp;protein,62.9
207559.Dde_2107,Dde_2107,KEGG:&nbsp;dvl:Dvul_1541&nbsp;response&nbsp;regulator&nbsp;receiver&nbsp;protein,62.8
207559.Dde_2609,Dde_2609,Shikimate&nbsp;kinase,62.8
207559.Dde_2320,dnaA,Chromosomal&nbsp;replication&nbsp;initiator&nbsp;protein&nbsp;DnaA,62.8
207559.Dde_1998,Dde_1998,AAA&nbsp;ATPase&nbsp;central&nbsp;domain&nbsp;protein,62.8
207559.Dde_0024,Dde_0024,KEGG:&nbsp;dsa:Desal_0006&nbsp;anti-sigma-factor&nbsp;antagonist,62.8
207559.Dde_1458,Dde_1458,KEGG:&nbsp;dba:Dbac_2477&nbsp;CinA&nbsp;domain&nbsp;protein,62.6
207559.Dde_1475,Dde_1475,PFAM:&nbsp;Cytochrome&nbsp;c-type&nbsp;biogenesis&nbsp;protein&nbsp;CcmB,62.6
207559.Dde_1780,Dde_1780,Cytokinin&nbsp;riboside&nbsp;5'-monophosphate&nbsp;phosphoribohydrolase,62.5
207559.Dde_2341,Dde_2341,"TIGRFAM:&nbsp;Fructose-1,6-bisphosphate&nbsp;aldolase,&nbsp;class&nbsp;II",62.4
207559.Dde_2435,Dde_2435,"Riboflavin&nbsp;synthase,&nbsp;alpha&nbsp;subunit",62.3
207559.Dde_1748,Dde_1748,Helicase&nbsp;domain-containing&nbsp;protein,62.3
207559.Dde_2322,ruvB,Holliday&nbsp;junction&nbsp;ATP-dependent&nbsp;DNA&nbsp;helicase&nbsp;RuvB,62.2
207559.Dde_3226,Dde_3226,"KEGG:&nbsp;dvm:DvMF_1799&nbsp;phage&nbsp;shock&nbsp;protein&nbsp;A,&nbsp;PspA",62.1
207559.Dde_0760,Dde_0760,PFAM:&nbsp;Inosine/uridine-preferring&nbsp;nucleoside&nbsp;hydrolase,62.0
207559.Dde_2427,plsX,Phosphate&nbsp;acyltransferase,62.0
207559.Dde_3309,Dde_3309,KEGG:&nbsp;dvl:Dvul_2010&nbsp;ABC&nbsp;transporter&nbsp;substrate-binding&nbsp;protein,61.9
207559.Dde_0837,Dde_0837,"PFAM:&nbsp;Glycosyl&nbsp;transferase,&nbsp;family&nbsp;2",61.9
207559.Dde_3279,Dde_3279,KEGG:&nbsp;dsa:Desal_0471&nbsp;acetaldehyde&nbsp;dehydrogenase&nbsp;(acetylating),61.9
207559.Dde_0829,Dde_0829,"KEGG:&nbsp;dvm:DvMF_0690&nbsp;sugar&nbsp;transferase,&nbsp;PEP-Cterm&nbsp;system&nbsp;associated",61.8
207559.Dde_3508,Dde_3508,KEGG:&nbsp;dma:DMR_01390&nbsp;methyl-accepting&nbsp;chemotaxis&nbsp;protein,61.7
207559.Dde_0292,Dde_0292,KEGG:&nbsp;dvl:Dvul_0758&nbsp;hypothetical&nbsp;protein,61.7
207559.Dde_3085,Dde_3085,KEGG:&nbsp;din:Selin_1790&nbsp;hypothetical&nbsp;protein,61.7
207559.Dde_1571,cheB1,Chemotaxis&nbsp;response&nbsp;regulator&nbsp;protein-glutamate&nbsp;methylesterase&nbsp;1,61.7
207559.Dde_3255,Dde_3255,"TIGRFAM:&nbsp;UDP-N-acetylglucosamine&nbsp;2-epimerase,UDP-hydrolysing",61.7
207559.Dde_1008,hisD,Histidinol&nbsp;dehydrogenase,61.7
207559.Dde_1493,Dde_1493,KEGG:&nbsp;dvm:DvMF_2939&nbsp;response&nbsp;regulator&nbsp;receiver&nbsp;modulated&nbsp;CheW&nbsp;protein,61.6
207559.Dde_1978,Dde_1978,Diaminopimelate&nbsp;decarboxylase,61.6
207559.Dde_2372,Dde_2372,KEGG:&nbsp;dvl:Dvul_1904&nbsp;thiamine&nbsp;biosynthesis&nbsp;protein,61.5
207559.Dde_3632,Dde_3632,KEGG:&nbsp;dvm:DvMF_2360&nbsp;Tol-Pal&nbsp;system&nbsp;beta&nbsp;propeller&nbsp;repeat&nbsp;protein&nbsp;TolB,61.4
207559.Dde_0146,Dde_0146,"PFAM:&nbsp;ABC-type&nbsp;glycine&nbsp;betaine&nbsp;transport&nbsp;system,&nbsp;substrate-binding&nbsp;region",61.3
207559.Dde_0417,Dde_0417,Acetylornithine&nbsp;transaminase,61.2
207559.Dde_2692,rplU,50S&nbsp;ribosomal&nbsp;protein&nbsp;L21,61.2
207559.Dde_1032,Dde_1032,TIGRFAM:&nbsp;Pyruvate&nbsp;kinase,61.2
207559.Dde_3178,gpsA,"PFAM:&nbsp;NAD-dependent&nbsp;glycerol-3-phosphate&nbsp;dehydrogenase,&nbsp;C-terminal",61.2
207559.Dde_2974,Dde_2974,"PFAM:&nbsp;Peptidase&nbsp;S24/S26A/S26B,&nbsp;conserved&nbsp;region",61.1
207559.Dde_2187,Dde_2187,TIGRFAM:&nbsp;UDP-glucose&nbsp;4-epimerase,61.1
207559.Dde_0848,Dde_0848,EpsI&nbsp;family&nbsp;protein,61.1
207559.Dde_1921,Dde_1921,"PFAM:&nbsp;DNA&nbsp;primase,&nbsp;catalytic&nbsp;core,&nbsp;N-terminal",61.1
207559.Dde_2148,Dde_2148,"KEGG:&nbsp;dvl:Dvul_1621&nbsp;chemotaxis&nbsp;phosphatase,&nbsp;CheZ",61.1
207559.Dde_0699,Dde_0699,Sulfate-transporting&nbsp;ATPase,61.0
207559.Dde_1019,mnmA,tRNA-specific&nbsp;2-thiouridylase&nbsp;MnmA,61.0
207559.Dde_3106,Dde_3106,"ABC-type&nbsp;transporter,&nbsp;periplasmic&nbsp;subunit",61.0
207559.Dde_2414,Dde_2414,KEGG:&nbsp;dvm:DvMF_3114&nbsp;hypothetical&nbsp;protein,60.9
207559.Dde_2968,Dde_2968,KEGG:&nbsp;dvm:DvMF_1501&nbsp;methyl-accepting&nbsp;chemotaxis&nbsp;sensory&nbsp;transducer&nbsp;with&nbsp;cache&nbsp;sensor,60.9
207559.Dde_2025,hemA,Glutamyl-tRNA&nbsp;reductase,60.9
207559.Dde_1132,tsf,Elongation&nbsp;factor&nbsp;Ts,60.7
207559.Dde_3295,Dde_3295,KEGG:&nbsp;dsa:Desal_2758&nbsp;methyl-accepting&nbsp;chemotaxis&nbsp;sensory&nbsp;transducer&nbsp;with&nbsp;cache&nbsp;sensor,60.7
207559.Dde_3012,pyrE,Orotate&nbsp;phosphoribosyltransferase,60.6
207559.Dde_3733,Dde_3733,KEGG:&nbsp;azl:AZL_e03080&nbsp;glycerol-3-phosphate&nbsp;dehydrogenase,60.6
207559.Dde_1401,Dde_1401,Histidinol-phosphate&nbsp;transaminase,60.6
207559.Dde_0308,Dde_0308,KEGG:&nbsp;dvm:DvMF_2348&nbsp;binding-protein-dependent&nbsp;transport&nbsp;systems&nbsp;inner&nbsp;membrane&nbsp;component,60.5
207559.Dde_1547,Dde_1547,Alanine&nbsp;racemase,60.5
207559.Dde_2209,Dde_2209,ATPase&nbsp;component&nbsp;of&nbsp;zinc&nbsp;ABC&nbsp;transporter,60.4
207559.Dde_0352,Dde_0352,KEGG:&nbsp;dvm:DvMF_2288&nbsp;flagellar&nbsp;motor&nbsp;switch&nbsp;protein&nbsp;FliG,60.3
207559.Dde_1818,secD,Protein&nbsp;translocase&nbsp;subunit&nbsp;SecD,60.3
207559.Dde_0450,Dde_0450,"ABC-type&nbsp;transporter,&nbsp;integral&nbsp;membrane&nbsp;subunit",60.2
207559.Dde_1663,Dde_1663,KEGG:&nbsp;dvu:DVU1871&nbsp;aspartate&nbsp;ammonia-lyase,60.2
207559.Dde_1638,Dde_1638,KEGG:&nbsp;dvl:Dvul_1222&nbsp;2-oxoglutarate&nbsp;ferredoxin&nbsp;oxidoreductase&nbsp;subunit&nbsp;beta,60.2
207559.Dde_1588,Dde_1588,"PFAM:&nbsp;DNA&nbsp;helicase,&nbsp;UvrD/REP&nbsp;type",60.1
207559.Dde_2040,Dde_2040,KEGG:&nbsp;dvm:DvMF_0284&nbsp;CheW&nbsp;protein,60.1
207559.Dde_0673,Dde_0673,"SMART:&nbsp;ATPase,&nbsp;AAA+&nbsp;type,&nbsp;core",60.1
207559.Dde_0099,asnS,Asparagine--tRNA&nbsp;ligase,60.0
207559.Dde_0529,Dde_0529,"Cobyrinate&nbsp;a,c-diamide&nbsp;synthase",60.0
207559.Dde_1631,Dde_1631,"TIGRFAM:&nbsp;Diguanylate&nbsp;cyclase,&nbsp;predicted",60.0
207559.Dde_3190,Dde_3190,Diguanylate&nbsp;cyclase&nbsp;with&nbsp;PAS/PAC&nbsp;sensor,59.9
207559.Dde_1816,Dde_1816,"PFAM:&nbsp;Glutamate&nbsp;synthase,&nbsp;alpha&nbsp;subunit,&nbsp;C-terminal",59.9
207559.Dde_2908,ABB39702.1,KEGG:&nbsp;gme:Gmet_3281&nbsp;transposase/IS&nbsp;protein,59.8
207559.Dde_3534,Dde_3534,Alcohol&nbsp;dehydrogenase,59.8
207559.Dde_2635,pheS,KEGG:&nbsp;dvl:Dvul_0711&nbsp;phenylalanyl-tRNA&nbsp;synthetase&nbsp;subunit&nbsp;alpha,59.7
207559.Dde_2337,Dde_2337,PFAM:&nbsp;Histone&nbsp;deacetylase&nbsp;superfamily,59.7
207559.Dde_0475,Dde_0475,"Fe-only&nbsp;hydrogenase,&nbsp;large&nbsp;&&nbsp;small&nbsp;subunits,&nbsp;cytoplasmic",59.6
207559.Dde_0355,Dde_0355,KEGG:&nbsp;dvl:Dvul_2666&nbsp;flagellar&nbsp;basal-body&nbsp;rod&nbsp;protein&nbsp;FlgC,59.6
207559.Dde_0725,Dde_0725,KEGG:&nbsp;dps:DP2379&nbsp;hydrogenase,59.6
207559.Dde_0637,Dde_0637,KEGG:&nbsp;mxa:MXAN_4523&nbsp;putative&nbsp;lipoprotein,59.5
207559.Dde_1258,Dde_1258,PFAM:&nbsp;Fumarate&nbsp;reductase&nbsp;respiratory&nbsp;complex,59.5
207559.Dde_1136,Dde_1136,KEGG:&nbsp;das:Daes_2174&nbsp;phospholipid/glycerol&nbsp;acyltransferase,59.5
207559.Dde_1106,Dde_1106,KEGG:&nbsp;dvm:DvMF_2891&nbsp;5-enolpyruvylshikimate-3-phosphate&nbsp;synthase-like&nbsp;protein,59.5
207559.Dde_2242,rplF,50S&nbsp;ribosomal&nbsp;protein&nbsp;L6,59.4
207559.Dde_2353,Dde_2353,Trehalose&nbsp;synthase,59.4
207559.Dde_2456,Dde_2456,PAS&nbsp;domain&nbsp;containing&nbsp;protein,59.4
207559.Dde_0360,Dde_0360,PFAM:&nbsp;Polysaccharide&nbsp;biosynthesis&nbsp;protein&nbsp;CapD-like,59.3
207559.Dde_2607,rplM,50S&nbsp;ribosomal&nbsp;protein&nbsp;L13,59.3
207559.Dde_2324,ruvC,Crossover&nbsp;junction&nbsp;endodeoxyribonuclease&nbsp;RuvC,59.2
207559.Dde_1038,Dde_1038,UDP-N-acetylmuramoyl-tripeptide--D-alanyl-D-alanine&nbsp;ligase,59.2
207559.Dde_3241,Dde_3241,Phosphate&nbsp;acetyltransferase,59.2
207559.Dde_1992,Dde_1992,Inositol-1-monophosphatase,59.2
207559.Dde_0432,Dde_0432,"GDP-mannose&nbsp;4,6-dehydratase",59.2
207559.Dde_3282,cutC,Choline&nbsp;trimethylamine-lyase,59.1
207559.Dde_0651,Dde_0651,"HmcC,&nbsp;43.2&nbsp;kd&nbsp;protein&nbsp;in&nbsp;hmc&nbsp;operon",59.1
207559.Dde_2310,Dde_2310,PFAM:&nbsp;Nitrogen&nbsp;regulatory&nbsp;protein&nbsp;PII,59.1
207559.Dde_2562,Dde_2562,KEGG:&nbsp;dvu:DVU1974&nbsp;pyridine&nbsp;nucleotide-disulfide&nbsp;oxidoreductase,59.0
207559.Dde_2296,Dde_2296,Sporulation&nbsp;domain-containing&nbsp;protein,58.8
207559.Dde_1573,Dde_1573,Chemotaxis&nbsp;protein&nbsp;methyltransferase,58.7
207559.Dde_1569,Dde_1569,"(P)ppGpp&nbsp;synthetase&nbsp;I,&nbsp;SpoT/RelA",58.6
207559.Dde_1419,Dde_1419,KEGG:&nbsp;dvl:Dvul_1976&nbsp;HlyD&nbsp;family&nbsp;type&nbsp;I&nbsp;secretion&nbsp;membrane&nbsp;fusion&nbsp;protein,58.6
207559.Dde_2232,rpsD,30S&nbsp;ribosomal&nbsp;protein&nbsp;S4,58.6
207559.Dde_3512,Dde_3512,PFAM:&nbsp;Molybdopterin&nbsp;oxidoreductase&nbsp;Fe4S4&nbsp;region,58.6
207559.Dde_2932,Dde_2932,KEGG:&nbsp;dvm:DvMF_2690&nbsp;hypothetical&nbsp;protein,58.5
207559.Dde_1089,Dde_1089,Phosphoenolpyruvate-protein&nbsp;phosphotransferase,58.5
207559.Dde_1439,ndk,Nucleoside&nbsp;diphosphate&nbsp;kinase,58.4
207559.Dde_3691,Dde_3691,"dTDP-glucose&nbsp;4,6-dehydratase",58.4
207559.Dde_3041,Dde_3041,"Lysine&nbsp;2,3-aminomutase&nbsp;YodO&nbsp;family&nbsp;protein",58.4
207559.Dde_0427,Dde_0427,UDP-glucose&nbsp;4-epimerase,58.4
207559.Dde_3088,Dde_3088,"Alpha-1,4&nbsp;glucan&nbsp;phosphorylase",58.3
207559.Dde_3325,Dde_3325,"TIGRFAM:&nbsp;ABC&nbsp;transporter,&nbsp;phosphonate,&nbsp;periplasmic&nbsp;substrate-binding&nbsp;protein",58.3
207559.Dde_0680,Dde_0680,KEGG:&nbsp;das:Daes_3181&nbsp;cytochrome&nbsp;b/b6&nbsp;domain-containing&nbsp;protein,58.2
207559.Dde_2196,Dde_2196,DNA-directed&nbsp;DNA&nbsp;polymerase,58.2
207559.Dde_3596,Dde_3596,Aminotransferase,58.2
207559.Dde_0987,atpA,ATP&nbsp;synthase&nbsp;subunit&nbsp;alpha,58.2
207559.Dde_3617,Dde_3617,Anthranilate&nbsp;synthase,58.2
207559.Dde_0822,Dde_0822,PFAM:&nbsp;UBA/THIF-type&nbsp;NAD/FAD&nbsp;binding&nbsp;fold,58.2
207559.Dde_0116,ilvD,TIGRFAM:&nbsp;Dihydroxy-acid&nbsp;dehydratase,58.2
207559.Dde_1195,Dde_1195,PFAM:&nbsp;Nitroreductase-like,58.1
207559.Dde_3657,Dde_3657,"PFAM:&nbsp;Bacterial&nbsp;extracellular&nbsp;solute-binding,&nbsp;family&nbsp;1",58.0
207559.Dde_0965,Dde_0965,PFAM:&nbsp;Acriflavin&nbsp;resistance&nbsp;protein,58.0
207559.Dde_1273,Dde_1273,"PFAM:&nbsp;Pyruvate&nbsp;formate-lyase,&nbsp;PFL",58.0
207559.Dde_2100,clpS,ATP-dependent&nbsp;Clp&nbsp;protease&nbsp;adapter&nbsp;protein&nbsp;ClpS,58.0
207559.Dde_3766,Dde_3766,Glutaredoxin,58.0
207559.Dde_2522,Dde_2522,PfkB&nbsp;domain&nbsp;protein,58.0
207559.Dde_2428,fabH,3-oxoacyl-[acyl-carrier-protein]&nbsp;synthase&nbsp;3,57.9
207559.Dde_2639,thrS,Threonine--tRNA&nbsp;ligase,57.9
207559.Dde_2585,Dde_2585,KEGG:&nbsp;dvl:Dvul_0949&nbsp;methyl-accepting&nbsp;chemotaxis&nbsp;sensory&nbsp;transducer,57.9
207559.Dde_3111,Dde_3111,L-serine&nbsp;ammonia-lyase,57.9
207559.Dde_1716,Dde_1716,"PFAM:&nbsp;Outer&nbsp;membrane&nbsp;protein,&nbsp;OmpA/MotB,&nbsp;C-terminal",57.9
207559.Dde_1770,Dde_1770,Sulfate-transporting&nbsp;ATPase,57.7
207559.Dde_0507,Dde_0507,30S&nbsp;ribosomal&nbsp;protein&nbsp;S1,57.6
207559.Dde_3538,Dde_3538,KEGG:&nbsp;dvl:Dvul_1573&nbsp;molybdopterin&nbsp;binding&nbsp;domain-containing&nbsp;protein,57.6
207559.Dde_1752,Dde_1752,Methyl-accepting&nbsp;chemotaxis&nbsp;sensory&nbsp;transducer&nbsp;with&nbsp;HNOB&nbsp;(Heme)&nbsp;sensor,57.6
207559.Dde_2085,Dde_2085,"PFAM:&nbsp;4Fe-4S&nbsp;ferredoxin,&nbsp;iron-sulphur&nbsp;binding,&nbsp;subgroup",57.5
207559.Dde_3104,Dde_3104,"ABC-type&nbsp;transporter,&nbsp;integral&nbsp;membrane&nbsp;subunit",57.5
207559.Dde_1070,tal,Probable&nbsp;transaldolase,57.5
207559.Dde_1604,Dde_1604,PFAM:&nbsp;4'-phosphopantetheinyl&nbsp;transferase,57.5
207559.Dde_3170,rsgA,Small&nbsp;ribosomal&nbsp;subunit&nbsp;biogenesis&nbsp;GTPase&nbsp;RsgA,57.4
207559.Dde_3334,Dde_3334,KEGG:&nbsp;das:Daes_1169&nbsp;phosphonate&nbsp;metabolism&nbsp;protein&nbsp;PhnM,57.4
207559.Dde_0321,Dde_0321,KEGG:&nbsp;dvm:DvMF_1769&nbsp;response&nbsp;regulator&nbsp;receiver&nbsp;protein,57.4
207559.Dde_0363,Dde_0363,KEGG:&nbsp;dvm:DvMF_2277&nbsp;hydrogenase&nbsp;expression/formation&nbsp;protein&nbsp;HypE,57.3
207559.Dde_2695,Dde_2695,"KEGG:&nbsp;dvm:DvMF_1383&nbsp;RNA&nbsp;methyltransferase,&nbsp;TrmA&nbsp;family",57.3
207559.Dde_2338,tmk,Thymidylate&nbsp;kinase,57.3
207559.Dde_3526,Dde_3526,PFAM:&nbsp;FAD&nbsp;dependent&nbsp;oxidoreductase,57.3
207559.Dde_3242,ackA,Acetate&nbsp;kinase,57.2
207559.Dde_0601,Dde_0601,TIGRFAM:&nbsp;Phosphonate-binding&nbsp;periplasmic&nbsp;protein,57.2
207559.Dde_2402,nfo,Probable&nbsp;endonuclease&nbsp;4,57.2
207559.Dde_0044,Dde_0044,"2-oxoisovalerate&nbsp;oxidoreductase,&nbsp;beta&nbsp;subunit",57.2
207559.Dde_1323,Dde_1323,PFAM:&nbsp;Carboxylyase-related,57.1
207559.Dde_1109,Dde_1109,KEGG:&nbsp;dvl:Dvul_2137&nbsp;adenylylsulfate&nbsp;reductase&nbsp;subunit&nbsp;beta,57.1
207559.Dde_2105,Dde_2105,Chemotaxis&nbsp;protein&nbsp;methyltransferase,57.1
207559.Dde_0878,Dde_0878,KEGG:&nbsp;dba:Dbac_2654&nbsp;PAS/PAC&nbsp;sensor&nbsp;signal&nbsp;transduction&nbsp;histidine&nbsp;kinase,57.1
207559.Dde_2208,Dde_2208,PFAM:&nbsp;ABC&nbsp;transporter&nbsp;metal-binding&nbsp;lipoprotein,57.1
207559.Dde_3610,Dde_3610,KEGG:&nbsp;dvu:DVU0136&nbsp;hypothetical&nbsp;protein,57.0
207559.Dde_0298,Dde_0298,Flagellar&nbsp;hook&nbsp;protein&nbsp;FlgE,57.0
207559.Dde_3034,Dde_3034,KEGG:&nbsp;das:Daes_0636&nbsp;L-serine&nbsp;ammonia-lyase,57.0
207559.Dde_0384,Dde_0384,KEGG:&nbsp;dvm:DvMF_2010&nbsp;response&nbsp;regulator&nbsp;receiver&nbsp;protein,57.0
207559.Dde_3125,Dde_3125,TIGRFAM:&nbsp;Conserved&nbsp;hypothetical&nbsp;protein&nbsp;CHP02231,57.0
207559.Dde_0399,Dde_0399,PFAM:&nbsp;Amino&nbsp;acid-binding&nbsp;ACT,56.8
207559.Dde_3546,Dde_3546,XshC-Cox1-family&nbsp;protein,56.4
207559.Dde_3671,Dde_3671,"ABC-type&nbsp;transporter,&nbsp;integral&nbsp;membrane&nbsp;subunit",56.4
207559.Dde_2658,Dde_2658,PFAM:&nbsp;Short-chain&nbsp;dehydrogenase/reductase&nbsp;SDR,56.3
207559.Dde_2431,Dde_2431,3-oxoacyl-[acyl-carrier-protein]&nbsp;synthase&nbsp;2,56.3
207559.Dde_2662,Dde_2662,8-amino-7-oxononanoate&nbsp;synthase,56.2
207559.Dde_0402,Dde_0402,"KEGG:&nbsp;dbr:Deba_0022&nbsp;efflux&nbsp;transporter,&nbsp;RND&nbsp;family,&nbsp;MFP&nbsp;subunit",56.2
207559.Dde_2814,Dde_2814,"TIGRFAM:&nbsp;Haemerythrin-like,&nbsp;metal-binding",56.2
207559.Dde_2047,Dde_2047,"Uncharacterized&nbsp;protein&nbsp;family&nbsp;UPF0079,&nbsp;ATPase",56.2
207559.Dde_3649,prfC,Peptide&nbsp;chain&nbsp;release&nbsp;factor&nbsp;3,56.1
207559.Dde_0551,Dde_0551,Exodeoxyribonuclease&nbsp;III,56.1
207559.Dde_2067,Dde_2067,Thioredoxin,56.0
207559.Dde_2281,Dde_2281,"TIGRFAM:&nbsp;Iron&nbsp;hydrogenase,&nbsp;subset",56.0
207559.Dde_3539,Dde_3539,"KEGG:&nbsp;dvl:Dvul_1574&nbsp;aldehyde&nbsp;oxidase&nbsp;and&nbsp;xanthine&nbsp;dehydrogenase,&nbsp;molybdopterin&nbsp;binding",56.0
207559.Dde_0343,Dde_0343,"Cobyrinate&nbsp;a,c-diamide&nbsp;synthase",55.9
207559.Dde_2176,Dde_2176,KEGG:&nbsp;dvu:DVU1368&nbsp;rhodanese-like&nbsp;domain-containing&nbsp;protein,55.8
207559.Dde_0212,Dde_0212,"TIGRFAM:&nbsp;A/G-specific&nbsp;adenine&nbsp;glycosylase&nbsp;MutY,&nbsp;bacterial&nbsp;form",55.8
207559.Dde_3561,Dde_3561,KEGG:&nbsp;dvl:Dvul_2346&nbsp;methyl-accepting&nbsp;chemotaxis&nbsp;sensory&nbsp;transducer,55.8
207559.Dde_3043,Dde_3043,D-alanine--D-alanine&nbsp;ligase,55.7
207559.Dde_3627,Dde_3627,Protein&nbsp;CyaE,55.7
207559.Dde_0168,Dde_0168,"ABC-type&nbsp;transporter,&nbsp;periplasmic&nbsp;subunit&nbsp;family&nbsp;3",55.6
207559.Dde_2250,rplP,50S&nbsp;ribosomal&nbsp;protein&nbsp;L16,55.5
207559.Dde_2825,Dde_2825,"PAS&nbsp;modulated&nbsp;sigma54&nbsp;specific&nbsp;transcriptional&nbsp;regulator,&nbsp;Fis&nbsp;family",55.5
207559.Dde_3567,hisI,Phosphoribosyl-AMP&nbsp;cyclohydrolase,55.4
207559.Dde_0772,Dde_0772,Protein&nbsp;serine/threonine&nbsp;phosphatase&nbsp;with&nbsp;extracellular&nbsp;sensor,55.3
207559.Dde_0788,Dde_0788,Tetratricopeptide&nbsp;TPR_1&nbsp;repeat-containing&nbsp;protein,55.3
207559.Dde_3417,Dde_3417,Diguanylate&nbsp;cyclase/phosphodiesterase&nbsp;with&nbsp;PAS/PAC&nbsp;sensor(S),55.2
207559.Dde_2116,Dde_2116,RNA&nbsp;polymerase&nbsp;sigma&nbsp;factor,55.2
207559.Dde_0356,Dde_0356,Flagellar&nbsp;basal&nbsp;body&nbsp;rod&nbsp;protein&nbsp;FlgB,55.2
207559.Dde_2352,Dde_2352,KEGG:&nbsp;dvm:DvMF_0872&nbsp;hypothetical&nbsp;protein,55.1
207559.Dde_1810,Dde_1810,KEGG:&nbsp;dvm:DvMF_0550&nbsp;diaminopimelate&nbsp;aminotransferase,55.1
207559.Dde_3212,cheD,Probable&nbsp;chemoreceptor&nbsp;glutamine&nbsp;deamidase&nbsp;CheD,55.1
207559.Dde_3332,Dde_3332,"SMART:&nbsp;ATPase,&nbsp;AAA+&nbsp;type,&nbsp;core",55.1
207559.Dde_0750,Dde_0750,(S)-2-hydroxy-acid&nbsp;oxidase,55.1
207559.Dde_3580,Dde_3580,KEGG:&nbsp;dvm:DvMF_2218&nbsp;lytic&nbsp;transglycosylase&nbsp;catalytic,55.1
207559.Dde_2251,rpsC,30S&nbsp;ribosomal&nbsp;protein&nbsp;S3,55.0
207559.Dde_3256,Dde_3256,"PFAM:&nbsp;N-acetylneuraminic&nbsp;acid&nbsp;synthase,&nbsp;N-terminal",55.0
207559.Dde_3331,Dde_3331,Alpha-D-ribose&nbsp;1-methylphosphonate&nbsp;5-phosphate&nbsp;C-P&nbsp;lyase,55.0
207559.Dde_1755,Dde_1755,KEGG:&nbsp;dsa:Desal_2566&nbsp;methyl-accepting&nbsp;chemotaxis&nbsp;sensory&nbsp;transducer,55.0
207559.Dde_3547,Dde_3547,KEGG:&nbsp;dsa:Desal_0291&nbsp;metal&nbsp;dependent&nbsp;phosphohydrolase,54.9
207559.Dde_1392,Dde_1392,KEGG:&nbsp;dvl:Dvul_2015&nbsp;4-hydroxybenzoate&nbsp;polyprenyltransferase,54.9
207559.Dde_1148,Dde_1148,Uncharacterized&nbsp;protein,54.9
207559.Dde_3637,Dde_3637,"PFAM:&nbsp;Malic&nbsp;enzyme,&nbsp;NAD-binding",54.9
207559.Dde_1809,gidA,tRNA&nbsp;uridine&nbsp;5-carboxymethylaminomethyl&nbsp;modification&nbsp;enzyme&nbsp;MnmG,54.9
207559.Dde_0984,atpC,ATP&nbsp;synthase&nbsp;epsilon&nbsp;chain,54.8
207559.Dde_0364,Dde_0364,KEGG:&nbsp;dvl:Dvul_2657&nbsp;hydrogenase&nbsp;formation&nbsp;HypD&nbsp;protein,54.8
207559.Dde_2654,birA,Bifunctional&nbsp;ligase/repressor&nbsp;BirA,54.8
207559.Dde_2625,Dde_2625,"PFAM:&nbsp;Glycosyl&nbsp;transferase,&nbsp;family&nbsp;2",54.7
207559.Dde_3528,Dde_3528,"PFAM:&nbsp;4Fe-4S&nbsp;ferredoxin,&nbsp;iron-sulphur&nbsp;binding,&nbsp;subgroup",54.6
207559.Dde_3105,Dde_3105,Iron-chelate-transporting&nbsp;ATPase,54.6
207559.Dde_1178,Dde_1178,"TIGRFAM:&nbsp;Dihydroxyacetone&nbsp;kinase&nbsp;DhaK,&nbsp;subunit&nbsp;1",54.6
207559.Dde_1556,Dde_1556,KEGG:&nbsp;dsa:Desal_2649&nbsp;thiamine&nbsp;biosynthesis&nbsp;protein&nbsp;ThiH,54.5
207559.Dde_0893,lexA,LexA&nbsp;repressor,54.5
207559.Dde_0683,Dde_0683,KEGG:&nbsp;dsa:Desal_0370&nbsp;cytochrome&nbsp;c&nbsp;family&nbsp;protein,54.5
207559.Dde_0210,Dde_0210,KEGG:&nbsp;dvu:DVU0283&nbsp;AhpF&nbsp;family&nbsp;protein/thioredoxin&nbsp;reductase,54.5
207559.Dde_2053,dnaG,DNA&nbsp;primase,54.5
207559.Dde_1708,rnc,Ribonuclease&nbsp;3,54.4
207559.Dde_1250,Dde_1250,"TIGRFAM:&nbsp;Glutamate&nbsp;synthase&nbsp;(NADPH),&nbsp;homotetrameric",54.4
207559.Dde_3715,Dde_3715,KEGG:&nbsp;dvl:Dvul_2720&nbsp;multi-sensor&nbsp;signal&nbsp;transduction&nbsp;histidine&nbsp;kinase,54.4
207559.Dde_1023,dnaK,Chaperone&nbsp;protein&nbsp;DnaK,54.4
207559.Dde_0537,Dde_0537,"Ribonuclease,&nbsp;Rne/Rng&nbsp;family",54.4
207559.Dde_3005,Dde_3005,PFAM:&nbsp;Ion&nbsp;transport,54.4
207559.Dde_0081,Dde_0081,"TIGRFAM:&nbsp;Iron&nbsp;hydrogenase,&nbsp;subset",54.4
207559.Dde_0150,ubiX,Flavin&nbsp;prenyltransferase&nbsp;UbiX,54.3
207559.Dde_2668,Dde_2668,"PFAM:&nbsp;Peptidyl-prolyl&nbsp;cis-trans&nbsp;isomerase,&nbsp;FKBP-type",54.3
207559.Dde_3624,Dde_3624,KEGG:&nbsp;dvm:DvMF_2311&nbsp;hypothetical&nbsp;protein,54.2
207559.Dde_0843,Dde_0843,"PFAM:&nbsp;Glycosyl&nbsp;transferase,&nbsp;family&nbsp;2",54.1
207559.Dde_0628,Dde_0628,SMART:&nbsp;Exonuclease,53.9
207559.Dde_0510,Dde_0510,4-alpha-glucanotransferase,53.9
207559.Dde_2420,Dde_2420,KEGG:&nbsp;dvl:Dvul_1843&nbsp;glycosyl&nbsp;transferase&nbsp;family&nbsp;protein,53.9
207559.Dde_1491,nth,Endonuclease&nbsp;III,53.9
207559.Dde_2257,rplC,50S&nbsp;ribosomal&nbsp;protein&nbsp;L3,53.8
207559.Dde_3165,truB,tRNA&nbsp;pseudouridine&nbsp;synthase&nbsp;B,53.8
207559.Dde_1517,glmM,Phosphoglucosamine&nbsp;mutase,53.7
207559.Dde_0017,Dde_0017,PFAM:&nbsp;Bacterial&nbsp;Fmu&nbsp;(Sun)/eukaryotic&nbsp;nucleolar&nbsp;NOL1/Nop2p,53.7
207559.Dde_1793,Dde_1793,"TIGRFAM:&nbsp;2-oxoacid:acceptor&nbsp;oxidoreductase,&nbsp;beta&nbsp;subunit,&nbsp;pyruvate/2-ketoisovalerate",53.6
207559.Dde_3566,hisG,"TIGRFAM:&nbsp;ATP&nbsp;phosphoribosyltransferase,&nbsp;catalytic&nbsp;region",53.6
207559.Dde_0068,recR,Recombination&nbsp;protein&nbsp;RecR,53.6
207559.Dde_1694,Dde_1694,KEGG:&nbsp;dvm:DvMF_0226&nbsp;response&nbsp;regulator&nbsp;receiver&nbsp;protein,53.6
207559.Dde_1209,Dde_1209,"PFAM:&nbsp;4Fe-4S&nbsp;ferredoxin,&nbsp;iron-sulphur&nbsp;binding,&nbsp;subgroup",53.5
207559.Dde_1988,Dde_1988,KEGG:&nbsp;dvm:DvMF_0349&nbsp;preprotein&nbsp;translocase&nbsp;subunit&nbsp;SecG,53.4
207559.Dde_0675,Dde_0675,"PFAM:&nbsp;ABC-type&nbsp;glycine&nbsp;betaine&nbsp;transport&nbsp;system,&nbsp;substrate-binding&nbsp;region",53.2
207559.Dde_1055,Dde_1055,KEGG:&nbsp;dvm:DvMF_0941&nbsp;ABC&nbsp;transporter&nbsp;related,53.2
207559.Dde_1659,Dde_1659,KEGG:&nbsp;dvm:DvMF_0569&nbsp;chaperone&nbsp;DnaJ&nbsp;domain&nbsp;protein,53.1
207559.Dde_2439,leuS,Leucine--tRNA&nbsp;ligase,53.1
207559.Dde_2001,Dde_2001,KEGG:&nbsp;dvl:Dvul_1399&nbsp;phospholipid/glycerol&nbsp;acyltransferase,53.1
207559.Dde_3730,Dde_3730,TIGRFAM:&nbsp;Phosphonate-binding&nbsp;periplasmic&nbsp;protein,53.1
207559.Dde_2015,argB,Acetylglutamate&nbsp;kinase,53.0
207559.Dde_2255,rplW,50S&nbsp;ribosomal&nbsp;protein&nbsp;L23,52.9
207559.Dde_4007,rpmF,TIGRFAM:&nbsp;Ribosomal&nbsp;protein&nbsp;L32p,52.9
207559.Dde_1469,tatB,Sec-independent&nbsp;protein&nbsp;translocase&nbsp;protein&nbsp;TatB,52.9
207559.Dde_3306,Dde_3306,"PFAM:&nbsp;ABC-type&nbsp;glycine&nbsp;betaine&nbsp;transport&nbsp;system,&nbsp;substrate-binding&nbsp;region",52.9
207559.Dde_1639,Dde_1639,KEGG:&nbsp;dvm:DvMF_0603&nbsp;2-oxoglutarate&nbsp;ferredoxin&nbsp;oxidoreductase&nbsp;subunit&nbsp;alpha,52.9
207559.Dde_1989,tpiA,Triosephosphate&nbsp;isomerase,52.8
207559.Dde_0717,Dde_0717,"TIGRFAM:&nbsp;Formate&nbsp;dehydrogenase,&nbsp;alpha&nbsp;subunit,&nbsp;anaerobic",52.8
207559.Dde_1923,Dde_1923,PFAM:&nbsp;ERCC4&nbsp;domain,52.7
207559.Dde_2078,Dde_2078,KEGG:&nbsp;dvm:DvMF_0413&nbsp;putative&nbsp;signal&nbsp;transduction&nbsp;protein&nbsp;with&nbsp;CBS&nbsp;domains,52.7
207559.Dde_3293,Dde_3293,KEGG:&nbsp;dsa:Desal_2758&nbsp;methyl-accepting&nbsp;chemotaxis&nbsp;sensory&nbsp;transducer&nbsp;with&nbsp;cache&nbsp;sensor,52.6
207559.Dde_0759,Dde_0759,KEGG:&nbsp;dba:Dbac_0791&nbsp;putative&nbsp;ABC&nbsp;transporter&nbsp;solute-binding&nbsp;protein,52.6
207559.Dde_0781,Dde_0781,Helicase&nbsp;domain-containing&nbsp;protein,52.6
207559.Dde_1558,Dde_1558,Thiamine-phosphate&nbsp;synthase,52.6
207559.Dde_1757,gpmI,"2,3-bisphosphoglycerate-independent&nbsp;phosphoglycerate&nbsp;mutase",52.5
207559.Dde_3514,Dde_3514,Formate&nbsp;dehydrogenase&nbsp;beta&nbsp;subunit,52.5
207559.Dde_2674,Dde_2674,KEGG:&nbsp;dvl:Dvul_0670&nbsp;two&nbsp;component&nbsp;LuxR&nbsp;family&nbsp;transcriptional&nbsp;regulator,52.5
207559.Dde_0797,mqnC,Cyclic&nbsp;dehypoxanthine&nbsp;futalosine&nbsp;synthase,52.4
207559.Dde_3724,Dde_3724,"KEGG:&nbsp;dvm:DvMF_0595&nbsp;phosphonate&nbsp;ABC&nbsp;transporter,&nbsp;inner&nbsp;membrane&nbsp;subunit",52.3
207559.Dde_0451,Dde_0451,"Nickel-transporting&nbsp;ATPase.,&nbsp;Fe(3+)-transporting&nbsp;ATPase",52.2
207559.Dde_2246,rplX,50S&nbsp;ribosomal&nbsp;protein&nbsp;L24,52.2
207559.Dde_3243,Dde_3243,DRTGG&nbsp;domain&nbsp;protein,52.1
207559.Dde_3646,carA,"TIGRFAM:&nbsp;Carbamoyl&nbsp;phosphate&nbsp;synthase,&nbsp;small&nbsp;subunit",52.1
207559.Dde_3318,Dde_3318,PFAM:&nbsp;Methyltransferase&nbsp;type&nbsp;11,52.0
207559.Dde_0255,Dde_0255,"PFAM:&nbsp;Aminotransferase,&nbsp;class&nbsp;IV",52.0
207559.Dde_2901,Dde_2901,"GDP-mannose&nbsp;4,6-dehydratase",52.0
207559.Dde_2234,rpsM,30S&nbsp;ribosomal&nbsp;protein&nbsp;S13,52.0
207559.Dde_2090,Dde_2090,PFAM:&nbsp;Molybdopterin&nbsp;oxidoreductase,51.8
207559.Dde_2664,Dde_2664,Diaminopimelate&nbsp;decarboxylase,51.8
207559.Dde_2248,rpsQ,30S&nbsp;ribosomal&nbsp;protein&nbsp;S17,51.8
207559.Dde_3336,phnN,"Ribose&nbsp;1,5-bisphosphate&nbsp;phosphokinase&nbsp;PhnN",51.8
207559.Dde_0213,Dde_0213,Polyamine-transporting&nbsp;ATPase,51.7
207559.Dde_3552,Dde_3552,Aspartate&nbsp;ammonia-lyase,51.6
207559.Dde_3011,Dde_3011,KEGG:&nbsp;dvm:DvMF_1468&nbsp;adenylosuccinate&nbsp;lyase,51.6
207559.Dde_2707,truA,tRNA&nbsp;pseudouridine&nbsp;synthase&nbsp;A,51.6
207559.Dde_0071,Dde_0071,KEGG:&nbsp;dal:Dalk_3922&nbsp;response&nbsp;regulator&nbsp;receiver&nbsp;protein,51.5
207559.Dde_0401,Dde_0401,"KEGG:&nbsp;dbr:Deba_0021&nbsp;transporter,&nbsp;hydrophobe/amphiphile&nbsp;efflux-1&nbsp;(HAE1)&nbsp;family",51.5
207559.Dde_1557,Dde_1557,PFAM:&nbsp;UBA/THIF-type&nbsp;NAD/FAD&nbsp;binding&nbsp;fold,51.5
207559.Dde_0299,Dde_0299,Cytochrome&nbsp;c-type&nbsp;protein,51.5
207559.Dde_1382,Dde_1382,"KEGG:&nbsp;dvl:Dvul_2024&nbsp;Glu/Leu/Phe/Val&nbsp;dehydrogenase,&nbsp;C&nbsp;terminal",51.4
207559.Dde_0703,Dde_0703,Methyl-accepting&nbsp;chemotaxis&nbsp;sensory&nbsp;transducer&nbsp;with&nbsp;Pas/Pac&nbsp;sensor,51.3
207559.Dde_0467,Dde_0467,"PFAM:&nbsp;Thiamine&nbsp;pyrophosphate&nbsp;enzyme,&nbsp;C-terminal&nbsp;TPP-binding",51.3
207559.Dde_2275,Dde_2275,Integral&nbsp;membrane&nbsp;protein,51.3
207559.Dde_0022,Dde_0022,Sulfate-transporting&nbsp;ATPase,51.3
207559.Dde_2638,infC,Translation&nbsp;initiation&nbsp;factor&nbsp;IF-3,51.2
207559.Dde_1424,Dde_1424,TIGRFAM:&nbsp;Alpha-glucan&nbsp;phosphorylase,51.1
207559.Dde_0977,Dde_0977,KEGG:&nbsp;sfu:Sfum_1664&nbsp;two&nbsp;component&nbsp;LuxR&nbsp;family&nbsp;transcriptional&nbsp;regulator,51.0
207559.Dde_1191,Dde_1191,Additional&nbsp;component&nbsp;of&nbsp;nickel&nbsp;ABC&nbsp;transport&nbsp;system,51.0
