1121456.ATVA01000011_gene1680,ATVA01000011_gene1680,annotation&nbsp;not&nbsp;available,98.9
1121456.ATVA01000018_gene324,ATVA01000018_gene324,annotation&nbsp;not&nbsp;available,98.9
1121456.ATVA01000011_gene1800,ATVA01000011_gene1800,annotation&nbsp;not&nbsp;available,98.8
1121456.ATVA01000012_gene2579,ATVA01000012_gene2579,annotation&nbsp;not&nbsp;available,98.8
1121456.ATVA01000012_gene2565,ATVA01000012_gene2565,annotation&nbsp;not&nbsp;available,98.7
1121456.ATVA01000013_gene1042,ATVA01000013_gene1042,annotation&nbsp;not&nbsp;available,98.7
1121456.ATVA01000001_gene3112,ATVA01000001_gene3112,annotation&nbsp;not&nbsp;available,98.7
1121456.ATVA01000018_gene275,ATVA01000018_gene275,annotation&nbsp;not&nbsp;available,98.6
1121456.ATVA01000015_gene2298,ATVA01000015_gene2298,annotation&nbsp;not&nbsp;available,98.6
1121456.ATVA01000012_gene2516,ATVA01000012_gene2516,annotation&nbsp;not&nbsp;available,98.2
1121456.ATVA01000011_gene1426,ATVA01000011_gene1426,annotation&nbsp;not&nbsp;available,98.2
1121456.ATVA01000014_gene617,ATVA01000014_gene617,annotation&nbsp;not&nbsp;available,98.2
1121456.ATVA01000011_gene1781,ATVA01000011_gene1781,annotation&nbsp;not&nbsp;available,98.2
1121456.ATVA01000011_gene1501,ATVA01000011_gene1501,annotation&nbsp;not&nbsp;available,98.2
1121456.ATVA01000014_gene560,ATVA01000014_gene560,annotation&nbsp;not&nbsp;available,98.1
1121456.ATVA01000002_gene3151,ATVA01000002_gene3151,annotation&nbsp;not&nbsp;available,98.1
1121456.ATVA01000012_gene2756,ATVA01000012_gene2756,annotation&nbsp;not&nbsp;available,98.0
1121456.ATVA01000015_gene2347,ATVA01000015_gene2347,annotation&nbsp;not&nbsp;available,97.9
1121456.ATVA01000011_gene1841,ATVA01000011_gene1841,annotation&nbsp;not&nbsp;available,97.9
1121456.ATVA01000011_gene1835,ATVA01000011_gene1835,annotation&nbsp;not&nbsp;available,97.9
1121456.ATVA01000019_gene1281,ATVA01000019_gene1281,annotation&nbsp;not&nbsp;available,97.9
1121456.ATVA01000012_gene2731,ATVA01000012_gene2731,annotation&nbsp;not&nbsp;available,97.8
1121456.ATVA01000008_gene3232,ATVA01000008_gene3232,annotation&nbsp;not&nbsp;available,97.8
1121456.ATVA01000019_gene1288,ATVA01000019_gene1288,annotation&nbsp;not&nbsp;available,97.8
1121456.ATVA01000002_gene3195,ATVA01000002_gene3195,annotation&nbsp;not&nbsp;available,97.8
1121456.ATVA01000002_gene3214,ATVA01000002_gene3214,annotation&nbsp;not&nbsp;available,97.8
1121456.ATVA01000011_gene1805,ATVA01000011_gene1805,annotation&nbsp;not&nbsp;available,97.8
1121456.ATVA01000012_gene2842,ATVA01000012_gene2842,annotation&nbsp;not&nbsp;available,97.7
1121456.ATVA01000012_gene2730,ATVA01000012_gene2730,annotation&nbsp;not&nbsp;available,97.7
1121456.ATVA01000019_gene1265,ATVA01000019_gene1265,annotation&nbsp;not&nbsp;available,97.7
1121456.ATVA01000013_gene1196,ATVA01000013_gene1196,annotation&nbsp;not&nbsp;available,97.7
1121456.ATVA01000015_gene2509,ATVA01000015_gene2509,annotation&nbsp;not&nbsp;available,97.7
1121456.ATVA01000001_gene3073,ATVA01000001_gene3073,annotation&nbsp;not&nbsp;available,97.7
1121456.ATVA01000019_gene1291,ATVA01000019_gene1291,annotation&nbsp;not&nbsp;available,97.6
1121456.ATVA01000017_gene151,ATVA01000017_gene151,annotation&nbsp;not&nbsp;available,97.6
1121456.ATVA01000011_gene1832,ATVA01000011_gene1832,annotation&nbsp;not&nbsp;available,97.5
1121456.ATVA01000015_gene2498,ATVA01000015_gene2498,annotation&nbsp;not&nbsp;available,97.4
1121456.ATVA01000011_gene1849,ATVA01000011_gene1849,annotation&nbsp;not&nbsp;available,97.4
1121456.ATVA01000013_gene1084,ATVA01000013_gene1084,annotation&nbsp;not&nbsp;available,97.4
1121456.ATVA01000011_gene1637,ATVA01000011_gene1637,annotation&nbsp;not&nbsp;available,97.4
1121456.ATVA01000013_gene1077,ATVA01000013_gene1077,annotation&nbsp;not&nbsp;available,97.3
1121456.ATVA01000018_gene328,ATVA01000018_gene328,annotation&nbsp;not&nbsp;available,97.3
1121456.ATVA01000018_gene377,ATVA01000018_gene377,annotation&nbsp;not&nbsp;available,97.3
1121456.ATVA01000011_gene1731,ATVA01000011_gene1731,annotation&nbsp;not&nbsp;available,97.2
1121456.ATVA01000016_gene1988,ATVA01000016_gene1988,annotation&nbsp;not&nbsp;available,97.2
1121456.ATVA01000016_gene2084,ATVA01000016_gene2084,annotation&nbsp;not&nbsp;available,97.2
1121456.ATVA01000016_gene1981,ATVA01000016_gene1981,annotation&nbsp;not&nbsp;available,97.2
1121456.ATVA01000011_gene1532,ATVA01000011_gene1532,annotation&nbsp;not&nbsp;available,97.1
1121456.ATVA01000002_gene3179,ATVA01000002_gene3179,annotation&nbsp;not&nbsp;available,97.1
1121456.ATVA01000015_gene2314,ATVA01000015_gene2314,annotation&nbsp;not&nbsp;available,97.0
1121456.ATVA01000014_gene572,ATVA01000014_gene572,annotation&nbsp;not&nbsp;available,97.0
1121456.ATVA01000011_gene1508,ATVA01000011_gene1508,annotation&nbsp;not&nbsp;available,97.0
1121456.ATVA01000011_gene1391,ATVA01000011_gene1391,annotation&nbsp;not&nbsp;available,97.0
1121456.ATVA01000013_gene1137,ATVA01000013_gene1137,annotation&nbsp;not&nbsp;available,96.9
1121456.ATVA01000012_gene2619,ATVA01000012_gene2619,annotation&nbsp;not&nbsp;available,96.9
1121456.ATVA01000017_gene189,ATVA01000017_gene189,annotation&nbsp;not&nbsp;available,96.8
1121456.ATVA01000001_gene3127,ATVA01000001_gene3127,annotation&nbsp;not&nbsp;available,96.8
1121456.ATVA01000013_gene1065,ATVA01000013_gene1065,annotation&nbsp;not&nbsp;available,96.8
1121456.ATVA01000011_gene1820,ATVA01000011_gene1820,annotation&nbsp;not&nbsp;available,96.7
1121456.ATVA01000011_gene1400,ATVA01000011_gene1400,annotation&nbsp;not&nbsp;available,96.7
1121456.ATVA01000017_gene133,ATVA01000017_gene133,annotation&nbsp;not&nbsp;available,96.6
1121456.ATVA01000014_gene699,ATVA01000014_gene699,annotation&nbsp;not&nbsp;available,96.5
1121456.ATVA01000011_gene1634,ATVA01000011_gene1634,annotation&nbsp;not&nbsp;available,96.5
1121456.ATVA01000016_gene2170,ATVA01000016_gene2170,annotation&nbsp;not&nbsp;available,96.5
1121456.ATVA01000013_gene1087,ATVA01000013_gene1087,annotation&nbsp;not&nbsp;available,96.4
1121456.ATVA01000015_gene2372,ATVA01000015_gene2372,annotation&nbsp;not&nbsp;available,96.4
1121456.ATVA01000011_gene1608,ATVA01000011_gene1608,annotation&nbsp;not&nbsp;available,96.4
1121456.ATVA01000012_gene2678,ATVA01000012_gene2678,annotation&nbsp;not&nbsp;available,96.3
1121456.ATVA01000013_gene1024,ATVA01000013_gene1024,annotation&nbsp;not&nbsp;available,96.3
1121456.ATVA01000013_gene924,ATVA01000013_gene924,annotation&nbsp;not&nbsp;available,96.3
1121456.ATVA01000011_gene1347,ATVA01000011_gene1347,annotation&nbsp;not&nbsp;available,96.2
1121456.ATVA01000012_gene2542,ATVA01000012_gene2542,annotation&nbsp;not&nbsp;available,96.2
1121456.ATVA01000011_gene1474,ATVA01000011_gene1474,annotation&nbsp;not&nbsp;available,96.2
1121456.ATVA01000015_gene2454,ATVA01000015_gene2454,annotation&nbsp;not&nbsp;available,96.2
1121456.ATVA01000019_gene1258,ATVA01000019_gene1258,annotation&nbsp;not&nbsp;available,96.0
1121456.ATVA01000013_gene1050,ATVA01000013_gene1050,annotation&nbsp;not&nbsp;available,96.0
1121456.ATVA01000014_gene480,ATVA01000014_gene480,annotation&nbsp;not&nbsp;available,96.0
1121456.ATVA01000011_gene1783,ATVA01000011_gene1783,annotation&nbsp;not&nbsp;available,95.9
1121456.ATVA01000015_gene2229,ATVA01000015_gene2229,annotation&nbsp;not&nbsp;available,95.9
1121456.ATVA01000012_gene2566,ATVA01000012_gene2566,annotation&nbsp;not&nbsp;available,95.8
1121456.ATVA01000001_gene3125,ATVA01000001_gene3125,annotation&nbsp;not&nbsp;available,95.8
1121456.ATVA01000014_gene718,ATVA01000014_gene718,annotation&nbsp;not&nbsp;available,95.7
1121456.ATVA01000003_gene3006,ATVA01000003_gene3006,annotation&nbsp;not&nbsp;available,95.6
1121456.ATVA01000013_gene1048,ATVA01000013_gene1048,annotation&nbsp;not&nbsp;available,95.6
1121456.ATVA01000012_gene2769,ATVA01000012_gene2769,annotation&nbsp;not&nbsp;available,95.6
1121456.ATVA01000012_gene2655,ATVA01000012_gene2655,annotation&nbsp;not&nbsp;available,95.6
1121456.ATVA01000014_gene475,ATVA01000014_gene475,annotation&nbsp;not&nbsp;available,95.6
1121456.ATVA01000013_gene878,ATVA01000013_gene878,annotation&nbsp;not&nbsp;available,95.5
1121456.ATVA01000011_gene1538,ATVA01000011_gene1538,annotation&nbsp;not&nbsp;available,95.4
1121456.ATVA01000013_gene1018,ATVA01000013_gene1018,annotation&nbsp;not&nbsp;available,95.4
1121456.ATVA01000016_gene1925,ATVA01000016_gene1925,annotation&nbsp;not&nbsp;available,95.4
1121456.ATVA01000011_gene1629,ATVA01000011_gene1629,annotation&nbsp;not&nbsp;available,95.3
1121456.ATVA01000018_gene293,ATVA01000018_gene293,annotation&nbsp;not&nbsp;available,95.3
1121456.ATVA01000012_gene2806,ATVA01000012_gene2806,annotation&nbsp;not&nbsp;available,95.3
1121456.ATVA01000012_gene2786,ATVA01000012_gene2786,annotation&nbsp;not&nbsp;available,95.3
1121456.ATVA01000001_gene3124,ATVA01000001_gene3124,annotation&nbsp;not&nbsp;available,95.3
1121456.ATVA01000012_gene2652,ATVA01000012_gene2652,annotation&nbsp;not&nbsp;available,95.3
1121456.ATVA01000011_gene1397,ATVA01000011_gene1397,annotation&nbsp;not&nbsp;available,95.3
1121456.ATVA01000016_gene2179,ATVA01000016_gene2179,annotation&nbsp;not&nbsp;available,95.3
1121456.ATVA01000011_gene1639,ATVA01000011_gene1639,annotation&nbsp;not&nbsp;available,95.2
1121456.ATVA01000015_gene2374,ATVA01000015_gene2374,annotation&nbsp;not&nbsp;available,95.2
1121456.ATVA01000016_gene1904,ATVA01000016_gene1904,annotation&nbsp;not&nbsp;available,95.1
1121456.ATVA01000016_gene2119,ATVA01000016_gene2119,annotation&nbsp;not&nbsp;available,95.0
1121456.ATVA01000018_gene281,ATVA01000018_gene281,annotation&nbsp;not&nbsp;available,95.0
1121456.ATVA01000018_gene431,ATVA01000018_gene431,annotation&nbsp;not&nbsp;available,95.0
1121456.ATVA01000002_gene3191,ATVA01000002_gene3191,annotation&nbsp;not&nbsp;available,95.0
1121456.ATVA01000017_gene234,ATVA01000017_gene234,annotation&nbsp;not&nbsp;available,94.9
1121456.ATVA01000015_gene2404,ATVA01000015_gene2404,annotation&nbsp;not&nbsp;available,94.9
1121456.ATVA01000015_gene2207,ATVA01000015_gene2207,annotation&nbsp;not&nbsp;available,94.9
1121456.ATVA01000016_gene2133,ATVA01000016_gene2133,annotation&nbsp;not&nbsp;available,94.9
1121456.ATVA01000011_gene1491,ATVA01000011_gene1491,annotation&nbsp;not&nbsp;available,94.7
1121456.ATVA01000012_gene2735,ATVA01000012_gene2735,annotation&nbsp;not&nbsp;available,94.7
1121456.ATVA01000012_gene2922,ATVA01000012_gene2922,annotation&nbsp;not&nbsp;available,94.7
1121456.ATVA01000016_gene1938,ATVA01000016_gene1938,annotation&nbsp;not&nbsp;available,94.7
1121456.ATVA01000016_gene2195,ATVA01000016_gene2195,annotation&nbsp;not&nbsp;available,94.6
1121456.ATVA01000011_gene1434,ATVA01000011_gene1434,annotation&nbsp;not&nbsp;available,94.6
1121456.ATVA01000012_gene2711,ATVA01000012_gene2711,annotation&nbsp;not&nbsp;available,94.6
1121456.ATVA01000017_gene258,ATVA01000017_gene258,annotation&nbsp;not&nbsp;available,94.6
1121456.ATVA01000018_gene365,ATVA01000018_gene365,annotation&nbsp;not&nbsp;available,94.5
1121456.ATVA01000003_gene3020,ATVA01000003_gene3020,annotation&nbsp;not&nbsp;available,94.5
1121456.ATVA01000012_gene2518,ATVA01000012_gene2518,annotation&nbsp;not&nbsp;available,94.5
1121456.ATVA01000011_gene1642,ATVA01000011_gene1642,annotation&nbsp;not&nbsp;available,94.4
1121456.ATVA01000015_gene2411,ATVA01000015_gene2411,annotation&nbsp;not&nbsp;available,94.4
1121456.ATVA01000015_gene2378,ATVA01000015_gene2378,annotation&nbsp;not&nbsp;available,94.4
1121456.ATVA01000013_gene838,ATVA01000013_gene838,annotation&nbsp;not&nbsp;available,94.3
1121456.ATVA01000016_gene2135,ATVA01000016_gene2135,annotation&nbsp;not&nbsp;available,94.3
1121456.ATVA01000017_gene204,ATVA01000017_gene204,annotation&nbsp;not&nbsp;available,94.3
1121456.ATVA01000015_gene2245,ATVA01000015_gene2245,annotation&nbsp;not&nbsp;available,94.3
1121456.ATVA01000011_gene1504,ATVA01000011_gene1504,annotation&nbsp;not&nbsp;available,94.2
1121456.ATVA01000014_gene556,ATVA01000014_gene556,annotation&nbsp;not&nbsp;available,94.2
1121456.ATVA01000014_gene469,ATVA01000014_gene469,annotation&nbsp;not&nbsp;available,94.2
1121456.ATVA01000013_gene942,ATVA01000013_gene942,annotation&nbsp;not&nbsp;available,94.2
1121456.ATVA01000006_gene3053,ATVA01000006_gene3053,annotation&nbsp;not&nbsp;available,94.2
1121456.ATVA01000013_gene1033,ATVA01000013_gene1033,annotation&nbsp;not&nbsp;available,94.2
1121456.ATVA01000011_gene1356,ATVA01000011_gene1356,annotation&nbsp;not&nbsp;available,94.1
1121456.ATVA01000011_gene1739,ATVA01000011_gene1739,annotation&nbsp;not&nbsp;available,94.1
1121456.ATVA01000014_gene704,ATVA01000014_gene704,annotation&nbsp;not&nbsp;available,94.1
1121456.ATVA01000016_gene1997,ATVA01000016_gene1997,annotation&nbsp;not&nbsp;available,94.0
1121456.ATVA01000012_gene2913,ATVA01000012_gene2913,annotation&nbsp;not&nbsp;available,94.0
1121456.ATVA01000013_gene1025,ATVA01000013_gene1025,annotation&nbsp;not&nbsp;available,94.0
1121456.ATVA01000013_gene1207,ATVA01000013_gene1207,annotation&nbsp;not&nbsp;available,94.0
1121456.ATVA01000017_gene153,ATVA01000017_gene153,annotation&nbsp;not&nbsp;available,93.9
1121456.ATVA01000012_gene2931,ATVA01000012_gene2931,annotation&nbsp;not&nbsp;available,93.9
1121456.ATVA01000011_gene1588,ATVA01000011_gene1588,annotation&nbsp;not&nbsp;available,93.8
1121456.ATVA01000019_gene1233,ATVA01000019_gene1233,annotation&nbsp;not&nbsp;available,93.7
1121456.ATVA01000001_gene3097,ATVA01000001_gene3097,annotation&nbsp;not&nbsp;available,93.7
1121456.ATVA01000015_gene2352,ATVA01000015_gene2352,annotation&nbsp;not&nbsp;available,93.6
1121456.ATVA01000003_gene3015,ATVA01000003_gene3015,annotation&nbsp;not&nbsp;available,93.6
1121456.ATVA01000011_gene1609,ATVA01000011_gene1609,annotation&nbsp;not&nbsp;available,93.6
1121456.ATVA01000012_gene2819,ATVA01000012_gene2819,annotation&nbsp;not&nbsp;available,93.5
1121456.ATVA01000014_gene507,ATVA01000014_gene507,annotation&nbsp;not&nbsp;available,93.5
1121456.ATVA01000014_gene584,ATVA01000014_gene584,annotation&nbsp;not&nbsp;available,93.5
1121456.ATVA01000011_gene1344,ATVA01000011_gene1344,annotation&nbsp;not&nbsp;available,93.5
1121456.ATVA01000013_gene883,ATVA01000013_gene883,annotation&nbsp;not&nbsp;available,93.4
1121456.ATVA01000011_gene1785,ATVA01000011_gene1785,annotation&nbsp;not&nbsp;available,93.3
1121456.ATVA01000011_gene1440,ATVA01000011_gene1440,annotation&nbsp;not&nbsp;available,93.3
1121456.ATVA01000002_gene3176,ATVA01000002_gene3176,annotation&nbsp;not&nbsp;available,93.3
1121456.ATVA01000011_gene1487,ATVA01000011_gene1487,annotation&nbsp;not&nbsp;available,93.3
1121456.ATVA01000018_gene268,ATVA01000018_gene268,annotation&nbsp;not&nbsp;available,93.2
1121456.ATVA01000012_gene2767,ATVA01000012_gene2767,annotation&nbsp;not&nbsp;available,93.2
1121456.ATVA01000011_gene1606,ATVA01000011_gene1606,annotation&nbsp;not&nbsp;available,93.2
1121456.ATVA01000012_gene2853,ATVA01000012_gene2853,annotation&nbsp;not&nbsp;available,93.1
1121456.ATVA01000011_gene1840,ATVA01000011_gene1840,annotation&nbsp;not&nbsp;available,93.1
1121456.ATVA01000016_gene1982,ATVA01000016_gene1982,annotation&nbsp;not&nbsp;available,93.1
1121456.ATVA01000016_gene1891,ATVA01000016_gene1891,annotation&nbsp;not&nbsp;available,93.0
1121456.ATVA01000004_gene19,ATVA01000004_gene19,annotation&nbsp;not&nbsp;available,93.0
1121456.ATVA01000016_gene2158,ATVA01000016_gene2158,annotation&nbsp;not&nbsp;available,93.0
1121456.ATVA01000011_gene1624,ATVA01000011_gene1624,annotation&nbsp;not&nbsp;available,93.0
1121456.ATVA01000011_gene1689,ATVA01000011_gene1689,annotation&nbsp;not&nbsp;available,93.0
1121456.ATVA01000018_gene430,ATVA01000018_gene430,annotation&nbsp;not&nbsp;available,92.9
1121456.ATVA01000012_gene2928,ATVA01000012_gene2928,annotation&nbsp;not&nbsp;available,92.9
1121456.ATVA01000013_gene879,ATVA01000013_gene879,annotation&nbsp;not&nbsp;available,92.8
1121456.ATVA01000014_gene527,ATVA01000014_gene527,annotation&nbsp;not&nbsp;available,92.8
1121456.ATVA01000015_gene2232,ATVA01000015_gene2232,annotation&nbsp;not&nbsp;available,92.8
1121456.ATVA01000015_gene2437,ATVA01000015_gene2437,annotation&nbsp;not&nbsp;available,92.7
1121456.ATVA01000016_gene1929,ATVA01000016_gene1929,annotation&nbsp;not&nbsp;available,92.7
1121456.ATVA01000013_gene856,ATVA01000013_gene856,annotation&nbsp;not&nbsp;available,92.7
1121456.ATVA01000005_gene2982,ATVA01000005_gene2982,annotation&nbsp;not&nbsp;available,92.7
1121456.ATVA01000013_gene1111,ATVA01000013_gene1111,annotation&nbsp;not&nbsp;available,92.7
1121456.ATVA01000015_gene2391,ATVA01000015_gene2391,annotation&nbsp;not&nbsp;available,92.6
1121456.ATVA01000019_gene1321,ATVA01000019_gene1321,annotation&nbsp;not&nbsp;available,92.6
1121456.ATVA01000011_gene1399,ATVA01000011_gene1399,annotation&nbsp;not&nbsp;available,92.4
1121456.ATVA01000014_gene468,ATVA01000014_gene468,annotation&nbsp;not&nbsp;available,92.4
1121456.ATVA01000011_gene1855,ATVA01000011_gene1855,annotation&nbsp;not&nbsp;available,92.4
1121456.ATVA01000013_gene827,ATVA01000013_gene827,annotation&nbsp;not&nbsp;available,92.4
1121456.ATVA01000014_gene806,ATVA01000014_gene806,annotation&nbsp;not&nbsp;available,92.4
1121456.ATVA01000017_gene136,ATVA01000017_gene136,annotation&nbsp;not&nbsp;available,92.3
1121456.ATVA01000011_gene1492,ATVA01000011_gene1492,annotation&nbsp;not&nbsp;available,92.3
1121456.ATVA01000018_gene352,ATVA01000018_gene352,annotation&nbsp;not&nbsp;available,92.3
1121456.ATVA01000011_gene1450,ATVA01000011_gene1450,annotation&nbsp;not&nbsp;available,92.3
1121456.ATVA01000011_gene1600,ATVA01000011_gene1600,annotation&nbsp;not&nbsp;available,92.3
1121456.ATVA01000016_gene2092,ATVA01000016_gene2092,annotation&nbsp;not&nbsp;available,92.2
1121456.ATVA01000012_gene2705,ATVA01000012_gene2705,annotation&nbsp;not&nbsp;available,92.2
1121456.ATVA01000018_gene415,ATVA01000018_gene415,annotation&nbsp;not&nbsp;available,92.2
1121456.ATVA01000014_gene496,ATVA01000014_gene496,annotation&nbsp;not&nbsp;available,92.2
1121456.ATVA01000018_gene387,ATVA01000018_gene387,annotation&nbsp;not&nbsp;available,92.1
1121456.ATVA01000011_gene1877,ATVA01000011_gene1877,annotation&nbsp;not&nbsp;available,92.1
1121456.ATVA01000002_gene3153,ATVA01000002_gene3153,annotation&nbsp;not&nbsp;available,92.0
1121456.ATVA01000014_gene483,ATVA01000014_gene483,annotation&nbsp;not&nbsp;available,92.0
1121456.ATVA01000018_gene429,ATVA01000018_gene429,annotation&nbsp;not&nbsp;available,91.9
1121456.ATVA01000015_gene2413,ATVA01000015_gene2413,annotation&nbsp;not&nbsp;available,91.9
1121456.ATVA01000011_gene1455,ATVA01000011_gene1455,annotation&nbsp;not&nbsp;available,91.8
1121456.ATVA01000016_gene2180,ATVA01000016_gene2180,annotation&nbsp;not&nbsp;available,91.8
1121456.ATVA01000012_gene2840,ATVA01000012_gene2840,annotation&nbsp;not&nbsp;available,91.8
1121456.ATVA01000015_gene2418,ATVA01000015_gene2418,annotation&nbsp;not&nbsp;available,91.8
1121456.ATVA01000013_gene1128,ATVA01000013_gene1128,annotation&nbsp;not&nbsp;available,91.8
1121456.ATVA01000011_gene1354,ATVA01000011_gene1354,annotation&nbsp;not&nbsp;available,91.7
1121456.ATVA01000018_gene278,ATVA01000018_gene278,annotation&nbsp;not&nbsp;available,91.6
1121456.ATVA01000015_gene2355,ATVA01000015_gene2355,annotation&nbsp;not&nbsp;available,91.6
1121456.ATVA01000011_gene1345,ATVA01000011_gene1345,annotation&nbsp;not&nbsp;available,91.5
1121456.ATVA01000011_gene1430,ATVA01000011_gene1430,annotation&nbsp;not&nbsp;available,91.4
1121456.ATVA01000014_gene466,ATVA01000014_gene466,annotation&nbsp;not&nbsp;available,91.4
1121456.ATVA01000011_gene1627,ATVA01000011_gene1627,annotation&nbsp;not&nbsp;available,91.3
1121456.ATVA01000015_gene2317,ATVA01000015_gene2317,annotation&nbsp;not&nbsp;available,91.3
1121456.ATVA01000015_gene2233,ATVA01000015_gene2233,annotation&nbsp;not&nbsp;available,91.2
1121456.ATVA01000018_gene327,ATVA01000018_gene327,annotation&nbsp;not&nbsp;available,91.2
1121456.ATVA01000013_gene860,ATVA01000013_gene860,annotation&nbsp;not&nbsp;available,91.1
1121456.ATVA01000011_gene1788,ATVA01000011_gene1788,annotation&nbsp;not&nbsp;available,91.1
1121456.ATVA01000013_gene1074,ATVA01000013_gene1074,annotation&nbsp;not&nbsp;available,91.0
1121456.ATVA01000011_gene1790,ATVA01000011_gene1790,annotation&nbsp;not&nbsp;available,91.0
1121456.ATVA01000001_gene3113,ATVA01000001_gene3113,annotation&nbsp;not&nbsp;available,91.0
1121456.ATVA01000001_gene3135,ATVA01000001_gene3135,annotation&nbsp;not&nbsp;available,90.9
1121456.ATVA01000013_gene1022,ATVA01000013_gene1022,annotation&nbsp;not&nbsp;available,90.9
1121456.ATVA01000002_gene3178,ATVA01000002_gene3178,annotation&nbsp;not&nbsp;available,90.9
1121456.ATVA01000019_gene1292,ATVA01000019_gene1292,annotation&nbsp;not&nbsp;available,90.9
1121456.ATVA01000012_gene2709,ATVA01000012_gene2709,annotation&nbsp;not&nbsp;available,90.8
1121456.ATVA01000016_gene1927,ATVA01000016_gene1927,annotation&nbsp;not&nbsp;available,90.7
1121456.ATVA01000001_gene3088,ATVA01000001_gene3088,annotation&nbsp;not&nbsp;available,90.7
1121456.ATVA01000012_gene2707,ATVA01000012_gene2707,annotation&nbsp;not&nbsp;available,90.7
1121456.ATVA01000011_gene1490,ATVA01000011_gene1490,annotation&nbsp;not&nbsp;available,90.6
1121456.ATVA01000015_gene2256,ATVA01000015_gene2256,annotation&nbsp;not&nbsp;available,90.6
1121456.ATVA01000001_gene3086,ATVA01000001_gene3086,annotation&nbsp;not&nbsp;available,90.6
1121456.ATVA01000017_gene217,ATVA01000017_gene217,annotation&nbsp;not&nbsp;available,90.6
1121456.ATVA01000015_gene2274,ATVA01000015_gene2274,annotation&nbsp;not&nbsp;available,90.6
1121456.ATVA01000002_gene3152,ATVA01000002_gene3152,annotation&nbsp;not&nbsp;available,90.5
1121456.ATVA01000012_gene2878,ATVA01000012_gene2878,annotation&nbsp;not&nbsp;available,90.5
1121456.ATVA01000011_gene1659,ATVA01000011_gene1659,annotation&nbsp;not&nbsp;available,90.5
1121456.ATVA01000015_gene2278,ATVA01000015_gene2278,annotation&nbsp;not&nbsp;available,90.5
1121456.ATVA01000014_gene788,ATVA01000014_gene788,annotation&nbsp;not&nbsp;available,90.4
1121456.ATVA01000017_gene208,ATVA01000017_gene208,annotation&nbsp;not&nbsp;available,90.4
1121456.ATVA01000003_gene3035,ATVA01000003_gene3035,annotation&nbsp;not&nbsp;available,90.3
1121456.ATVA01000014_gene456,ATVA01000014_gene456,annotation&nbsp;not&nbsp;available,90.2
1121456.ATVA01000012_gene2540,ATVA01000012_gene2540,annotation&nbsp;not&nbsp;available,90.2
1121456.ATVA01000011_gene1410,ATVA01000011_gene1410,annotation&nbsp;not&nbsp;available,90.2
1121456.ATVA01000011_gene1618,ATVA01000011_gene1618,annotation&nbsp;not&nbsp;available,90.1
1121456.ATVA01000017_gene84,ATVA01000017_gene84,annotation&nbsp;not&nbsp;available,90.1
1121456.ATVA01000012_gene2556,ATVA01000012_gene2556,annotation&nbsp;not&nbsp;available,90.1
1121456.ATVA01000015_gene2397,ATVA01000015_gene2397,annotation&nbsp;not&nbsp;available,90.1
1121456.ATVA01000015_gene2283,ATVA01000015_gene2283,annotation&nbsp;not&nbsp;available,90.1
1121456.ATVA01000015_gene2382,ATVA01000015_gene2382,annotation&nbsp;not&nbsp;available,90.0
1121456.ATVA01000004_gene16,ATVA01000004_gene16,annotation&nbsp;not&nbsp;available,89.9
1121456.ATVA01000011_gene1647,ATVA01000011_gene1647,annotation&nbsp;not&nbsp;available,89.9
1121456.ATVA01000013_gene1185,ATVA01000013_gene1185,annotation&nbsp;not&nbsp;available,89.9
1121456.ATVA01000015_gene2280,ATVA01000015_gene2280,annotation&nbsp;not&nbsp;available,89.9
1121456.ATVA01000015_gene2416,ATVA01000015_gene2416,annotation&nbsp;not&nbsp;available,89.9
1121456.ATVA01000016_gene2070,ATVA01000016_gene2070,annotation&nbsp;not&nbsp;available,89.8
1121456.ATVA01000017_gene206,ATVA01000017_gene206,annotation&nbsp;not&nbsp;available,89.8
1121456.ATVA01000011_gene1736,ATVA01000011_gene1736,annotation&nbsp;not&nbsp;available,89.8
1121456.ATVA01000011_gene1705,ATVA01000011_gene1705,annotation&nbsp;not&nbsp;available,89.8
1121456.ATVA01000015_gene2420,ATVA01000015_gene2420,annotation&nbsp;not&nbsp;available,89.6
1121456.ATVA01000015_gene2291,ATVA01000015_gene2291,annotation&nbsp;not&nbsp;available,89.6
1121456.ATVA01000015_gene2281,ATVA01000015_gene2281,annotation&nbsp;not&nbsp;available,89.5
1121456.ATVA01000013_gene993,ATVA01000013_gene993,annotation&nbsp;not&nbsp;available,89.5
1121456.ATVA01000016_gene2134,ATVA01000016_gene2134,annotation&nbsp;not&nbsp;available,89.5
1121456.ATVA01000016_gene2087,ATVA01000016_gene2087,annotation&nbsp;not&nbsp;available,89.5
1121456.ATVA01000003_gene3040,ATVA01000003_gene3040,annotation&nbsp;not&nbsp;available,89.5
1121456.ATVA01000014_gene521,ATVA01000014_gene521,annotation&nbsp;not&nbsp;available,89.4
1121456.ATVA01000017_gene250,ATVA01000017_gene250,annotation&nbsp;not&nbsp;available,89.4
1121456.ATVA01000012_gene2860,ATVA01000012_gene2860,annotation&nbsp;not&nbsp;available,89.3
1121456.ATVA01000002_gene3197,ATVA01000002_gene3197,annotation&nbsp;not&nbsp;available,89.3
1121456.ATVA01000011_gene1882,ATVA01000011_gene1882,annotation&nbsp;not&nbsp;available,89.0
1121456.ATVA01000019_gene1253,ATVA01000019_gene1253,annotation&nbsp;not&nbsp;available,89.0
1121456.ATVA01000012_gene2645,ATVA01000012_gene2645,annotation&nbsp;not&nbsp;available,89.0
1121456.ATVA01000002_gene3180,ATVA01000002_gene3180,annotation&nbsp;not&nbsp;available,88.9
1121456.ATVA01000017_gene199,ATVA01000017_gene199,annotation&nbsp;not&nbsp;available,88.9
1121456.ATVA01000013_gene1069,ATVA01000013_gene1069,annotation&nbsp;not&nbsp;available,88.9
1121456.ATVA01000019_gene1221,ATVA01000019_gene1221,annotation&nbsp;not&nbsp;available,88.8
1121456.ATVA01000014_gene756,ATVA01000014_gene756,annotation&nbsp;not&nbsp;available,88.8
1121456.ATVA01000011_gene1358,ATVA01000011_gene1358,annotation&nbsp;not&nbsp;available,88.8
1121456.ATVA01000014_gene470,ATVA01000014_gene470,annotation&nbsp;not&nbsp;available,88.7
1121456.ATVA01000002_gene3169,ATVA01000002_gene3169,annotation&nbsp;not&nbsp;available,88.7
1121456.ATVA01000011_gene1519,ATVA01000011_gene1519,annotation&nbsp;not&nbsp;available,88.6
1121456.ATVA01000016_gene2014,ATVA01000016_gene2014,annotation&nbsp;not&nbsp;available,88.6
1121456.ATVA01000012_gene2823,ATVA01000012_gene2823,annotation&nbsp;not&nbsp;available,88.6
1121456.ATVA01000002_gene3212,ATVA01000002_gene3212,annotation&nbsp;not&nbsp;available,88.6
1121456.ATVA01000013_gene958,ATVA01000013_gene958,annotation&nbsp;not&nbsp;available,88.5
1121456.ATVA01000016_gene2187,ATVA01000016_gene2187,annotation&nbsp;not&nbsp;available,88.5
1121456.ATVA01000012_gene2930,ATVA01000012_gene2930,annotation&nbsp;not&nbsp;available,88.4
1121456.ATVA01000012_gene2672,ATVA01000012_gene2672,annotation&nbsp;not&nbsp;available,88.4
1121456.ATVA01000014_gene774,ATVA01000014_gene774,annotation&nbsp;not&nbsp;available,88.4
1121456.ATVA01000003_gene2994,ATVA01000003_gene2994,annotation&nbsp;not&nbsp;available,88.3
1121456.ATVA01000013_gene1002,ATVA01000013_gene1002,annotation&nbsp;not&nbsp;available,88.3
1121456.ATVA01000014_gene557,ATVA01000014_gene557,annotation&nbsp;not&nbsp;available,88.3
1121456.ATVA01000011_gene1528,ATVA01000011_gene1528,annotation&nbsp;not&nbsp;available,88.3
1121456.ATVA01000015_gene2276,ATVA01000015_gene2276,annotation&nbsp;not&nbsp;available,88.2
1121456.ATVA01000015_gene2353,ATVA01000015_gene2353,annotation&nbsp;not&nbsp;available,88.2
1121456.ATVA01000008_gene3233,ATVA01000008_gene3233,annotation&nbsp;not&nbsp;available,88.2
1121456.ATVA01000012_gene2703,ATVA01000012_gene2703,annotation&nbsp;not&nbsp;available,88.2
1121456.ATVA01000016_gene1907,ATVA01000016_gene1907,annotation&nbsp;not&nbsp;available,88.1
1121456.ATVA01000013_gene1045,ATVA01000013_gene1045,annotation&nbsp;not&nbsp;available,88.0
1121456.ATVA01000014_gene526,ATVA01000014_gene526,annotation&nbsp;not&nbsp;available,88.0
1121456.ATVA01000016_gene1889,ATVA01000016_gene1889,annotation&nbsp;not&nbsp;available,87.9
1121456.ATVA01000017_gene230,ATVA01000017_gene230,annotation&nbsp;not&nbsp;available,87.8
1121456.ATVA01000013_gene1019,ATVA01000013_gene1019,annotation&nbsp;not&nbsp;available,87.8
1121456.ATVA01000012_gene2810,ATVA01000012_gene2810,annotation&nbsp;not&nbsp;available,87.8
1121456.ATVA01000017_gene142,ATVA01000017_gene142,annotation&nbsp;not&nbsp;available,87.7
1121456.ATVA01000005_gene2984,ATVA01000005_gene2984,annotation&nbsp;not&nbsp;available,87.7
1121456.ATVA01000011_gene1789,ATVA01000011_gene1789,annotation&nbsp;not&nbsp;available,87.6
1121456.ATVA01000002_gene3222,ATVA01000002_gene3222,annotation&nbsp;not&nbsp;available,87.6
1121456.ATVA01000018_gene330,ATVA01000018_gene330,annotation&nbsp;not&nbsp;available,87.6
1121456.ATVA01000012_gene2673,ATVA01000012_gene2673,annotation&nbsp;not&nbsp;available,87.5
1121456.ATVA01000015_gene2288,ATVA01000015_gene2288,annotation&nbsp;not&nbsp;available,87.5
1121456.ATVA01000005_gene2976,ATVA01000005_gene2976,annotation&nbsp;not&nbsp;available,87.5
1121456.ATVA01000017_gene57,ATVA01000017_gene57,annotation&nbsp;not&nbsp;available,87.5
1121456.ATVA01000016_gene2137,ATVA01000016_gene2137,annotation&nbsp;not&nbsp;available,87.5
1121456.ATVA01000011_gene1743,ATVA01000011_gene1743,annotation&nbsp;not&nbsp;available,87.5
1121456.ATVA01000016_gene2174,ATVA01000016_gene2174,annotation&nbsp;not&nbsp;available,87.4
1121456.ATVA01000003_gene3037,ATVA01000003_gene3037,annotation&nbsp;not&nbsp;available,87.4
1121456.ATVA01000012_gene2663,ATVA01000012_gene2663,annotation&nbsp;not&nbsp;available,87.4
1121456.ATVA01000013_gene1049,ATVA01000013_gene1049,annotation&nbsp;not&nbsp;available,87.4
1121456.ATVA01000012_gene2610,ATVA01000012_gene2610,annotation&nbsp;not&nbsp;available,87.4
1121456.ATVA01000014_gene529,ATVA01000014_gene529,annotation&nbsp;not&nbsp;available,87.3
1121456.ATVA01000014_gene594,ATVA01000014_gene594,annotation&nbsp;not&nbsp;available,87.3
1121456.ATVA01000011_gene1507,ATVA01000011_gene1507,annotation&nbsp;not&nbsp;available,87.3
1121456.ATVA01000011_gene1594,ATVA01000011_gene1594,annotation&nbsp;not&nbsp;available,87.3
1121456.ATVA01000011_gene1822,ATVA01000011_gene1822,annotation&nbsp;not&nbsp;available,87.3
1121456.ATVA01000015_gene2318,ATVA01000015_gene2318,annotation&nbsp;not&nbsp;available,87.3
1121456.ATVA01000016_gene2140,ATVA01000016_gene2140,annotation&nbsp;not&nbsp;available,87.2
1121456.ATVA01000014_gene752,ATVA01000014_gene752,annotation&nbsp;not&nbsp;available,87.2
1121456.ATVA01000011_gene1636,ATVA01000011_gene1636,annotation&nbsp;not&nbsp;available,87.2
1121456.ATVA01000018_gene416,ATVA01000018_gene416,annotation&nbsp;not&nbsp;available,87.1
1121456.ATVA01000012_gene2583,ATVA01000012_gene2583,annotation&nbsp;not&nbsp;available,87.1
1121456.ATVA01000013_gene866,ATVA01000013_gene866,annotation&nbsp;not&nbsp;available,87.1
1121456.ATVA01000018_gene363,ATVA01000018_gene363,annotation&nbsp;not&nbsp;available,87.1
1121456.ATVA01000011_gene1393,ATVA01000011_gene1393,annotation&nbsp;not&nbsp;available,87.0
1121456.ATVA01000002_gene3154,ATVA01000002_gene3154,annotation&nbsp;not&nbsp;available,87.0
1121456.ATVA01000012_gene2614,ATVA01000012_gene2614,annotation&nbsp;not&nbsp;available,86.9
1121456.ATVA01000015_gene2412,ATVA01000015_gene2412,annotation&nbsp;not&nbsp;available,86.9
1121456.ATVA01000012_gene2942,ATVA01000012_gene2942,annotation&nbsp;not&nbsp;available,86.7
1121456.ATVA01000015_gene2466,ATVA01000015_gene2466,annotation&nbsp;not&nbsp;available,86.7
1121456.ATVA01000001_gene3068,ATVA01000001_gene3068,annotation&nbsp;not&nbsp;available,86.7
1121456.ATVA01000011_gene1595,ATVA01000011_gene1595,annotation&nbsp;not&nbsp;available,86.6
1121456.ATVA01000013_gene899,ATVA01000013_gene899,annotation&nbsp;not&nbsp;available,86.6
1121456.ATVA01000018_gene264,ATVA01000018_gene264,annotation&nbsp;not&nbsp;available,86.6
1121456.ATVA01000013_gene901,ATVA01000013_gene901,annotation&nbsp;not&nbsp;available,86.6
1121456.ATVA01000015_gene2381,ATVA01000015_gene2381,annotation&nbsp;not&nbsp;available,86.6
1121456.ATVA01000014_gene703,ATVA01000014_gene703,annotation&nbsp;not&nbsp;available,86.5
1121456.ATVA01000015_gene2465,ATVA01000015_gene2465,annotation&nbsp;not&nbsp;available,86.4
1121456.ATVA01000013_gene1021,ATVA01000013_gene1021,annotation&nbsp;not&nbsp;available,86.4
1121456.ATVA01000013_gene1044,ATVA01000013_gene1044,annotation&nbsp;not&nbsp;available,86.4
1121456.ATVA01000011_gene1402,ATVA01000011_gene1402,annotation&nbsp;not&nbsp;available,86.4
1121456.ATVA01000016_gene2143,ATVA01000016_gene2143,annotation&nbsp;not&nbsp;available,86.4
1121456.ATVA01000015_gene2447,ATVA01000015_gene2447,annotation&nbsp;not&nbsp;available,86.3
1121456.ATVA01000002_gene3177,ATVA01000002_gene3177,annotation&nbsp;not&nbsp;available,86.3
1121456.ATVA01000018_gene303,ATVA01000018_gene303,annotation&nbsp;not&nbsp;available,86.2
1121456.ATVA01000018_gene336,ATVA01000018_gene336,annotation&nbsp;not&nbsp;available,86.2
1121456.ATVA01000011_gene1607,ATVA01000011_gene1607,annotation&nbsp;not&nbsp;available,86.2
1121456.ATVA01000002_gene3172,ATVA01000002_gene3172,annotation&nbsp;not&nbsp;available,86.2
1121456.ATVA01000017_gene112,ATVA01000017_gene112,annotation&nbsp;not&nbsp;available,86.1
1121456.ATVA01000002_gene3196,ATVA01000002_gene3196,annotation&nbsp;not&nbsp;available,86.1
1121456.ATVA01000011_gene1828,ATVA01000011_gene1828,annotation&nbsp;not&nbsp;available,86.1
1121456.ATVA01000011_gene1383,ATVA01000011_gene1383,annotation&nbsp;not&nbsp;available,86.0
1121456.ATVA01000012_gene2923,ATVA01000012_gene2923,annotation&nbsp;not&nbsp;available,86.0
1121456.ATVA01000012_gene2656,ATVA01000012_gene2656,annotation&nbsp;not&nbsp;available,86.0
1121456.ATVA01000012_gene2921,ATVA01000012_gene2921,annotation&nbsp;not&nbsp;available,86.0
1121456.ATVA01000016_gene2166,ATVA01000016_gene2166,annotation&nbsp;not&nbsp;available,86.0
1121456.ATVA01000011_gene1799,ATVA01000011_gene1799,annotation&nbsp;not&nbsp;available,85.9
1121456.ATVA01000011_gene1612,ATVA01000011_gene1612,annotation&nbsp;not&nbsp;available,85.8
1121456.ATVA01000011_gene1561,ATVA01000011_gene1561,annotation&nbsp;not&nbsp;available,85.8
1121456.ATVA01000002_gene3181,ATVA01000002_gene3181,annotation&nbsp;not&nbsp;available,85.8
1121456.ATVA01000012_gene2538,ATVA01000012_gene2538,annotation&nbsp;not&nbsp;available,85.7
1121456.ATVA01000013_gene864,ATVA01000013_gene864,annotation&nbsp;not&nbsp;available,85.7
1121456.ATVA01000014_gene750,ATVA01000014_gene750,annotation&nbsp;not&nbsp;available,85.7
1121456.ATVA01000012_gene2622,ATVA01000012_gene2622,annotation&nbsp;not&nbsp;available,85.7
1121456.ATVA01000014_gene811,ATVA01000014_gene811,annotation&nbsp;not&nbsp;available,85.6
1121456.ATVA01000011_gene1497,ATVA01000011_gene1497,annotation&nbsp;not&nbsp;available,85.6
1121456.ATVA01000013_gene1157,ATVA01000013_gene1157,annotation&nbsp;not&nbsp;available,85.6
1121456.ATVA01000004_gene7,ATVA01000004_gene7,annotation&nbsp;not&nbsp;available,85.6
1121456.ATVA01000011_gene1458,ATVA01000011_gene1458,annotation&nbsp;not&nbsp;available,85.5
1121456.ATVA01000013_gene1127,ATVA01000013_gene1127,annotation&nbsp;not&nbsp;available,85.5
1121456.ATVA01000011_gene1778,ATVA01000011_gene1778,annotation&nbsp;not&nbsp;available,85.4
1121456.ATVA01000015_gene2492,ATVA01000015_gene2492,annotation&nbsp;not&nbsp;available,85.4
1121456.ATVA01000011_gene1554,ATVA01000011_gene1554,annotation&nbsp;not&nbsp;available,85.4
1121456.ATVA01000013_gene1113,ATVA01000013_gene1113,annotation&nbsp;not&nbsp;available,85.4
1121456.ATVA01000011_gene1719,ATVA01000011_gene1719,annotation&nbsp;not&nbsp;available,85.3
1121456.ATVA01000018_gene408,ATVA01000018_gene408,annotation&nbsp;not&nbsp;available,85.2
1121456.ATVA01000011_gene1833,ATVA01000011_gene1833,annotation&nbsp;not&nbsp;available,85.2
1121456.ATVA01000012_gene2704,ATVA01000012_gene2704,annotation&nbsp;not&nbsp;available,85.0
1121456.ATVA01000016_gene2034,ATVA01000016_gene2034,annotation&nbsp;not&nbsp;available,85.0
1121456.ATVA01000002_gene3184,ATVA01000002_gene3184,annotation&nbsp;not&nbsp;available,84.9
1121456.ATVA01000011_gene1876,ATVA01000011_gene1876,annotation&nbsp;not&nbsp;available,84.9
1121456.ATVA01000011_gene1520,ATVA01000011_gene1520,annotation&nbsp;not&nbsp;available,84.7
1121456.ATVA01000015_gene2423,ATVA01000015_gene2423,annotation&nbsp;not&nbsp;available,84.6
1121456.ATVA01000013_gene1034,ATVA01000013_gene1034,annotation&nbsp;not&nbsp;available,84.5
1121456.ATVA01000011_gene1546,ATVA01000011_gene1546,annotation&nbsp;not&nbsp;available,84.5
1121456.ATVA01000012_gene2820,ATVA01000012_gene2820,annotation&nbsp;not&nbsp;available,84.5
1121456.ATVA01000015_gene2282,ATVA01000015_gene2282,annotation&nbsp;not&nbsp;available,84.5
1121456.ATVA01000014_gene476,ATVA01000014_gene476,annotation&nbsp;not&nbsp;available,84.4
1121456.ATVA01000018_gene443,ATVA01000018_gene443,annotation&nbsp;not&nbsp;available,84.4
1121456.ATVA01000018_gene432,ATVA01000018_gene432,annotation&nbsp;not&nbsp;available,84.4
1121456.ATVA01000011_gene1502,ATVA01000011_gene1502,annotation&nbsp;not&nbsp;available,84.3
1121456.ATVA01000015_gene2457,ATVA01000015_gene2457,annotation&nbsp;not&nbsp;available,84.3
1121456.ATVA01000011_gene1389,ATVA01000011_gene1389,annotation&nbsp;not&nbsp;available,84.3
1121456.ATVA01000002_gene3206,ATVA01000002_gene3206,annotation&nbsp;not&nbsp;available,84.1
1121456.ATVA01000016_gene1949,ATVA01000016_gene1949,annotation&nbsp;not&nbsp;available,84.1
1121456.ATVA01000016_gene2197,ATVA01000016_gene2197,annotation&nbsp;not&nbsp;available,84.1
1121456.ATVA01000013_gene1072,ATVA01000013_gene1072,annotation&nbsp;not&nbsp;available,84.0
1121456.ATVA01000012_gene2748,ATVA01000012_gene2748,annotation&nbsp;not&nbsp;available,84.0
1121456.ATVA01000011_gene1677,ATVA01000011_gene1677,annotation&nbsp;not&nbsp;available,84.0
1121456.ATVA01000011_gene1864,ATVA01000011_gene1864,annotation&nbsp;not&nbsp;available,84.0
1121456.ATVA01000011_gene1806,ATVA01000011_gene1806,annotation&nbsp;not&nbsp;available,83.9
1121456.ATVA01000016_gene2189,ATVA01000016_gene2189,annotation&nbsp;not&nbsp;available,83.9
1121456.ATVA01000016_gene2111,ATVA01000016_gene2111,annotation&nbsp;not&nbsp;available,83.9
1121456.ATVA01000019_gene1328,ATVA01000019_gene1328,annotation&nbsp;not&nbsp;available,83.8
1121456.ATVA01000013_gene847,ATVA01000013_gene847,annotation&nbsp;not&nbsp;available,83.8
1121456.ATVA01000012_gene2870,ATVA01000012_gene2870,annotation&nbsp;not&nbsp;available,83.7
1121456.ATVA01000014_gene454,ATVA01000014_gene454,annotation&nbsp;not&nbsp;available,83.6
1121456.ATVA01000011_gene1782,ATVA01000011_gene1782,annotation&nbsp;not&nbsp;available,83.6
1121456.ATVA01000013_gene1015,ATVA01000013_gene1015,annotation&nbsp;not&nbsp;available,83.5
1121456.ATVA01000002_gene3186,ATVA01000002_gene3186,annotation&nbsp;not&nbsp;available,83.5
1121456.ATVA01000011_gene1621,ATVA01000011_gene1621,annotation&nbsp;not&nbsp;available,83.5
1121456.ATVA01000002_gene3217,ATVA01000002_gene3217,annotation&nbsp;not&nbsp;available,83.5
1121456.ATVA01000017_gene79,ATVA01000017_gene79,annotation&nbsp;not&nbsp;available,83.5
1121456.ATVA01000011_gene1829,ATVA01000011_gene1829,annotation&nbsp;not&nbsp;available,83.4
1121456.ATVA01000015_gene2400,ATVA01000015_gene2400,annotation&nbsp;not&nbsp;available,83.4
1121456.ATVA01000011_gene1712,ATVA01000011_gene1712,annotation&nbsp;not&nbsp;available,83.4
1121456.ATVA01000011_gene1559,ATVA01000011_gene1559,annotation&nbsp;not&nbsp;available,83.3
1121456.ATVA01000011_gene1580,ATVA01000011_gene1580,annotation&nbsp;not&nbsp;available,83.3
1121456.ATVA01000013_gene1167,ATVA01000013_gene1167,annotation&nbsp;not&nbsp;available,83.3
1121456.ATVA01000017_gene255,ATVA01000017_gene255,annotation&nbsp;not&nbsp;available,83.2
1121456.ATVA01000012_gene2847,ATVA01000012_gene2847,annotation&nbsp;not&nbsp;available,83.2
1121456.ATVA01000016_gene2008,ATVA01000016_gene2008,annotation&nbsp;not&nbsp;available,83.2
1121456.ATVA01000002_gene3171,ATVA01000002_gene3171,annotation&nbsp;not&nbsp;available,83.2
1121456.ATVA01000017_gene139,ATVA01000017_gene139,annotation&nbsp;not&nbsp;available,83.2
1121456.ATVA01000016_gene1990,ATVA01000016_gene1990,annotation&nbsp;not&nbsp;available,83.2
1121456.ATVA01000011_gene1762,ATVA01000011_gene1762,annotation&nbsp;not&nbsp;available,83.1
1121456.ATVA01000002_gene3204,ATVA01000002_gene3204,annotation&nbsp;not&nbsp;available,83.1
1121456.ATVA01000018_gene271,ATVA01000018_gene271,annotation&nbsp;not&nbsp;available,83.1
1121456.ATVA01000012_gene2904,ATVA01000012_gene2904,annotation&nbsp;not&nbsp;available,83.0
1121456.ATVA01000011_gene1591,ATVA01000011_gene1591,annotation&nbsp;not&nbsp;available,83.0
1121456.ATVA01000018_gene395,ATVA01000018_gene395,annotation&nbsp;not&nbsp;available,83.0
1121456.ATVA01000015_gene2422,ATVA01000015_gene2422,annotation&nbsp;not&nbsp;available,83.0
1121456.ATVA01000011_gene1405,ATVA01000011_gene1405,annotation&nbsp;not&nbsp;available,83.0
1121456.ATVA01000015_gene2409,ATVA01000015_gene2409,annotation&nbsp;not&nbsp;available,82.9
1121456.ATVA01000011_gene1735,ATVA01000011_gene1735,annotation&nbsp;not&nbsp;available,82.9
1121456.ATVA01000012_gene2573,ATVA01000012_gene2573,annotation&nbsp;not&nbsp;available,82.9
1121456.ATVA01000012_gene2578,ATVA01000012_gene2578,annotation&nbsp;not&nbsp;available,82.9
1121456.ATVA01000013_gene1046,ATVA01000013_gene1046,annotation&nbsp;not&nbsp;available,82.9
1121456.ATVA01000012_gene2557,ATVA01000012_gene2557,annotation&nbsp;not&nbsp;available,82.8
1121456.ATVA01000019_gene1326,ATVA01000019_gene1326,annotation&nbsp;not&nbsp;available,82.8
1121456.ATVA01000015_gene2345,ATVA01000015_gene2345,annotation&nbsp;not&nbsp;available,82.8
1121456.ATVA01000013_gene1136,ATVA01000013_gene1136,annotation&nbsp;not&nbsp;available,82.8
1121456.ATVA01000012_gene2696,ATVA01000012_gene2696,annotation&nbsp;not&nbsp;available,82.8
1121456.ATVA01000011_gene1424,ATVA01000011_gene1424,annotation&nbsp;not&nbsp;available,82.8
1121456.ATVA01000017_gene137,ATVA01000017_gene137,annotation&nbsp;not&nbsp;available,82.7
1121456.ATVA01000013_gene874,ATVA01000013_gene874,annotation&nbsp;not&nbsp;available,82.7
1121456.ATVA01000016_gene1980,ATVA01000016_gene1980,annotation&nbsp;not&nbsp;available,82.7
1121456.ATVA01000013_gene1171,ATVA01000013_gene1171,annotation&nbsp;not&nbsp;available,82.6
1121456.ATVA01000012_gene2638,ATVA01000012_gene2638,annotation&nbsp;not&nbsp;available,82.6
1121456.ATVA01000013_gene1195,ATVA01000013_gene1195,annotation&nbsp;not&nbsp;available,82.5
1121456.ATVA01000014_gene775,ATVA01000014_gene775,annotation&nbsp;not&nbsp;available,82.5
1121456.ATVA01000012_gene2700,ATVA01000012_gene2700,annotation&nbsp;not&nbsp;available,82.5
1121456.ATVA01000013_gene881,ATVA01000013_gene881,annotation&nbsp;not&nbsp;available,82.5
1121456.ATVA01000015_gene2348,ATVA01000015_gene2348,annotation&nbsp;not&nbsp;available,82.4
1121456.ATVA01000012_gene2827,ATVA01000012_gene2827,annotation&nbsp;not&nbsp;available,82.4
1121456.ATVA01000014_gene662,ATVA01000014_gene662,annotation&nbsp;not&nbsp;available,82.4
1121456.ATVA01000016_gene2160,ATVA01000016_gene2160,annotation&nbsp;not&nbsp;available,82.3
1121456.ATVA01000012_gene2955,ATVA01000012_gene2955,annotation&nbsp;not&nbsp;available,82.3
1121456.ATVA01000012_gene2746,ATVA01000012_gene2746,annotation&nbsp;not&nbsp;available,82.3
1121456.ATVA01000016_gene2097,ATVA01000016_gene2097,annotation&nbsp;not&nbsp;available,82.1
1121456.ATVA01000014_gene611,ATVA01000014_gene611,annotation&nbsp;not&nbsp;available,82.1
1121456.ATVA01000015_gene2325,ATVA01000015_gene2325,annotation&nbsp;not&nbsp;available,82.0
1121456.ATVA01000013_gene1085,ATVA01000013_gene1085,annotation&nbsp;not&nbsp;available,81.9
1121456.ATVA01000012_gene2687,ATVA01000012_gene2687,annotation&nbsp;not&nbsp;available,81.9
1121456.ATVA01000012_gene2927,ATVA01000012_gene2927,annotation&nbsp;not&nbsp;available,81.9
1121456.ATVA01000018_gene288,ATVA01000018_gene288,annotation&nbsp;not&nbsp;available,81.8
1121456.ATVA01000015_gene2421,ATVA01000015_gene2421,annotation&nbsp;not&nbsp;available,81.7
1121456.ATVA01000011_gene1793,ATVA01000011_gene1793,annotation&nbsp;not&nbsp;available,81.7
1121456.ATVA01000012_gene2822,ATVA01000012_gene2822,annotation&nbsp;not&nbsp;available,81.7
1121456.ATVA01000011_gene1360,ATVA01000011_gene1360,annotation&nbsp;not&nbsp;available,81.7
1121456.ATVA01000018_gene280,ATVA01000018_gene280,annotation&nbsp;not&nbsp;available,81.7
1121456.ATVA01000014_gene486,ATVA01000014_gene486,annotation&nbsp;not&nbsp;available,81.7
1121456.ATVA01000012_gene2590,ATVA01000012_gene2590,annotation&nbsp;not&nbsp;available,81.6
1121456.ATVA01000011_gene1630,ATVA01000011_gene1630,annotation&nbsp;not&nbsp;available,81.6
1121456.ATVA01000014_gene559,ATVA01000014_gene559,annotation&nbsp;not&nbsp;available,81.6
1121456.ATVA01000014_gene700,ATVA01000014_gene700,annotation&nbsp;not&nbsp;available,81.5
1121456.ATVA01000012_gene2654,ATVA01000012_gene2654,annotation&nbsp;not&nbsp;available,81.4
1121456.ATVA01000003_gene3038,ATVA01000003_gene3038,annotation&nbsp;not&nbsp;available,81.4
1121456.ATVA01000016_gene1992,ATVA01000016_gene1992,annotation&nbsp;not&nbsp;available,81.3
1121456.ATVA01000014_gene777,ATVA01000014_gene777,annotation&nbsp;not&nbsp;available,81.3
1121456.ATVA01000014_gene482,ATVA01000014_gene482,annotation&nbsp;not&nbsp;available,81.3
1121456.ATVA01000012_gene2574,ATVA01000012_gene2574,annotation&nbsp;not&nbsp;available,81.2
1121456.ATVA01000016_gene2015,ATVA01000016_gene2015,annotation&nbsp;not&nbsp;available,81.2
1121456.ATVA01000016_gene2003,ATVA01000016_gene2003,annotation&nbsp;not&nbsp;available,81.2
1121456.ATVA01000012_gene2720,ATVA01000012_gene2720,annotation&nbsp;not&nbsp;available,81.1
1121456.ATVA01000018_gene382,ATVA01000018_gene382,annotation&nbsp;not&nbsp;available,81.1
1121456.ATVA01000011_gene1674,ATVA01000011_gene1674,annotation&nbsp;not&nbsp;available,81.1
1121456.ATVA01000015_gene2301,ATVA01000015_gene2301,annotation&nbsp;not&nbsp;available,81.0
1121456.ATVA01000012_gene2859,ATVA01000012_gene2859,annotation&nbsp;not&nbsp;available,81.0
1121456.ATVA01000013_gene943,ATVA01000013_gene943,annotation&nbsp;not&nbsp;available,81.0
1121456.ATVA01000002_gene3209,ATVA01000002_gene3209,annotation&nbsp;not&nbsp;available,81.0
1121456.ATVA01000013_gene1051,ATVA01000013_gene1051,annotation&nbsp;not&nbsp;available,81.0
1121456.ATVA01000016_gene1961,ATVA01000016_gene1961,annotation&nbsp;not&nbsp;available,80.9
1121456.ATVA01000013_gene922,ATVA01000013_gene922,annotation&nbsp;not&nbsp;available,80.9
1121456.ATVA01000018_gene346,ATVA01000018_gene346,annotation&nbsp;not&nbsp;available,80.9
1121456.ATVA01000012_gene2896,ATVA01000012_gene2896,annotation&nbsp;not&nbsp;available,80.9
1121456.ATVA01000014_gene724,ATVA01000014_gene724,annotation&nbsp;not&nbsp;available,80.9
1121456.ATVA01000014_gene701,ATVA01000014_gene701,annotation&nbsp;not&nbsp;available,80.9
1121456.ATVA01000015_gene2265,ATVA01000015_gene2265,annotation&nbsp;not&nbsp;available,80.9
1121456.ATVA01000014_gene604,ATVA01000014_gene604,annotation&nbsp;not&nbsp;available,80.8
1121456.ATVA01000011_gene1787,ATVA01000011_gene1787,annotation&nbsp;not&nbsp;available,80.7
1121456.ATVA01000016_gene1908,ATVA01000016_gene1908,annotation&nbsp;not&nbsp;available,80.6
1121456.ATVA01000015_gene2488,ATVA01000015_gene2488,annotation&nbsp;not&nbsp;available,80.5
1121456.ATVA01000016_gene2113,ATVA01000016_gene2113,annotation&nbsp;not&nbsp;available,80.5
1121456.ATVA01000016_gene2077,ATVA01000016_gene2077,annotation&nbsp;not&nbsp;available,80.4
1121456.ATVA01000014_gene709,ATVA01000014_gene709,annotation&nbsp;not&nbsp;available,80.4
1121456.ATVA01000013_gene905,ATVA01000013_gene905,annotation&nbsp;not&nbsp;available,80.3
1121456.ATVA01000012_gene2766,ATVA01000012_gene2766,annotation&nbsp;not&nbsp;available,80.3
1121456.ATVA01000001_gene3121,ATVA01000001_gene3121,annotation&nbsp;not&nbsp;available,80.3
1121456.ATVA01000013_gene1144,ATVA01000013_gene1144,annotation&nbsp;not&nbsp;available,80.3
1121456.ATVA01000011_gene1728,ATVA01000011_gene1728,annotation&nbsp;not&nbsp;available,80.2
1121456.ATVA01000012_gene2821,ATVA01000012_gene2821,annotation&nbsp;not&nbsp;available,80.1
1121456.ATVA01000016_gene1975,ATVA01000016_gene1975,annotation&nbsp;not&nbsp;available,80.1
1121456.ATVA01000002_gene3223,ATVA01000002_gene3223,annotation&nbsp;not&nbsp;available,80.0
1121456.ATVA01000011_gene1403,ATVA01000011_gene1403,annotation&nbsp;not&nbsp;available,79.9
1121456.ATVA01000017_gene58,ATVA01000017_gene58,annotation&nbsp;not&nbsp;available,79.9
1121456.ATVA01000004_gene8,ATVA01000004_gene8,annotation&nbsp;not&nbsp;available,79.9
1121456.ATVA01000013_gene1093,ATVA01000013_gene1093,annotation&nbsp;not&nbsp;available,79.8
1121456.ATVA01000016_gene1905,ATVA01000016_gene1905,annotation&nbsp;not&nbsp;available,79.8
1121456.ATVA01000012_gene2714,ATVA01000012_gene2714,annotation&nbsp;not&nbsp;available,79.8
1121456.ATVA01000013_gene1123,ATVA01000013_gene1123,annotation&nbsp;not&nbsp;available,79.6
1121456.ATVA01000011_gene1749,ATVA01000011_gene1749,annotation&nbsp;not&nbsp;available,79.6
1121456.ATVA01000002_gene3158,ATVA01000002_gene3158,annotation&nbsp;not&nbsp;available,79.6
1121456.ATVA01000018_gene372,ATVA01000018_gene372,annotation&nbsp;not&nbsp;available,79.5
1121456.ATVA01000013_gene1066,ATVA01000013_gene1066,annotation&nbsp;not&nbsp;available,79.4
1121456.ATVA01000013_gene908,ATVA01000013_gene908,annotation&nbsp;not&nbsp;available,79.4
1121456.ATVA01000005_gene2977,ATVA01000005_gene2977,annotation&nbsp;not&nbsp;available,79.4
1121456.ATVA01000011_gene1859,ATVA01000011_gene1859,annotation&nbsp;not&nbsp;available,79.3
1121456.ATVA01000011_gene1632,ATVA01000011_gene1632,annotation&nbsp;not&nbsp;available,79.3
1121456.ATVA01000017_gene67,ATVA01000017_gene67,annotation&nbsp;not&nbsp;available,79.2
1121456.ATVA01000015_gene2356,ATVA01000015_gene2356,annotation&nbsp;not&nbsp;available,79.2
1121456.ATVA01000002_gene3168,ATVA01000002_gene3168,annotation&nbsp;not&nbsp;available,79.1
1121456.ATVA01000017_gene129,ATVA01000017_gene129,annotation&nbsp;not&nbsp;available,78.9
1121456.ATVA01000012_gene2800,ATVA01000012_gene2800,annotation&nbsp;not&nbsp;available,78.9
1121456.ATVA01000012_gene2795,ATVA01000012_gene2795,annotation&nbsp;not&nbsp;available,78.8
1121456.ATVA01000012_gene2729,ATVA01000012_gene2729,annotation&nbsp;not&nbsp;available,78.8
1121456.ATVA01000016_gene2105,ATVA01000016_gene2105,annotation&nbsp;not&nbsp;available,78.8
1121456.ATVA01000011_gene1435,ATVA01000011_gene1435,annotation&nbsp;not&nbsp;available,78.8
1121456.ATVA01000014_gene804,ATVA01000014_gene804,annotation&nbsp;not&nbsp;available,78.7
1121456.ATVA01000011_gene1351,ATVA01000011_gene1351,annotation&nbsp;not&nbsp;available,78.7
1121456.ATVA01000011_gene1693,ATVA01000011_gene1693,annotation&nbsp;not&nbsp;available,78.6
1121456.ATVA01000012_gene2626,ATVA01000012_gene2626,annotation&nbsp;not&nbsp;available,78.6
1121456.ATVA01000004_gene9,ATVA01000004_gene9,annotation&nbsp;not&nbsp;available,78.6
1121456.ATVA01000011_gene1372,ATVA01000011_gene1372,annotation&nbsp;not&nbsp;available,78.6
1121456.ATVA01000015_gene2208,ATVA01000015_gene2208,annotation&nbsp;not&nbsp;available,78.5
1121456.ATVA01000012_gene2664,ATVA01000012_gene2664,annotation&nbsp;not&nbsp;available,78.5
1121456.ATVA01000015_gene2405,ATVA01000015_gene2405,annotation&nbsp;not&nbsp;available,78.5
1121456.ATVA01000011_gene1868,ATVA01000011_gene1868,annotation&nbsp;not&nbsp;available,78.5
1121456.ATVA01000011_gene1548,ATVA01000011_gene1548,annotation&nbsp;not&nbsp;available,78.5
1121456.ATVA01000011_gene1640,ATVA01000011_gene1640,annotation&nbsp;not&nbsp;available,78.5
1121456.ATVA01000017_gene141,ATVA01000017_gene141,annotation&nbsp;not&nbsp;available,78.5
1121456.ATVA01000011_gene1570,ATVA01000011_gene1570,annotation&nbsp;not&nbsp;available,78.3
1121456.ATVA01000004_gene15,ATVA01000004_gene15,annotation&nbsp;not&nbsp;available,78.3
1121456.ATVA01000012_gene2877,ATVA01000012_gene2877,annotation&nbsp;not&nbsp;available,78.2
1121456.ATVA01000011_gene1655,ATVA01000011_gene1655,annotation&nbsp;not&nbsp;available,78.1
1121456.ATVA01000011_gene1844,ATVA01000011_gene1844,annotation&nbsp;not&nbsp;available,78.1
1121456.ATVA01000003_gene2995,ATVA01000003_gene2995,annotation&nbsp;not&nbsp;available,78.1
1121456.ATVA01000012_gene2865,ATVA01000012_gene2865,annotation&nbsp;not&nbsp;available,78.0
1121456.ATVA01000018_gene391,ATVA01000018_gene391,annotation&nbsp;not&nbsp;available,78.0
1121456.ATVA01000005_gene2981,ATVA01000005_gene2981,annotation&nbsp;not&nbsp;available,77.9
1121456.ATVA01000013_gene1183,ATVA01000013_gene1183,annotation&nbsp;not&nbsp;available,77.9
1121456.ATVA01000015_gene2249,ATVA01000015_gene2249,annotation&nbsp;not&nbsp;available,77.9
1121456.ATVA01000018_gene368,ATVA01000018_gene368,annotation&nbsp;not&nbsp;available,77.9
1121456.ATVA01000012_gene2695,ATVA01000012_gene2695,annotation&nbsp;not&nbsp;available,77.8
1121456.ATVA01000012_gene2826,ATVA01000012_gene2826,annotation&nbsp;not&nbsp;available,77.8
1121456.ATVA01000012_gene2876,ATVA01000012_gene2876,annotation&nbsp;not&nbsp;available,77.8
1121456.ATVA01000012_gene2852,ATVA01000012_gene2852,annotation&nbsp;not&nbsp;available,77.7
1121456.ATVA01000016_gene2115,ATVA01000016_gene2115,annotation&nbsp;not&nbsp;available,77.7
1121456.ATVA01000013_gene1166,ATVA01000013_gene1166,annotation&nbsp;not&nbsp;available,77.7
1121456.ATVA01000013_gene1091,ATVA01000013_gene1091,annotation&nbsp;not&nbsp;available,77.7
1121456.ATVA01000018_gene390,ATVA01000018_gene390,annotation&nbsp;not&nbsp;available,77.7
1121456.ATVA01000018_gene370,ATVA01000018_gene370,annotation&nbsp;not&nbsp;available,77.7
1121456.ATVA01000017_gene198,ATVA01000017_gene198,annotation&nbsp;not&nbsp;available,77.6
1121456.ATVA01000011_gene1625,ATVA01000011_gene1625,annotation&nbsp;not&nbsp;available,77.6
1121456.ATVA01000015_gene2474,ATVA01000015_gene2474,annotation&nbsp;not&nbsp;available,77.6
1121456.ATVA01000012_gene2739,ATVA01000012_gene2739,annotation&nbsp;not&nbsp;available,77.5
1121456.ATVA01000011_gene1791,ATVA01000011_gene1791,annotation&nbsp;not&nbsp;available,77.5
1121456.ATVA01000013_gene1174,ATVA01000013_gene1174,annotation&nbsp;not&nbsp;available,77.5
1121456.ATVA01000004_gene22,ATVA01000004_gene22,annotation&nbsp;not&nbsp;available,77.5
1121456.ATVA01000013_gene1187,ATVA01000013_gene1187,annotation&nbsp;not&nbsp;available,77.5
1121456.ATVA01000013_gene1159,ATVA01000013_gene1159,annotation&nbsp;not&nbsp;available,77.4
1121456.ATVA01000012_gene2728,ATVA01000012_gene2728,annotation&nbsp;not&nbsp;available,77.4
1121456.ATVA01000001_gene3074,ATVA01000001_gene3074,annotation&nbsp;not&nbsp;available,77.3
1121456.ATVA01000011_gene1686,ATVA01000011_gene1686,annotation&nbsp;not&nbsp;available,77.3
1121456.ATVA01000012_gene2869,ATVA01000012_gene2869,annotation&nbsp;not&nbsp;available,77.2
1121456.ATVA01000012_gene2951,ATVA01000012_gene2951,annotation&nbsp;not&nbsp;available,77.2
1121456.ATVA01000016_gene1970,ATVA01000016_gene1970,annotation&nbsp;not&nbsp;available,77.2
1121456.ATVA01000016_gene2126,ATVA01000016_gene2126,annotation&nbsp;not&nbsp;available,77.1
1121456.ATVA01000014_gene719,ATVA01000014_gene719,annotation&nbsp;not&nbsp;available,77.0
1121456.ATVA01000012_gene2924,ATVA01000012_gene2924,annotation&nbsp;not&nbsp;available,77.0
1121456.ATVA01000011_gene1343,ATVA01000011_gene1343,annotation&nbsp;not&nbsp;available,77.0
1121456.ATVA01000014_gene742,ATVA01000014_gene742,annotation&nbsp;not&nbsp;available,77.0
1121456.ATVA01000014_gene746,ATVA01000014_gene746,annotation&nbsp;not&nbsp;available,76.9
1121456.ATVA01000013_gene1007,ATVA01000013_gene1007,annotation&nbsp;not&nbsp;available,76.9
1121456.ATVA01000012_gene2932,ATVA01000012_gene2932,annotation&nbsp;not&nbsp;available,76.8
1121456.ATVA01000011_gene1854,ATVA01000011_gene1854,annotation&nbsp;not&nbsp;available,76.7
1121456.ATVA01000012_gene2961,ATVA01000012_gene2961,annotation&nbsp;not&nbsp;available,76.6
1121456.ATVA01000011_gene1438,ATVA01000011_gene1438,annotation&nbsp;not&nbsp;available,76.5
1121456.ATVA01000003_gene3030,ATVA01000003_gene3030,annotation&nbsp;not&nbsp;available,76.5
1121456.ATVA01000011_gene1742,ATVA01000011_gene1742,annotation&nbsp;not&nbsp;available,76.5
1121456.ATVA01000014_gene784,ATVA01000014_gene784,annotation&nbsp;not&nbsp;available,76.5
1121456.ATVA01000018_gene413,ATVA01000018_gene413,annotation&nbsp;not&nbsp;available,76.5
1121456.ATVA01000016_gene1906,ATVA01000016_gene1906,annotation&nbsp;not&nbsp;available,76.4
1121456.ATVA01000013_gene1104,ATVA01000013_gene1104,annotation&nbsp;not&nbsp;available,76.4
1121456.ATVA01000017_gene170,ATVA01000017_gene170,annotation&nbsp;not&nbsp;available,76.4
1121456.ATVA01000012_gene2644,ATVA01000012_gene2644,annotation&nbsp;not&nbsp;available,76.3
1121456.ATVA01000014_gene743,ATVA01000014_gene743,annotation&nbsp;not&nbsp;available,76.3
1121456.ATVA01000013_gene822,ATVA01000013_gene822,annotation&nbsp;not&nbsp;available,76.2
1121456.ATVA01000015_gene2484,ATVA01000015_gene2484,annotation&nbsp;not&nbsp;available,76.2
1121456.ATVA01000018_gene267,ATVA01000018_gene267,annotation&nbsp;not&nbsp;available,76.2
1121456.ATVA01000013_gene872,ATVA01000013_gene872,annotation&nbsp;not&nbsp;available,76.1
1121456.ATVA01000014_gene541,ATVA01000014_gene541,annotation&nbsp;not&nbsp;available,76.1
1121456.ATVA01000017_gene85,ATVA01000017_gene85,annotation&nbsp;not&nbsp;available,76.1
1121456.ATVA01000011_gene1853,ATVA01000011_gene1853,annotation&nbsp;not&nbsp;available,76.0
1121456.ATVA01000011_gene1780,ATVA01000011_gene1780,annotation&nbsp;not&nbsp;available,76.0
1121456.ATVA01000013_gene1173,ATVA01000013_gene1173,annotation&nbsp;not&nbsp;available,75.9
1121456.ATVA01000011_gene1534,ATVA01000011_gene1534,annotation&nbsp;not&nbsp;available,75.9
1121456.ATVA01000019_gene1270,ATVA01000019_gene1270,annotation&nbsp;not&nbsp;available,75.8
1121456.ATVA01000012_gene2873,ATVA01000012_gene2873,annotation&nbsp;not&nbsp;available,75.8
1121456.ATVA01000011_gene1587,ATVA01000011_gene1587,annotation&nbsp;not&nbsp;available,75.8
1121456.ATVA01000011_gene1633,ATVA01000011_gene1633,annotation&nbsp;not&nbsp;available,75.7
1121456.ATVA01000015_gene2360,ATVA01000015_gene2360,annotation&nbsp;not&nbsp;available,75.7
1121456.ATVA01000016_gene1958,ATVA01000016_gene1958,annotation&nbsp;not&nbsp;available,75.6
1121456.ATVA01000016_gene2141,ATVA01000016_gene2141,annotation&nbsp;not&nbsp;available,75.6
1121456.ATVA01000015_gene2316,ATVA01000015_gene2316,annotation&nbsp;not&nbsp;available,75.5
1121456.ATVA01000016_gene2074,ATVA01000016_gene2074,annotation&nbsp;not&nbsp;available,75.5
1121456.ATVA01000011_gene1470,ATVA01000011_gene1470,annotation&nbsp;not&nbsp;available,75.5
1121456.ATVA01000017_gene47,ATVA01000017_gene47,annotation&nbsp;not&nbsp;available,75.4
1121456.ATVA01000015_gene2337,ATVA01000015_gene2337,annotation&nbsp;not&nbsp;available,75.4
1121456.ATVA01000014_gene449,ATVA01000014_gene449,annotation&nbsp;not&nbsp;available,75.4
1121456.ATVA01000015_gene2417,ATVA01000015_gene2417,annotation&nbsp;not&nbsp;available,75.3
1121456.ATVA01000015_gene2202,ATVA01000015_gene2202,annotation&nbsp;not&nbsp;available,75.3
1121456.ATVA01000016_gene2063,ATVA01000016_gene2063,annotation&nbsp;not&nbsp;available,75.3
1121456.ATVA01000019_gene1287,ATVA01000019_gene1287,annotation&nbsp;not&nbsp;available,75.3
1121456.ATVA01000012_gene2841,ATVA01000012_gene2841,annotation&nbsp;not&nbsp;available,75.2
1121456.ATVA01000015_gene2297,ATVA01000015_gene2297,annotation&nbsp;not&nbsp;available,75.1
1121456.ATVA01000011_gene1823,ATVA01000011_gene1823,annotation&nbsp;not&nbsp;available,75.0
1121456.ATVA01000017_gene61,ATVA01000017_gene61,annotation&nbsp;not&nbsp;available,75.0
1121456.ATVA01000011_gene1419,ATVA01000011_gene1419,annotation&nbsp;not&nbsp;available,75.0
1121456.ATVA01000012_gene2757,ATVA01000012_gene2757,annotation&nbsp;not&nbsp;available,74.9
1121456.ATVA01000002_gene3165,ATVA01000002_gene3165,annotation&nbsp;not&nbsp;available,74.9
1121456.ATVA01000013_gene1088,ATVA01000013_gene1088,annotation&nbsp;not&nbsp;available,74.9
1121456.ATVA01000012_gene2954,ATVA01000012_gene2954,annotation&nbsp;not&nbsp;available,74.9
1121456.ATVA01000011_gene1387,ATVA01000011_gene1387,annotation&nbsp;not&nbsp;available,74.9
1121456.ATVA01000015_gene2357,ATVA01000015_gene2357,annotation&nbsp;not&nbsp;available,74.8
1121456.ATVA01000013_gene1181,ATVA01000013_gene1181,annotation&nbsp;not&nbsp;available,74.8
1121456.ATVA01000013_gene1036,ATVA01000013_gene1036,annotation&nbsp;not&nbsp;available,74.8
1121456.ATVA01000017_gene89,ATVA01000017_gene89,annotation&nbsp;not&nbsp;available,74.8
1121456.ATVA01000016_gene2012,ATVA01000016_gene2012,annotation&nbsp;not&nbsp;available,74.7
1121456.ATVA01000013_gene854,ATVA01000013_gene854,annotation&nbsp;not&nbsp;available,74.7
1121456.ATVA01000015_gene2227,ATVA01000015_gene2227,annotation&nbsp;not&nbsp;available,74.7
1121456.ATVA01000016_gene1937,ATVA01000016_gene1937,annotation&nbsp;not&nbsp;available,74.6
1121456.ATVA01000017_gene231,ATVA01000017_gene231,annotation&nbsp;not&nbsp;available,74.6
1121456.ATVA01000016_gene2136,ATVA01000016_gene2136,annotation&nbsp;not&nbsp;available,74.6
1121456.ATVA01000014_gene715,ATVA01000014_gene715,annotation&nbsp;not&nbsp;available,74.6
1121456.ATVA01000013_gene914,ATVA01000013_gene914,annotation&nbsp;not&nbsp;available,74.5
1121456.ATVA01000012_gene2517,ATVA01000012_gene2517,annotation&nbsp;not&nbsp;available,74.5
1121456.ATVA01000011_gene1850,ATVA01000011_gene1850,annotation&nbsp;not&nbsp;available,74.5
1121456.ATVA01000013_gene1201,ATVA01000013_gene1201,annotation&nbsp;not&nbsp;available,74.4
1121456.ATVA01000011_gene1421,ATVA01000011_gene1421,annotation&nbsp;not&nbsp;available,74.4
1121456.ATVA01000011_gene1811,ATVA01000011_gene1811,annotation&nbsp;not&nbsp;available,74.4
1121456.ATVA01000012_gene2625,ATVA01000012_gene2625,annotation&nbsp;not&nbsp;available,74.3
1121456.ATVA01000014_gene547,ATVA01000014_gene547,annotation&nbsp;not&nbsp;available,74.3
1121456.ATVA01000015_gene2380,ATVA01000015_gene2380,annotation&nbsp;not&nbsp;available,74.3
1121456.ATVA01000011_gene1589,ATVA01000011_gene1589,annotation&nbsp;not&nbsp;available,74.3
1121456.ATVA01000016_gene2181,ATVA01000016_gene2181,annotation&nbsp;not&nbsp;available,74.3
1121456.ATVA01000011_gene1690,ATVA01000011_gene1690,annotation&nbsp;not&nbsp;available,74.3
1121456.ATVA01000004_gene21,ATVA01000004_gene21,annotation&nbsp;not&nbsp;available,74.2
1121456.ATVA01000011_gene1740,ATVA01000011_gene1740,annotation&nbsp;not&nbsp;available,74.2
1121456.ATVA01000012_gene2668,ATVA01000012_gene2668,annotation&nbsp;not&nbsp;available,74.1
1121456.ATVA01000013_gene1043,ATVA01000013_gene1043,annotation&nbsp;not&nbsp;available,74.0
1121456.ATVA01000011_gene1678,ATVA01000011_gene1678,annotation&nbsp;not&nbsp;available,74.0
1121456.ATVA01000011_gene1682,ATVA01000011_gene1682,annotation&nbsp;not&nbsp;available,74.0
1121456.ATVA01000016_gene2096,ATVA01000016_gene2096,annotation&nbsp;not&nbsp;available,73.9
1121456.ATVA01000012_gene2887,ATVA01000012_gene2887,annotation&nbsp;not&nbsp;available,73.9
1121456.ATVA01000003_gene2999,ATVA01000003_gene2999,annotation&nbsp;not&nbsp;available,73.9
1121456.ATVA01000003_gene2996,ATVA01000003_gene2996,annotation&nbsp;not&nbsp;available,73.9
1121456.ATVA01000018_gene342,ATVA01000018_gene342,annotation&nbsp;not&nbsp;available,73.9
1121456.ATVA01000014_gene810,ATVA01000014_gene810,annotation&nbsp;not&nbsp;available,73.9
1121456.ATVA01000012_gene2755,ATVA01000012_gene2755,annotation&nbsp;not&nbsp;available,73.8
1121456.ATVA01000011_gene1765,ATVA01000011_gene1765,annotation&nbsp;not&nbsp;available,73.8
1121456.ATVA01000013_gene825,ATVA01000013_gene825,annotation&nbsp;not&nbsp;available,73.8
1121456.ATVA01000002_gene3213,ATVA01000002_gene3213,annotation&nbsp;not&nbsp;available,73.8
1121456.ATVA01000003_gene2998,ATVA01000003_gene2998,annotation&nbsp;not&nbsp;available,73.7
1121456.ATVA01000012_gene2940,ATVA01000012_gene2940,annotation&nbsp;not&nbsp;available,73.7
1121456.ATVA01000013_gene1094,ATVA01000013_gene1094,annotation&nbsp;not&nbsp;available,73.6
1121456.ATVA01000017_gene203,ATVA01000017_gene203,annotation&nbsp;not&nbsp;available,73.6
1121456.ATVA01000016_gene2000,ATVA01000016_gene2000,annotation&nbsp;not&nbsp;available,73.6
1121456.ATVA01000011_gene1558,ATVA01000011_gene1558,annotation&nbsp;not&nbsp;available,73.5
1121456.ATVA01000013_gene1190,ATVA01000013_gene1190,annotation&nbsp;not&nbsp;available,73.5
1121456.ATVA01000016_gene2016,ATVA01000016_gene2016,annotation&nbsp;not&nbsp;available,73.5
1121456.ATVA01000015_gene2221,ATVA01000015_gene2221,annotation&nbsp;not&nbsp;available,73.5
1121456.ATVA01000011_gene1813,ATVA01000011_gene1813,annotation&nbsp;not&nbsp;available,73.4
1121456.ATVA01000014_gene613,ATVA01000014_gene613,annotation&nbsp;not&nbsp;available,73.3
1121456.ATVA01000011_gene1511,ATVA01000011_gene1511,annotation&nbsp;not&nbsp;available,73.2
1121456.ATVA01000012_gene2920,ATVA01000012_gene2920,annotation&nbsp;not&nbsp;available,73.2
1121456.ATVA01000011_gene1552,ATVA01000011_gene1552,annotation&nbsp;not&nbsp;available,73.2
1121456.ATVA01000014_gene749,ATVA01000014_gene749,annotation&nbsp;not&nbsp;available,73.2
1121456.ATVA01000001_gene3138,ATVA01000001_gene3138,annotation&nbsp;not&nbsp;available,73.2
1121456.ATVA01000011_gene1395,ATVA01000011_gene1395,annotation&nbsp;not&nbsp;available,73.1
1121456.ATVA01000016_gene2043,ATVA01000016_gene2043,annotation&nbsp;not&nbsp;available,73.1
1121456.ATVA01000003_gene3008,ATVA01000003_gene3008,annotation&nbsp;not&nbsp;available,73.0
1121456.ATVA01000003_gene3036,ATVA01000003_gene3036,annotation&nbsp;not&nbsp;available,73.0
1121456.ATVA01000017_gene182,ATVA01000017_gene182,annotation&nbsp;not&nbsp;available,72.9
1121456.ATVA01000018_gene389,ATVA01000018_gene389,annotation&nbsp;not&nbsp;available,72.8
1121456.ATVA01000017_gene192,ATVA01000017_gene192,annotation&nbsp;not&nbsp;available,72.8
1121456.ATVA01000017_gene35,ATVA01000017_gene35,annotation&nbsp;not&nbsp;available,72.8
1121456.ATVA01000003_gene3009,ATVA01000003_gene3009,annotation&nbsp;not&nbsp;available,72.8
1121456.ATVA01000015_gene2275,ATVA01000015_gene2275,annotation&nbsp;not&nbsp;available,72.8
1121456.ATVA01000012_gene2621,ATVA01000012_gene2621,annotation&nbsp;not&nbsp;available,72.7
1121456.ATVA01000013_gene912,ATVA01000013_gene912,annotation&nbsp;not&nbsp;available,72.7
1121456.ATVA01000012_gene2641,ATVA01000012_gene2641,annotation&nbsp;not&nbsp;available,72.6
1121456.ATVA01000012_gene2949,ATVA01000012_gene2949,annotation&nbsp;not&nbsp;available,72.6
1121456.ATVA01000016_gene1912,ATVA01000016_gene1912,annotation&nbsp;not&nbsp;available,72.5
1121456.ATVA01000011_gene1468,ATVA01000011_gene1468,annotation&nbsp;not&nbsp;available,72.4
1121456.ATVA01000011_gene1467,ATVA01000011_gene1467,annotation&nbsp;not&nbsp;available,72.4
1121456.ATVA01000014_gene657,ATVA01000014_gene657,annotation&nbsp;not&nbsp;available,72.4
1121456.ATVA01000011_gene1768,ATVA01000011_gene1768,annotation&nbsp;not&nbsp;available,72.4
1121456.ATVA01000016_gene1917,ATVA01000016_gene1917,annotation&nbsp;not&nbsp;available,72.4
1121456.ATVA01000012_gene2553,ATVA01000012_gene2553,annotation&nbsp;not&nbsp;available,72.4
1121456.ATVA01000017_gene51,ATVA01000017_gene51,annotation&nbsp;not&nbsp;available,72.4
1121456.ATVA01000013_gene1057,ATVA01000013_gene1057,annotation&nbsp;not&nbsp;available,72.3
1121456.ATVA01000016_gene2159,ATVA01000016_gene2159,annotation&nbsp;not&nbsp;available,72.2
1121456.ATVA01000019_gene1272,ATVA01000019_gene1272,annotation&nbsp;not&nbsp;available,72.2
1121456.ATVA01000018_gene419,ATVA01000018_gene419,annotation&nbsp;not&nbsp;available,72.2
1121456.ATVA01000014_gene558,ATVA01000014_gene558,annotation&nbsp;not&nbsp;available,72.2
1121456.ATVA01000016_gene1884,ATVA01000016_gene1884,annotation&nbsp;not&nbsp;available,72.2
1121456.ATVA01000012_gene2956,ATVA01000012_gene2956,annotation&nbsp;not&nbsp;available,72.2
1121456.ATVA01000014_gene720,ATVA01000014_gene720,annotation&nbsp;not&nbsp;available,72.1
1121456.ATVA01000014_gene492,ATVA01000014_gene492,annotation&nbsp;not&nbsp;available,72.1
1121456.ATVA01000012_gene2908,ATVA01000012_gene2908,annotation&nbsp;not&nbsp;available,72.1
1121456.ATVA01000012_gene2653,ATVA01000012_gene2653,annotation&nbsp;not&nbsp;available,72.1
1121456.ATVA01000011_gene1485,ATVA01000011_gene1485,annotation&nbsp;not&nbsp;available,72.1
1121456.ATVA01000003_gene3021,ATVA01000003_gene3021,annotation&nbsp;not&nbsp;available,72.1
1121456.ATVA01000011_gene1671,ATVA01000011_gene1671,annotation&nbsp;not&nbsp;available,72.0
1121456.ATVA01000001_gene3096,ATVA01000001_gene3096,annotation&nbsp;not&nbsp;available,72.0
1121456.ATVA01000015_gene2407,ATVA01000015_gene2407,annotation&nbsp;not&nbsp;available,71.9
1121456.ATVA01000014_gene459,ATVA01000014_gene459,annotation&nbsp;not&nbsp;available,71.9
1121456.ATVA01000012_gene2636,ATVA01000012_gene2636,annotation&nbsp;not&nbsp;available,71.8
1121456.ATVA01000015_gene2242,ATVA01000015_gene2242,annotation&nbsp;not&nbsp;available,71.8
1121456.ATVA01000017_gene242,ATVA01000017_gene242,annotation&nbsp;not&nbsp;available,71.8
1121456.ATVA01000017_gene235,ATVA01000017_gene235,annotation&nbsp;not&nbsp;available,71.8
1121456.ATVA01000012_gene2802,ATVA01000012_gene2802,annotation&nbsp;not&nbsp;available,71.8
1121456.ATVA01000012_gene2631,ATVA01000012_gene2631,annotation&nbsp;not&nbsp;available,71.8
1121456.ATVA01000002_gene3187,ATVA01000002_gene3187,annotation&nbsp;not&nbsp;available,71.7
1121456.ATVA01000011_gene1626,ATVA01000011_gene1626,annotation&nbsp;not&nbsp;available,71.7
1121456.ATVA01000012_gene2651,ATVA01000012_gene2651,annotation&nbsp;not&nbsp;available,71.7
1121456.ATVA01000013_gene853,ATVA01000013_gene853,annotation&nbsp;not&nbsp;available,71.6
1121456.ATVA01000013_gene873,ATVA01000013_gene873,annotation&nbsp;not&nbsp;available,71.6
1121456.ATVA01000012_gene2776,ATVA01000012_gene2776,annotation&nbsp;not&nbsp;available,71.6
1121456.ATVA01000011_gene1423,ATVA01000011_gene1423,annotation&nbsp;not&nbsp;available,71.5
1121456.ATVA01000004_gene24,ATVA01000004_gene24,annotation&nbsp;not&nbsp;available,71.5
1121456.ATVA01000012_gene2564,ATVA01000012_gene2564,annotation&nbsp;not&nbsp;available,71.4
1121456.ATVA01000014_gene790,ATVA01000014_gene790,annotation&nbsp;not&nbsp;available,71.4
1121456.ATVA01000001_gene3115,ATVA01000001_gene3115,annotation&nbsp;not&nbsp;available,71.4
1121456.ATVA01000015_gene2455,ATVA01000015_gene2455,annotation&nbsp;not&nbsp;available,71.4
1121456.ATVA01000011_gene1451,ATVA01000011_gene1451,annotation&nbsp;not&nbsp;available,71.3
1121456.ATVA01000012_gene2545,ATVA01000012_gene2545,annotation&nbsp;not&nbsp;available,71.3
1121456.ATVA01000011_gene1615,ATVA01000011_gene1615,annotation&nbsp;not&nbsp;available,71.2
1121456.ATVA01000012_gene2539,ATVA01000012_gene2539,annotation&nbsp;not&nbsp;available,71.2
1121456.ATVA01000015_gene2277,ATVA01000015_gene2277,annotation&nbsp;not&nbsp;available,71.2
1121456.ATVA01000012_gene2899,ATVA01000012_gene2899,annotation&nbsp;not&nbsp;available,71.2
1121456.ATVA01000015_gene2315,ATVA01000015_gene2315,annotation&nbsp;not&nbsp;available,71.2
1121456.ATVA01000012_gene2907,ATVA01000012_gene2907,annotation&nbsp;not&nbsp;available,71.2
1121456.ATVA01000012_gene2627,ATVA01000012_gene2627,annotation&nbsp;not&nbsp;available,71.2
1121456.ATVA01000011_gene1792,ATVA01000011_gene1792,annotation&nbsp;not&nbsp;available,71.1
1121456.ATVA01000012_gene2929,ATVA01000012_gene2929,annotation&nbsp;not&nbsp;available,71.1
1121456.ATVA01000015_gene2394,ATVA01000015_gene2394,annotation&nbsp;not&nbsp;available,71.1
1121456.ATVA01000014_gene793,ATVA01000014_gene793,annotation&nbsp;not&nbsp;available,71.1
1121456.ATVA01000011_gene1717,ATVA01000011_gene1717,annotation&nbsp;not&nbsp;available,71.0
1121456.ATVA01000016_gene2059,ATVA01000016_gene2059,annotation&nbsp;not&nbsp;available,71.0
1121456.ATVA01000011_gene1478,ATVA01000011_gene1478,annotation&nbsp;not&nbsp;available,71.0
1121456.ATVA01000001_gene3133,ATVA01000001_gene3133,annotation&nbsp;not&nbsp;available,71.0
1121456.ATVA01000011_gene1610,ATVA01000011_gene1610,annotation&nbsp;not&nbsp;available,71.0
1121456.ATVA01000012_gene2585,ATVA01000012_gene2585,annotation&nbsp;not&nbsp;available,71.0
1121456.ATVA01000019_gene1247,ATVA01000019_gene1247,annotation&nbsp;not&nbsp;available,70.9
1121456.ATVA01000013_gene1122,ATVA01000013_gene1122,annotation&nbsp;not&nbsp;available,70.9
1121456.ATVA01000012_gene2872,ATVA01000012_gene2872,annotation&nbsp;not&nbsp;available,70.9
1121456.ATVA01000015_gene2383,ATVA01000015_gene2383,annotation&nbsp;not&nbsp;available,70.9
1121456.ATVA01000014_gene780,ATVA01000014_gene780,annotation&nbsp;not&nbsp;available,70.9
1121456.ATVA01000014_gene494,ATVA01000014_gene494,annotation&nbsp;not&nbsp;available,70.8
1121456.ATVA01000012_gene2701,ATVA01000012_gene2701,annotation&nbsp;not&nbsp;available,70.8
1121456.ATVA01000012_gene2679,ATVA01000012_gene2679,annotation&nbsp;not&nbsp;available,70.6
1121456.ATVA01000013_gene880,ATVA01000013_gene880,annotation&nbsp;not&nbsp;available,70.5
1121456.ATVA01000017_gene191,ATVA01000017_gene191,annotation&nbsp;not&nbsp;available,70.5
1121456.ATVA01000014_gene471,ATVA01000014_gene471,annotation&nbsp;not&nbsp;available,70.5
1121456.ATVA01000013_gene1028,ATVA01000013_gene1028,annotation&nbsp;not&nbsp;available,70.5
1121456.ATVA01000016_gene1991,ATVA01000016_gene1991,annotation&nbsp;not&nbsp;available,70.3
1121456.ATVA01000019_gene1243,ATVA01000019_gene1243,annotation&nbsp;not&nbsp;available,70.3
1121456.ATVA01000011_gene1818,ATVA01000011_gene1818,annotation&nbsp;not&nbsp;available,70.3
1121456.ATVA01000013_gene840,ATVA01000013_gene840,annotation&nbsp;not&nbsp;available,70.3
1121456.ATVA01000015_gene2212,ATVA01000015_gene2212,annotation&nbsp;not&nbsp;available,70.3
1121456.ATVA01000012_gene2659,ATVA01000012_gene2659,annotation&nbsp;not&nbsp;available,70.2
1121456.ATVA01000016_gene2068,ATVA01000016_gene2068,annotation&nbsp;not&nbsp;available,70.1
1121456.ATVA01000019_gene1236,ATVA01000019_gene1236,annotation&nbsp;not&nbsp;available,70.1
1121456.ATVA01000012_gene2849,ATVA01000012_gene2849,annotation&nbsp;not&nbsp;available,70.1
1121456.ATVA01000018_gene394,ATVA01000018_gene394,annotation&nbsp;not&nbsp;available,70.1
