690850.Desaf_3421,rplM,50S&nbsp;ribosomal&nbsp;protein&nbsp;L13,98.9
690850.Desaf_3674,Desaf_3674,"PFAM:&nbsp;Beta-hydroxyacyl-(acyl-carrier-protein)&nbsp;dehydratase,&nbsp;FabA/FabZ",98.9
690850.Desaf_1439,Desaf_1439,KEGG:&nbsp;pol:Bpro_2458&nbsp;CheW&nbsp;protein,98.8
690850.Desaf_3077,Desaf_3077,"PFAM:&nbsp;4Fe-4S&nbsp;ferredoxin,&nbsp;iron-sulphur&nbsp;binding,&nbsp;subgroup",98.8
690850.Desaf_0847,pyrB,"PFAM:&nbsp;Aspartate/ornithine&nbsp;carbamoyltransferase,&nbsp;carbamoyl-P&nbsp;binding",98.8
690850.Desaf_2718,Desaf_2718,TIGRFAM:&nbsp;2-isopropylmalate&nbsp;synthase/homocitrate&nbsp;synthase&nbsp;related,98.8
690850.Desaf_0859,gmd,"GDP-mannose&nbsp;4,6-dehydratase",98.8
690850.Desaf_3070,Desaf_3070,KEGG:&nbsp;psl:Psta_0085&nbsp;Dipeptidylaminopeptidase/acylaminoacyl-peptidase&nbsp;-like&nbsp;protein,98.7
690850.Desaf_0028,Desaf_0028,"PFAM:&nbsp;Aminotransferase,&nbsp;class&nbsp;IV",98.7
690850.Desaf_2883,Desaf_2883,"KEGG:&nbsp;dsa:Desal_0602&nbsp;heterodisulfide&nbsp;reductase,&nbsp;C&nbsp;subunit",98.7
690850.Desaf_1424,Desaf_1424,Diguanylate&nbsp;cyclase/phosphodiesterase&nbsp;with&nbsp;PAS/PAC&nbsp;sensor(S),98.6
690850.Desaf_3501,Desaf_3501,PKD&nbsp;domain&nbsp;containing&nbsp;protein,98.5
690850.Desaf_2408,rnhA,Ribonuclease&nbsp;H,98.5
690850.Desaf_2236,Desaf_2236,"KEGG:&nbsp;dsa:Desal_0433&nbsp;type&nbsp;VI&nbsp;secretion&nbsp;protein,&nbsp;VC_A0114&nbsp;family",98.4
690850.Desaf_0509,rpsP,TIGRFAM:&nbsp;Ribosomal&nbsp;protein&nbsp;S16,98.4
690850.Desaf_1486,Desaf_1486,Rhodanese-like&nbsp;protein,98.4
690850.Desaf_1429,Desaf_1429,Manually&nbsp;curated,98.4
690850.Desaf_2423,Desaf_2423,"PFAM:&nbsp;Formylmethanofuran&nbsp;dehydrogenase,&nbsp;subunit&nbsp;E&nbsp;region",98.4
690850.Desaf_2460,Desaf_2460,"PFAM:&nbsp;ATP-grasp&nbsp;fold,&nbsp;RimK-type",98.4
690850.Desaf_2316,Desaf_2316,KEGG:&nbsp;dba:Dbac_2336&nbsp;formate&nbsp;dehydrogenase&nbsp;gamma&nbsp;subunit,98.3
690850.Desaf_1176,Desaf_1176,KEGG:&nbsp;dma:DMR_46180&nbsp;flagellar&nbsp;motor&nbsp;switch&nbsp;protein&nbsp;FliN,98.3
690850.Desaf_3483,Desaf_3483,"Transcriptional&nbsp;modulator&nbsp;of&nbsp;MazE/toxin,&nbsp;MazF",98.2
690850.Desaf_1520,fmt,Methionyl-tRNA&nbsp;formyltransferase,98.2
690850.Desaf_3660,Desaf_3660,"PFAM:&nbsp;Beta-ketoacyl&nbsp;synthase,&nbsp;N-terminal",98.2
690850.Desaf_0294,Desaf_0294,TrkA-N&nbsp;domain&nbsp;protein,98.1
690850.Desaf_0221,rpoC,DNA-directed&nbsp;RNA&nbsp;polymerase&nbsp;subunit&nbsp;beta',98.1
690850.Desaf_0872,Desaf_0872,TIGRFAM:&nbsp;PAS,98.1
690850.Desaf_0871,Desaf_0871,KEGG:&nbsp;dvl:Dvul_1911&nbsp;two&nbsp;component&nbsp;transcriptional&nbsp;regulator,98.1
690850.Desaf_0263,Desaf_0263,KEGG:&nbsp;dsa:Desal_0275&nbsp;methyl-accepting&nbsp;chemotaxis&nbsp;sensory&nbsp;transducer&nbsp;with&nbsp;cache&nbsp;sensor,98.1
690850.Desaf_1699,Desaf_1699,"TIGRFAM:&nbsp;Electron&nbsp;transport&nbsp;complex,&nbsp;RnfB",98.0
690850.Desaf_1625,Desaf_1625,NADH-quinone&nbsp;oxidoreductase,98.0
690850.Desaf_2098,Desaf_2098,Methionine&nbsp;synthase,98.0
690850.Desaf_3422,rpsI,PFAM:&nbsp;Ribosomal&nbsp;protein&nbsp;S9,97.9
690850.Desaf_3164,Desaf_3164,"PFAM:&nbsp;Phosphotransferase&nbsp;system,&nbsp;sorbose&nbsp;subfamily&nbsp;IIB&nbsp;component",97.9
690850.Desaf_0329,Desaf_0329,Monosaccharide-transporting&nbsp;ATPase,97.9
690850.Desaf_0768,Desaf_0768,KEGG:&nbsp;dsa:Desal_0444&nbsp;nitrogenase&nbsp;molybdenum-iron&nbsp;protein&nbsp;alpha&nbsp;chain,97.9
690850.Desaf_2140,cobD,Cobalamin&nbsp;biosynthesis&nbsp;protein&nbsp;CobD,97.9
690850.Desaf_3186,Desaf_3186,"Two&nbsp;component,&nbsp;sigma54&nbsp;specific,&nbsp;transcriptional&nbsp;regulator,&nbsp;Fis&nbsp;family",97.9
690850.Desaf_1980,rplU,50S&nbsp;ribosomal&nbsp;protein&nbsp;L21,97.8
690850.Desaf_0796,Desaf_0796,KEGG:&nbsp;dde:Dde_1196&nbsp;chemotaxis&nbsp;protein&nbsp;CheX,97.8
690850.Desaf_2394,Desaf_2394,DNA-directed&nbsp;DNA&nbsp;polymerase,97.8
690850.Desaf_1367,Desaf_1367,KEGG:&nbsp;dba:Dbac_0277&nbsp;hypothetical&nbsp;protein,97.7
690850.Desaf_0472,folD,Bifunctional&nbsp;protein&nbsp;FolD,97.7
690850.Desaf_0156,Desaf_0156,Precorrin-2&nbsp;C20-methyltransferase,97.6
690850.Desaf_1868,Desaf_1868,Histidine&nbsp;kinase,97.6
690850.Desaf_1410,rpmH,PFAM:&nbsp;Ribosomal&nbsp;protein&nbsp;L34,97.6
690850.Desaf_1599,Desaf_1599,"PFAM:&nbsp;Phosphotransferase&nbsp;system,&nbsp;mannose/fructose/sorbose&nbsp;family&nbsp;IID&nbsp;component",97.6
690850.Desaf_1679,Desaf_1679,Histidine&nbsp;kinase,97.6
690850.Desaf_3162,Desaf_3162,Inorganic&nbsp;diphosphatase,97.5
690850.Desaf_0039,proA,Gamma-glutamyl&nbsp;phosphate&nbsp;reductase,97.5
690850.Desaf_1267,Desaf_1267,Fe(3+)-transporting&nbsp;ATPase,97.5
690850.Desaf_3448,Desaf_3448,Restriction&nbsp;modification&nbsp;system&nbsp;DNA&nbsp;specificity&nbsp;domain-containing&nbsp;protein,97.5
690850.Desaf_2229,Desaf_2229,KEGG:&nbsp;dde:Dde_0564&nbsp;hypothetical&nbsp;protein,97.4
690850.Desaf_3012,Desaf_3012,"PFAM:&nbsp;Permease&nbsp;YjgP/YjgQ,&nbsp;predicted",97.4
690850.Desaf_0424,Desaf_0424,KEGG:&nbsp;dba:Dbac_2926&nbsp;ethanolamine&nbsp;ammonia-lyase,97.4
690850.Desaf_2568,Desaf_2568,Xanthine&nbsp;dehydrogenase,97.3
690850.Desaf_0146,Desaf_0146,"PFAM:&nbsp;Glycoside&nbsp;hydrolase,&nbsp;family&nbsp;13,&nbsp;N-terminal",97.2
690850.Desaf_1333,Desaf_1333,PFAM:&nbsp;AMP-dependent&nbsp;synthetase/ligase,97.2
690850.Desaf_2194,rplC,50S&nbsp;ribosomal&nbsp;protein&nbsp;L3,97.2
690850.Desaf_2000,Desaf_2000,"KEGG:&nbsp;dbr:Deba_2994&nbsp;efflux&nbsp;transporter,&nbsp;RND&nbsp;family,&nbsp;MFP&nbsp;subunit",97.2
690850.Desaf_2932,Desaf_2932,PFAM:&nbsp;Cobalamin&nbsp;(vitamin&nbsp;B12)&nbsp;biosynthesis&nbsp;CbiM,97.2
690850.Desaf_1442,Desaf_1442,KEGG:&nbsp;dsa:Desal_2942&nbsp;methyl-accepting&nbsp;chemotaxis&nbsp;sensory&nbsp;transducer,97.1
690850.Desaf_2369,gltX,Glutamate--tRNA&nbsp;ligase,97.1
690850.Desaf_1344,Desaf_1344,"TIGRFAM:&nbsp;Haemerythrin-like,&nbsp;metal-binding&nbsp;protein",97.1
690850.Desaf_0590,thiL,Thiamine-monophosphate&nbsp;kinase,97.0
690850.Desaf_1893,Desaf_1893,Phosphate&nbsp;transport&nbsp;system&nbsp;permease&nbsp;protein,97.0
690850.Desaf_3074,Desaf_3074,"PFAM:&nbsp;Glutamate&nbsp;synthase,&nbsp;alpha&nbsp;subunit,&nbsp;C-terminal",96.9
690850.Desaf_1873,Desaf_1873,KEGG:&nbsp;dma:DMR_05280&nbsp;indole-3-glycerol&nbsp;phosphate&nbsp;synthase,96.9
690850.Desaf_0307,Desaf_0307,"PFAM:&nbsp;Oxidoreductase,&nbsp;molybdopterin&nbsp;binding&nbsp;protein",96.8
690850.Desaf_2852,csrA,Carbon&nbsp;storage&nbsp;regulator&nbsp;homolog,96.8
690850.Desaf_1597,Desaf_1597,"KEGG:&nbsp;dvm:DvMF_1383&nbsp;RNA&nbsp;methyltransferase,&nbsp;TrmA&nbsp;family",96.8
690850.Desaf_0376,Desaf_0376,KEGG:&nbsp;dde:Dde_3151&nbsp;flagellar&nbsp;hook-associated&nbsp;protein&nbsp;FlgL,96.8
690850.Desaf_2326,Desaf_2326,Methyl-accepting&nbsp;chemotaxis&nbsp;sensory&nbsp;transducer&nbsp;with&nbsp;Cache&nbsp;sensor,96.7
690850.Desaf_1801,Desaf_1801,"KEGG:&nbsp;formate&nbsp;dehydrogenase&nbsp;subunit&nbsp;beta,&nbsp;FdhB2",96.7
690850.Desaf_2481,cysS,Cysteine--tRNA&nbsp;ligase,96.6
690850.Desaf_3242,Desaf_3242,"ABC-type&nbsp;transporter,&nbsp;integral&nbsp;membrane&nbsp;subunit",96.6
690850.Desaf_1812,Desaf_1812,KEGG:&nbsp;dba:Dbac_2294&nbsp;histidine&nbsp;kinase,96.5
690850.Desaf_0229,rpmG,TIGRFAM:&nbsp;Ribosomal&nbsp;protein&nbsp;L33,96.4
690850.Desaf_2125,gatA,Glutamyl-tRNA(Gln)&nbsp;amidotransferase&nbsp;subunit&nbsp;A,96.4
690850.Desaf_1870,trpA,Tryptophan&nbsp;synthase&nbsp;alpha&nbsp;chain,96.2
690850.Desaf_2963,Desaf_2963,PFAM:&nbsp;Phosphoadenosine&nbsp;phosphosulphate&nbsp;reductase,96.2
690850.Desaf_0583,Desaf_0583,"TIGRFAM:&nbsp;NADH:ubiquinone&nbsp;oxidoreductase,&nbsp;20kDa&nbsp;subunit",96.2
690850.Desaf_0175,frr,Ribosome-recycling&nbsp;factor,96.1
690850.Desaf_1835,Desaf_1835,"ATPase,&nbsp;FliI/YscN&nbsp;family",96.1
690850.Desaf_2890,recR,Recombination&nbsp;protein&nbsp;RecR,96.1
690850.Desaf_3665,Desaf_3665,KEGG:&nbsp;beta-ketoacyl&nbsp;synthase,96.0
690850.Desaf_2986,Desaf_2986,"ABC-type&nbsp;transporter,&nbsp;integral&nbsp;membrane&nbsp;subunit",96.0
690850.Desaf_0343,Desaf_0343,KEGG:&nbsp;dsa:Desal_0227&nbsp;5-enolpyruvylshikimate-3-phosphate&nbsp;synthase-like&nbsp;protein,96.0
690850.Desaf_2801,argH,PFAM:&nbsp;Fumarate&nbsp;lyase,95.9
690850.Desaf_1816,Desaf_1816,PFAM:&nbsp;Rubredoxin-type&nbsp;Fe(Cys)4&nbsp;protein,95.9
690850.Desaf_2965,proS,Proline--tRNA&nbsp;ligase,95.8
690850.Desaf_1003,Desaf_1003,Hydroxylamine&nbsp;reductase,95.8
690850.Desaf_0728,Desaf_0728,KEGG:&nbsp;dma:DMR_16200&nbsp;methyl-accepting&nbsp;chemotaxis&nbsp;protein,95.8
690850.Desaf_0258,Desaf_0258,"PFAM:&nbsp;Cupin&nbsp;2,&nbsp;conserved&nbsp;barrel",95.8
690850.Desaf_3249,Desaf_3249,Heme&nbsp;exporter&nbsp;protein&nbsp;CcmA,95.8
690850.Desaf_3248,Desaf_3248,PFAM:&nbsp;Cytochrome&nbsp;c-type&nbsp;biogenesis&nbsp;protein&nbsp;CcmB,95.8
690850.Desaf_1788,Desaf_1788,"PFAM:&nbsp;Glutamine&nbsp;synthetase,&nbsp;catalytic&nbsp;region",95.7
690850.Desaf_3228,upp,Uracil&nbsp;phosphoribosyltransferase,95.7
690850.Desaf_2987,Desaf_2987,"PFAM:&nbsp;ABC-type&nbsp;glycine&nbsp;betaine&nbsp;transport&nbsp;system,&nbsp;substrate-binding&nbsp;region",95.7
690850.Desaf_0986,Desaf_0986,"PFAM:&nbsp;Bacterial&nbsp;extracellular&nbsp;solute-binding,&nbsp;family&nbsp;1",95.6
690850.Desaf_3360,Desaf_3360,KEGG:&nbsp;sfu:Sfum_0795&nbsp;hypothetical&nbsp;protein,95.6
690850.Desaf_2833,Desaf_2833,KEGG:&nbsp;dba:Dbac_2248&nbsp;2-nitropropane&nbsp;dioxygenase&nbsp;NPD,95.6
690850.Desaf_3277,Desaf_3277,"KEGG:&nbsp;dsa:Desal_3207&nbsp;cobalt&nbsp;ABC&nbsp;transporter,&nbsp;inner&nbsp;membrane&nbsp;subunit&nbsp;CbiQ",95.6
690850.Desaf_0351,argJ,Arginine&nbsp;biosynthesis&nbsp;bifunctional&nbsp;protein&nbsp;ArgJ,95.6
690850.Desaf_2278,Desaf_2278,Diguanylate&nbsp;cyclase/phosphodiesterase&nbsp;with&nbsp;PAS/PAC&nbsp;sensor(S),95.6
690850.Desaf_2213,rplO,50S&nbsp;ribosomal&nbsp;protein&nbsp;L15,95.5
690850.Desaf_1372,Desaf_1372,PFAM:&nbsp;Dissimilatory&nbsp;sulphite&nbsp;reductase&nbsp;D,95.5
690850.Desaf_1764,Desaf_1764,KEGG:&nbsp;dvl:Dvul_0208&nbsp;trans-hexaprenyltranstransferase,95.4
690850.Desaf_2594,Desaf_2594,"KEGG:&nbsp;sfu:Sfum_1488&nbsp;two&nbsp;component,&nbsp;sigma54&nbsp;specific,&nbsp;fis&nbsp;family&nbsp;transcriptional&nbsp;regulator",95.4
690850.Desaf_2214,secY,Protein&nbsp;translocase&nbsp;subunit&nbsp;SecY,95.2
690850.Desaf_0789,Desaf_0789,Response&nbsp;regulator&nbsp;receiver&nbsp;protein,95.2
690850.Desaf_1052,Desaf_1052,"PFAM:&nbsp;4Fe-4S&nbsp;ferredoxin,&nbsp;iron-sulphur&nbsp;binding,&nbsp;subgroup",95.2
690850.Desaf_2936,Desaf_2936,KEGG:&nbsp;dma:DMR_19530&nbsp;putative&nbsp;molybdenum&nbsp;ABC&nbsp;transporter&nbsp;substrate&nbsp;binding&nbsp;protein&nbsp;precursor,95.2
690850.Desaf_2687,pyrR,Bifunctional&nbsp;protein&nbsp;PyrR,95.2
690850.Desaf_3263,leuA,2-isopropylmalate&nbsp;synthase,95.1
690850.Desaf_1420,Desaf_1420,KEGG:&nbsp;dma:DMR_07010&nbsp;response&nbsp;regulator&nbsp;receiver&nbsp;protein,95.0
690850.Desaf_3112,bamD,Outer&nbsp;membrane&nbsp;protein&nbsp;assembly&nbsp;factor&nbsp;BamD,95.0
690850.Desaf_0005,ruvA,Holliday&nbsp;junction&nbsp;ATP-dependent&nbsp;DNA&nbsp;helicase&nbsp;RuvA,95.0
690850.Desaf_3761,gcvH,Glycine&nbsp;cleavage&nbsp;system&nbsp;H&nbsp;protein,95.0
690850.Desaf_0216,Desaf_0216,Diguanylate&nbsp;cyclase,94.9
690850.Desaf_0412,Desaf_0412,"PFAM:&nbsp;4Fe-4S&nbsp;ferredoxin,&nbsp;iron-sulphur&nbsp;binding,&nbsp;subgroup",94.9
690850.Desaf_1499,Desaf_1499,KEGG:&nbsp;drt:Dret_0255&nbsp;N-(5'phosphoribosyl)anthranilate&nbsp;isomerase&nbsp;(PRAI),94.8
690850.Desaf_2834,Desaf_2834,Polynucleotide&nbsp;5'-hydroxyl-kinase,94.8
690850.Desaf_3541,Desaf_3541,KEGG:&nbsp;cyj:Cyan7822_1530&nbsp;WD40&nbsp;repeat-containing&nbsp;protein,94.6
690850.Desaf_1111,Desaf_1111,Methyl-accepting&nbsp;chemotaxis&nbsp;sensory&nbsp;transducer&nbsp;with&nbsp;Pas/Pac&nbsp;sensor,94.6
690850.Desaf_0764,Desaf_0764,(R)-citramalate&nbsp;synthase,94.6
690850.Desaf_1146,Desaf_1146,PFAM:&nbsp;NAD-dependent&nbsp;epimerase/dehydratase,94.5
690850.Desaf_2476,Desaf_2476,"PFAM:&nbsp;Bacterial&nbsp;extracellular&nbsp;solute-binding,&nbsp;family&nbsp;1",94.5
690850.Desaf_0987,Desaf_0987,Glycerol-3-phosphate-transporting&nbsp;ATPase,94.4
690850.Desaf_2354,rpmB,TIGRFAM:&nbsp;Ribosomal&nbsp;protein&nbsp;L28,94.4
690850.Desaf_2032,Desaf_2032,Xanthine&nbsp;dehydrogenase,94.4
690850.Desaf_0748,Desaf_0748,ATP&nbsp;synthase&nbsp;subunit&nbsp;a,94.2
690850.Desaf_3278,Desaf_3278,KEGG:&nbsp;dma:DMR_22240&nbsp;putative&nbsp;cobalt&nbsp;ABC&nbsp;transporter&nbsp;ATP-binding&nbsp;protein,94.2
690850.Desaf_1468,Desaf_1468,"PFAM:&nbsp;4Fe-4S&nbsp;ferredoxin,&nbsp;iron-sulphur&nbsp;binding,&nbsp;subgroup",94.2
690850.Desaf_1383,Desaf_1383,PFAM:&nbsp;Amino&nbsp;acid&nbsp;permease-associated&nbsp;region,94.2
690850.Desaf_2126,gatC,Aspartyl/glutamyl-tRNA(Asn/Gln)&nbsp;amidotransferase&nbsp;subunit&nbsp;C,94.2
690850.Desaf_2935,Desaf_2935,"ABC-type&nbsp;transporter,&nbsp;integral&nbsp;membrane&nbsp;subunit",94.1
690850.Desaf_1767,ubiE,Ubiquinone/menaquinone&nbsp;biosynthesis&nbsp;C-methyltransferase&nbsp;UbiE,94.1
690850.Desaf_1627,Desaf_1627,NADH-quinone&nbsp;oxidoreductase&nbsp;subunit,94.1
690850.Desaf_0413,Desaf_0413,KEGG:&nbsp;dvm:DvMF_0641&nbsp;aldehyde&nbsp;oxidase&nbsp;and&nbsp;xanthine&nbsp;dehydrogenase&nbsp;molybdopterin&nbsp;binding,94.0
690850.Desaf_3267,Desaf_3267,KEGG:&nbsp;dbr:Deba_2666&nbsp;histidine&nbsp;kinase,94.0
690850.Desaf_3692,Desaf_3692,PFAM:&nbsp;Protein&nbsp;of&nbsp;unknown&nbsp;function&nbsp;DUF490,93.9
690850.Desaf_3378,sucD,Succinate--CoA&nbsp;ligase&nbsp;[ADP-forming]&nbsp;subunit&nbsp;alpha,93.9
690850.Desaf_1603,Desaf_1603,D-lactate&nbsp;dehydrogenase&nbsp;(Cytochrome),93.9
690850.Desaf_1300,Desaf_1300,Uncharacterized&nbsp;protein,93.9
690850.Desaf_0379,Desaf_0379,"PFAM:&nbsp;DNA&nbsp;helicase,&nbsp;UvrD/REP&nbsp;type",93.9
690850.Desaf_3167,Desaf_3167,Putative&nbsp;PTS&nbsp;IIA-like&nbsp;nitrogen-regulatory&nbsp;protein&nbsp;PtsN,93.8
690850.Desaf_1708,Desaf_1708,"ABC-type&nbsp;transporter,&nbsp;periplasmic&nbsp;subunit",93.8
690850.Desaf_2553,Desaf_2553,KEGG:&nbsp;dvm:DvMF_1208&nbsp;CheW&nbsp;protein,93.8
690850.Desaf_1371,Desaf_1371,"TIGRFAM:&nbsp;Sulphite&nbsp;reductase,&nbsp;dissimilatory-type&nbsp;beta&nbsp;subunit",93.8
690850.Desaf_0718,Desaf_0718,KEGG:&nbsp;dsa:Desal_1866&nbsp;response&nbsp;regulator&nbsp;receiver&nbsp;protein,93.7
690850.Desaf_2390,surE,5'-nucleotidase&nbsp;SurE,93.7
690850.Desaf_1143,Desaf_1143,KEGG:&nbsp;dba:Dbac_3291&nbsp;undecaprenyl-phosphate&nbsp;glucose&nbsp;phosphotransferase,93.7
690850.Desaf_1304,ahcY,Adenosylhomocysteinase,93.7
690850.Desaf_0536,Desaf_0536,KEGG:&nbsp;cytochrome&nbsp;d&nbsp;ubiquinol&nbsp;oxidase&nbsp;subunit&nbsp;II,93.6
690850.Desaf_0321,Desaf_0321,CoA-binding&nbsp;domain&nbsp;protein,93.6
690850.Desaf_2419,pyrE,Orotate&nbsp;phosphoribosyltransferase,93.6
690850.Desaf_1556,Desaf_1556,KEGG:&nbsp;dsa:Desal_3438&nbsp;ammonium&nbsp;transporter,93.6
690850.Desaf_3171,Desaf_3171,PFAM:&nbsp;OstA-like&nbsp;protein,93.6
690850.Desaf_2340,nusB,Transcription&nbsp;antitermination&nbsp;protein&nbsp;NusB,93.6
690850.Desaf_1235,Desaf_1235,KEGG:&nbsp;sat:SYN_01550&nbsp;general&nbsp;secretion&nbsp;pathway&nbsp;protein&nbsp;F,93.5
690850.Desaf_2749,Desaf_2749,Exodeoxyribonuclease&nbsp;III,93.5
690850.Desaf_1800,Desaf_1800,"Formate&nbsp;dehydrogenase,&nbsp;alpha&nbsp;subunit",93.5
690850.Desaf_0912,Desaf_0912,KEGG:&nbsp;mac:MA0691&nbsp;geranylgeranyl&nbsp;reductase,93.4
690850.Desaf_0301,Desaf_0301,PAS/PAC&nbsp;sensor&nbsp;signal&nbsp;transduction&nbsp;histidine&nbsp;kinase,93.4
690850.Desaf_3795,Desaf_3795,PFAM:&nbsp;Biopolymer&nbsp;transport&nbsp;protein&nbsp;ExbD/TolR,93.4
690850.Desaf_2218,rpsK,30S&nbsp;ribosomal&nbsp;protein&nbsp;S11,93.3
690850.Desaf_2255,Desaf_2255,KEGG:&nbsp;dsa:Desal_1574&nbsp;heat&nbsp;shock&nbsp;protein&nbsp;DnaJ&nbsp;domain&nbsp;protein,93.3
690850.Desaf_3303,Desaf_3303,Methyl-accepting&nbsp;chemotaxis&nbsp;sensory&nbsp;transducer&nbsp;with&nbsp;Pas/Pac&nbsp;sensor,93.3
690850.Desaf_2940,Desaf_2940,HhH-GPD&nbsp;family&nbsp;protein,93.2
690850.Desaf_1963,Desaf_1963,Universal&nbsp;stress&nbsp;protein,93.2
690850.Desaf_2909,Desaf_2909,KEGG:&nbsp;dsa:Desal_0743&nbsp;AMP-dependent&nbsp;synthetase&nbsp;and&nbsp;ligase,93.1
690850.Desaf_3114,Desaf_3114,Thioredoxin,93.1
690850.Desaf_2485,ispDF,Bifunctional&nbsp;enzyme&nbsp;IspD/IspF,93.1
690850.Desaf_3392,trpS,Tryptophan--tRNA&nbsp;ligase,93.0
690850.Desaf_0014,Desaf_0014,Nitrate&nbsp;reductase,92.9
690850.Desaf_1120,pgi,HAMAP:&nbsp;Phosphoglucose&nbsp;isomerase&nbsp;(PGI),92.9
690850.Desaf_0791,Desaf_0791,Diguanylate&nbsp;cyclase/phosphodiesterase&nbsp;with&nbsp;PAS/PAC&nbsp;sensor(S),92.8
690850.Desaf_0305,tal,Transaldolase,92.8
690850.Desaf_2899,Desaf_2899,TIGRFAM:&nbsp;ATP-dependent&nbsp;Clp&nbsp;protease&nbsp;ATP-binding&nbsp;subunit&nbsp;clpA,92.8
690850.Desaf_2319,Desaf_2319,Response&nbsp;regulator&nbsp;receiver&nbsp;protein,92.7
690850.Desaf_1322,Desaf_1322,"KEGG:&nbsp;dbr:Deba_2763&nbsp;phage&nbsp;shock&nbsp;protein&nbsp;A,&nbsp;PspA",92.6
690850.Desaf_1015,Desaf_1015,"dTDP-4-dehydrorhamnose&nbsp;3,5-epimerase",92.5
690850.Desaf_2567,Desaf_2567,Carbon-monoxide&nbsp;dehydrogenase&nbsp;(Acceptor),92.5
690850.Desaf_1560,Desaf_1560,KEGG:&nbsp;ABC&nbsp;transporter&nbsp;periplamsic&nbsp;substrate-binding&nbsp;protein,92.5
690850.Desaf_1585,atpC,ATP&nbsp;synthase&nbsp;epsilon&nbsp;chain,92.5
690850.Desaf_2298,Desaf_2298,"ABC-type&nbsp;transporter,&nbsp;integral&nbsp;membrane&nbsp;subunit",92.5
690850.Desaf_3250,Desaf_3250,PFAM:&nbsp;Cytochrome&nbsp;c&nbsp;assembly&nbsp;protein,92.5
690850.Desaf_1705,Desaf_1705,"PFAM:&nbsp;Formylmethanofuran&nbsp;dehydrogenase,&nbsp;subunit&nbsp;E&nbsp;region",92.4
690850.Desaf_1617,Desaf_1617,NADH&nbsp;dehydrogenase&nbsp;(Quinone),92.4
690850.Desaf_1271,Desaf_1271,PFAM:&nbsp;3-Oxoacyl-[acyl-carrier-protein&nbsp;(ACP)]&nbsp;synthase&nbsp;III&nbsp;C-terminal,92.4
690850.Desaf_0046,glnS,Glutamine--tRNA&nbsp;ligase,92.4
690850.Desaf_1991,Desaf_1991,TIGRFAM:&nbsp;Phosphate&nbsp;binding&nbsp;protein,92.4
690850.Desaf_1752,Desaf_1752,Aminotransferase,92.4
690850.Desaf_1775,Desaf_1775,Efflux&nbsp;pump&nbsp;membrane&nbsp;transporter,92.3
690850.Desaf_3757,Desaf_3757,"PFAM:&nbsp;Flagellar&nbsp;basal&nbsp;body&nbsp;rod&nbsp;protein,&nbsp;N-terminal",92.3
690850.Desaf_3683,Desaf_3683,Phosphopantetheine-binding&nbsp;protein,92.2
690850.Desaf_2545,Desaf_2545,Histidine&nbsp;kinase,92.2
690850.Desaf_2017,Desaf_2017,Amylo-alpha-16-glucosidase,92.2
690850.Desaf_1605,secA,Protein&nbsp;translocase&nbsp;subunit&nbsp;SecA,92.1
690850.Desaf_2937,Desaf_2937,Molybdate-transporting&nbsp;ATPase,92.1
690850.Desaf_1087,Desaf_1087,2-oxoglutarate&nbsp;synthase,92.0
690850.Desaf_0877,Desaf_0877,KEGG:&nbsp;dsa:Desal_1791&nbsp;protein&nbsp;serine/threonine&nbsp;phosphatase,92.0
690850.Desaf_3657,Desaf_3657,D-lactate&nbsp;dehydrogenase&nbsp;(Cytochrome),92.0
690850.Desaf_2116,pyrF,Orotidine&nbsp;5'-phosphate&nbsp;decarboxylase,92.0
690850.Desaf_3780,nth,Endonuclease&nbsp;III,92.0
690850.Desaf_1712,Desaf_1712,PFAM:&nbsp;ThiamineS,91.8
690850.Desaf_2547,Desaf_2547,"PFAM:&nbsp;Peptidase&nbsp;S24/S26A/S26B,&nbsp;conserved&nbsp;region",91.8
690850.Desaf_3666,Desaf_3666,Acyl&nbsp;carrier&nbsp;protein,91.8
690850.Desaf_1472,Desaf_1472,"KEGG:&nbsp;dal:Dalk_0736&nbsp;putative&nbsp;two&nbsp;component,&nbsp;sigma54&nbsp;specific,&nbsp;transcriptional&nbsp;regulator,&nbsp;Fis&nbsp;family",91.7
690850.Desaf_3161,Desaf_3161,KEGG:&nbsp;dde:Dde_0341&nbsp;DEAD/DEAH&nbsp;box&nbsp;helicase-like,91.7
690850.Desaf_2406,rnc,Ribonuclease&nbsp;3,91.7
690850.Desaf_1971,Desaf_1971,KEGG:&nbsp;mrb:Mrub_2733&nbsp;response&nbsp;regulator&nbsp;receiver&nbsp;modulated&nbsp;metal&nbsp;dependent&nbsp;phosphohydrolase,91.7
690850.Desaf_2292,Desaf_2292,KEGG:&nbsp;dbr:Deba_1313&nbsp;outer&nbsp;membrane&nbsp;protein&nbsp;domain-containing&nbsp;protein,91.7
690850.Desaf_1776,hemL,"Glutamate-1-semialdehyde&nbsp;2,1-aminomutase",91.7
690850.Desaf_3803,Desaf_3803,PFAM:&nbsp;Class&nbsp;I&nbsp;peptide&nbsp;chain&nbsp;release&nbsp;factor,91.6
690850.Desaf_1756,Desaf_1756,PFAM:&nbsp;Rubredoxin-type&nbsp;Fe(Cys)4&nbsp;protein,91.6
690850.Desaf_1650,Desaf_1650,Glyoxylate&nbsp;reductase,91.5
690850.Desaf_3395,Desaf_3395,TIGRFAM:&nbsp;Malto-oligosyltrehalose&nbsp;synthase,91.5
690850.Desaf_0384,polA,DNA&nbsp;polymerase&nbsp;I,91.4
690850.Desaf_0931,htpG,Chaperone&nbsp;protein&nbsp;HtpG,91.4
690850.Desaf_3740,Desaf_3740,KEGG:&nbsp;dsa:Desal_1009&nbsp;flagellar&nbsp;basal&nbsp;body&nbsp;rod&nbsp;protein&nbsp;FlgG,91.3
690850.Desaf_2719,Desaf_2719,Aspartokinase,91.3
690850.Desaf_0214,Desaf_0214,PFAM:&nbsp;Toluene&nbsp;tolerance,91.3
690850.Desaf_0161,Desaf_0161,KEGG:&nbsp;dvm:DvMF_2257&nbsp;methyl-accepting&nbsp;chemotaxis&nbsp;sensory&nbsp;transducer,91.3
690850.Desaf_1711,Desaf_1711,PFAM:&nbsp;UBA/THIF-type&nbsp;NAD/FAD&nbsp;binding&nbsp;fold,91.2
690850.Desaf_3774,Desaf_3774,"Efflux&nbsp;transporter,&nbsp;RND&nbsp;family,&nbsp;MFP&nbsp;subunit",91.1
690850.Desaf_1136,Desaf_1136,KEGG:&nbsp;dma:DMR_37840&nbsp;OmpR&nbsp;family&nbsp;two-component&nbsp;response&nbsp;regulator,91.1
690850.Desaf_0501,Desaf_0501,Aminotransferase,91.1
690850.Desaf_1413,yidC,Membrane&nbsp;protein&nbsp;insertase&nbsp;YidC,91.1
690850.Desaf_2627,Desaf_2627,PFAM:&nbsp;Metallophosphoesterase,91.1
690850.Desaf_2439,Desaf_2439,KEGG:&nbsp;dde:Dde_1405&nbsp;two&nbsp;component&nbsp;Fis&nbsp;family&nbsp;transcriptional&nbsp;regulator,91.0
690850.Desaf_1285,Desaf_1285,KEGG:&nbsp;drt:Dret_0454&nbsp;cytochrome&nbsp;c&nbsp;family&nbsp;protein,91.0
690850.Desaf_0905,Desaf_0905,KEGG:&nbsp;dba:Dbac_0841&nbsp;nitrogenase&nbsp;MoFe&nbsp;cofactor&nbsp;biosynthesis&nbsp;protein&nbsp;NifE,90.8
690850.Desaf_1319,Desaf_1319,PFAM:&nbsp;XdhC-&nbsp;CoxI,90.8
690850.Desaf_3073,Desaf_3073,KEGG:&nbsp;dma:DMR_22320&nbsp;preprotein&nbsp;translocase&nbsp;YajC&nbsp;subunit,90.8
690850.Desaf_0720,Desaf_0720,KEGG:&nbsp;sfu:Sfum_0620&nbsp;response&nbsp;regulator&nbsp;receiver&nbsp;protein,90.7
690850.Desaf_1722,mqnE,Aminodeoxyfutalosine&nbsp;synthase,90.6
690850.Desaf_2207,rpsN,30S&nbsp;ribosomal&nbsp;protein&nbsp;S14&nbsp;type&nbsp;Z,90.6
690850.Desaf_2226,Desaf_2226,KEGG:&nbsp;dsa:Desal_0039&nbsp;methyl-accepting&nbsp;chemotaxis&nbsp;sensory&nbsp;transducer,90.6
690850.Desaf_2010,macB,Macrolide&nbsp;export&nbsp;ATP-binding/permease&nbsp;protein&nbsp;MacB,90.4
690850.Desaf_1135,Desaf_1135,Integral&nbsp;membrane&nbsp;sensor&nbsp;signal&nbsp;transduction&nbsp;histidine&nbsp;kinase,90.4
690850.Desaf_1441,Desaf_1441,KEGG:&nbsp;gem:GM21_2190&nbsp;CheW&nbsp;protein,90.3
690850.Desaf_0575,Desaf_0575,Probable&nbsp;chemoreceptor&nbsp;glutamine&nbsp;deamidase&nbsp;CheD,90.3
690850.Desaf_0237,gpmA,"2,3-bisphosphoglycerate-dependent&nbsp;phosphoglycerate&nbsp;mutase",90.2
690850.Desaf_1209,Desaf_1209,KEGG:&nbsp;dde:Dde_2857&nbsp;methyl-accepting&nbsp;chemotaxis&nbsp;sensory&nbsp;transducer,90.2
690850.Desaf_3035,Desaf_3035,Polynucleotide&nbsp;adenylyltransferase&nbsp;region,90.1
690850.Desaf_2381,Desaf_2381,"KEGG:&nbsp;drt:Dret_0475&nbsp;polar&nbsp;amino&nbsp;acid&nbsp;ABC&nbsp;transporter,&nbsp;inner&nbsp;membrane&nbsp;subunit",90.0
690850.Desaf_2711,Desaf_2711,KEGG:&nbsp;acetylornithine&nbsp;deacetylase&nbsp;or&nbsp;succinyl-diaminopimelate&nbsp;&nbsp;&nbsp;desuccinylase,90.0
690850.Desaf_3300,Desaf_3300,KEGG:&nbsp;hydrogenase&nbsp;accessory&nbsp;protein&nbsp;HypB,89.9
690850.Desaf_0354,Desaf_0354,"KEGG:&nbsp;dsa:Desal_1095&nbsp;efflux&nbsp;transporter,&nbsp;RND&nbsp;family,&nbsp;MFP&nbsp;subunit",89.9
690850.Desaf_2272,Desaf_2272,KEGG:&nbsp;dsa:Desal_2840&nbsp;hypothetical&nbsp;protein,89.9
690850.Desaf_3297,Desaf_3297,KEGG:&nbsp;ABC&nbsp;transporter-like&nbsp;protein,89.9
690850.Desaf_0926,Desaf_0926,4-alpha-glucanotransferase,89.8
690850.Desaf_2391,Desaf_2391,"TIGRFAM:&nbsp;Fructose-1,6-bisphosphate&nbsp;aldolase,&nbsp;class&nbsp;II",89.8
690850.Desaf_3612,Desaf_3612,KEGG:&nbsp;dde:Dde_2040&nbsp;CheW&nbsp;protein,89.8
690850.Desaf_2598,Desaf_2598,"ABC-type&nbsp;transporter,&nbsp;periplasmic&nbsp;subunit&nbsp;family&nbsp;3",89.8
690850.Desaf_0083,Desaf_0083,Fe(3+)-transporting&nbsp;ATPase,89.7
690850.Desaf_3773,Desaf_3773,Polyamine-transporting&nbsp;ATPase,89.7
690850.Desaf_0552,hisS,Histidine--tRNA&nbsp;ligase,89.7
690850.Desaf_3100,rpoD,RNA&nbsp;polymerase&nbsp;sigma&nbsp;factor&nbsp;RpoD,89.7
690850.Desaf_3084,tpiA,Triosephosphate&nbsp;isomerase,89.7
690850.Desaf_2588,Desaf_2588,"SMART:&nbsp;ATPase,&nbsp;AAA+&nbsp;type,&nbsp;core",89.7
690850.Desaf_2198,rpsS,30S&nbsp;ribosomal&nbsp;protein&nbsp;S19,89.6
690850.Desaf_3814,Desaf_3814,"KEGG:&nbsp;pca:Pcar_2942&nbsp;molybdopterin&nbsp;converting&nbsp;factor,&nbsp;large&nbsp;subunit",89.6
690850.Desaf_3071,secF,Protein-export&nbsp;membrane&nbsp;protein&nbsp;SecF,89.6
690850.Desaf_2704,Desaf_2704,KEGG:&nbsp;dsa:Desal_1590&nbsp;histone&nbsp;family&nbsp;protein&nbsp;DNA-binding&nbsp;protein,89.5
690850.Desaf_1843,Desaf_1843,Phosphoribosylaminoimidazolecarboxamide&nbsp;formyltransferase,89.5
690850.Desaf_1621,Desaf_1621,"PFAM:&nbsp;NADH:ubiquinone/plastoquinone&nbsp;oxidoreductase,&nbsp;chain&nbsp;6",89.5
690850.Desaf_2186,Desaf_2186,TIGRFAM:&nbsp;Pyruvate-flavodoxin&nbsp;oxidoreductase,89.5
690850.Desaf_3364,Desaf_3364,KEGG:&nbsp;dvm:DvMF_1208&nbsp;CheW&nbsp;protein,89.4
690850.Desaf_0227,nusG,Transcription&nbsp;termination/antitermination&nbsp;protein&nbsp;NusG,89.3
690850.Desaf_1877,Desaf_1877,PFAM:&nbsp;Prephenate&nbsp;dehydrogenase,89.2
690850.Desaf_1913,Desaf_1913,KEGG:&nbsp;dsa:Desal_2132&nbsp;hypothetical&nbsp;protein,89.2
690850.Desaf_3078,Desaf_3078,KEGG:&nbsp;dvl:Dvul_1337&nbsp;glutamate&nbsp;synthase&nbsp;(NADPH),89.1
690850.Desaf_0532,Desaf_0532,KEGG:&nbsp;dma:DMR_06550&nbsp;putative&nbsp;molybdenum-pterin&nbsp;binding&nbsp;protein,89.1
690850.Desaf_2690,hslU,ATP-dependent&nbsp;protease&nbsp;ATPase&nbsp;subunit&nbsp;HslU,89.1
690850.Desaf_2183,Desaf_2183,D-lactate&nbsp;dehydrogenase&nbsp;(Cytochrome),89.1
690850.Desaf_0208,Desaf_0208,General&nbsp;secretion&nbsp;pathway&nbsp;protein&nbsp;D,89.0
690850.Desaf_1171,Desaf_1171,KEGG:&nbsp;dsa:Desal_3820&nbsp;lytic&nbsp;transglycosylase&nbsp;catalytic,89.0
690850.Desaf_2373,Desaf_2373,"Putative&nbsp;transcriptional&nbsp;regulator,&nbsp;GntR&nbsp;family",89.0
690850.Desaf_1739,Desaf_1739,"KEGG:&nbsp;apb:SAR116_1417&nbsp;lipolytic&nbsp;enzyme,&nbsp;G-D-S-L&nbsp;family",88.9
690850.Desaf_3047,Desaf_3047,KEGG:&nbsp;dde:Dde_2107&nbsp;response&nbsp;regulator&nbsp;receiver&nbsp;domain-containing&nbsp;protein,88.9
690850.Desaf_0235,rpmE,50S&nbsp;ribosomal&nbsp;protein&nbsp;L31,88.9
690850.Desaf_2257,clpB,Chaperone&nbsp;protein&nbsp;ClpB,88.8
690850.Desaf_1574,Desaf_1574,KEGG:&nbsp;rod&nbsp;shape-determining&nbsp;protein&nbsp;MreC,88.8
690850.Desaf_2877,Desaf_2877,"Dihydroorotate&nbsp;dehydrogenase,&nbsp;electron&nbsp;transfer&nbsp;subunit&nbsp;protein",88.7
690850.Desaf_1199,Desaf_1199,PFAM:&nbsp;Extracellular&nbsp;ligand-binding&nbsp;receptor,88.7
690850.Desaf_1875,Desaf_1875,TIGRFAM:&nbsp;Glutamine&nbsp;amidotransferase&nbsp;of&nbsp;anthranilate&nbsp;synthase,88.6
690850.Desaf_0238,Desaf_0238,"TIGRFAM:&nbsp;A/G-specific&nbsp;adenine&nbsp;glycosylase&nbsp;MutY,&nbsp;bacterial&nbsp;form",88.6
690850.Desaf_0793,Desaf_0793,PFAM:&nbsp;DRTGG,88.6
690850.Desaf_3153,Desaf_3153,KEGG:&nbsp;dsa:Desal_2724&nbsp;CheA&nbsp;signal&nbsp;transduction&nbsp;histidine&nbsp;kinase,88.6
690850.Desaf_3143,uvrC,UvrABC&nbsp;system&nbsp;protein&nbsp;C,88.6
690850.Desaf_2879,Desaf_2879,"PFAM:&nbsp;4Fe-4S&nbsp;ferredoxin,&nbsp;iron-sulphur&nbsp;binding,&nbsp;subgroup",88.6
690850.Desaf_0420,Desaf_0420,"Formate&nbsp;dehydrogenase,&nbsp;alpha&nbsp;subunit",88.6
690850.Desaf_3206,rpsF,30S&nbsp;ribosomal&nbsp;protein&nbsp;S6,88.5
690850.Desaf_3379,Desaf_3379,L-serine&nbsp;dehydratase&nbsp;1,88.5
690850.Desaf_2853,fliW,Flagellar&nbsp;assembly&nbsp;factor&nbsp;FliW,88.5
690850.Desaf_2268,Desaf_2268,"PFAM:&nbsp;Outer&nbsp;membrane&nbsp;protein,&nbsp;OmpA/MotB,&nbsp;C-terminal",88.4
690850.Desaf_3067,Desaf_3067,KEGG:&nbsp;dba:Dbac_1640&nbsp;glutamate&nbsp;synthase&nbsp;(ferredoxin),88.4
690850.Desaf_1450,hisH,Imidazole&nbsp;glycerol&nbsp;phosphate&nbsp;synthase&nbsp;subunit&nbsp;HisH,88.4
690850.Desaf_3281,glmM,Phosphoglucosamine&nbsp;mutase,88.3
690850.Desaf_0154,Desaf_0154,PFAM:&nbsp;ABC&nbsp;transporter-like,88.3
690850.Desaf_0758,Desaf_0758,Teichoic-acid-transporting&nbsp;ATPase,88.2
690850.Desaf_1806,Desaf_1806,PFAM:&nbsp;Oxidoreductase&nbsp;FAD/NAD(P)-binding,88.2
690850.Desaf_3413,murE,"UDP-N-acetylmuramoyl-L-alanyl-D-glutamate--2,6-diaminopimelate&nbsp;ligase",88.2
690850.Desaf_2261,Desaf_2261,TIGRFAM:&nbsp;Cysteine&nbsp;synthase&nbsp;K/M,88.1
690850.Desaf_2221,rplQ,TIGRFAM:&nbsp;Ribosomal&nbsp;protein&nbsp;L17,88.1
690850.Desaf_1145,Desaf_1145,PFAM:&nbsp;Lipopolysaccharide&nbsp;biosynthesis,88.1
690850.Desaf_2348,Desaf_2348,Acyl&nbsp;carrier&nbsp;protein,88.1
690850.Desaf_2560,Desaf_2560,Response&nbsp;regulator&nbsp;receiver&nbsp;and&nbsp;Hpt&nbsp;phospho&nbsp;transfer&nbsp;protein,88.0
690850.Desaf_1207,gluQ,Glutamyl-Q&nbsp;tRNA(Asp)&nbsp;synthetase,88.0
690850.Desaf_1481,Desaf_1481,KEGG:&nbsp;drt:Dret_0164&nbsp;hypothetical&nbsp;protein,88.0
690850.Desaf_0100,Desaf_0100,"PFAM:&nbsp;4Fe-4S&nbsp;ferredoxin,&nbsp;iron-sulphur&nbsp;binding,&nbsp;subgroup",88.0
690850.Desaf_2201,rplP,50S&nbsp;ribosomal&nbsp;protein&nbsp;L16,88.0
690850.Desaf_2188,Desaf_2188,"Signal&nbsp;transduction&nbsp;histidine&nbsp;kinase,&nbsp;nitrogen&nbsp;specific,&nbsp;NtrB",87.9
690850.Desaf_2772,Desaf_2772,KEGG:&nbsp;outer&nbsp;membrane&nbsp;efflux&nbsp;protein,87.9
690850.Desaf_3042,lysA,Diaminopimelate&nbsp;decarboxylase,87.9
690850.Desaf_2703,Desaf_2703,Uncharacterized&nbsp;protein,87.8
690850.Desaf_0582,Desaf_0582,"PFAM:&nbsp;NADH:ubiquinone&nbsp;oxidoreductase,&nbsp;30kDa&nbsp;subunit",87.6
690850.Desaf_2946,Desaf_2946,Phosphoenolpyruvate&nbsp;synthase,87.6
690850.Desaf_2458,Desaf_2458,Phosphate-specific&nbsp;transport&nbsp;system&nbsp;accessory&nbsp;protein&nbsp;PhoU,87.6
690850.Desaf_1275,Desaf_1275,Cysteine&nbsp;desulfurase,87.6
690850.Desaf_1891,Desaf_1891,Methyl-accepting&nbsp;chemotaxis&nbsp;sensory&nbsp;transducer&nbsp;with&nbsp;Pas/Pac&nbsp;sensor,87.6
690850.Desaf_3232,hisA,1-(5-phosphoribosyl)-5-[(5-phosphoribosylamino)methylideneamino]&nbsp;imidazole-4-carboxamide&nbsp;isomerase,87.5
690850.Desaf_2969,Desaf_2969,Farnesyltranstransferase,87.5
690850.Desaf_1216,Desaf_1216,KEGG:&nbsp;RND&nbsp;family&nbsp;efflux&nbsp;transporter&nbsp;MFP&nbsp;subunit,87.5
690850.Desaf_0117,Desaf_0117,"PFAM:&nbsp;CO&nbsp;dehydrogenase/acetyl-CoA&nbsp;synthase&nbsp;delta&nbsp;subunit,&nbsp;TIM&nbsp;barrel",87.5
690850.Desaf_1876,Desaf_1876,KEGG:&nbsp;dma:DMR_05320&nbsp;anthranilate&nbsp;synthase&nbsp;component&nbsp;I,87.4
690850.Desaf_1117,Desaf_1117,Fe(3+)-transporting&nbsp;ATPase,87.4
690850.Desaf_1748,Desaf_1748,KEGG:&nbsp;dba:Dbac_0217&nbsp;hydroxylamine&nbsp;oxidase,87.3
690850.Desaf_1131,Desaf_1131,Aminodeoxychorismate&nbsp;synthase,87.3
690850.Desaf_3333,Desaf_3333,KEGG:&nbsp;dal:Dalk_2250&nbsp;response&nbsp;regulator&nbsp;receiver&nbsp;protein,87.3
690850.Desaf_2692,Desaf_2692,Processing&nbsp;peptidase,87.2
690850.Desaf_2952,Desaf_2952,PFAM:&nbsp;Cytochrome&nbsp;c&nbsp;assembly&nbsp;protein,87.2
690850.Desaf_0985,Desaf_0985,"ABC-type&nbsp;transporter,&nbsp;integral&nbsp;membrane&nbsp;subunit",87.1
690850.Desaf_3712,Desaf_3712,"TIGRFAM:&nbsp;Asparagine&nbsp;synthase,&nbsp;glutamine-hydrolyzing",87.1
690850.Desaf_1043,Desaf_1043,Superoxide&nbsp;dismutase,87.1
690850.Desaf_0473,Desaf_0473,YbhB&nbsp;YbcL&nbsp;family&nbsp;protein,87.1
690850.Desaf_0140,carA,"TIGRFAM:&nbsp;Carbamoyl&nbsp;phosphate&nbsp;synthase,&nbsp;small&nbsp;subunit",87.0
690850.Desaf_2921,Desaf_2921,NIL&nbsp;domain-containing&nbsp;protein,87.0
690850.Desaf_1273,Desaf_1273,KEGG:&nbsp;dma:DMR_17130&nbsp;serine&nbsp;acetyltransferase,87.0
690850.Desaf_3049,Desaf_3049,Chemotaxis&nbsp;sensory&nbsp;transducer,87.0
690850.Desaf_2802,Desaf_2802,"PFAM:&nbsp;Ribosomal&nbsp;protein&nbsp;S1,&nbsp;RNA&nbsp;binding&nbsp;domain",87.0
690850.Desaf_1872,Desaf_1872,PFAM:&nbsp;N-(5'phosphoribosyl)anthranilate&nbsp;isomerase&nbsp;(PRAI),87.0
690850.Desaf_1308,Desaf_1308,Riboflavin&nbsp;biosynthesis&nbsp;protein,87.0
690850.Desaf_0223,rplL,50S&nbsp;ribosomal&nbsp;protein&nbsp;L7/L12,87.0
690850.Desaf_0740,Desaf_0740,PFAM:&nbsp;Polysaccharide&nbsp;export&nbsp;protein,86.9
690850.Desaf_3794,Desaf_3794,PFAM:&nbsp;MotA/TolQ/ExbB&nbsp;proton&nbsp;channel,86.8
690850.Desaf_2710,gidA,tRNA&nbsp;uridine&nbsp;5-carboxymethylaminomethyl&nbsp;modification&nbsp;enzyme&nbsp;MnmG,86.8
690850.Desaf_2966,xseA,Exodeoxyribonuclease&nbsp;7&nbsp;large&nbsp;subunit,86.7
690850.Desaf_2845,Desaf_2845,CheW&nbsp;protein,86.7
690850.Desaf_1813,Desaf_1813,"KEGG:&nbsp;dba:Dbac_2295&nbsp;two&nbsp;component&nbsp;transcriptional&nbsp;regulator,&nbsp;LuxR&nbsp;family",86.7
690850.Desaf_1177,Desaf_1177,KEGG:&nbsp;flagellar&nbsp;motor&nbsp;switch&nbsp;protein&nbsp;FliM,86.7
690850.Desaf_0404,Desaf_0404,"KEGG:&nbsp;dvl:Dvul_0184&nbsp;DNA&nbsp;polymerase&nbsp;III,&nbsp;delta&nbsp;prime&nbsp;subunit,&nbsp;putative",86.6
690850.Desaf_0818,Desaf_0818,"SMART:&nbsp;ATPase,&nbsp;AAA+&nbsp;type,&nbsp;core",86.6
690850.Desaf_0766,Desaf_0766,PFAM:&nbsp;Nitrogen&nbsp;regulatory&nbsp;protein&nbsp;PII,86.6
690850.Desaf_3604,Desaf_3604,KEGG:&nbsp;pph:Ppha_1458&nbsp;PEBP&nbsp;family&nbsp;protein,86.5
690850.Desaf_1551,Desaf_1551,TIGRFAM:&nbsp;PAS,86.5
690850.Desaf_2678,Desaf_2678,Pyruvate&nbsp;dehydrogenase&nbsp;(Acetyl-transferring),86.3
690850.Desaf_2341,ribH,"6,7-dimethyl-8-ribityllumazine&nbsp;synthase",86.3
690850.Desaf_1619,Desaf_1619,NADH&nbsp;dehydrogenase&nbsp;(Quinone),86.3
690850.Desaf_1386,Desaf_1386,KEGG:&nbsp;dat:HRM2_11720&nbsp;MvhD2,86.3
690850.Desaf_1276,Desaf_1276,Nitrogen&nbsp;fixation&nbsp;protein&nbsp;NifU,86.2
690850.Desaf_1568,Desaf_1568,30S&nbsp;ribosomal&nbsp;protein&nbsp;S1,86.1
690850.Desaf_0806,rplT,50S&nbsp;ribosomal&nbsp;protein&nbsp;L20,86.1
690850.Desaf_3641,Desaf_3641,Putative&nbsp;PAS/PAC&nbsp;sensor&nbsp;protein,86.1
690850.Desaf_1993,Desaf_1993,KEGG:&nbsp;dvm:DvMF_2125&nbsp;DEAD/DEAH&nbsp;box&nbsp;helicase&nbsp;domain&nbsp;protein,86.1
690850.Desaf_3080,asnS,Asparagine--tRNA&nbsp;ligase,85.9
690850.Desaf_3719,Desaf_3719,"ABC-type&nbsp;transporter,&nbsp;periplasmic&nbsp;subunit&nbsp;family&nbsp;3",85.9
690850.Desaf_2117,gmk,Guanylate&nbsp;kinase,85.9
690850.Desaf_3398,ribB,"3,4-dihydroxy-2-butanone&nbsp;4-phosphate&nbsp;synthase",85.9
690850.Desaf_2242,Desaf_2242,"KEGG:&nbsp;dsa:Desal_0420&nbsp;type&nbsp;VI&nbsp;secretion&nbsp;system&nbsp;effector,&nbsp;Hcp1&nbsp;family",85.9
690850.Desaf_0043,Desaf_0043,KEGG:&nbsp;dde:Dde_1635&nbsp;Fis&nbsp;family&nbsp;transcriptional&nbsp;regulator,85.8
690850.Desaf_0769,Desaf_0769,Nitrogenase&nbsp;molybdenum-iron&nbsp;protein&nbsp;beta&nbsp;chain,85.7
690850.Desaf_0794,Desaf_0794,CoA-binding&nbsp;domain&nbsp;protein,85.7
690850.Desaf_0460,Desaf_0460,"KEGG:&nbsp;dba:Dbac_3349&nbsp;ribonuclease,&nbsp;Rne/Rng&nbsp;family",85.7
690850.Desaf_0953,Desaf_0953,FeoA&nbsp;family&nbsp;protein,85.7
690850.Desaf_2034,Desaf_2034,"PFAM:&nbsp;Aminotransferase,&nbsp;class&nbsp;I/II",85.6
690850.Desaf_0817,Desaf_0817,"ABC-type&nbsp;transporter,&nbsp;integral&nbsp;membrane&nbsp;subunit",85.6
690850.Desaf_3251,Desaf_3251,Cytochrome&nbsp;c-type&nbsp;biogenesis&nbsp;protein&nbsp;CcmE,85.6
690850.Desaf_0308,Desaf_0308,KEGG:&nbsp;rva:Rvan_0633&nbsp;DNA&nbsp;ligase&nbsp;D,85.6
690850.Desaf_1996,Desaf_1996,KEGG:&nbsp;dma:DMR_04970&nbsp;hypothetical&nbsp;protein,85.6
690850.Desaf_0621,Desaf_0621,PFAM:&nbsp;Extracellular&nbsp;ligand-binding&nbsp;receptor,85.5
690850.Desaf_3237,guaA,GMP&nbsp;synthase&nbsp;[glutamine-hydrolyzing],85.5
690850.Desaf_2684,dnaJ,Chaperone&nbsp;protein&nbsp;DnaJ,85.5
690850.Desaf_2197,rplB,50S&nbsp;ribosomal&nbsp;protein&nbsp;L2,85.5
690850.Desaf_3320,Desaf_3320,"TIGRFAM:&nbsp;Desulfoferrodoxin,&nbsp;ferrous&nbsp;iron-binding&nbsp;region",85.5
690850.Desaf_1004,Desaf_1004,KEGG:&nbsp;molybdenum&nbsp;cofactor&nbsp;synthesis&nbsp;domain-containing&nbsp;protein,85.4
690850.Desaf_3127,Desaf_3127,"KEGG:&nbsp;dvl:Dvul_1245&nbsp;nickel-dependent&nbsp;hydrogenase,&nbsp;large&nbsp;subunit",85.4
690850.Desaf_2110,Desaf_2110,"PFAM:&nbsp;Ribosomal&nbsp;protein&nbsp;Rsm22,&nbsp;bacterial-type",85.3
690850.Desaf_2683,rpoZ,DNA-directed&nbsp;RNA&nbsp;polymerase&nbsp;subunit&nbsp;omega,85.2
690850.Desaf_1862,Desaf_1862,"KEGG:&nbsp;drt:Dret_0417&nbsp;putative&nbsp;heterodisulfide&nbsp;reductase,&nbsp;C&nbsp;subunit",85.2
690850.Desaf_0564,Desaf_0564,"PFAM:&nbsp;Lipase,&nbsp;GDSL",85.1
690850.Desaf_1863,Desaf_1863,Response&nbsp;regulator&nbsp;receiver&nbsp;protein,85.1
690850.Desaf_1892,Desaf_1892,KEGG:&nbsp;periplasmic&nbsp;phosphate-binding&nbsp;protein,85.1
690850.Desaf_1840,Desaf_1840,KEGG:&nbsp;dvl:Dvul_2666&nbsp;flagellar&nbsp;basal-body&nbsp;rod&nbsp;protein&nbsp;FlgC,85.1
690850.Desaf_2745,Desaf_2745,Multi-sensor&nbsp;signal&nbsp;transduction&nbsp;histidine&nbsp;kinase,85.1
690850.Desaf_3296,Desaf_3296,PFAM:&nbsp;BioY&nbsp;protein,85.1
690850.Desaf_0086,Desaf_0086,Dihydrolipoyl&nbsp;dehydrogenase,85.0
690850.Desaf_1012,Desaf_1012,PFAM:&nbsp;NAD-dependent&nbsp;epimerase/dehydratase,84.9
690850.Desaf_0453,Desaf_0453,KEGG:&nbsp;dba:Dbac_0564&nbsp;hypothetical&nbsp;protein,84.8
690850.Desaf_1647,Desaf_1647,PFAM:&nbsp;CheC-like&nbsp;protein,84.8
690850.Desaf_0920,Desaf_0920,Integral&nbsp;membrane&nbsp;sensor&nbsp;hybrid&nbsp;histidine&nbsp;kinase,84.8
690850.Desaf_0481,Desaf_0481,"dTDP-4-dehydrorhamnose&nbsp;3,5-epimerase",84.7
690850.Desaf_2906,Desaf_2906,4-hydroxy-tetrahydrodipicolinate&nbsp;reductase,84.6
690850.Desaf_3764,Desaf_3764,Dihydrolipoyl&nbsp;dehydrogenase,84.5
690850.Desaf_0242,pyrD,Dihydroorotate&nbsp;dehydrogenase,84.5
690850.Desaf_1902,Desaf_1902,Precorrin-4&nbsp;C11-methyltransferase,84.5
690850.Desaf_3717,Desaf_3717,"PFAM:&nbsp;4Fe-4S&nbsp;ferredoxin,&nbsp;iron-sulphur&nbsp;binding,&nbsp;subgroup",84.4
690850.Desaf_1249,topA,DNA&nbsp;topoisomerase&nbsp;1,84.4
690850.Desaf_3224,Desaf_3224,SufBD&nbsp;protein,84.3
690850.Desaf_0757,Desaf_0757,"KEGG:&nbsp;sfu:Sfum_3111&nbsp;two&nbsp;component,&nbsp;sigma54&nbsp;specific,&nbsp;fis&nbsp;family&nbsp;transcriptional&nbsp;regulator",84.3
690850.Desaf_0954,Desaf_0954,Ferrous&nbsp;iron&nbsp;transport&nbsp;protein&nbsp;B,84.2
690850.Desaf_3536,Desaf_3536,KEGG:&nbsp;dak:DaAHT2_0585&nbsp;hypothetical&nbsp;protein,84.1
690850.Desaf_3575,Desaf_3575,KEGG:&nbsp;swo:Swol_2253&nbsp;subtilisin-like&nbsp;serine&nbsp;protease,84.1
690850.Desaf_3011,Desaf_3011,Permease&nbsp;YjgP/YjgQ&nbsp;family&nbsp;protein,84.1
690850.Desaf_2931,Desaf_2931,"PFAM:&nbsp;Nickel&nbsp;transport&nbsp;complex,&nbsp;NikM&nbsp;subunit,&nbsp;transmembrane",83.9
690850.Desaf_0808,pheT,"TIGRFAM:&nbsp;Phenylalanyl-tRNA&nbsp;synthetase,&nbsp;class&nbsp;IIc,&nbsp;beta&nbsp;subunit,&nbsp;bacterial",83.9
690850.Desaf_2111,lipB,Octanoyltransferase,83.9
690850.Desaf_0625,Desaf_0625,Phosphonate-transporting&nbsp;ATPase,83.9
690850.Desaf_0746,Desaf_0746,ATP&nbsp;synthase&nbsp;subunit&nbsp;b,83.8
690850.Desaf_3457,Desaf_3457,KEGG:&nbsp;shm:Shewmr7_3695&nbsp;hypothetical&nbsp;protein,83.8
690850.Desaf_2735,rpsT,30S&nbsp;ribosomal&nbsp;protein&nbsp;S20,83.8
690850.Desaf_0124,Desaf_0124,Response&nbsp;regulator&nbsp;receiver&nbsp;protein,83.7
690850.Desaf_1440,Desaf_1440,"PFAM:&nbsp;MCP&nbsp;methyltransferase,&nbsp;CheR-type",83.7
690850.Desaf_0008,ftsJ,Ribosomal&nbsp;RNA&nbsp;large&nbsp;subunit&nbsp;methyltransferase&nbsp;E,83.6
690850.Desaf_2101,Desaf_2101,TIGRFAM:&nbsp;Hypoxanthine&nbsp;phosphoribosyl&nbsp;transferase,83.6
690850.Desaf_3702,Desaf_3702,KEGG:&nbsp;dsa:Desal_1042&nbsp;hypothetical&nbsp;protein,83.6
690850.Desaf_0812,Desaf_0812,"TIGRFAM:&nbsp;Glyceraldehyde-3-phosphate&nbsp;dehydrogenase,&nbsp;type&nbsp;I",83.6
690850.Desaf_0230,Desaf_0230,KEGG:&nbsp;dvl:Dvul_0447&nbsp;elongation&nbsp;factor&nbsp;Tu,83.5
690850.Desaf_2187,Desaf_2187,"KEGG:&nbsp;dvm:DvMF_1859&nbsp;putative&nbsp;two&nbsp;component,&nbsp;sigma54&nbsp;specific,&nbsp;transcriptional&nbsp;regulator,&nbsp;fis&nbsp;family",83.5
690850.Desaf_1623,nuoH,NADH-quinone&nbsp;oxidoreductase&nbsp;subunit&nbsp;H,83.4
690850.Desaf_1351,Desaf_1351,KEGG:&nbsp;rce:RC1_0527&nbsp;CDP-paratose&nbsp;2-epimerase,83.4
690850.Desaf_2664,Desaf_2664,"PFAM:&nbsp;Homoserine&nbsp;dehydrogenase,&nbsp;catalytic",83.4
690850.Desaf_3175,Desaf_3175,KEGG:&nbsp;phosphoribosylformylglycinamidine&nbsp;synthase,83.4
690850.Desaf_0824,Desaf_0824,ATP&nbsp;synthase&nbsp;subunit&nbsp;c,83.3
690850.Desaf_0079,Desaf_0079,PFAM:&nbsp;Fatty&nbsp;acid&nbsp;hydroxylase,83.3
690850.Desaf_3637,Desaf_3637,NADH&nbsp;dehydrogenase&nbsp;(Quinone),83.3
690850.Desaf_1730,Desaf_1730,"KEGG:&nbsp;dsa:Desal_1724&nbsp;polar&nbsp;amino&nbsp;acid&nbsp;ABC&nbsp;transporter,&nbsp;inner&nbsp;membrane&nbsp;subunit",83.3
690850.Desaf_2030,Desaf_2030,"PFAM:&nbsp;Molybdopterin&nbsp;dehydrogenase,&nbsp;FAD-binding",83.2
690850.Desaf_1324,Desaf_1324,PspC&nbsp;domain&nbsp;protein,83.2
690850.Desaf_2789,Desaf_2789,KEGG:&nbsp;dde:Dde_0458&nbsp;methyl-accepting&nbsp;chemotaxis&nbsp;sensory&nbsp;transducer,83.2
690850.Desaf_1736,Desaf_1736,Alcohol&nbsp;dehydrogenase,83.1
690850.Desaf_0417,fdhD,Sulfur&nbsp;carrier&nbsp;protein&nbsp;FdhD,83.1
690850.Desaf_3009,uppP,Undecaprenyl-diphosphatase,83.1
690850.Desaf_3797,Desaf_3797,PFAM:&nbsp;WD40-like&nbsp;Beta&nbsp;Propeller,83.1
690850.Desaf_2733,glyQ,"PFAM:&nbsp;Glycyl-tRNA&nbsp;synthetase,&nbsp;class&nbsp;IIc,&nbsp;alpha&nbsp;subunit",82.9
690850.Desaf_1874,trpD,Anthranilate&nbsp;phosphoribosyltransferase,82.9
690850.Desaf_2305,Desaf_2305,TIGRFAM:&nbsp;UDP-glucose&nbsp;4-epimerase,82.9
690850.Desaf_2732,recO,DNA&nbsp;repair&nbsp;protein&nbsp;RecO,82.9
690850.Desaf_0504,rplS,50S&nbsp;ribosomal&nbsp;protein&nbsp;L19,82.9
690850.Desaf_2210,rplR,50S&nbsp;ribosomal&nbsp;protein&nbsp;L18,82.8
690850.Desaf_1542,Desaf_1542,"TIGRFAM:&nbsp;2-oxoacid:acceptor&nbsp;oxidoreductase,&nbsp;beta&nbsp;subunit,&nbsp;pyruvate/2-ketoisovalerate",82.8
690850.Desaf_2310,Desaf_2310,CheW&nbsp;protein,82.7
690850.Desaf_1594,tyrS,Tyrosine--tRNA&nbsp;ligase,82.7
690850.Desaf_3691,Desaf_3691,PFAM:&nbsp;Bacterial&nbsp;surface&nbsp;antigen&nbsp;(D15),82.6
690850.Desaf_2756,lolD,Lipoprotein-releasing&nbsp;system&nbsp;ATP-binding&nbsp;protein&nbsp;LolD,82.6
690850.Desaf_2037,Desaf_2037,Protein&nbsp;serine/threonine&nbsp;phosphatase&nbsp;with&nbsp;Cache&nbsp;sensor,82.6
690850.Desaf_3471,Desaf_3471,"PFAM:&nbsp;Tripartite&nbsp;ATP-independent&nbsp;periplasmic&nbsp;transporter,&nbsp;DctQ&nbsp;component",82.6
690850.Desaf_0640,Desaf_0640,Shikimate&nbsp;kinase,82.6
690850.Desaf_2971,Desaf_2971,KEGG:&nbsp;metal-dependent&nbsp;phosphohydrolase&nbsp;HD&nbsp;sub&nbsp;domain-containing&nbsp;protein,82.6
690850.Desaf_1387,Desaf_1387,PFAM:&nbsp;FAD&nbsp;dependent&nbsp;oxidoreductase,82.5
690850.Desaf_3653,Desaf_3653,"ABC-type&nbsp;transporter,&nbsp;periplasmic&nbsp;subunit&nbsp;family&nbsp;3",82.5
690850.Desaf_0478,Desaf_0478,"PFAM:&nbsp;Pyruvate&nbsp;phosphate&nbsp;dikinase,&nbsp;PEP/pyruvate-binding&nbsp;protein",82.4
690850.Desaf_0004,ruvB,Holliday&nbsp;junction&nbsp;ATP-dependent&nbsp;DNA&nbsp;helicase&nbsp;RuvB,82.3
690850.Desaf_1002,Desaf_1002,Hydroxylamine&nbsp;reductase,82.3
690850.Desaf_2196,rplW,50S&nbsp;ribosomal&nbsp;protein&nbsp;L23,82.2
690850.Desaf_3412,murF,UDP-N-acetylmuramoyl-tripeptide--D-alanyl-D-alanine&nbsp;ligase,82.2
690850.Desaf_3004,ilvC,Ketol-acid&nbsp;reductoisomerase&nbsp;(NADP(+)),82.2
690850.Desaf_2502,Desaf_2502,KEGG:&nbsp;dvu:DVU0283&nbsp;AhpF&nbsp;family&nbsp;protein/thioredoxin&nbsp;reductase,82.1
690850.Desaf_2499,Desaf_2499,PFAM:&nbsp;Methyltransferase&nbsp;type&nbsp;11,82.1
690850.Desaf_1774,Desaf_1774,KEGG:&nbsp;RND&nbsp;family&nbsp;efflux&nbsp;transporter&nbsp;MFP&nbsp;subunit,82.1
690850.Desaf_1990,Desaf_1990,"ABC-type&nbsp;transporter,&nbsp;integral&nbsp;membrane&nbsp;subunit",82.1
690850.Desaf_1854,Desaf_1854,"PFAM:&nbsp;AICARFT/IMPCHase&nbsp;bienzyme,&nbsp;formylation&nbsp;region",82.1
690850.Desaf_1089,Desaf_1089,Vitamin&nbsp;B12-dependent&nbsp;ribonucleotide&nbsp;reductase,82.1
690850.Desaf_3236,tatB,Sec-independent&nbsp;protein&nbsp;translocase&nbsp;protein&nbsp;TatB,82.0
690850.Desaf_2378,Desaf_2378,"KEGG:&nbsp;drt:Dret_0478&nbsp;polar&nbsp;amino&nbsp;acid&nbsp;ABC&nbsp;transporter,&nbsp;inner&nbsp;membrane&nbsp;subunit",82.0
690850.Desaf_1733,Desaf_1733,KEGG:&nbsp;dde:Dde_2592&nbsp;hypothetical&nbsp;protein,82.0
690850.Desaf_0739,Desaf_0739,PFAM:&nbsp;Lipopolysaccharide&nbsp;biosynthesis,81.9
690850.Desaf_1702,Desaf_1702,GAF&nbsp;sensor&nbsp;hybrid&nbsp;histidine&nbsp;kinase,81.9
690850.Desaf_1266,Desaf_1266,PFAM:&nbsp;Molybdopterin-guanine&nbsp;dinucleotide&nbsp;biosynthesis&nbsp;MobB&nbsp;region,81.9
690850.Desaf_1391,Desaf_1391,TIGRFAM:&nbsp;Acetate--CoA&nbsp;ligase,81.8
690850.Desaf_0747,Desaf_0747,ATP&nbsp;synthase&nbsp;subunit&nbsp;c,81.8
690850.Desaf_1487,Desaf_1487,KEGG:&nbsp;cytochrome&nbsp;b/b6&nbsp;domain-containing&nbsp;protein,81.8
690850.Desaf_2200,rpsC,30S&nbsp;ribosomal&nbsp;protein&nbsp;S3,81.7
690850.Desaf_1525,Desaf_1525,Bifunctional&nbsp;protein&nbsp;PutA,81.7
690850.Desaf_0199,Desaf_0199,General&nbsp;secretory&nbsp;pathway&nbsp;protein&nbsp;E,81.7
690850.Desaf_2897,Desaf_2897,PFAM:&nbsp;Adenylate&nbsp;cyclase,81.7
690850.Desaf_1515,Desaf_1515,PFAM:&nbsp;Alcohol&nbsp;dehydrogenase&nbsp;GroES-like,81.7
690850.Desaf_3630,Desaf_3630,KEGG:&nbsp;hypothetical&nbsp;protein,81.6
690850.Desaf_0374,Desaf_0374,Flagellar&nbsp;hook&nbsp;protein&nbsp;FlgE,81.6
690850.Desaf_0873,Desaf_0873,Phosphate&nbsp;import&nbsp;ATP-binding&nbsp;protein&nbsp;PstB,81.6
690850.Desaf_3090,Desaf_3090,GAF&nbsp;domain&nbsp;protein,81.6
690850.Desaf_0624,Desaf_0624,Monosaccharide-transporting&nbsp;ATPase,81.6
690850.Desaf_3621,Desaf_3621,PFAM:&nbsp;Acriflavin&nbsp;resistance&nbsp;protein,81.6
690850.Desaf_1320,Desaf_1320,KEGG:&nbsp;ppd:Ppro_1545&nbsp;metal&nbsp;dependent&nbsp;phosphohydrolase,81.4
690850.Desaf_1159,Desaf_1159,"PFAM:&nbsp;Bacterial&nbsp;bifunctional&nbsp;deaminase-reductase,&nbsp;C-terminal",81.4
690850.Desaf_2794,Desaf_2794,Peptidyl-prolyl&nbsp;cis-trans&nbsp;isomerase,81.4
690850.Desaf_0246,Desaf_0246,KEGG:&nbsp;C_GCAxxG_C_C&nbsp;family&nbsp;protein,81.4
690850.Desaf_1836,Desaf_1836,PFAM:&nbsp;Flagellar&nbsp;assembly&nbsp;protein&nbsp;FliH/Type&nbsp;III&nbsp;secretion&nbsp;system&nbsp;HrpE,81.4
690850.Desaf_1729,Desaf_1729,Fe(3+)-transporting&nbsp;ATPase,81.3
690850.Desaf_0866,Desaf_0866,PAS/PAC&nbsp;sensor&nbsp;hybrid&nbsp;histidine&nbsp;kinase,81.3
690850.Desaf_1287,Desaf_1287,KEGG:&nbsp;dvl:Dvul_0758&nbsp;hypothetical&nbsp;protein,81.2
690850.Desaf_0337,Desaf_0337,"PFAM:&nbsp;Fumarate&nbsp;reductase/succinate&nbsp;dehydrogenase&nbsp;flavoprotein,&nbsp;N-terminal",81.2
690850.Desaf_2679,Desaf_2679,Pyruvate&nbsp;dehydrogenase&nbsp;(Acetyl-transferring),81.2
690850.Desaf_1208,Desaf_1208,KEGG:&nbsp;dde:Dde_2858&nbsp;cytochrome&nbsp;c&nbsp;family&nbsp;protein,81.2
690850.Desaf_3620,Desaf_3620,"KEGG:&nbsp;dak:DaAHT2_2148&nbsp;efflux&nbsp;transporter,&nbsp;RND&nbsp;family,&nbsp;MFP&nbsp;subunit",81.2
690850.Desaf_2599,Desaf_2599,PAS/PAC&nbsp;sensor&nbsp;hybrid&nbsp;histidine&nbsp;kinase,81.1
690850.Desaf_2137,Desaf_2137,PFAM:&nbsp;Oxidoreductase&nbsp;FAD-binding&nbsp;region,81.1
690850.Desaf_0553,aspS,Aspartate--tRNA(Asp/Asn)&nbsp;ligase,81.0
690850.Desaf_1443,Desaf_1443,KEGG:&nbsp;gme:Gmet_2710&nbsp;CheA&nbsp;signal&nbsp;transduction&nbsp;histidine&nbsp;kinase,81.0
690850.Desaf_0201,Desaf_0201,KEGG:&nbsp;sfu:Sfum_0102&nbsp;general&nbsp;secretion&nbsp;pathway&nbsp;protein&nbsp;G,81.0
690850.Desaf_1064,Desaf_1064,"ABC-type&nbsp;transporter,&nbsp;integral&nbsp;membrane&nbsp;subunit",80.9
690850.Desaf_0981,Desaf_0981,Glycerol-3-phosphate&nbsp;dehydrogenase,80.9
690850.Desaf_2767,adk,Adenylate&nbsp;kinase,80.9
690850.Desaf_1393,Desaf_1393,KEGG:&nbsp;ppd:Ppro_2867&nbsp;hypothetical&nbsp;protein,80.8
690850.Desaf_2786,recD2,ATP-dependent&nbsp;RecD-like&nbsp;DNA&nbsp;helicase,80.7
690850.Desaf_0854,Desaf_0854,PFAM:&nbsp;Metallophosphoesterase,80.7
690850.Desaf_2025,Desaf_2025,KEGG:&nbsp;nhl:Nhal_1438&nbsp;response&nbsp;regulator&nbsp;receiver,80.7
690850.Desaf_3108,Desaf_3108,"KEGG:&nbsp;alpha,alpha-trehalose-phosphate&nbsp;synthase",80.6
690850.Desaf_3131,Desaf_3131,"TIGRFAM:&nbsp;[Ni-Fe]-hydrogenase,&nbsp;small&nbsp;subunit",80.6
690850.Desaf_1226,Desaf_1226,KEGG:&nbsp;dba:Dbac_0976&nbsp;anti-sigma-factor&nbsp;antagonist,80.6
690850.Desaf_3576,Desaf_3576,AAA&nbsp;ATPase&nbsp;central&nbsp;domain&nbsp;protein,80.6
690850.Desaf_1139,Desaf_1139,KEGG:&nbsp;response&nbsp;regulator&nbsp;receiver,80.5
690850.Desaf_0089,zwf,Glucose-6-phosphate&nbsp;1-dehydrogenase,80.5
690850.Desaf_2208,rpsH,30S&nbsp;ribosomal&nbsp;protein&nbsp;S8,80.3
690850.Desaf_0803,thrS,Threonine--tRNA&nbsp;ligase,80.3
690850.Desaf_2729,Desaf_2729,KEGG:&nbsp;hypothetical&nbsp;protein,80.2
690850.Desaf_0946,Desaf_0946,KEGG:&nbsp;sse:Ssed_3758&nbsp;hypothetical&nbsp;protein,80.2
690850.Desaf_2509,Desaf_2509,KEGG:&nbsp;dma:DMR_28220&nbsp;isocitrate&nbsp;dehydrogenase,80.2
690850.Desaf_2385,tmk,Thymidylate&nbsp;kinase,80.1
690850.Desaf_1981,rpmA,TIGRFAM:&nbsp;Ribosomal&nbsp;protein&nbsp;L27,80.1
690850.Desaf_0868,Desaf_0868,FeoA&nbsp;family&nbsp;protein,80.1
690850.Desaf_1438,nadE,Glutamine-dependent&nbsp;NAD(+)&nbsp;synthetase,80.0
690850.Desaf_3368,Desaf_3368,Phosphate-transporting&nbsp;ATPase,80.0
690850.Desaf_2585,Desaf_2585,"2-amino-3,7-dideoxy-D-threo-hept-6-ulosonate&nbsp;synthase",80.0
690850.Desaf_3718,Desaf_3718,Phosphate-transporting&nbsp;ATPase,80.0
690850.Desaf_1063,Desaf_1063,Phosphonate-transporting&nbsp;ATPase,80.0
690850.Desaf_3323,Desaf_3323,KEGG:&nbsp;cti:RALTA_A1536&nbsp;putative&nbsp;spermidine&nbsp;synthase,79.9
690850.Desaf_3235,tatC,Sec-independent&nbsp;protein&nbsp;translocase&nbsp;protein&nbsp;TatC,79.8
690850.Desaf_0158,Desaf_0158,Deoxyuridine&nbsp;5'-triphosphate&nbsp;nucleotidohydrolase,79.8
690850.Desaf_3684,Desaf_3684,KEGG:&nbsp;beta-ketoacyl&nbsp;synthase,79.8
690850.Desaf_0781,Desaf_0781,"KEGG:&nbsp;dba:Dbac_2905&nbsp;transcriptional&nbsp;regulator,&nbsp;LuxR&nbsp;family",79.8
690850.Desaf_0318,Desaf_0318,"HAMAP:&nbsp;Uncharacterized&nbsp;protein&nbsp;family&nbsp;UPF0109,&nbsp;bacterial",79.7
690850.Desaf_1331,Desaf_1331,Shikimate&nbsp;kinase,79.7
690850.Desaf_3015,efp,Elongation&nbsp;factor&nbsp;P,79.7
690850.Desaf_1295,Desaf_1295,KEGG:&nbsp;chemotaxis&nbsp;sensory&nbsp;transducer,79.6
690850.Desaf_2311,Desaf_2311,KEGG:&nbsp;dba:Dbac_1421&nbsp;methyl-accepting&nbsp;chemotaxis&nbsp;sensory&nbsp;transducer,79.6
690850.Desaf_3020,Desaf_3020,Selenium&nbsp;metabolism&nbsp;protein&nbsp;YedF,79.6
690850.Desaf_1473,Desaf_1473,Putative&nbsp;PAS/PAC&nbsp;sensor&nbsp;protein,79.6
690850.Desaf_2178,Desaf_2178,Lactate&nbsp;utilization&nbsp;protein&nbsp;B/C,79.6
690850.Desaf_3003,Desaf_3003,KEGG:&nbsp;dma:DMR_21840&nbsp;acetolactate&nbsp;synthase&nbsp;3&nbsp;regulatory&nbsp;subunit,79.5
690850.Desaf_3243,Desaf_3243,"ABC-type&nbsp;transporter,&nbsp;integral&nbsp;membrane&nbsp;subunit",79.4
690850.Desaf_1771,Desaf_1771,Precorrin-3B&nbsp;C17-methyltransferase,79.3
690850.Desaf_0446,Desaf_0446,"Two&nbsp;component,&nbsp;sigma54&nbsp;specific,&nbsp;transcriptional&nbsp;regulator,&nbsp;Fis&nbsp;family",79.3
690850.Desaf_2765,Desaf_2765,PFAM:&nbsp;Nitroreductase-like,79.2
690850.Desaf_3302,Desaf_3302,Multi-sensor&nbsp;hybrid&nbsp;histidine&nbsp;kinase,79.2
690850.Desaf_1894,Desaf_1894,KEGG:&nbsp;phosphate&nbsp;ABC&nbsp;transporter&nbsp;inner&nbsp;membrane&nbsp;subunit&nbsp;PstA,79.2
690850.Desaf_2420,Desaf_2420,KEGG:&nbsp;dvm:DvMF_1468&nbsp;adenylosuccinate&nbsp;lyase,79.1
690850.Desaf_2380,Desaf_2380,Polyamine-transporting&nbsp;ATPase,79.1
690850.Desaf_0003,Desaf_0003,"Thymidylate&nbsp;synthase,&nbsp;flavin-dependent",79.1
690850.Desaf_1141,metK,S-adenosylmethionine&nbsp;synthase,79.1
690850.Desaf_3748,Desaf_3748,"PFAM:&nbsp;Phosphoesterase,&nbsp;RecJ-like",79.0
690850.Desaf_1846,Desaf_1846,KEGG:&nbsp;chemotaxis&nbsp;sensory&nbsp;transducer,79.0
690850.Desaf_2951,Desaf_2951,"TIGRFAM:&nbsp;Siroheme&nbsp;synthase,&nbsp;N-terminal",79.0
690850.Desaf_3783,Desaf_3783,Adenosine&nbsp;kinase,79.0
690850.Desaf_2466,Desaf_2466,KEGG:&nbsp;dvm:DvMF_1769&nbsp;response&nbsp;regulator&nbsp;receiver&nbsp;protein,79.0
690850.Desaf_1616,Desaf_1616,"TIGRFAM:&nbsp;NADH-quinone&nbsp;oxidoreductase,&nbsp;chain&nbsp;M",79.0
690850.Desaf_0331,Desaf_0331,"ABC-type&nbsp;transporter,&nbsp;integral&nbsp;membrane&nbsp;subunit",78.9
690850.Desaf_2945,Desaf_2945,KEGG:&nbsp;avn:Avin_11090&nbsp;short-chain&nbsp;dehydrogenase/reductase,78.9
690850.Desaf_0225,rplA,50S&nbsp;ribosomal&nbsp;protein&nbsp;L1,78.8
690850.Desaf_1557,Desaf_1557,PFAM:&nbsp;Nitrogen&nbsp;regulatory&nbsp;protein&nbsp;PII,78.7
690850.Desaf_0508,Desaf_0508,"HAMAP:&nbsp;Uncharacterized&nbsp;protein&nbsp;family&nbsp;UPF0109,&nbsp;bacterial",78.7
690850.Desaf_3336,Desaf_3336,KEGG:&nbsp;sfu:Sfum_0648&nbsp;response&nbsp;regulator&nbsp;receiver&nbsp;protein,78.6
690850.Desaf_2985,Desaf_2985,"SMART:&nbsp;ATPase,&nbsp;AAA+&nbsp;type,&nbsp;core",78.6
690850.Desaf_2842,Desaf_2842,"TIGRFAM:&nbsp;Carbon-monoxide&nbsp;dehydrogenase,&nbsp;catalytic&nbsp;subunit",78.6
690850.Desaf_1950,Desaf_1950,PFAM:&nbsp;Phosphoadenosine&nbsp;phosphosulphate&nbsp;reductase,78.6
690850.Desaf_2827,Desaf_2827,4-hydroxybenzoyl-CoA&nbsp;thioesterase,78.5
690850.Desaf_0315,Desaf_0315,"PFAM:&nbsp;Aldehyde&nbsp;ferredoxin&nbsp;oxidoreductase,&nbsp;C-terminal",78.5
690850.Desaf_2734,glyS,"TIGRFAM:&nbsp;Glycyl-tRNA&nbsp;synthetase,&nbsp;class&nbsp;IIc,&nbsp;beta&nbsp;subunit",78.5
690850.Desaf_0652,Desaf_0652,"PFAM:&nbsp;Peptidase&nbsp;S1/S6,&nbsp;chymotrypsin/Hap",78.5
690850.Desaf_2885,Desaf_2885,KEGG:&nbsp;dde:Dde_3536&nbsp;two&nbsp;component&nbsp;Fis&nbsp;family&nbsp;transcriptional&nbsp;regulator,78.5
690850.Desaf_3209,Desaf_3209,Replicative&nbsp;DNA&nbsp;helicase,78.4
690850.Desaf_2414,Desaf_2414,"PFAM:&nbsp;Alpha-D-phosphohexomutase,&nbsp;alpha/beta/alpha&nbsp;domain&nbsp;I",78.4
690850.Desaf_1790,Desaf_1790,KEGG:&nbsp;dma:DMR_17460&nbsp;molybdenum&nbsp;ABC&nbsp;transporter&nbsp;substrate&nbsp;binding&nbsp;protein&nbsp;precursor,78.4
690850.Desaf_2070,Desaf_2070,KEGG:&nbsp;dvu:DVU1091&nbsp;hypothetical&nbsp;protein,78.4
690850.Desaf_1014,Desaf_1014,Glucose-1-phosphate&nbsp;thymidylyltransferase,78.4
690850.Desaf_2806,Desaf_2806,TIGRFAM:&nbsp;1-acyl-sn-glycerol-3-phosphate&nbsp;acyltransferase,78.4
690850.Desaf_0077,Desaf_0077,Glucose&nbsp;1-dehydrogenase,78.3
690850.Desaf_0377,Desaf_0377,Flagellar&nbsp;hook-associated&nbsp;protein&nbsp;2,78.2
690850.Desaf_0904,Desaf_0904,Nitrate&nbsp;reductase,78.2
690850.Desaf_0224,rplJ,50S&nbsp;ribosomal&nbsp;protein&nbsp;L10,78.2
690850.Desaf_2474,Desaf_2474,"ABC-type&nbsp;transporter,&nbsp;integral&nbsp;membrane&nbsp;subunit",78.1
690850.Desaf_1238,Desaf_1238,KEGG:&nbsp;dma:DMR_28470&nbsp;general&nbsp;secretion&nbsp;pathway&nbsp;protein&nbsp;G,78.1
690850.Desaf_2929,lptD,LPS-assembly&nbsp;protein&nbsp;LptD,78.1
690850.Desaf_1986,Desaf_1986,KEGG:&nbsp;dvm:DvMF_3116&nbsp;methyl-accepting&nbsp;chemotaxis&nbsp;sensory&nbsp;transducer&nbsp;with&nbsp;cache&nbsp;sensor,78.1
690850.Desaf_2974,Desaf_2974,"1,4-alpha-glucan&nbsp;branching&nbsp;enzyme&nbsp;GlgB",78.0
690850.Desaf_2123,mnmA,tRNA-specific&nbsp;2-thiouridylase&nbsp;MnmA,78.0
690850.Desaf_2392,Desaf_2392,"TIGRFAM:&nbsp;Glyceraldehyde-3-phosphate&nbsp;dehydrogenase,&nbsp;type&nbsp;I",78.0
690850.Desaf_1010,purN,Phosphoribosylglycinamide&nbsp;formyltransferase,77.9
690850.Desaf_3393,Desaf_3393,Malto-oligosyltrehalose&nbsp;trehalohydrolase,77.8
690850.Desaf_2038,Desaf_2038,KEGG:&nbsp;sfu:Sfum_2205&nbsp;ABC&nbsp;transporter&nbsp;substrate-binding&nbsp;protein,77.8
690850.Desaf_1970,Desaf_1970,KEGG:&nbsp;peptidase&nbsp;M16&nbsp;domain-containing&nbsp;protein,77.7
690850.Desaf_0345,Desaf_0345,KEGG:&nbsp;dma:DMR_39020&nbsp;aconitate&nbsp;hydratase,77.7
690850.Desaf_2193,rpsJ,30S&nbsp;ribosomal&nbsp;protein&nbsp;S10,77.7
690850.Desaf_1501,Desaf_1501,Oxidoreductase&nbsp;domain&nbsp;protein,77.7
690850.Desaf_2656,Desaf_2656,Universal&nbsp;protein&nbsp;YeaZ,77.6
690850.Desaf_3033,dapL,LL-diaminopimelate&nbsp;aminotransferase,77.6
690850.Desaf_1580,Desaf_1580,ATP&nbsp;synthase&nbsp;subunit&nbsp;b,77.6
690850.Desaf_3594,Desaf_3594,TIGRFAM:&nbsp;PAS,77.5
690850.Desaf_0548,Desaf_0548,Carboxynorspermidine/carboxyspermidine&nbsp;decarboxylase,77.5
690850.Desaf_3667,Desaf_3667,KEGG:&nbsp;phospholipid/glycerol&nbsp;acyltransferase,77.5
690850.Desaf_2241,Desaf_2241,"KEGG:&nbsp;dsa:Desal_0419&nbsp;type&nbsp;VI&nbsp;secretion&nbsp;protein,&nbsp;EvpB/VC_A0108&nbsp;family",77.5
690850.Desaf_2069,recA,Protein&nbsp;RecA,77.5
690850.Desaf_1582,Desaf_1582,ATP&nbsp;synthase&nbsp;subunit&nbsp;alpha,77.4
690850.Desaf_2455,Desaf_2455,Transketolase,77.4
690850.Desaf_3085,pgk,HAMAP:&nbsp;Phosphoglycerate&nbsp;kinase,77.4
690850.Desaf_0252,Desaf_0252,"PFAM:&nbsp;Cupin&nbsp;2,&nbsp;conserved&nbsp;barrel",77.4
690850.Desaf_0105,groS,10&nbsp;kDa&nbsp;chaperonin,77.3
690850.Desaf_1179,Desaf_1179,"PFAM:&nbsp;Outer&nbsp;membrane&nbsp;protein,&nbsp;OmpA/MotB,&nbsp;C-terminal",77.2
690850.Desaf_2202,rpmC,KEGG:&nbsp;dsa:Desal_1193&nbsp;ribosomal&nbsp;protein&nbsp;L29,77.2
690850.Desaf_1989,Desaf_1989,"ABC-type&nbsp;transporter,&nbsp;integral&nbsp;membrane&nbsp;subunit",77.2
690850.Desaf_0123,Desaf_0123,RNA&nbsp;polymerase&nbsp;sigma&nbsp;factor,77.2
690850.Desaf_1110,Desaf_1110,KEGG:&nbsp;dde:Dde_1349&nbsp;hypothetical&nbsp;protein,77.1
690850.Desaf_2109,Desaf_2109,PFAM:&nbsp;Ferredoxin,77.1
690850.Desaf_1601,Desaf_1601,Phosphoenolpyruvate-protein&nbsp;phosphotransferase,77.1
690850.Desaf_2771,Desaf_2771,Adenylate/guanylate&nbsp;cyclase&nbsp;with&nbsp;Chase&nbsp;sensor,77.1
690850.Desaf_1088,Desaf_1088,PFAM:&nbsp;Pyruvate/ketoisovalerate&nbsp;oxidoreductase,77.1
690850.Desaf_3124,Desaf_3124,CBS&nbsp;domain&nbsp;containing&nbsp;protein,77.0
690850.Desaf_0082,Desaf_0082,KEGG:&nbsp;drt:Dret_2122&nbsp;putative&nbsp;ABC&nbsp;transporter&nbsp;solute-binding&nbsp;protein,77.0
690850.Desaf_1561,Desaf_1561,Taurine-transporting&nbsp;ATPase,77.0
690850.Desaf_1973,Desaf_1973,Diguanylate&nbsp;cyclase&nbsp;and&nbsp;serine/threonine&nbsp;protein&nbsp;kinase&nbsp;with&nbsp;TPR&nbsp;repeats,77.0
690850.Desaf_2404,Desaf_2404,Flagellar&nbsp;hook&nbsp;protein&nbsp;FlgE,76.9
690850.Desaf_3550,Desaf_3550,Nitrate&nbsp;reductase,76.8
690850.Desaf_1258,Desaf_1258,PFAM:&nbsp;Phosphopantetheine-binding&nbsp;protein,76.8
690850.Desaf_1583,atpG,ATP&nbsp;synthase&nbsp;gamma&nbsp;chain,76.8
690850.Desaf_3745,infB,Translation&nbsp;initiation&nbsp;factor&nbsp;IF-2,76.7
690850.Desaf_3163,Desaf_3163,KEGG:&nbsp;dsa:Desal_2249&nbsp;hypothetical&nbsp;protein,76.7
690850.Desaf_3241,Desaf_3241,Sulfate-transporting&nbsp;ATPase,76.7
690850.Desaf_1493,Desaf_1493,KEGG:&nbsp;dau:Daud_0675&nbsp;multi-sensor&nbsp;signal&nbsp;transduction&nbsp;histidine&nbsp;kinase,76.7
690850.Desaf_3165,Desaf_3165,"PFAM:&nbsp;Phosphotransferase&nbsp;system,&nbsp;fructose&nbsp;subfamily&nbsp;IIA&nbsp;component",76.7
690850.Desaf_0875,Desaf_0875,KEGG:&nbsp;dba:Dbac_1508&nbsp;UTP--glucose-1-phosphate&nbsp;uridylyltransferase,76.6
690850.Desaf_1130,Desaf_1130,"PFAM:&nbsp;Aminotransferase,&nbsp;class&nbsp;IV",76.5
690850.Desaf_1838,Desaf_1838,Flagellar&nbsp;M-ring&nbsp;protein,76.5
690850.Desaf_0751,Desaf_0751,"KEGG:&nbsp;dsa:Desal_2237&nbsp;ATP&nbsp;synthase&nbsp;F1,&nbsp;epsilon&nbsp;subunit",76.4
690850.Desaf_1579,Desaf_1579,"PFAM:&nbsp;ATPase,&nbsp;F0&nbsp;complex,&nbsp;subunit&nbsp;B/B',&nbsp;bacterial/chloroplast",76.4
690850.Desaf_2453,Desaf_2453,"PFAM:&nbsp;4Fe-4S&nbsp;ferredoxin,&nbsp;iron-sulphur&nbsp;binding,&nbsp;subgroup",76.3
690850.Desaf_1508,Desaf_1508,Molybdenum&nbsp;cofactor&nbsp;synthesis&nbsp;domain&nbsp;protein,76.2
690850.Desaf_3714,Desaf_3714,2-oxoglutarate&nbsp;synthase,76.2
690850.Desaf_0850,Desaf_0850,6-phosphofructokinase,76.2
690850.Desaf_2355,Desaf_2355,"KEGG:&nbsp;dba:Dbac_2905&nbsp;transcriptional&nbsp;regulator,&nbsp;LuxR&nbsp;family",76.1
690850.Desaf_0202,Desaf_0202,Uncharacterized&nbsp;protein,76.1
690850.Desaf_1138,Desaf_1138,PFAM:&nbsp;Serine/threonine-protein&nbsp;kinase-like&nbsp;domain,76.0
690850.Desaf_0483,Desaf_0483,"PFAM:&nbsp;Protein&nbsp;of&nbsp;unknown&nbsp;function&nbsp;DUF214,&nbsp;permase&nbsp;predicted",76.0
690850.Desaf_1832,Desaf_1832,Histidine&nbsp;kinase,76.0
690850.Desaf_1341,Desaf_1341,"KEGG:&nbsp;app:CAP2UW1_2461&nbsp;efflux&nbsp;transporter,&nbsp;RND&nbsp;family,&nbsp;MFP&nbsp;subunit",75.9
690850.Desaf_2984,Desaf_2984,"ABC-type&nbsp;transporter,&nbsp;integral&nbsp;membrane&nbsp;subunit",75.9
690850.Desaf_0104,groL,60&nbsp;kDa&nbsp;chaperonin,75.9
690850.Desaf_2203,rpsQ,30S&nbsp;ribosomal&nbsp;protein&nbsp;S17,75.8
690850.Desaf_3160,Desaf_3160,Chemotaxis&nbsp;response&nbsp;regulator&nbsp;protein-glutamate&nbsp;methylesterase,75.8
690850.Desaf_2216,rpmJ,PFAM:&nbsp;Ribosomal&nbsp;protein&nbsp;L36,75.8
690850.Desaf_2587,Desaf_2587,"ABC-type&nbsp;transporter,&nbsp;integral&nbsp;membrane&nbsp;subunit",75.8
690850.Desaf_0484,Desaf_0484,Phosphonate-transporting&nbsp;ATPase,75.7
690850.Desaf_3763,Desaf_3763,KEGG:&nbsp;dsa:Desal_2996&nbsp;glycine&nbsp;dehydrogenase&nbsp;subunit&nbsp;2,75.7
690850.Desaf_0018,Desaf_0018,Response&nbsp;regulator&nbsp;receiver&nbsp;protein,75.7
690850.Desaf_1907,Desaf_1907,KEGG:&nbsp;dvu:DVU0191&nbsp;hypothetical&nbsp;protein,75.7
690850.Desaf_1628,Desaf_1628,Nitrate&nbsp;reductase,75.7
690850.Desaf_1160,Desaf_1160,6-phosphofructokinase,75.7
690850.Desaf_1388,Desaf_1388,PFAM:&nbsp;FAD&nbsp;dependent&nbsp;oxidoreductase,75.5
690850.Desaf_1781,Desaf_1781,KEGG:&nbsp;dvm:DvMF_0127&nbsp;methyl-accepting&nbsp;chemotaxis&nbsp;sensory&nbsp;transducer,75.5
690850.Desaf_0091,Desaf_0091,TIGRFAM:&nbsp;6-phosphogluconolactonase,75.4
690850.Desaf_0174,pyrH,Uridylate&nbsp;kinase,75.4
690850.Desaf_2740,Desaf_2740,Malonyl&nbsp;CoA-acyl&nbsp;carrier&nbsp;protein&nbsp;transacylase,75.3
690850.Desaf_3040,mutS,DNA&nbsp;mismatch&nbsp;repair&nbsp;protein&nbsp;MutS,75.3
690850.Desaf_0899,Desaf_0899,Adenosylmethionine&nbsp;decarboxylase,75.3
690850.Desaf_3726,Desaf_3726,"TIGRFAM:&nbsp;ATPase,&nbsp;P-type,&nbsp;heavy&nbsp;metal&nbsp;translocating",75.3
690850.Desaf_3205,Desaf_3205,Enoyl-[acyl-carrier-protein]&nbsp;reductase&nbsp;[NADH],75.2
690850.Desaf_2534,Desaf_2534,DNA&nbsp;sulfur&nbsp;modification&nbsp;protein&nbsp;DndD,75.2
690850.Desaf_0967,Desaf_0967,PFAM:&nbsp;Nitrite/sulphite&nbsp;reductase&nbsp;4Fe-4S&nbsp;region,75.0
690850.Desaf_3403,ftsZ,Cell&nbsp;division&nbsp;protein&nbsp;FtsZ,75.0
690850.Desaf_3741,Desaf_3741,KEGG:&nbsp;dde:Dde_3159&nbsp;flagellar&nbsp;basal-body&nbsp;rod&nbsp;protein,74.9
690850.Desaf_1709,Desaf_1709,KEGG:&nbsp;ank:AnaeK_3468&nbsp;ABC&nbsp;transporter-related&nbsp;protein,74.9
690850.Desaf_2586,Desaf_2586,"PFAM:&nbsp;ABC-type&nbsp;glycine&nbsp;betaine&nbsp;transport&nbsp;system,&nbsp;substrate-binding&nbsp;region",74.9
690850.Desaf_2275,Desaf_2275,"PFAM:&nbsp;FAD&nbsp;linked&nbsp;oxidase,&nbsp;N-terminal",74.9
690850.Desaf_0391,Desaf_0391,Serine--glyoxylate&nbsp;transaminase,74.8
690850.Desaf_1865,Desaf_1865,"PFAM:&nbsp;Methyl-viologen-reducing&nbsp;hydrogenase,&nbsp;delta&nbsp;subunit",74.8
690850.Desaf_2377,Desaf_2377,PFAM:&nbsp;Glutaredoxin,74.8
690850.Desaf_0264,Desaf_0264,UvrABC&nbsp;system&nbsp;protein&nbsp;A,74.7
690850.Desaf_0090,Desaf_0090,Transketolase,74.7
690850.Desaf_0505,trmD,tRNA&nbsp;(guanine-N(1)-)-methyltransferase,74.7
690850.Desaf_0611,Desaf_0611,CoA-disulfide&nbsp;reductase,74.6
690850.Desaf_2212,rpmD,KEGG:&nbsp;dde:Dde_2239&nbsp;50S&nbsp;ribosomal&nbsp;protein&nbsp;L30,74.6
690850.Desaf_2361,Desaf_2361,"Two&nbsp;component,&nbsp;sigma54&nbsp;specific,&nbsp;transcriptional&nbsp;regulator,&nbsp;Fis&nbsp;family",74.6
690850.Desaf_3634,Desaf_3634,NADH&nbsp;dehydrogenase&nbsp;(Quinone),74.5
690850.Desaf_1794,Desaf_1794,Formate&nbsp;dehydrogenase&nbsp;accessory&nbsp;protein,74.5
690850.Desaf_2774,Desaf_2774,Peptide-transporting&nbsp;ATPase,74.4
690850.Desaf_0623,Desaf_0623,"ABC-type&nbsp;transporter,&nbsp;integral&nbsp;membrane&nbsp;subunit",74.4
690850.Desaf_3632,Desaf_3632,"PFAM:&nbsp;NADH:ubiquinone/quinone&nbsp;oxidoreductase,&nbsp;chain&nbsp;4L",74.3
690850.Desaf_3623,Desaf_3623,KEGG:&nbsp;dvm:DvMF_1501&nbsp;methyl-accepting&nbsp;chemotaxis&nbsp;sensory&nbsp;transducer&nbsp;with&nbsp;cache&nbsp;sensor,74.3
690850.Desaf_2887,Desaf_2887,Alcohol&nbsp;dehydrogenase,74.2
690850.Desaf_0375,Desaf_0375,KEGG:&nbsp;dvm:DvMF_1619&nbsp;flagellar&nbsp;hook-associated&nbsp;protein&nbsp;FlgK,74.2
690850.Desaf_3786,Desaf_3786,Uncharacterized&nbsp;protein,74.2
690850.Desaf_1082,Desaf_1082,Coenzyme&nbsp;A&nbsp;biosynthesis&nbsp;bifunctional&nbsp;protein&nbsp;CoaBC,74.2
690850.Desaf_1600,Desaf_1600,"KEGG:&nbsp;phosphocarrier,&nbsp;HPr&nbsp;family",74.1
690850.Desaf_1518,Desaf_1518,PFAM:&nbsp;Bacterial&nbsp;Fmu&nbsp;(Sun)/eukaryotic&nbsp;nucleolar&nbsp;NOL1/Nop2p,74.1
690850.Desaf_1573,Desaf_1573,KEGG:&nbsp;dba:Dbac_3356&nbsp;rod&nbsp;shape-determining&nbsp;protein&nbsp;MreB,74.1
690850.Desaf_3404,ftsA,Cell&nbsp;division&nbsp;protein&nbsp;FtsA,74.1
690850.Desaf_1853,Desaf_1853,PFAM:&nbsp;Ribonuclease&nbsp;II/R,74.1
690850.Desaf_0173,tsf,Elongation&nbsp;factor&nbsp;Ts,74.1
690850.Desaf_2856,nadK,NAD&nbsp;kinase,74.0
690850.Desaf_1732,Desaf_1732,KEGG:&nbsp;dsa:Desal_2632&nbsp;hypothetical&nbsp;protein,74.0
690850.Desaf_0061,Desaf_0061,KEGG:&nbsp;dma:DMR_26460&nbsp;AraC&nbsp;family&nbsp;transcriptional&nbsp;regulator,74.0
690850.Desaf_0289,Desaf_0289,Histidine&nbsp;kinase,74.0
690850.Desaf_1581,atpH,ATP&nbsp;synthase&nbsp;subunit&nbsp;delta,73.9
690850.Desaf_1234,Desaf_1234,General&nbsp;secretory&nbsp;pathway&nbsp;protein&nbsp;E,73.9
690850.Desaf_0971,Desaf_0971,"Two&nbsp;component,&nbsp;sigma54&nbsp;specific,&nbsp;transcriptional&nbsp;regulator,&nbsp;Fis&nbsp;family",73.9
690850.Desaf_1653,Desaf_1653,"PFAM:&nbsp;Peptidyl-prolyl&nbsp;cis-trans&nbsp;isomerase,&nbsp;FKBP-type",73.9
690850.Desaf_0928,Desaf_0928,Histidine&nbsp;kinase,73.9
690850.Desaf_1591,Desaf_1591,KEGG:&nbsp;dvl:Dvul_2701&nbsp;sulfate&nbsp;transporter,73.8
690850.Desaf_1984,proB,Glutamate&nbsp;5-kinase,73.8
690850.Desaf_1898,Desaf_1898,"Precorrin-6y&nbsp;C5,15-methyltransferase&nbsp;(Decarboxylating),&nbsp;CbiE&nbsp;subunit",73.8
690850.Desaf_1408,Desaf_1408,KEGG:&nbsp;dsa:Desal_1306&nbsp;phosphoesterase&nbsp;PA-phosphatase&nbsp;related,73.8
690850.Desaf_0960,Desaf_0960,TIGRFAM:&nbsp;PAS,73.8
690850.Desaf_2655,Desaf_2655,Flagellin,73.8
690850.Desaf_1181,Desaf_1181,PFAM:&nbsp;MotA/TolQ/ExbB&nbsp;proton&nbsp;channel,73.6
690850.Desaf_2448,Desaf_2448,"(P)ppGpp&nbsp;synthetase&nbsp;I,&nbsp;SpoT/RelA",73.5
690850.Desaf_0595,Desaf_0595,KEGG:&nbsp;gur:Gura_3349&nbsp;hypothetical&nbsp;protein,73.5
690850.Desaf_2738,Desaf_2738,Sporulation&nbsp;domain-containing&nbsp;protein,73.5
690850.Desaf_2270,Desaf_2270,KEGG:&nbsp;dvm:DvMF_0817&nbsp;biotin&nbsp;carboxylase,73.5
690850.Desaf_0925,Desaf_0925,"TIGRFAM:&nbsp;ATPase,&nbsp;P&nbsp;type,&nbsp;cation/copper-transporter",73.4
690850.Desaf_2031,Desaf_2031,KEGG:&nbsp;dma:DMR_19370&nbsp;xanthine&nbsp;dehydrogenase&nbsp;iron-sulfur&nbsp;binding&nbsp;subunit,73.4
690850.Desaf_2558,Desaf_2558,Copper-translocating&nbsp;P-type&nbsp;ATPase,73.4
690850.Desaf_1620,nuoK,NADH-quinone&nbsp;oxidoreductase&nbsp;subunit&nbsp;K,73.4
690850.Desaf_0539,Desaf_0539,Phospholipase&nbsp;D/Transphosphatidylase,73.4
690850.Desaf_3270,Desaf_3270,Sirohydrochlorin&nbsp;cobaltochelatase,73.3
690850.Desaf_1480,Desaf_1480,KEGG:&nbsp;drt:Dret_0165&nbsp;iron-sulfur&nbsp;cluster-binding&nbsp;protein,73.3
690850.Desaf_1185,Desaf_1185,KEGG:&nbsp;dma:DMR_12900&nbsp;response&nbsp;regulator&nbsp;receiver&nbsp;protein,73.2
690850.Desaf_2204,rplN,50S&nbsp;ribosomal&nbsp;protein&nbsp;L14,73.2
690850.Desaf_3548,Desaf_3548,"KEGG:&nbsp;dvm:DvMF_0167&nbsp;RNA&nbsp;polymerase,&nbsp;sigma-24&nbsp;subunit,&nbsp;ECF&nbsp;subfamily",73.2
690850.Desaf_2760,fabZ,3-hydroxyacyl-[acyl-carrier-protein]&nbsp;dehydratase&nbsp;FabZ,73.2
690850.Desaf_3363,Desaf_3363,KEGG:&nbsp;dba:Dbac_2647&nbsp;methyl-accepting&nbsp;chemotaxis&nbsp;sensory&nbsp;transducer,73.1
690850.Desaf_3470,Desaf_3470,"PFAM:&nbsp;Extracellular&nbsp;solute-binding&nbsp;protein,&nbsp;family&nbsp;7,&nbsp;bacteria",73.1
690850.Desaf_1686,Desaf_1686,PFAM:&nbsp;Fumarate&nbsp;reductase&nbsp;respiratory&nbsp;complex,73.1
690850.Desaf_3129,Desaf_3129,KEGG:&nbsp;dsa:Desal_2048&nbsp;hydrogenase&nbsp;maturation&nbsp;protease,73.0
690850.Desaf_0346,Desaf_0346,"PFAM:&nbsp;Peptidyl-prolyl&nbsp;cis-trans&nbsp;isomerase,&nbsp;PpiC-type",73.0
690850.Desaf_0428,Desaf_0428,Peptidase&nbsp;C1A&nbsp;papain,73.0
690850.Desaf_3253,Desaf_3253,"PFAM:&nbsp;Glycosyl&nbsp;transferase,&nbsp;family&nbsp;9",73.0
690850.Desaf_1615,nuoN,NADH-quinone&nbsp;oxidoreductase&nbsp;subunit&nbsp;N,73.0
690850.Desaf_3600,Desaf_3600,Enolase,72.9
690850.Desaf_2100,Desaf_2100,PFAM:&nbsp;GCN5-related&nbsp;N-acetyltransferase,72.8
690850.Desaf_1041,Desaf_1041,Multi-sensor&nbsp;hybrid&nbsp;histidine&nbsp;kinase,72.8
690850.Desaf_1687,Desaf_1687,"TIGRFAM:&nbsp;Succinate&nbsp;dehydrogenase/fumarate&nbsp;reductase,&nbsp;flavoprotein&nbsp;subunit",72.7
690850.Desaf_1691,Desaf_1691,"PFAM:&nbsp;Malic&nbsp;enzyme,&nbsp;NAD-binding",72.7
690850.Desaf_1964,Desaf_1964,"PFAM:&nbsp;Aminotransferase,&nbsp;class&nbsp;I/II",72.7
690850.Desaf_1969,Desaf_1969,"KEGG:&nbsp;dba:Dbac_0786&nbsp;dissimilatory&nbsp;siroheme-sulfite&nbsp;reductase,&nbsp;gamma&nbsp;subunit-like&nbsp;protein",72.7
690850.Desaf_0767,Desaf_0767,PFAM:&nbsp;Nitrogen&nbsp;regulatory&nbsp;protein&nbsp;PII,72.7
690850.Desaf_0075,Desaf_0075,FolC&nbsp;bifunctional&nbsp;protein,72.7
690850.Desaf_3260,leuB,3-isopropylmalate&nbsp;dehydrogenase,72.7
690850.Desaf_2403,Desaf_2403,Basal-body&nbsp;rod&nbsp;modification&nbsp;protein&nbsp;FlgD,72.7
690850.Desaf_1060,Desaf_1060,"PFAM:&nbsp;ATP-grasp&nbsp;fold,&nbsp;RimK-type",72.7
690850.Desaf_2748,Desaf_2748,"KEGG:&nbsp;dsa:Desal_3679&nbsp;two&nbsp;component,&nbsp;sigma54&nbsp;specific,&nbsp;transcriptional&nbsp;regulator,&nbsp;fis&nbsp;family",72.7
690850.Desaf_2799,argG,PFAM:&nbsp;Argininosuccinate&nbsp;synthase,72.7
690850.Desaf_0486,Desaf_0486,"Efflux&nbsp;transporter,&nbsp;RND&nbsp;family,&nbsp;MFP&nbsp;subunit",72.7
690850.Desaf_3230,Desaf_3230,KEGG:&nbsp;dba:Dbac_0464&nbsp;hypothetical&nbsp;protein,72.6
690850.Desaf_0172,rpsB,KEGG:&nbsp;dvm:DvMF_2924&nbsp;30S&nbsp;ribosomal&nbsp;protein&nbsp;S2,72.6
690850.Desaf_2791,clpP,ATP-dependent&nbsp;Clp&nbsp;protease&nbsp;proteolytic&nbsp;subunit,72.5
690850.Desaf_1553,Desaf_1553,"KEGG:&nbsp;dsa:Desal_2987&nbsp;transcriptional&nbsp;regulator,&nbsp;BadM/Rrf2&nbsp;family",72.5
690850.Desaf_1983,obg,GTPase&nbsp;Obg,72.5
690850.Desaf_3656,Desaf_3656,"KEGG:&nbsp;dba:Dbac_0808&nbsp;polar&nbsp;amino&nbsp;acid&nbsp;ABC&nbsp;transporter,&nbsp;inner&nbsp;membrane&nbsp;subunit",72.4
690850.Desaf_0338,Desaf_0338,"TIGRFAM:&nbsp;Adenylylsulphate&nbsp;reductase,&nbsp;alpha&nbsp;subunit",72.4
690850.Desaf_0081,Desaf_0081,"ABC-type&nbsp;transporter,&nbsp;integral&nbsp;membrane&nbsp;subunit",72.3
690850.Desaf_0942,Desaf_0942,"PFAM:&nbsp;Protein&nbsp;of&nbsp;unknown&nbsp;function&nbsp;DUF214,&nbsp;permase&nbsp;predicted",72.3
690850.Desaf_2972,Desaf_2972,"TIGRFAM:&nbsp;Adenylylsulphate&nbsp;kinase,&nbsp;C-terminal",72.3
690850.Desaf_2061,Desaf_2061,Response&nbsp;regulator&nbsp;receiver&nbsp;protein,72.3
690850.Desaf_1192,Desaf_1192,"SMART:&nbsp;DNA&nbsp;polymerase&nbsp;III,&nbsp;beta&nbsp;chain",72.3
690850.Desaf_0186,Desaf_0186,KEGG:&nbsp;dvm:DvMF_1439&nbsp;putative&nbsp;phytochrome&nbsp;sensor&nbsp;protein,72.1
690850.Desaf_0956,Desaf_0956,KEGG:&nbsp;cyc:PCC7424_2216&nbsp;hypothetical&nbsp;protein,72.1
690850.Desaf_2271,Desaf_2271,KEGG:&nbsp;drt:Dret_1121&nbsp;acetyl-CoA&nbsp;carboxylase,72.0
690850.Desaf_2554,Desaf_2554,KEGG:&nbsp;dba:Dbac_1917&nbsp;methyl-accepting&nbsp;chemotaxis&nbsp;sensory&nbsp;transducer,72.0
690850.Desaf_0332,Desaf_0332,PFAM:&nbsp;Extracellular&nbsp;ligand-binding&nbsp;receptor,72.0
690850.Desaf_3633,Desaf_3633,NADH&nbsp;dehydrogenase&nbsp;(Quinone),72.0
690850.Desaf_1418,Desaf_1418,"PFAM:&nbsp;DNA&nbsp;helicase,&nbsp;UvrD/REP&nbsp;type",71.9
690850.Desaf_3414,Desaf_3414,KEGG:&nbsp;dsa:Desal_0697&nbsp;peptidoglycan&nbsp;glycosyltransferase,71.9
690850.Desaf_1883,Desaf_1883,PFAM:&nbsp;Nitrogen&nbsp;regulatory&nbsp;protein&nbsp;PII,71.8
690850.Desaf_2322,Desaf_2322,"SMART:&nbsp;ATPase,&nbsp;AAA+&nbsp;type,&nbsp;core",71.8
690850.Desaf_0744,Desaf_0744,"PFAM:&nbsp;ATPase,&nbsp;F1&nbsp;complex,&nbsp;gamma&nbsp;subunit",71.8
690850.Desaf_3720,Desaf_3720,"KEGG:&nbsp;drt:Dret_2154&nbsp;polar&nbsp;amino&nbsp;acid&nbsp;ABC&nbsp;transporter,&nbsp;inner&nbsp;membrane&nbsp;subunit",71.7
690850.Desaf_1376,Desaf_1376,PFAM:&nbsp;LVIVD,71.7
690850.Desaf_0978,Desaf_0978,Methyl-accepting&nbsp;chemotaxis&nbsp;sensory&nbsp;transducer&nbsp;with&nbsp;Cache&nbsp;sensor,71.7
690850.Desaf_2285,Desaf_2285,Response&nbsp;regulator&nbsp;receiver,71.7
690850.Desaf_2352,rpmF,TIGRFAM:&nbsp;Ribosomal&nbsp;protein&nbsp;L32p,71.7
690850.Desaf_2881,Desaf_2881,"PFAM:&nbsp;4Fe-4S&nbsp;ferredoxin,&nbsp;iron-sulphur&nbsp;binding,&nbsp;subgroup",71.6
690850.Desaf_3089,Desaf_3089,KEGG:&nbsp;dma:DMR_18270&nbsp;rod&nbsp;shape-determining&nbsp;protein&nbsp;MreB,71.6
690850.Desaf_3036,Desaf_3036,KEGG:&nbsp;hypothetical&nbsp;protein,71.6
690850.Desaf_1793,Desaf_1793,KEGG:&nbsp;dde:Dde_0234&nbsp;ABC&nbsp;transporter&nbsp;periplasmic&nbsp;substrate-binding&nbsp;protein,71.5
690850.Desaf_1417,mnmE,tRNA&nbsp;modification&nbsp;GTPase&nbsp;MnmE,71.5
690850.Desaf_1789,Desaf_1789,Fe(3+)-transporting&nbsp;ATPase,71.4
690850.Desaf_3189,Desaf_3189,KEGG:&nbsp;aar:Acear_1372&nbsp;response&nbsp;regulator&nbsp;receiver&nbsp;protein,71.4
690850.Desaf_1011,Desaf_1011,"TIGRFAM:&nbsp;Uroporphyrin-III&nbsp;C-methyltransferase,&nbsp;C-terminal",71.3
690850.Desaf_0001,dnaA,Chromosomal&nbsp;replication&nbsp;initiator&nbsp;protein&nbsp;DnaA,71.3
690850.Desaf_1384,Desaf_1384,Hydrogen&nbsp;dehydrogenase,71.2
690850.Desaf_3238,guaB,Inosine-5'-monophosphate&nbsp;dehydrogenase,71.2
690850.Desaf_0545,Desaf_0545,PFAM:&nbsp;Outer&nbsp;membrane&nbsp;efflux&nbsp;protein,71.2
690850.Desaf_0580,Desaf_0580,"PFAM:&nbsp;4Fe-4S&nbsp;ferredoxin,&nbsp;iron-sulphur&nbsp;binding,&nbsp;subgroup",71.1
690850.Desaf_2024,Desaf_2024,Histidine&nbsp;kinase,71.1
690850.Desaf_0883,Desaf_0883,"PFAM:&nbsp;Cupin&nbsp;2,&nbsp;conserved&nbsp;barrel",71.1
690850.Desaf_2009,Desaf_2009,"Efflux&nbsp;transporter,&nbsp;RND&nbsp;family,&nbsp;MFP&nbsp;subunit",71.1
690850.Desaf_0209,Desaf_0209,"TIGRFAM:&nbsp;DNA&nbsp;helicase,&nbsp;ATP-dependent,&nbsp;RecQ&nbsp;type,&nbsp;bacterial",71.1
690850.Desaf_0200,Desaf_0200,PFAM:&nbsp;Type&nbsp;II&nbsp;secretion&nbsp;system&nbsp;F&nbsp;domain,71.1
690850.Desaf_2988,Desaf_2988,Probable&nbsp;chemoreceptor&nbsp;glutamine&nbsp;deamidase&nbsp;CheD,71.0
690850.Desaf_3168,hpf,Ribosome&nbsp;hibernation&nbsp;promoting&nbsp;factor,71.0
690850.Desaf_2477,Desaf_2477,KEGG:&nbsp;dba:Dbac_2945&nbsp;hypothetical&nbsp;protein,70.9
690850.Desaf_0397,Desaf_0397,PFAM:&nbsp;Secretion&nbsp;protein&nbsp;HlyD,70.9
690850.Desaf_2329,Desaf_2329,KEGG:&nbsp;rmr:Rmar_2034&nbsp;short-chain&nbsp;dehydrogenase/reductase&nbsp;SDR,70.9
690850.Desaf_1385,Desaf_1385,"PFAM:&nbsp;NADH:ubiquinone&nbsp;oxidoreductase-like,&nbsp;20kDa&nbsp;subunit",70.8
690850.Desaf_3288,Desaf_3288,"PFAM:&nbsp;4Fe-4S&nbsp;ferredoxin,&nbsp;iron-sulphur&nbsp;binding,&nbsp;subgroup",70.8
690850.Desaf_0874,Desaf_0874,Phosphate-specific&nbsp;transport&nbsp;system&nbsp;accessory&nbsp;protein&nbsp;PhoU,70.7
690850.Desaf_0162,Desaf_0162,KEGG:&nbsp;dba:Dbac_1014&nbsp;zinc&nbsp;resistance-associated&nbsp;protein,70.7
690850.Desaf_3500,Desaf_3500,PKD&nbsp;domain&nbsp;containing&nbsp;protein,70.7
690850.Desaf_3677,Desaf_3677,"PFAM:&nbsp;Beta-ketoacyl&nbsp;synthase,&nbsp;N-terminal",70.7
690850.Desaf_1362,Desaf_1362,PFAM:&nbsp;CDP-alcohol&nbsp;phosphatidyltransferase,70.6
690850.Desaf_2755,Desaf_2755,"KEGG:&nbsp;lipoprotein&nbsp;releasing&nbsp;system,&nbsp;transmembrane&nbsp;protein,&nbsp;LolC/E&nbsp;family",70.6
690850.Desaf_0131,Desaf_0131,KEGG:&nbsp;dba:Dbac_0140&nbsp;hydrogenase&nbsp;expression/formation&nbsp;protein&nbsp;HypE,70.6
690850.Desaf_2994,tatA,Sec-independent&nbsp;protein&nbsp;translocase&nbsp;protein&nbsp;TatA,70.6
690850.Desaf_1511,Desaf_1511,Signal&nbsp;transduction&nbsp;histidine&nbsp;kinase,70.5
690850.Desaf_3204,purC,PFAM:&nbsp;SAICAR&nbsp;synthetase,70.4
690850.Desaf_1340,Desaf_1340,PFAM:&nbsp;Acriflavin&nbsp;resistance&nbsp;protein,70.4
690850.Desaf_3044,Desaf_3044,Chemotaxis&nbsp;response&nbsp;regulator&nbsp;protein-glutamate&nbsp;methylesterase,70.4
690850.Desaf_2343,Desaf_2343,"Riboflavin&nbsp;synthase,&nbsp;alpha&nbsp;subunit",70.3
690850.Desaf_0581,Desaf_0581,NADH&nbsp;dehydrogenase&nbsp;(Quinone),70.3
690850.Desaf_2206,rplE,50S&nbsp;ribosomal&nbsp;protein&nbsp;L5,70.2
690850.Desaf_2654,Desaf_2654,Flagellar&nbsp;hook-associated&nbsp;protein&nbsp;2,70.1
690850.Desaf_1286,Desaf_1286,KEGG:&nbsp;dvm:DvMF_2531&nbsp;cytochrome&nbsp;bd-type&nbsp;quinol&nbsp;oxidase&nbsp;subunit&nbsp;1-like&nbsp;protein,70.1
690850.Desaf_2008,Desaf_2008,"Two&nbsp;component&nbsp;transcriptional&nbsp;regulator,&nbsp;winged&nbsp;helix&nbsp;family",70.1
690850.Desaf_1140,Desaf_1140,PFAM:&nbsp;Alcohol&nbsp;dehydrogenase&nbsp;GroES-like,70.1
