717231.Flexsi_2329,groS,10&nbsp;kDa&nbsp;chaperonin,98.9
717231.Flexsi_0469,rplV,50S&nbsp;ribosomal&nbsp;protein&nbsp;L22,98.8
717231.Flexsi_0030,AEI13728.1,annotation&nbsp;not&nbsp;available,98.3
717231.Flexsi_0788,gpmI,"2,3-bisphosphoglycerate-independent&nbsp;phosphoglycerate&nbsp;mutase",98.0
717231.Flexsi_0535,AEI14219.1,annotation&nbsp;not&nbsp;available,98.0
717231.Flexsi_0119,acpP,Acyl&nbsp;carrier&nbsp;protein,98.0
717231.Flexsi_1775,AEI15415.1,annotation&nbsp;not&nbsp;available,97.9
717231.Flexsi_1047,plsY,Glycerol-3-phosphate&nbsp;acyltransferase,97.7
717231.Flexsi_2254,AEI15873.1,NH(3)-dependent&nbsp;NAD(+)&nbsp;synthetase,97.3
717231.Flexsi_0567,AEI14248.1,annotation&nbsp;not&nbsp;available,97.3
717231.Flexsi_1023,AEI14681.1,annotation&nbsp;not&nbsp;available,97.2
717231.Flexsi_0164,rpsU,annotation&nbsp;not&nbsp;available,97.0
717231.Flexsi_2106,AEI15731.1,annotation&nbsp;not&nbsp;available,97.0
717231.Flexsi_0202,nuoD,NADH-quinone&nbsp;oxidoreductase&nbsp;subunit&nbsp;D,96.9
717231.Flexsi_0272,AEI13962.1,annotation&nbsp;not&nbsp;available,96.7
717231.Flexsi_1721,pheS,annotation&nbsp;not&nbsp;available,96.7
717231.Flexsi_1857,AEI15495.1,annotation&nbsp;not&nbsp;available,96.0
717231.Flexsi_0783,AEI14453.1,annotation&nbsp;not&nbsp;available,96.0
717231.Flexsi_1959,rpsI,annotation&nbsp;not&nbsp;available,96.0
717231.Flexsi_0907,AEI14569.1,annotation&nbsp;not&nbsp;available,95.9
717231.Flexsi_1774,AEI15414.1,annotation&nbsp;not&nbsp;available,95.8
717231.Flexsi_0624,hisZ,ATP&nbsp;phosphoribosyltransferase&nbsp;regulatory&nbsp;subunit,95.6
717231.Flexsi_2085,AEI15711.1,tRNA-specific&nbsp;2-thiouridylase&nbsp;MnmA,95.5
717231.Flexsi_0627,AEI14304.1,annotation&nbsp;not&nbsp;available,95.5
717231.Flexsi_0606,AEI14284.1,ATP-dependent&nbsp;dethiobiotin&nbsp;synthetase&nbsp;BioD,95.5
717231.Flexsi_1512,AEI15162.1,annotation&nbsp;not&nbsp;available,95.5
717231.Flexsi_2200,AEI15822.1,annotation&nbsp;not&nbsp;available,95.2
717231.Flexsi_1542,AEI15192.1,annotation&nbsp;not&nbsp;available,95.1
717231.Flexsi_1661,AEI15309.1,annotation&nbsp;not&nbsp;available,94.9
717231.Flexsi_1952,hisG,ATP&nbsp;phosphoribosyltransferase,94.8
717231.Flexsi_0611,AEI14289.1,annotation&nbsp;not&nbsp;available,94.8
717231.Flexsi_1808,guaB,Inosine-5'-monophosphate&nbsp;dehydrogenase,94.6
717231.Flexsi_1092,proC,Pyrroline-5-carboxylate&nbsp;reductase,94.4
717231.Flexsi_1767,AEI15407.1,annotation&nbsp;not&nbsp;available,94.3
717231.Flexsi_2201,AEI15823.1,annotation&nbsp;not&nbsp;available,94.1
717231.Flexsi_0470,rpsC,30S&nbsp;ribosomal&nbsp;protein&nbsp;S3,94.0
717231.Flexsi_0691,AEI14366.1,annotation&nbsp;not&nbsp;available,94.0
717231.Flexsi_2313,AEI15927.1,annotation&nbsp;not&nbsp;available,93.9
717231.Flexsi_2204,rpmA,annotation&nbsp;not&nbsp;available,93.9
717231.Flexsi_0243,AEI13935.1,annotation&nbsp;not&nbsp;available,93.5
717231.Flexsi_2328,groL,60&nbsp;kDa&nbsp;chaperonin,93.3
717231.Flexsi_0073,glnD,Bifunctional&nbsp;uridylyltransferase/uridylyl-removing&nbsp;enzyme,93.3
717231.Flexsi_0445,AEI14132.1,annotation&nbsp;not&nbsp;available,93.3
717231.Flexsi_2021,trpF,annotation&nbsp;not&nbsp;available,93.2
717231.Flexsi_0135,gatB,Aspartyl/glutamyl-tRNA(Asn/Gln)&nbsp;amidotransferase&nbsp;subunit&nbsp;B,93.2
717231.Flexsi_0242,AEI13934.1,annotation&nbsp;not&nbsp;available,92.9
717231.Flexsi_1695,AEI15342.1,ATP&nbsp;synthase&nbsp;subunit&nbsp;b,92.8
717231.Flexsi_0052,AEI13749.1,annotation&nbsp;not&nbsp;available,92.8
717231.Flexsi_2311,AEI15925.1,annotation&nbsp;not&nbsp;available,92.7
717231.Flexsi_0309,AEI13999.1,annotation&nbsp;not&nbsp;available,92.4
717231.Flexsi_0780,AEI14450.1,annotation&nbsp;not&nbsp;available,92.2
717231.Flexsi_0517,AEI14204.1,annotation&nbsp;not&nbsp;available,92.1
717231.Flexsi_2081,hslV,ATP-dependent&nbsp;protease&nbsp;subunit&nbsp;HslV,92.0
717231.Flexsi_0087,AEI13783.1,annotation&nbsp;not&nbsp;available,92.0
717231.Flexsi_1406,AEI15056.1,annotation&nbsp;not&nbsp;available,91.9
717231.Flexsi_1967,coaE,Dephospho-CoA&nbsp;kinase,91.8
717231.Flexsi_0197,rpsF,30S&nbsp;ribosomal&nbsp;protein&nbsp;S6,91.5
717231.Flexsi_0664,fumC,Fumarate&nbsp;hydratase&nbsp;class&nbsp;II,91.5
717231.Flexsi_0558,AEI14239.1,annotation&nbsp;not&nbsp;available,91.5
717231.Flexsi_1081,AEI14738.1,annotation&nbsp;not&nbsp;available,91.4
717231.Flexsi_1516,ftsY,Signal&nbsp;recognition&nbsp;particle&nbsp;receptor&nbsp;FtsY,91.3
717231.Flexsi_0539,AEI14223.1,annotation&nbsp;not&nbsp;available,91.3
717231.Flexsi_0278,AEI13968.1,annotation&nbsp;not&nbsp;available,91.1
717231.Flexsi_2119,tal,Probable&nbsp;transaldolase,91.0
717231.Flexsi_1854,AEI15492.1,annotation&nbsp;not&nbsp;available,90.9
717231.Flexsi_2137,hisH,Imidazole&nbsp;glycerol&nbsp;phosphate&nbsp;synthase&nbsp;subunit&nbsp;HisH,90.5
717231.Flexsi_0808,Flexsi_0808,annotation&nbsp;not&nbsp;available,90.3
717231.Flexsi_1393,AEI15043.1,annotation&nbsp;not&nbsp;available,90.2
717231.Flexsi_0762,AEI14433.1,annotation&nbsp;not&nbsp;available,90.2
717231.Flexsi_0053,AEI13750.1,annotation&nbsp;not&nbsp;available,90.0
717231.Flexsi_1218,carB,annotation&nbsp;not&nbsp;available,90.0
717231.Flexsi_1966,ffh,Signal&nbsp;recognition&nbsp;particle&nbsp;protein,89.8
717231.Flexsi_0459,rpsL,30S&nbsp;ribosomal&nbsp;protein&nbsp;S12,89.6
717231.Flexsi_2340,AEI15952.1,annotation&nbsp;not&nbsp;available,89.5
717231.Flexsi_0063,AEI13759.1,annotation&nbsp;not&nbsp;available,89.4
717231.Flexsi_1675,ftsA,Cell&nbsp;division&nbsp;protein&nbsp;FtsA,89.3
717231.Flexsi_0480,rplR,50S&nbsp;ribosomal&nbsp;protein&nbsp;L18,89.1
717231.Flexsi_2237,AEI15858.1,annotation&nbsp;not&nbsp;available,88.8
717231.Flexsi_2020,AEI15649.1,annotation&nbsp;not&nbsp;available,88.7
717231.Flexsi_1199,AEI14854.1,Phenylacetate-coenzyme&nbsp;A&nbsp;ligase,88.7
717231.Flexsi_0102,AEI13798.1,annotation&nbsp;not&nbsp;available,88.5
717231.Flexsi_0002,AEI13700.1,Beta&nbsp;sliding&nbsp;clamp,88.5
717231.Flexsi_1965,rpsP,annotation&nbsp;not&nbsp;available,88.5
717231.Flexsi_2017,AEI15646.1,annotation&nbsp;not&nbsp;available,88.2
717231.Flexsi_2170,AEI15792.1,annotation&nbsp;not&nbsp;available,88.2
717231.Flexsi_1543,AEI15193.1,annotation&nbsp;not&nbsp;available,87.8
717231.Flexsi_1239,AEI14894.1,annotation&nbsp;not&nbsp;available,87.8
717231.Flexsi_1251,AEI14906.1,annotation&nbsp;not&nbsp;available,87.8
717231.Flexsi_1807,guaA,GMP&nbsp;synthase&nbsp;[glutamine-hydrolyzing],87.7
717231.Flexsi_0107,AEI13803.1,annotation&nbsp;not&nbsp;available,87.7
717231.Flexsi_0035,thiE,Thiamine-phosphate&nbsp;synthase,87.7
717231.Flexsi_1754,AEI15394.1,annotation&nbsp;not&nbsp;available,87.6
717231.Flexsi_1492,AEI15142.1,annotation&nbsp;not&nbsp;available,87.6
717231.Flexsi_1018,Flexsi_1018,annotation&nbsp;not&nbsp;available,87.6
717231.Flexsi_2080,hslU,ATP-dependent&nbsp;protease&nbsp;ATPase&nbsp;subunit&nbsp;HslU,87.5
717231.Flexsi_0204,AEI13896.1,annotation&nbsp;not&nbsp;available,87.4
717231.Flexsi_0335,purS,Phosphoribosylformylglycinamidine&nbsp;synthase&nbsp;subunit&nbsp;PurS,87.3
717231.Flexsi_0694,AEI14369.1,annotation&nbsp;not&nbsp;available,87.3
717231.Flexsi_1674,ftsZ,Cell&nbsp;division&nbsp;protein&nbsp;FtsZ,86.9
717231.Flexsi_1476,rpsO,30S&nbsp;ribosomal&nbsp;protein&nbsp;S15,86.6
717231.Flexsi_0086,glyS,annotation&nbsp;not&nbsp;available,86.6
717231.Flexsi_0105,purN,Phosphoribosylglycinamide&nbsp;formyltransferase,86.3
717231.Flexsi_0726,AEI14400.1,annotation&nbsp;not&nbsp;available,86.1
717231.Flexsi_0406,AEI14094.1,annotation&nbsp;not&nbsp;available,86.1
717231.Flexsi_1194,AEI14849.1,annotation&nbsp;not&nbsp;available,86.0
717231.Flexsi_1792,AEI15430.1,annotation&nbsp;not&nbsp;available,85.9
717231.Flexsi_1773,AEI15413.1,annotation&nbsp;not&nbsp;available,85.8
717231.Flexsi_0473,rpsQ,30S&nbsp;ribosomal&nbsp;protein&nbsp;S17,85.7
717231.Flexsi_1557,AEI15207.1,annotation&nbsp;not&nbsp;available,85.5
717231.Flexsi_1809,AEI15447.1,NH(3)-dependent&nbsp;NAD(+)&nbsp;synthetase,85.5
717231.Flexsi_0749,AEI14420.1,annotation&nbsp;not&nbsp;available,85.5
717231.Flexsi_0129,glmS,Glutamine--fructose-6-phosphate&nbsp;aminotransferase&nbsp;[isomerizing],85.3
717231.Flexsi_0809,AEI14477.1,annotation&nbsp;not&nbsp;available,85.3
717231.Flexsi_0782,AEI14452.1,Biotin&nbsp;synthase,85.2
717231.Flexsi_1692,atpA,ATP&nbsp;synthase&nbsp;subunit&nbsp;alpha,85.2
717231.Flexsi_1185,speH,S-adenosylmethionine&nbsp;decarboxylase&nbsp;proenzyme,85.1
717231.Flexsi_1627,AEI15276.1,annotation&nbsp;not&nbsp;available,85.0
717231.Flexsi_1075,AEI14732.1,annotation&nbsp;not&nbsp;available,84.9
717231.Flexsi_1355,AEI15005.1,annotation&nbsp;not&nbsp;available,84.9
717231.Flexsi_0812,AEI14480.1,annotation&nbsp;not&nbsp;available,84.9
717231.Flexsi_0579,AEI14258.1,annotation&nbsp;not&nbsp;available,84.8
717231.Flexsi_0764,AEI14435.1,annotation&nbsp;not&nbsp;available,84.6
717231.Flexsi_1057,upp,Uracil&nbsp;phosphoribosyltransferase,84.4
717231.Flexsi_0588,AEI14267.1,tRNA-specific&nbsp;2-thiouridylase&nbsp;MnmA,84.4
717231.Flexsi_0685,AEI14360.1,annotation&nbsp;not&nbsp;available,84.3
717231.Flexsi_0310,cysD,annotation&nbsp;not&nbsp;available,84.2
717231.Flexsi_0454,rplA,50S&nbsp;ribosomal&nbsp;protein&nbsp;L1,84.2
717231.Flexsi_0200,nuoB,NADH-quinone&nbsp;oxidoreductase&nbsp;subunit&nbsp;B,84.2
717231.Flexsi_1261,rpsT,30S&nbsp;ribosomal&nbsp;protein&nbsp;S20,84.2
717231.Flexsi_1198,AEI14853.1,annotation&nbsp;not&nbsp;available,84.1
717231.Flexsi_0487,rpmJ,annotation&nbsp;not&nbsp;available,83.7
717231.Flexsi_0502,atpE,ATP&nbsp;synthase&nbsp;subunit&nbsp;c,83.6
717231.Flexsi_0825,AEI14491.1,annotation&nbsp;not&nbsp;available,83.6
717231.Flexsi_2018,AEI15647.1,annotation&nbsp;not&nbsp;available,83.6
717231.Flexsi_1292,AEI14944.1,annotation&nbsp;not&nbsp;available,83.5
717231.Flexsi_1041,xseA,Exodeoxyribonuclease&nbsp;7&nbsp;large&nbsp;subunit,83.5
717231.Flexsi_0460,rpsG,30S&nbsp;ribosomal&nbsp;protein&nbsp;S7,83.1
717231.Flexsi_0120,AEI13816.1,annotation&nbsp;not&nbsp;available,83.0
717231.Flexsi_0206,nuoH,NADH-quinone&nbsp;oxidoreductase&nbsp;subunit&nbsp;H,83.0
717231.Flexsi_0110,AEI13806.1,annotation&nbsp;not&nbsp;available,82.8
717231.Flexsi_1197,AEI14852.1,annotation&nbsp;not&nbsp;available,82.7
717231.Flexsi_1109,AEI14765.1,annotation&nbsp;not&nbsp;available,82.6
717231.Flexsi_2096,AEI15721.1,annotation&nbsp;not&nbsp;available,82.6
717231.Flexsi_0984,AEI14643.1,annotation&nbsp;not&nbsp;available,82.4
717231.Flexsi_0532,AEI14216.1,annotation&nbsp;not&nbsp;available,82.4
717231.Flexsi_1473,AEI15123.1,annotation&nbsp;not&nbsp;available,82.2
717231.Flexsi_2240,AEI15861.1,annotation&nbsp;not&nbsp;available,82.2
717231.Flexsi_1226,AEI14881.1,annotation&nbsp;not&nbsp;available,82.1
717231.Flexsi_0029,AEI13727.1,annotation&nbsp;not&nbsp;available,81.9
717231.Flexsi_0337,purL,Phosphoribosylformylglycinamidine&nbsp;synthase&nbsp;subunit&nbsp;PurL,81.8
717231.Flexsi_2238,AEI15859.1,annotation&nbsp;not&nbsp;available,81.8
717231.Flexsi_1957,thyX,Flavin-dependent&nbsp;thymidylate&nbsp;synthase,81.7
717231.Flexsi_2312,AEI15926.1,annotation&nbsp;not&nbsp;available,81.7
717231.Flexsi_0109,AEI13805.1,annotation&nbsp;not&nbsp;available,81.7
717231.Flexsi_1720,pheT,annotation&nbsp;not&nbsp;available,81.6
717231.Flexsi_2323,Flexsi_2323,annotation&nbsp;not&nbsp;available,81.5
717231.Flexsi_0111,AEI13807.1,annotation&nbsp;not&nbsp;available,81.4
717231.Flexsi_1814,hppA,Putative&nbsp;K(+)-stimulated&nbsp;pyrophosphate-energized&nbsp;sodium&nbsp;pump,81.3
717231.Flexsi_0074,secF,Protein-export&nbsp;membrane&nbsp;protein&nbsp;SecF,81.2
717231.Flexsi_0062,Flexsi_0062,annotation&nbsp;not&nbsp;available,81.2
717231.Flexsi_1293,AEI14945.1,Tryptophan&nbsp;synthase&nbsp;beta&nbsp;chain,81.1
717231.Flexsi_2064,AEI15691.1,annotation&nbsp;not&nbsp;available,81.0
717231.Flexsi_1633,AEI15282.1,annotation&nbsp;not&nbsp;available,81.0
717231.Flexsi_0941,AEI14601.1,annotation&nbsp;not&nbsp;available,80.9
717231.Flexsi_0750,leuB,3-isopropylmalate&nbsp;dehydrogenase,80.8
717231.Flexsi_0794,purH,annotation&nbsp;not&nbsp;available,80.8
717231.Flexsi_0124,rpmF,annotation&nbsp;not&nbsp;available,80.7
717231.Flexsi_0488,rpsM,30S&nbsp;ribosomal&nbsp;protein&nbsp;S13,80.4
717231.Flexsi_0031,AEI13729.1,annotation&nbsp;not&nbsp;available,80.3
717231.Flexsi_0465,rplD,50S&nbsp;ribosomal&nbsp;protein&nbsp;L4,80.3
717231.Flexsi_2331,AEI15943.1,3-isopropylmalate&nbsp;dehydratase&nbsp;small&nbsp;subunit,80.3
717231.Flexsi_2338,AEI15950.1,annotation&nbsp;not&nbsp;available,80.2
717231.Flexsi_1241,AEI14896.1,annotation&nbsp;not&nbsp;available,80.2
717231.Flexsi_1772,AEI15412.1,annotation&nbsp;not&nbsp;available,80.2
717231.Flexsi_0476,rplE,50S&nbsp;ribosomal&nbsp;protein&nbsp;L5,80.1
717231.Flexsi_1829,AEI15467.1,annotation&nbsp;not&nbsp;available,80.1
717231.Flexsi_1196,AEI14851.1,annotation&nbsp;not&nbsp;available,80.1
717231.Flexsi_2160,AEI15782.1,annotation&nbsp;not&nbsp;available,79.9
717231.Flexsi_1290,AEI14942.1,annotation&nbsp;not&nbsp;available,79.8
717231.Flexsi_1357,AEI15007.1,annotation&nbsp;not&nbsp;available,79.7
717231.Flexsi_1050,ribBA,Riboflavin&nbsp;biosynthesis&nbsp;protein&nbsp;RibBA,79.6
717231.Flexsi_1121,AEI14777.1,annotation&nbsp;not&nbsp;available,79.6
717231.Flexsi_0690,sucD,Succinate--CoA&nbsp;ligase&nbsp;[ADP-forming]&nbsp;subunit&nbsp;alpha,79.6
717231.Flexsi_0457,rpoB,DNA-directed&nbsp;RNA&nbsp;polymerase&nbsp;subunit&nbsp;beta,79.6
717231.Flexsi_1958,rpmE,50S&nbsp;ribosomal&nbsp;protein&nbsp;L31,79.3
717231.Flexsi_0992,AEI14651.1,annotation&nbsp;not&nbsp;available,79.3
717231.Flexsi_1250,AEI14905.1,annotation&nbsp;not&nbsp;available,79.2
717231.Flexsi_1843,hisC,annotation&nbsp;not&nbsp;available,79.2
717231.Flexsi_0975,acpS,Holo-[acyl-carrier-protein]&nbsp;synthase,79.1
717231.Flexsi_1228,AEI14883.1,annotation&nbsp;not&nbsp;available,79.1
717231.Flexsi_0175,hcp,Hydroxylamine&nbsp;reductase,79.0
717231.Flexsi_1407,AEI15057.1,annotation&nbsp;not&nbsp;available,78.9
717231.Flexsi_2022,AEI15651.1,Tryptophan&nbsp;synthase&nbsp;beta&nbsp;chain,78.9
717231.Flexsi_0844,AEI14508.1,annotation&nbsp;not&nbsp;available,78.8
717231.Flexsi_1433,AEI15083.1,annotation&nbsp;not&nbsp;available,78.6
717231.Flexsi_1388,AEI15038.1,annotation&nbsp;not&nbsp;available,78.6
717231.Flexsi_2029,glyQ,annotation&nbsp;not&nbsp;available,78.5
717231.Flexsi_2282,AEI15897.1,annotation&nbsp;not&nbsp;available,78.3
717231.Flexsi_2315,AEI15929.1,annotation&nbsp;not&nbsp;available,78.0
717231.Flexsi_1723,rpmI,annotation&nbsp;not&nbsp;available,77.9
717231.Flexsi_2169,AEI15791.1,annotation&nbsp;not&nbsp;available,77.9
717231.Flexsi_0397,AEI14085.1,annotation&nbsp;not&nbsp;available,77.7
717231.Flexsi_0605,AEI14283.1,annotation&nbsp;not&nbsp;available,77.7
717231.Flexsi_0203,AEI13895.1,annotation&nbsp;not&nbsp;available,77.6
717231.Flexsi_0731,AEI14405.1,annotation&nbsp;not&nbsp;available,77.6
717231.Flexsi_1667,AEI15315.1,annotation&nbsp;not&nbsp;available,77.4
717231.Flexsi_0433,AEI14121.1,annotation&nbsp;not&nbsp;available,77.2
717231.Flexsi_1797,AEI15435.1,Phosphate&nbsp;transport&nbsp;system&nbsp;permease&nbsp;protein,77.1
717231.Flexsi_0179,AEI13871.1,annotation&nbsp;not&nbsp;available,77.1
717231.Flexsi_0455,rplJ,50S&nbsp;ribosomal&nbsp;protein&nbsp;L10,76.9
717231.Flexsi_0684,AEI14359.1,annotation&nbsp;not&nbsp;available,76.9
717231.Flexsi_1690,atpD,ATP&nbsp;synthase&nbsp;subunit&nbsp;beta,76.9
717231.Flexsi_1641,rpsB,annotation&nbsp;not&nbsp;available,76.7
717231.Flexsi_0659,AEI14335.1,annotation&nbsp;not&nbsp;available,76.6
717231.Flexsi_0774,AEI14444.1,annotation&nbsp;not&nbsp;available,76.6
717231.Flexsi_0686,AEI14361.1,annotation&nbsp;not&nbsp;available,76.5
717231.Flexsi_0697,AEI14372.1,annotation&nbsp;not&nbsp;available,76.5
717231.Flexsi_0936,AEI14596.1,annotation&nbsp;not&nbsp;available,76.5
717231.Flexsi_0008,gidA,tRNA&nbsp;uridine&nbsp;5-carboxymethylaminomethyl&nbsp;modification&nbsp;enzyme&nbsp;MnmG,76.5
717231.Flexsi_0810,AEI14478.1,annotation&nbsp;not&nbsp;available,76.2
717231.Flexsi_1085,pfkA,ATP-dependent&nbsp;6-phosphofructokinase,76.2
717231.Flexsi_1037,hfq,RNA-binding&nbsp;protein&nbsp;Hfq,76.1
717231.Flexsi_0699,AEI14374.1,annotation&nbsp;not&nbsp;available,76.0
717231.Flexsi_2145,rplI,50S&nbsp;ribosomal&nbsp;protein&nbsp;L9,76.0
717231.Flexsi_1531,AEI15181.1,annotation&nbsp;not&nbsp;available,75.9
717231.Flexsi_1646,AEI15295.1,annotation&nbsp;not&nbsp;available,75.9
717231.Flexsi_2058,AEI15685.1,annotation&nbsp;not&nbsp;available,75.9
717231.Flexsi_2122,yidC,Membrane&nbsp;protein&nbsp;insertase&nbsp;YidC,75.8
717231.Flexsi_1776,AEI15416.1,annotation&nbsp;not&nbsp;available,75.5
717231.Flexsi_1219,AEI14874.1,annotation&nbsp;not&nbsp;available,75.4
717231.Flexsi_0477,rpsN,30S&nbsp;ribosomal&nbsp;protein&nbsp;S14&nbsp;type&nbsp;Z,75.3
717231.Flexsi_0450,rpmG,annotation&nbsp;not&nbsp;available,75.1
717231.Flexsi_1408,AEI15058.1,annotation&nbsp;not&nbsp;available,75.0
717231.Flexsi_0123,plsX,Phosphate&nbsp;acyltransferase,74.9
717231.Flexsi_1534,AEI15184.1,annotation&nbsp;not&nbsp;available,74.9
717231.Flexsi_1227,AEI14882.1,annotation&nbsp;not&nbsp;available,74.9
717231.Flexsi_1193,AEI14848.1,annotation&nbsp;not&nbsp;available,74.9
717231.Flexsi_0174,AEI13866.1,annotation&nbsp;not&nbsp;available,74.6
717231.Flexsi_2242,ctc,50S&nbsp;ribosomal&nbsp;protein&nbsp;L25,74.6
717231.Flexsi_2287,AEI15902.1,annotation&nbsp;not&nbsp;available,74.5
717231.Flexsi_0983,AEI14642.1,annotation&nbsp;not&nbsp;available,74.3
717231.Flexsi_1693,atpH,ATP&nbsp;synthase&nbsp;subunit&nbsp;delta,74.3
717231.Flexsi_2154,AEI15776.1,annotation&nbsp;not&nbsp;available,74.2
717231.Flexsi_1439,glyA,Serine&nbsp;hydroxymethyltransferase,74.2
717231.Flexsi_0153,AEI13847.1,annotation&nbsp;not&nbsp;available,74.2
717231.Flexsi_1504,AEI15154.1,annotation&nbsp;not&nbsp;available,74.1
717231.Flexsi_1666,AEI15314.1,annotation&nbsp;not&nbsp;available,74.1
717231.Flexsi_0727,AEI14401.1,annotation&nbsp;not&nbsp;available,74.0
717231.Flexsi_0208,AEI13900.1,annotation&nbsp;not&nbsp;available,73.8
717231.Flexsi_0790,AEI14460.1,annotation&nbsp;not&nbsp;available,73.6
717231.Flexsi_1518,AEI15168.1,Aconitate&nbsp;hydratase,73.5
717231.Flexsi_0245,AEI13937.1,annotation&nbsp;not&nbsp;available,73.5
717231.Flexsi_0763,AEI14434.1,annotation&nbsp;not&nbsp;available,73.3
717231.Flexsi_0713,AEI14388.1,annotation&nbsp;not&nbsp;available,73.3
717231.Flexsi_1820,AEI15458.1,annotation&nbsp;not&nbsp;available,73.2
717231.Flexsi_0580,AEI14259.1,annotation&nbsp;not&nbsp;available,73.2
717231.Flexsi_0453,rplK,50S&nbsp;ribosomal&nbsp;protein&nbsp;L11,73.0
717231.Flexsi_1837,AEI15475.1,annotation&nbsp;not&nbsp;available,72.9
717231.Flexsi_0108,AEI13804.1,annotation&nbsp;not&nbsp;available,72.9
717231.Flexsi_1872,AEI15508.1,annotation&nbsp;not&nbsp;available,72.9
717231.Flexsi_2330,leuC,3-isopropylmalate&nbsp;dehydratase&nbsp;large&nbsp;subunit,72.9
717231.Flexsi_0490,rpsD,30S&nbsp;ribosomal&nbsp;protein&nbsp;S4,72.9
717231.Flexsi_2209,AEI15831.1,annotation&nbsp;not&nbsp;available,72.9
717231.Flexsi_1217,AEI14872.1,annotation&nbsp;not&nbsp;available,72.8
717231.Flexsi_0482,rplO,50S&nbsp;ribosomal&nbsp;protein&nbsp;L15,72.8
717231.Flexsi_0757,AEI14428.1,annotation&nbsp;not&nbsp;available,72.8
717231.Flexsi_1722,rplT,50S&nbsp;ribosomal&nbsp;protein&nbsp;L20,72.8
717231.Flexsi_1242,AEI14897.1,annotation&nbsp;not&nbsp;available,72.8
717231.Flexsi_0121,AEI13817.1,annotation&nbsp;not&nbsp;available,72.7
717231.Flexsi_0212,nuoN,NADH-quinone&nbsp;oxidoreductase&nbsp;subunit&nbsp;N,72.4
717231.Flexsi_1016,AEI14675.1,annotation&nbsp;not&nbsp;available,72.3
717231.Flexsi_0800,AEI14470.1,annotation&nbsp;not&nbsp;available,72.1
717231.Flexsi_0080,ndk,Nucleoside&nbsp;diphosphate&nbsp;kinase,72.1
717231.Flexsi_0557,AEI14238.1,annotation&nbsp;not&nbsp;available,72.0
717231.Flexsi_0065,AEI13761.1,annotation&nbsp;not&nbsp;available,72.0
717231.Flexsi_1707,AEI15351.1,annotation&nbsp;not&nbsp;available,71.9
717231.Flexsi_1368,tsaD,tRNA&nbsp;N6-adenosine&nbsp;threonylcarbamoyltransferase,71.7
717231.Flexsi_1195,AEI14850.1,annotation&nbsp;not&nbsp;available,71.5
717231.Flexsi_0398,AEI14086.1,annotation&nbsp;not&nbsp;available,71.4
717231.Flexsi_0781,AEI14451.1,ATP-dependent&nbsp;dethiobiotin&nbsp;synthetase&nbsp;BioD,71.4
717231.Flexsi_0381,AEI14069.1,Glucose-1-phosphate&nbsp;thymidylyltransferase,71.4
717231.Flexsi_0819,accD,Acetyl-coenzyme&nbsp;A&nbsp;carboxylase&nbsp;carboxyl&nbsp;transferase&nbsp;subunit&nbsp;beta,71.3
717231.Flexsi_1252,AEI14907.1,annotation&nbsp;not&nbsp;available,71.2
717231.Flexsi_0180,AEI13872.1,annotation&nbsp;not&nbsp;available,71.1
717231.Flexsi_1546,AEI15196.1,annotation&nbsp;not&nbsp;available,70.9
717231.Flexsi_1107,pyrF,Orotidine&nbsp;5'-phosphate&nbsp;decarboxylase,70.7
717231.Flexsi_0209,nuoK,NADH-quinone&nbsp;oxidoreductase&nbsp;subunit&nbsp;K,70.7
717231.Flexsi_1935,AEI15564.1,annotation&nbsp;not&nbsp;available,70.6
717231.Flexsi_0472,rpmC,annotation&nbsp;not&nbsp;available,70.5
717231.Flexsi_1074,AEI14731.1,annotation&nbsp;not&nbsp;available,70.2
717231.Flexsi_1795,pstB,Phosphate&nbsp;import&nbsp;ATP-binding&nbsp;protein&nbsp;PstB,70.0
717231.Flexsi_0489,rpsK,30S&nbsp;ribosomal&nbsp;protein&nbsp;S11,69.8
717231.Flexsi_0481,rpsE,30S&nbsp;ribosomal&nbsp;protein&nbsp;S5,69.8
717231.Flexsi_0893,AEI14555.1,annotation&nbsp;not&nbsp;available,69.8
717231.Flexsi_1119,AEI14775.1,annotation&nbsp;not&nbsp;available,69.7
717231.Flexsi_1821,AEI15459.1,Biotin&nbsp;carboxyl&nbsp;carrier&nbsp;protein&nbsp;of&nbsp;acetyl-CoA&nbsp;carboxylase,69.5
717231.Flexsi_2199,AEI15821.1,annotation&nbsp;not&nbsp;available,69.4
717231.Flexsi_1240,AEI14895.1,annotation&nbsp;not&nbsp;available,69.2
717231.Flexsi_0471,rplP,50S&nbsp;ribosomal&nbsp;protein&nbsp;L16,69.1
717231.Flexsi_2023,AEI15652.1,Tryptophan&nbsp;synthase,69.1
717231.Flexsi_1316,AEI14967.1,annotation&nbsp;not&nbsp;available,69.1
717231.Flexsi_0693,AEI14368.1,annotation&nbsp;not&nbsp;available,69.0
717231.Flexsi_0032,AEI13730.1,annotation&nbsp;not&nbsp;available,68.9
717231.Flexsi_0962,AEI14621.1,annotation&nbsp;not&nbsp;available,68.8
717231.Flexsi_2172,AEI15794.1,annotation&nbsp;not&nbsp;available,68.7
717231.Flexsi_1048,AEI14705.1,Riboflavin&nbsp;biosynthesis&nbsp;protein&nbsp;RibD,68.4
717231.Flexsi_1291,AEI14943.1,annotation&nbsp;not&nbsp;available,68.3
717231.Flexsi_0205,AEI13897.1,annotation&nbsp;not&nbsp;available,68.1
717231.Flexsi_2101,AEI15726.1,annotation&nbsp;not&nbsp;available,68.0
717231.Flexsi_1798,AEI15436.1,annotation&nbsp;not&nbsp;available,68.0
717231.Flexsi_0604,Flexsi_0604,annotation&nbsp;not&nbsp;available,67.9
717231.Flexsi_1019,AEI14677.1,annotation&nbsp;not&nbsp;available,67.7
717231.Flexsi_0133,gatA,Glutamyl-tRNA(Gln)&nbsp;amidotransferase&nbsp;subunit&nbsp;A,67.6
717231.Flexsi_0413,AEI14101.1,annotation&nbsp;not&nbsp;available,67.5
717231.Flexsi_2239,AEI15860.1,annotation&nbsp;not&nbsp;available,67.4
717231.Flexsi_0260,AEI13951.1,annotation&nbsp;not&nbsp;available,67.2
717231.Flexsi_2166,AEI15788.1,annotation&nbsp;not&nbsp;available,67.2
717231.Flexsi_1134,AEI14790.1,annotation&nbsp;not&nbsp;available,67.1
717231.Flexsi_1533,AEI15183.1,annotation&nbsp;not&nbsp;available,67.0
717231.Flexsi_1238,AEI14893.1,annotation&nbsp;not&nbsp;available,66.9
717231.Flexsi_1961,rplS,50S&nbsp;ribosomal&nbsp;protein&nbsp;L19,66.9
717231.Flexsi_1253,AEI14908.1,annotation&nbsp;not&nbsp;available,66.9
717231.Flexsi_0169,AEI13863.1,annotation&nbsp;not&nbsp;available,66.9
717231.Flexsi_0070,purC,annotation&nbsp;not&nbsp;available,66.8
717231.Flexsi_0118,AEI13814.1,3-oxoacyl-[acyl-carrier-protein]&nbsp;synthase&nbsp;2,66.7
717231.Flexsi_0479,rplF,50S&nbsp;ribosomal&nbsp;protein&nbsp;L6,66.6
717231.Flexsi_0324,AEI14014.1,annotation&nbsp;not&nbsp;available,66.4
717231.Flexsi_0167,AEI13861.1,annotation&nbsp;not&nbsp;available,66.2
717231.Flexsi_1937,AEI15566.1,annotation&nbsp;not&nbsp;available,65.9
717231.Flexsi_2203,rplU,50S&nbsp;ribosomal&nbsp;protein&nbsp;L21,65.7
717231.Flexsi_0458,rpoC,DNA-directed&nbsp;RNA&nbsp;polymerase&nbsp;subunit&nbsp;beta',65.6
717231.Flexsi_1314,AEI14965.1,annotation&nbsp;not&nbsp;available,65.4
717231.Flexsi_1469,AEI15119.1,annotation&nbsp;not&nbsp;available,65.4
717231.Flexsi_0474,rplN,50S&nbsp;ribosomal&nbsp;protein&nbsp;L14,65.3
717231.Flexsi_0696,AEI14371.1,annotation&nbsp;not&nbsp;available,65.3
717231.Flexsi_0467,rplB,50S&nbsp;ribosomal&nbsp;protein&nbsp;L2,65.3
717231.Flexsi_0464,rplC,50S&nbsp;ribosomal&nbsp;protein&nbsp;L3,64.9
717231.Flexsi_0456,rplL,50S&nbsp;ribosomal&nbsp;protein&nbsp;L7/L12,64.8
717231.Flexsi_0098,AEI13794.1,annotation&nbsp;not&nbsp;available,64.7
717231.Flexsi_0210,AEI13902.1,annotation&nbsp;not&nbsp;available,64.6
717231.Flexsi_0945,AEI14604.1,annotation&nbsp;not&nbsp;available,64.6
717231.Flexsi_1287,AEI14939.1,annotation&nbsp;not&nbsp;available,64.5
717231.Flexsi_1307,AEI14958.1,annotation&nbsp;not&nbsp;available,64.5
717231.Flexsi_0715,pyrB,annotation&nbsp;not&nbsp;available,64.4
717231.Flexsi_0463,rpsJ,30S&nbsp;ribosomal&nbsp;protein&nbsp;S10,64.4
717231.Flexsi_0811,AEI14479.1,annotation&nbsp;not&nbsp;available,64.3
717231.Flexsi_1313,AEI14964.1,annotation&nbsp;not&nbsp;available,64.3
717231.Flexsi_1689,atpC,ATP&nbsp;synthase&nbsp;epsilon&nbsp;chain,64.1
717231.Flexsi_1487,fbp,annotation&nbsp;not&nbsp;available,64.0
717231.Flexsi_1297,AEI14949.1,annotation&nbsp;not&nbsp;available,63.9
717231.Flexsi_1482,nusA,Transcription&nbsp;termination/antitermination&nbsp;protein&nbsp;NusA,63.9
717231.Flexsi_0211,AEI13903.1,annotation&nbsp;not&nbsp;available,63.6
717231.Flexsi_0491,rpoA,DNA-directed&nbsp;RNA&nbsp;polymerase&nbsp;subunit&nbsp;alpha,63.4
717231.Flexsi_1771,tpiA,Triosephosphate&nbsp;isomerase,63.3
717231.Flexsi_1839,cmk,annotation&nbsp;not&nbsp;available,63.2
717231.Flexsi_0076,AEI13772.1,annotation&nbsp;not&nbsp;available,63.2
717231.Flexsi_0760,AEI14431.1,Pyruvate-flavodoxin&nbsp;oxidoreductase,63.2
717231.Flexsi_0492,rplQ,annotation&nbsp;not&nbsp;available,63.2
717231.Flexsi_1244,AEI14899.1,annotation&nbsp;not&nbsp;available,63.1
717231.Flexsi_1532,AEI15182.1,annotation&nbsp;not&nbsp;available,62.7
717231.Flexsi_1541,AEI15191.1,annotation&nbsp;not&nbsp;available,62.3
717231.Flexsi_1851,AEI15489.1,annotation&nbsp;not&nbsp;available,62.2
717231.Flexsi_2249,AEI15869.1,annotation&nbsp;not&nbsp;available,62.1
717231.Flexsi_1356,AEI15006.1,annotation&nbsp;not&nbsp;available,62.1
717231.Flexsi_0689,sucC,Succinate--CoA&nbsp;ligase&nbsp;[ADP-forming]&nbsp;subunit&nbsp;beta,61.9
717231.Flexsi_1361,AEI15011.1,annotation&nbsp;not&nbsp;available,61.8
717231.Flexsi_0005,gyrA,DNA&nbsp;gyrase&nbsp;subunit&nbsp;A,61.8
717231.Flexsi_1691,atpG,ATP&nbsp;synthase&nbsp;gamma&nbsp;chain,61.6
717231.Flexsi_1806,AEI15444.1,annotation&nbsp;not&nbsp;available,61.5
717231.Flexsi_1312,AEI14963.1,annotation&nbsp;not&nbsp;available,61.4
717231.Flexsi_2314,AEI15928.1,annotation&nbsp;not&nbsp;available,61.4
717231.Flexsi_0658,AEI14334.1,annotation&nbsp;not&nbsp;available,61.3
717231.Flexsi_1101,AEI14757.1,annotation&nbsp;not&nbsp;available,61.3
717231.Flexsi_1805,lolD,Lipoprotein-releasing&nbsp;system&nbsp;ATP-binding&nbsp;protein&nbsp;LolD,61.2
717231.Flexsi_1852,AEI15490.1,annotation&nbsp;not&nbsp;available,61.2
717231.Flexsi_1394,AEI15044.1,annotation&nbsp;not&nbsp;available,61.2
717231.Flexsi_0608,AEI14286.1,annotation&nbsp;not&nbsp;available,61.1
717231.Flexsi_1578,AEI15228.1,annotation&nbsp;not&nbsp;available,60.9
717231.Flexsi_1289,AEI14941.1,annotation&nbsp;not&nbsp;available,60.9
717231.Flexsi_1034,accA,Acetyl-coenzyme&nbsp;A&nbsp;carboxylase&nbsp;carboxyl&nbsp;transferase&nbsp;subunit&nbsp;alpha,60.9
717231.Flexsi_0989,AEI14648.1,annotation&nbsp;not&nbsp;available,60.8
717231.Flexsi_0294,dnaX,DNA&nbsp;polymerase&nbsp;III&nbsp;subunit&nbsp;gamma/tau,60.7
717231.Flexsi_2218,hisF,Imidazole&nbsp;glycerol&nbsp;phosphate&nbsp;synthase&nbsp;subunit&nbsp;HisF,60.7
717231.Flexsi_0778,AEI14448.1,annotation&nbsp;not&nbsp;available,60.7
717231.Flexsi_0407,AEI14095.1,annotation&nbsp;not&nbsp;available,60.5
717231.Flexsi_0583,AEI14262.1,annotation&nbsp;not&nbsp;available,60.2
717231.Flexsi_0434,AEI14122.1,annotation&nbsp;not&nbsp;available,60.2
717231.Flexsi_1187,speE,Polyamine&nbsp;aminopropyltransferase,59.8
717231.Flexsi_2152,ruvB,Holliday&nbsp;junction&nbsp;ATP-dependent&nbsp;DNA&nbsp;helicase&nbsp;RuvB,59.7
717231.Flexsi_1103,AEI14759.1,annotation&nbsp;not&nbsp;available,59.7
717231.Flexsi_0286,AEI13976.1,annotation&nbsp;not&nbsp;available,59.6
717231.Flexsi_0939,AEI14599.1,annotation&nbsp;not&nbsp;available,59.4
717231.Flexsi_0883,AEI14545.1,annotation&nbsp;not&nbsp;available,59.4
717231.Flexsi_0122,fabH,3-oxoacyl-[acyl-carrier-protein]&nbsp;synthase&nbsp;3,59.1
717231.Flexsi_1912,carA,annotation&nbsp;not&nbsp;available,59.1
717231.Flexsi_0054,AEI13751.1,annotation&nbsp;not&nbsp;available,59.1
717231.Flexsi_0501,atpB,ATP&nbsp;synthase&nbsp;subunit&nbsp;a,58.9
717231.Flexsi_0698,AEI14373.1,annotation&nbsp;not&nbsp;available,58.8
717231.Flexsi_1796,AEI15434.1,annotation&nbsp;not&nbsp;available,58.8
717231.Flexsi_0312,cysC,Multifunctional&nbsp;fusion&nbsp;protein,58.8
717231.Flexsi_0201,AEI13893.1,NADH-quinone&nbsp;oxidoreductase,58.6
717231.Flexsi_1685,AEI15332.1,annotation&nbsp;not&nbsp;available,58.5
717231.Flexsi_0692,AEI14367.1,annotation&nbsp;not&nbsp;available,58.4
717231.Flexsi_0719,leuA,2-isopropylmalate&nbsp;synthase,58.3
717231.Flexsi_1123,AEI14779.1,Vitamin&nbsp;B12-dependent&nbsp;ribonucleotide&nbsp;reductase,58.3
717231.Flexsi_2125,rpmH,annotation&nbsp;not&nbsp;available,58.1
717231.Flexsi_0791,pgk,annotation&nbsp;not&nbsp;available,58.1
717231.Flexsi_0748,AEI14419.1,annotation&nbsp;not&nbsp;available,57.7
717231.Flexsi_2186,pepA,Probable&nbsp;cytosol&nbsp;aminopeptidase,57.6
717231.Flexsi_1191,AEI14846.1,Phenylacetate-coenzyme&nbsp;A&nbsp;ligase,57.4
717231.Flexsi_0199,nuoA,NADH-quinone&nbsp;oxidoreductase&nbsp;subunit&nbsp;A,57.2
717231.Flexsi_0607,AEI14285.1,Biotin&nbsp;synthase,57.2
717231.Flexsi_0004,gyrB,DNA&nbsp;gyrase&nbsp;subunit&nbsp;B,57.2
717231.Flexsi_0687,AEI14362.1,annotation&nbsp;not&nbsp;available,57.1
717231.Flexsi_1842,AEI15480.1,annotation&nbsp;not&nbsp;available,57.0
717231.Flexsi_0885,AEI14547.1,annotation&nbsp;not&nbsp;available,57.0
717231.Flexsi_0612,AEI14290.1,annotation&nbsp;not&nbsp;available,56.9
717231.Flexsi_0112,AEI13808.1,annotation&nbsp;not&nbsp;available,56.9
717231.Flexsi_0113,AEI13809.1,annotation&nbsp;not&nbsp;available,56.6
717231.Flexsi_0766,Flexsi_0766,annotation&nbsp;not&nbsp;available,56.5
717231.Flexsi_2303,AEI15917.1,Dihydroorotate&nbsp;oxidase,56.0
717231.Flexsi_0403,AEI14091.1,annotation&nbsp;not&nbsp;available,55.8
717231.Flexsi_1960,rplM,50S&nbsp;ribosomal&nbsp;protein&nbsp;L13,55.7
717231.Flexsi_1076,AEI14733.1,annotation&nbsp;not&nbsp;available,55.6
717231.Flexsi_1403,AEI15053.1,annotation&nbsp;not&nbsp;available,55.6
717231.Flexsi_0178,AEI13870.1,annotation&nbsp;not&nbsp;available,55.6
717231.Flexsi_2202,AEI15824.1,annotation&nbsp;not&nbsp;available,55.4
717231.Flexsi_0051,AEI13748.1,annotation&nbsp;not&nbsp;available,55.2
717231.Flexsi_1564,AEI15214.1,DNA-directed&nbsp;RNA&nbsp;polymerase&nbsp;subunit&nbsp;omega,55.1
717231.Flexsi_1125,AEI14781.1,annotation&nbsp;not&nbsp;available,55.1
717231.Flexsi_0716,pyrR,Bifunctional&nbsp;protein&nbsp;PyrR,55.0
717231.Flexsi_1108,pyrE,Orotate&nbsp;phosphoribosyltransferase,54.9
717231.Flexsi_0533,AEI14217.1,annotation&nbsp;not&nbsp;available,54.8
717231.Flexsi_1672,ruvA,Holliday&nbsp;junction&nbsp;ATP-dependent&nbsp;DNA&nbsp;helicase&nbsp;RuvA,54.7
717231.Flexsi_0273,AEI13963.1,annotation&nbsp;not&nbsp;available,54.6
717231.Flexsi_0578,AEI14257.1,Phosphoadenosine&nbsp;phosphosulfate&nbsp;reductase,54.5
717231.Flexsi_0195,rpsR,30S&nbsp;ribosomal&nbsp;protein&nbsp;S18,54.0
717231.Flexsi_1276,xseB,Exodeoxyribonuclease&nbsp;7&nbsp;small&nbsp;subunit,53.9
717231.Flexsi_0020,pyrH,Uridylate&nbsp;kinase,53.9
717231.Flexsi_0483,secY,Protein&nbsp;translocase&nbsp;subunit&nbsp;SecY,53.8
717231.Flexsi_0336,purQ,Phosphoribosylformylglycinamidine&nbsp;synthase&nbsp;subunit&nbsp;PurQ,53.7
717231.Flexsi_0610,AEI14288.1,annotation&nbsp;not&nbsp;available,53.7
717231.Flexsi_0244,AEI13936.1,annotation&nbsp;not&nbsp;available,53.5
717231.Flexsi_1288,AEI14940.1,annotation&nbsp;not&nbsp;available,53.5
717231.Flexsi_1216,pyrD,Dihydroorotate&nbsp;dehydrogenase,53.3
717231.Flexsi_0478,rpsH,30S&nbsp;ribosomal&nbsp;protein&nbsp;S8,53.2
717231.Flexsi_0475,rplX,50S&nbsp;ribosomal&nbsp;protein&nbsp;L24,53.1
717231.Flexsi_0959,AEI14618.1,annotation&nbsp;not&nbsp;available,53.0
717231.Flexsi_1694,AEI15341.1,ATP&nbsp;synthase&nbsp;subunit&nbsp;b,52.9
717231.Flexsi_0756,AEI14427.1,annotation&nbsp;not&nbsp;available,52.9
717231.Flexsi_0451,secE,Protein&nbsp;translocase&nbsp;subunit&nbsp;SecE,52.9
717231.Flexsi_0075,secD,Protein&nbsp;translocase&nbsp;subunit&nbsp;SecD,52.8
717231.Flexsi_0100,metG,Methionine--tRNA&nbsp;ligase,52.7
717231.Flexsi_0246,AEI13938.1,annotation&nbsp;not&nbsp;available,52.7
717231.Flexsi_0940,AEI14600.1,annotation&nbsp;not&nbsp;available,52.4
717231.Flexsi_2161,AEI15783.1,annotation&nbsp;not&nbsp;available,52.4
717231.Flexsi_0884,AEI14546.1,annotation&nbsp;not&nbsp;available,52.1
717231.Flexsi_0412,AEI14100.1,annotation&nbsp;not&nbsp;available,52.1
717231.Flexsi_2215,argJ,Arginine&nbsp;biosynthesis&nbsp;bifunctional&nbsp;protein&nbsp;ArgJ,52.0
717231.Flexsi_0795,purD,annotation&nbsp;not&nbsp;available,52.0
717231.Flexsi_0468,rpsS,30S&nbsp;ribosomal&nbsp;protein&nbsp;S19,51.9
717231.Flexsi_0254,AEI13946.1,Glucose-1-phosphate&nbsp;thymidylyltransferase,51.8
717231.Flexsi_0466,rplW,50S&nbsp;ribosomal&nbsp;protein&nbsp;L23,51.8
717231.Flexsi_1163,ubiX,Flavin&nbsp;prenyltransferase&nbsp;UbiX,51.7
717231.Flexsi_0007,mnmE,tRNA&nbsp;modification&nbsp;GTPase&nbsp;MnmE,51.7
717231.Flexsi_0303,AEI13993.1,RNA-binding&nbsp;protein&nbsp;Hfq,51.6
717231.Flexsi_2318,secA,Protein&nbsp;translocase&nbsp;subunit&nbsp;SecA,51.5
717231.Flexsi_2174,rpmB,annotation&nbsp;not&nbsp;available,51.4
717231.Flexsi_1100,AEI14756.1,annotation&nbsp;not&nbsp;available,51.4
717231.Flexsi_0132,gatC,Aspartyl/glutamyl-tRNA(Asn/Gln)&nbsp;amidotransferase&nbsp;subunit&nbsp;C,51.3
717231.Flexsi_1791,thiI,Probable&nbsp;tRNA&nbsp;sulfurtransferase,51.2
717231.Flexsi_0563,AEI14244.1,annotation&nbsp;not&nbsp;available,51.2
717231.Flexsi_0785,AEI14455.1,annotation&nbsp;not&nbsp;available,51.1
717231.Flexsi_2159,AEI15781.1,annotation&nbsp;not&nbsp;available,51.1
717231.Flexsi_1102,AEI14758.1,annotation&nbsp;not&nbsp;available,51.0
717231.Flexsi_1535,AEI15185.1,annotation&nbsp;not&nbsp;available,51.0
