247634.GPB2148_3634,EEB79789.1,"Pyruvate&nbsp;flavodoxin/ferredoxin&nbsp;oxidoreductase,&nbsp;thiamine&nbsp;diP-binding&nbsp;domain&nbsp;protein",98.9
247634.GPB2148_731,EEB77795.1,Rhodanese-like&nbsp;domain&nbsp;protein,98.9
247634.GPB2148_3542,EEB79697.1,"[I]&nbsp;COG1884&nbsp;Methylmalonyl-CoA&nbsp;mutase,&nbsp;N-terminal&nbsp;domain/subunit",98.8
247634.GPB2148_2832,grpE,Protein&nbsp;GrpE,98.8
247634.GPB2148_1130,EEB77007.1,MoeA&nbsp;N-terminal&nbsp;region&nbsp;(Domain&nbsp;I&nbsp;and&nbsp;II)&nbsp;protein,98.8
247634.GPB2148_2312,nrdR,Transcriptional&nbsp;repressor&nbsp;NrdR,98.7
247634.GPB2148_3497,lexA,LexA&nbsp;repressor,98.7
247634.GPB2148_1454,rpsA,30S&nbsp;ribosomal&nbsp;protein&nbsp;S1,98.6
247634.GPB2148_1351,EEB77617.1,Uncharacterized&nbsp;protein,98.6
247634.GPB2148_181,EEB78464.1,Putative&nbsp;MaoC&nbsp;like&nbsp;domain&nbsp;protein,98.6
247634.GPB2148_1417,EEB78521.1,Aminotransferase,98.6
247634.GPB2148_24,GPB2148_24,Acetyl-CoA&nbsp;acetyltransferases&nbsp;subfamily&nbsp;protein,98.5
247634.GPB2148_3765,leuB,3-isopropylmalate&nbsp;dehydrogenase,98.5
247634.GPB2148_692,EEB77756.1,"Alanine&nbsp;dehydrogenase/PNT,&nbsp;N-terminal&nbsp;domain&nbsp;family",98.3
247634.GPB2148_1739,EEB79091.1,MucB/RseB&nbsp;family&nbsp;protein,98.3
247634.GPB2148_436,EEB77092.1,Pyridoxal-phosphate&nbsp;dependent&nbsp;enzyme&nbsp;superfamily&nbsp;protein,98.3
247634.GPB2148_514,EEB77477.1,"Acyl-CoA&nbsp;dehydrogenase,&nbsp;C-terminal&nbsp;domain&nbsp;protein",98.3
247634.GPB2148_3647,metH,Methionine&nbsp;synthase,98.2
247634.GPB2148_1852,EEB79204.1,"Efflux&nbsp;transporter,&nbsp;outer&nbsp;membrane&nbsp;factor&nbsp;lipoprotein,&nbsp;NodT&nbsp;family",98.2
247634.GPB2148_1565,EEB78667.1,"Hydrolase,&nbsp;alpha/beta&nbsp;fold&nbsp;family,&nbsp;putative",98.1
247634.GPB2148_693,parE,DNA&nbsp;topoisomerase&nbsp;4&nbsp;subunit&nbsp;B,98.1
247634.GPB2148_3569,EEB79724.1,"Fumarylacetoacetate&nbsp;hydrolase&nbsp;family&nbsp;protein,&nbsp;putative",98.1
247634.GPB2148_2769,pyk,[G]&nbsp;COG0469&nbsp;Pyruvate&nbsp;kinase,98.1
247634.GPB2148_1670,EEB79022.1,Cyclic&nbsp;nucleotide-binding&nbsp;domain&nbsp;protein,98.1
247634.GPB2148_625,rpoZ,DNA-directed&nbsp;RNA&nbsp;polymerase&nbsp;subunit&nbsp;omega,98.1
247634.GPB2148_1692,EEB79044.1,"Putative&nbsp;permease,&nbsp;YjgP/YjgQ&nbsp;family",98.0
247634.GPB2148_1438,ispF,"2-C-methyl-D-erythritol&nbsp;2,4-cyclodiphosphate&nbsp;synthase",98.0
247634.GPB2148_2986,EEB80173.1,Enoyl-CoA&nbsp;hydratase/isomerase&nbsp;family&nbsp;protein,97.9
247634.GPB2148_370,EEB77229.1,Uncharacterized&nbsp;protein,97.8
247634.GPB2148_2245,ribD,Riboflavin&nbsp;biosynthesis&nbsp;protein&nbsp;RibD,97.7
247634.GPB2148_3137,hisG,ATP&nbsp;phosphoribosyltransferase,97.7
247634.GPB2148_1571,EEB78673.1,"Aminotransferase,&nbsp;class&nbsp;III&nbsp;superfamily",97.6
247634.GPB2148_3121,EEB80305.1,"Acyl-CoA&nbsp;dehydrogenase,&nbsp;C-terminal&nbsp;domain&nbsp;protein",97.5
247634.GPB2148_297,xerC,Tyrosine&nbsp;recombinase&nbsp;XerC,97.4
247634.GPB2148_3249,ndk,Nucleoside&nbsp;diphosphate&nbsp;kinase,97.3
247634.GPB2148_3415,rpsG,30S&nbsp;ribosomal&nbsp;protein&nbsp;S7,97.3
247634.GPB2148_2971,gatA,Glutamyl-tRNA(Gln)&nbsp;amidotransferase&nbsp;subunit&nbsp;A,97.2
247634.GPB2148_2330,EEB79400.1,Inositol&nbsp;monophosphatase&nbsp;family&nbsp;protein,97.1
247634.GPB2148_1695,EEB79047.1,Aldehyde&nbsp;dehydrogenase&nbsp;(NAD)&nbsp;family&nbsp;protein,97.1
247634.GPB2148_2325,nuoK,NADH-quinone&nbsp;oxidoreductase&nbsp;subunit&nbsp;K,97.0
247634.GPB2148_2659,EEB78027.1,Tryptophan&nbsp;halogenase&nbsp;superfamily&nbsp;protein,97.0
247634.GPB2148_1685,EEB79037.1,Folate-binding&nbsp;protein&nbsp;YgfZ,97.0
247634.GPB2148_1457,EEB78560.1,"3-hydroxyacyl-CoA&nbsp;dehydrogenase,&nbsp;C-terminal&nbsp;domain&nbsp;family",97.0
247634.GPB2148_3808,ccmB,Heme&nbsp;exporter&nbsp;protein&nbsp;B,96.9
247634.GPB2148_1597,cueR,[K]&nbsp;COG0789&nbsp;Predicted&nbsp;transcriptional&nbsp;regulators,96.8
247634.GPB2148_2691,EEB78059.1,"Type&nbsp;I&nbsp;secretion&nbsp;outer&nbsp;membrane&nbsp;protein,&nbsp;TolC&nbsp;family,&nbsp;putative",96.8
247634.GPB2148_1687,EEB79039.1,"Oxidoreductase,&nbsp;short&nbsp;chain&nbsp;dehydrogenase/reductase&nbsp;family",96.7
247634.GPB2148_3334,EEB80516.1,60&nbsp;kDa&nbsp;chaperonin,96.7
247634.GPB2148_3057,EEB80243.1,[C]&nbsp;COG1012&nbsp;NAD-dependent&nbsp;aldehyde&nbsp;dehydrogenases,96.6
247634.GPB2148_2458,purA,Adenylosuccinate&nbsp;synthetase,96.5
247634.GPB2148_2663,EEB78031.1,"Aminotransferase,&nbsp;classes&nbsp;I&nbsp;and&nbsp;II&nbsp;superfamily",96.5
247634.GPB2148_1577,rpsP,[J]&nbsp;COG0228&nbsp;Ribosomal&nbsp;protein&nbsp;S16,96.5
247634.GPB2148_1666,EEB79018.1,Uncharacterized&nbsp;protein,96.4
247634.GPB2148_1072,holA,"[L]&nbsp;COG1466&nbsp;DNA&nbsp;polymerase&nbsp;III,&nbsp;delta&nbsp;subunit",96.2
247634.GPB2148_1087,EEB76964.1,Single-stranded&nbsp;DNA-binding&nbsp;protein,96.2
247634.GPB2148_2027,nadK,NAD&nbsp;kinase,96.2
247634.GPB2148_1469,EEB78571.1,Prephenate&nbsp;dehydratase&nbsp;domain&nbsp;protein,96.2
247634.GPB2148_3713,EEB79866.1,Phospho-2-dehydro-3-deoxyheptonate&nbsp;aldolase,96.1
247634.GPB2148_1284,prfA,Peptide&nbsp;chain&nbsp;release&nbsp;factor&nbsp;1,96.0
247634.GPB2148_209,EEB76905.1,Uncharacterized&nbsp;protein,96.0
247634.GPB2148_3561,metZ,O-succinylhomoserine&nbsp;sulfhydrylase,95.8
247634.GPB2148_1089,pgi,[G]&nbsp;COG0166&nbsp;Glucose-6-phosphate&nbsp;isomerase,95.8
247634.GPB2148_1209,EEB77407.1,"Acyl-CoA&nbsp;dehydrogenase,&nbsp;C-terminal&nbsp;domain&nbsp;protein",95.7
247634.GPB2148_1392,EEB78496.1,2-dehydro-3-deoxyphosphogluconate&nbsp;aldolase/4-hydroxy-2-oxoglutarate&nbsp;aldolase&nbsp;subfamily,95.7
247634.GPB2148_2523,nuoF,NADH-quinone&nbsp;oxidoreductase&nbsp;subunit&nbsp;F,95.7
247634.GPB2148_1537,oadA,Oxaloacetate&nbsp;decarboxylase&nbsp;alpha&nbsp;subunit,95.7
247634.GPB2148_613,rpoH,RNA&nbsp;polymerase&nbsp;sigma&nbsp;factor&nbsp;RpoH,95.6
247634.GPB2148_1602,EEB78704.1,"[K]&nbsp;COG1595&nbsp;DNA-directed&nbsp;RNA&nbsp;polymerase&nbsp;specialized&nbsp;sigma&nbsp;subunit,&nbsp;sigma24&nbsp;homolog",95.6
247634.GPB2148_2457,accC,"Acetyl-CoA&nbsp;carboxylase,&nbsp;biotin&nbsp;carboxylase",95.6
247634.GPB2148_1309,EEB77576.1,Enoyl-CoA&nbsp;hydratase/isomerase&nbsp;family&nbsp;protein,95.5
247634.GPB2148_1428,eno,Enolase,95.4
247634.GPB2148_719,ilvA,L-threonine&nbsp;dehydratase,95.4
247634.GPB2148_2205,rpsF,30S&nbsp;ribosomal&nbsp;protein&nbsp;S6,95.4
247634.GPB2148_220,prfC,Peptide&nbsp;chain&nbsp;release&nbsp;factor&nbsp;3,95.4
247634.GPB2148_747,EEB78122.1,"Oxidoreductase,&nbsp;short&nbsp;chain&nbsp;dehydrogenase/reductase&nbsp;family",95.4
247634.GPB2148_2911,gatB,Aspartyl/glutamyl-tRNA(Asn/Gln)&nbsp;amidotransferase&nbsp;subunit&nbsp;B,95.4
247634.GPB2148_2224,ribA,GTP&nbsp;cyclohydrolase-2,95.2
247634.GPB2148_3119,EEB80303.1,"Aminotransferase,&nbsp;classes&nbsp;I&nbsp;and&nbsp;II&nbsp;superfamily",95.2
247634.GPB2148_144,EEB78427.1,[Q]&nbsp;COG2175&nbsp;Probable&nbsp;taurine&nbsp;catabolism&nbsp;dioxygenase,95.2
247634.GPB2148_368,atpD,ATP&nbsp;synthase&nbsp;subunit&nbsp;beta,95.2
247634.GPB2148_1082,EEB76959.1,Putative&nbsp;rhodanese-like&nbsp;domain&nbsp;protein,95.0
247634.GPB2148_1657,EEB79009.1,[E]&nbsp;COG0404&nbsp;Glycine&nbsp;cleavage&nbsp;system&nbsp;T&nbsp;protein&nbsp;(aminomethyltransferase),95.0
247634.GPB2148_1389,rplT,50S&nbsp;ribosomal&nbsp;protein&nbsp;L20,95.0
247634.GPB2148_3416,EEB76882.1,Endonuclease/exonuclease/phosphatase&nbsp;family&nbsp;protein,95.0
247634.GPB2148_2063,EEB78855.1,"PQQ-dependent&nbsp;dehydrogenase,&nbsp;methanol/ethanol&nbsp;family",94.9
247634.GPB2148_2968,EEB80155.1,"Enoyl-CoA&nbsp;hydratase/isomerase&nbsp;family&nbsp;protein,&nbsp;putative",94.9
247634.GPB2148_103,EEB78387.1,"Acyl-CoA&nbsp;dehydrogenase,&nbsp;C-terminal&nbsp;domain&nbsp;protein",94.9
247634.GPB2148_3169,EEB80353.1,Rhodanese-like&nbsp;domain&nbsp;protein,94.8
247634.GPB2148_2387,EEB79457.1,S1&nbsp;RNA&nbsp;binding&nbsp;domain&nbsp;protein,94.8
247634.GPB2148_689,EEB77753.1,NAD(P)&nbsp;transhydrogenase&nbsp;subunit&nbsp;beta,94.7
247634.GPB2148_1018,EEB77907.1,[M]&nbsp;COG1876&nbsp;D-alanyl-D-alanine&nbsp;carboxypeptidase,94.7
247634.GPB2148_3248,fabZ,3-hydroxyacyl-[acyl-carrier-protein]&nbsp;dehydratase&nbsp;FabZ,94.6
247634.GPB2148_1715,mmsB,[G]&nbsp;COG1023&nbsp;Predicted&nbsp;6-phosphogluconate&nbsp;dehydrogenase,94.6
247634.GPB2148_2486,EEB79554.1,[L]&nbsp;COG0417&nbsp;DNA&nbsp;polymerase&nbsp;elongation&nbsp;subunit&nbsp;(family&nbsp;B),94.5
247634.GPB2148_1617,EEB78719.1,[E]&nbsp;COG0287&nbsp;Prephenate&nbsp;dehydrogenase,94.5
247634.GPB2148_1103,rplW,50S&nbsp;ribosomal&nbsp;protein&nbsp;L23,94.5
247634.GPB2148_3037,EEB80223.1,Uncharacterized&nbsp;protein,94.4
247634.GPB2148_2958,EEB80145.1,Conserved&nbsp;domain&nbsp;protein,94.4
247634.GPB2148_1170,EEB77369.1,Uncharacterized&nbsp;protein,94.4
247634.GPB2148_3887,sucC,Succinate--CoA&nbsp;ligase&nbsp;[ADP-forming]&nbsp;subunit&nbsp;beta,94.4
247634.GPB2148_1161,EEB77360.1,Enoyl-CoA&nbsp;hydratase/isomerase&nbsp;family&nbsp;protein,94.3
247634.GPB2148_1779,EEB79131.1,"Hydrolase,&nbsp;alpha/beta&nbsp;fold&nbsp;family,&nbsp;putative",94.3
247634.GPB2148_415,EEB77071.1,Cytochrome&nbsp;c&nbsp;oxidase&nbsp;subunit&nbsp;2,94.3
247634.GPB2148_939,napB,"Periplasmic&nbsp;nitrate&nbsp;reductase,&nbsp;electron&nbsp;transfer&nbsp;subunit",94.2
247634.GPB2148_1391,ihfA,Integration&nbsp;host&nbsp;factor&nbsp;subunit&nbsp;alpha,94.2
247634.GPB2148_1437,ffh,Signal&nbsp;recognition&nbsp;particle&nbsp;protein,94.2
247634.GPB2148_1120,EEB76997.1,Aldehyde&nbsp;dehydrogenase&nbsp;(NAD)&nbsp;family&nbsp;protein,94.1
247634.GPB2148_2822,EEB77312.1,Acetyl-CoA&nbsp;acetyltransferases&nbsp;subfamily&nbsp;protein,94.1
247634.GPB2148_256,EEB76952.1,"tRNA&nbsp;uridine&nbsp;5-carboxymethylaminomethyl&nbsp;modification&nbsp;enzyme&nbsp;GidA,&nbsp;putative",94.1
247634.GPB2148_3424,rplJ,50S&nbsp;ribosomal&nbsp;protein&nbsp;L10,94.1
247634.GPB2148_3209,yaeT,Outer&nbsp;membrane&nbsp;protein&nbsp;assembly&nbsp;factor&nbsp;BamA,94.1
247634.GPB2148_871,ggt_2,[E]&nbsp;COG0405&nbsp;Gamma-glutamyltransferase,94.0
247634.GPB2148_591,EEB77655.1,[E]&nbsp;COG0560&nbsp;Phosphoserine&nbsp;phosphatase,94.0
247634.GPB2148_2910,guaB,Inosine-5'-monophosphate&nbsp;dehydrogenase,94.0
247634.GPB2148_1831,EEB79183.1,[C]&nbsp;COG1012&nbsp;NAD-dependent&nbsp;aldehyde&nbsp;dehydrogenases,93.9
247634.GPB2148_173,EEB78456.1,[S]&nbsp;COG3828&nbsp;Uncharacterized&nbsp;protein&nbsp;conserved&nbsp;in&nbsp;bacteria,93.9
247634.GPB2148_531,EEB77494.1,"Fumarylacetoacetate&nbsp;hydrolase&nbsp;family&nbsp;protein,&nbsp;putative",93.8
247634.GPB2148_2462,mrcB,Penicillin-binding&nbsp;protein&nbsp;1B,93.8
247634.GPB2148_3317,EEB80500.1,Hpt&nbsp;domain&nbsp;protein,93.8
247634.GPB2148_1329,nadE,Glutamine-dependent&nbsp;NAD(+)&nbsp;synthetase,93.7
247634.GPB2148_1512,ppiB,Peptidyl-prolyl&nbsp;cis-trans&nbsp;isomerase,93.6
247634.GPB2148_1096,EEB76973.1,"FAD&nbsp;dependent&nbsp;oxidoreductase,&nbsp;putative",93.6
247634.GPB2148_2905,EEB80093.1,[TK]&nbsp;COG0745&nbsp;Response&nbsp;regulators&nbsp;consisting&nbsp;of&nbsp;a&nbsp;CheY-like&nbsp;receiver&nbsp;domain&nbsp;and&nbsp;a&nbsp;winged-helix&nbsp;DNA-binding&nbsp;domain,93.5
247634.GPB2148_2321,ribE,[H]&nbsp;COG0307&nbsp;Riboflavin&nbsp;synthase&nbsp;alpha&nbsp;chain,93.5
247634.GPB2148_3387,EEB80568.1,Aldehyde&nbsp;dehydrogenase&nbsp;(NAD)&nbsp;family&nbsp;protein,93.5
247634.GPB2148_1532,EEB78634.1,"Glyceraldehyde&nbsp;3-phosphate&nbsp;dehydrogenase,&nbsp;C-terminal&nbsp;domain&nbsp;protein",93.5
247634.GPB2148_162,EEB78445.1,"Oxidoreductase,&nbsp;FAD/FMN-binding&nbsp;superfamily",93.4
247634.GPB2148_1729,EEB79081.1,"Acyl-CoA&nbsp;dehydrogenase,&nbsp;C-terminal&nbsp;domain&nbsp;protein",93.4
247634.GPB2148_1807,EEB79159.1,"Outer&nbsp;membrane&nbsp;protein,&nbsp;OMP85&nbsp;family,&nbsp;putative",93.4
247634.GPB2148_2735,gshA,Glutamate--cysteine&nbsp;ligase,93.3
247634.GPB2148_348,modA,"[P]&nbsp;COG0725&nbsp;ABC-type&nbsp;molybdate&nbsp;transport&nbsp;system,&nbsp;periplasmic&nbsp;component",93.3
247634.GPB2148_1458,EEB78561.1,[E]&nbsp;COG0460&nbsp;Homoserine&nbsp;dehydrogenase,93.3
247634.GPB2148_2798,EEB77288.1,"Acyl-CoA&nbsp;dehydrogenase,&nbsp;middle&nbsp;domain&nbsp;protein",93.2
247634.GPB2148_1093,secY,Protein&nbsp;translocase&nbsp;subunit&nbsp;SecY,93.2
247634.GPB2148_161,uxuA,Mannonate&nbsp;dehydratase,93.2
247634.GPB2148_1869,metG,Methionine--tRNA&nbsp;ligase,93.0
247634.GPB2148_3344,EEB80526.1,"Acyl-CoA&nbsp;dehydrogenase,&nbsp;middle&nbsp;domain&nbsp;protein",93.0
247634.GPB2148_738,gpmI,"2,3-bisphosphoglycerate-independent&nbsp;phosphoglycerate&nbsp;mutase",92.9
247634.GPB2148_2912,EEB80100.1,"ATPase,&nbsp;histidine&nbsp;kinase-,&nbsp;DNA&nbsp;gyrase&nbsp;B-,&nbsp;and&nbsp;HSP90-like&nbsp;domain&nbsp;protein",92.9
247634.GPB2148_1757,acpS,Holo-[acyl-carrier-protein]&nbsp;synthase,92.7
247634.GPB2148_924,EEB77814.1,"Acyl-CoA&nbsp;dehydrogenase,&nbsp;C-terminal&nbsp;domain&nbsp;protein",92.7
247634.GPB2148_962,nusA,Transcription&nbsp;termination/antitermination&nbsp;protein&nbsp;NusA,92.7
247634.GPB2148_1040,glmM,Phosphoglucosamine&nbsp;mutase,92.7
247634.GPB2148_3182,rpoN,RNA&nbsp;polymerase&nbsp;sigma-54&nbsp;factor,92.7
247634.GPB2148_1144,EEB77343.1,Putative&nbsp;carboxyl&nbsp;transferase&nbsp;domain&nbsp;protein,92.6
247634.GPB2148_2847,EEB77337.1,annotation&nbsp;not&nbsp;available,92.5
247634.GPB2148_1811,EEB79163.1,Aldehyde&nbsp;dehydrogenase&nbsp;(NAD)&nbsp;family&nbsp;protein,92.5
247634.GPB2148_119,EEB78403.1,"Haloacid&nbsp;dehalogenase-like&nbsp;hydrolase,&nbsp;putative",92.5
247634.GPB2148_3077,EEB80263.1,"Oxidoreductase,&nbsp;short&nbsp;chain&nbsp;dehydrogenase/reductase&nbsp;family",92.4
247634.GPB2148_1902,adk,Adenylate&nbsp;kinase,92.3
247634.GPB2148_1923,EEB76862.1,"Glycosyl&nbsp;hydrolase&nbsp;family&nbsp;20,&nbsp;catalytic&nbsp;domain",92.2
247634.GPB2148_3370,EEB80552.1,"ABC&nbsp;transporter,&nbsp;ATP-binding&nbsp;protein,&nbsp;putative",92.2
247634.GPB2148_427,EEB77083.1,[O]&nbsp;COG3175&nbsp;Cytochrome&nbsp;oxidase&nbsp;assembly&nbsp;factor,92.2
247634.GPB2148_1215,dinB,DNA&nbsp;polymerase&nbsp;IV,92.1
247634.GPB2148_2290,EEB79360.1,[T]&nbsp;COG2199&nbsp;FOG:&nbsp;GGDEF&nbsp;domain,92.1
247634.GPB2148_1673,EEB79025.1,Molybdopterin&nbsp;oxidoreductase&nbsp;Fe4S4&nbsp;domain&nbsp;family&nbsp;protein,91.9
247634.GPB2148_3282,EEB80465.1,"Transporter,&nbsp;DAACS&nbsp;family",91.7
247634.GPB2148_168,EEB78451.1,[E]&nbsp;COG1760&nbsp;L-serine&nbsp;deaminase,91.7
247634.GPB2148_2858,EEB80047.1,"Aminotransferase,&nbsp;classes&nbsp;I&nbsp;and&nbsp;II&nbsp;superfamily",91.7
247634.GPB2148_785,EEB78160.1,Vitamin&nbsp;B12-dependent&nbsp;ribonucleotide&nbsp;reductase,91.7
247634.GPB2148_1183,EEB77382.1,"Carbamoyl-phosphate&nbsp;synthase&nbsp;L&nbsp;chain,&nbsp;ATP&nbsp;binding&nbsp;domain&nbsp;protein",91.7
247634.GPB2148_2792,EEB77282.1,Uncharacterized&nbsp;protein,91.5
247634.GPB2148_1148,EEB77347.1,"Formate&nbsp;dehydrogenase,&nbsp;alpha&nbsp;subunit",91.5
247634.GPB2148_2917,EEB80105.1,"Acyl-CoA&nbsp;dehydrogenase,&nbsp;C-terminal&nbsp;domain&nbsp;protein",91.5
247634.GPB2148_2548,ppdK,"Pyruvate,&nbsp;phosphate&nbsp;dikinase",91.3
247634.GPB2148_949,tpiA,Triosephosphate&nbsp;isomerase,91.3
247634.GPB2148_2445,EEB79514.1,"Phosphoenolpyruvate&nbsp;phosphomutase,&nbsp;putative",91.3
247634.GPB2148_277,rep,ATP-dependent&nbsp;DNA&nbsp;helicase&nbsp;Rep,91.3
247634.GPB2148_3585,leuD_1,3-isopropylmalate&nbsp;dehydratase&nbsp;small&nbsp;subunit,91.3
247634.GPB2148_1223,EEB77421.1,"Oxidoreductase,&nbsp;FAD/FMN-binding&nbsp;family",91.2
247634.GPB2148_112,hppD,[ER]&nbsp;COG3185&nbsp;4-hydroxyphenylpyruvate&nbsp;dioxygenase&nbsp;and&nbsp;related&nbsp;hemolysins,91.2
247634.GPB2148_3214,dapA,4-hydroxy-tetrahydrodipicolinate&nbsp;synthase,91.0
247634.GPB2148_1677,purM,Phosphoribosylformylglycinamidine&nbsp;cyclo-ligase,91.0
247634.GPB2148_1076,EEB77965.1,Uncharacterized&nbsp;protein,91.0
247634.GPB2148_1623,EEB78975.1,"Biotin-dependent&nbsp;carboxylase&nbsp;uncharacterized&nbsp;domain,&nbsp;putative",91.0
247634.GPB2148_959,EEB77849.1,Uncharacterized&nbsp;protein,90.9
247634.GPB2148_1691,EEB79043.1,"ATPase,&nbsp;histidine&nbsp;kinase-,&nbsp;DNA&nbsp;gyrase&nbsp;B-,&nbsp;and&nbsp;HSP90-like&nbsp;domain&nbsp;protein",90.8
247634.GPB2148_1156,EEB77355.1,Phospho-2-dehydro-3-deoxyheptonate&nbsp;aldolase,90.8
247634.GPB2148_344,modB,"Molybdate&nbsp;ABC&nbsp;transporter,&nbsp;permease&nbsp;protein",90.8
247634.GPB2148_2320,EEB79390.1,"Glycosyl&nbsp;transferase,&nbsp;group&nbsp;1&nbsp;family",90.7
247634.GPB2148_102,EEB78386.1,Acid&nbsp;phosphatase,90.6
247634.GPB2148_1113,rplR,50S&nbsp;ribosomal&nbsp;protein&nbsp;L18,90.5
247634.GPB2148_3407,rplK,50S&nbsp;ribosomal&nbsp;protein&nbsp;L11,90.5
247634.GPB2148_1587,EEB78689.1,Enoyl-CoA&nbsp;hydratase/isomerase&nbsp;family&nbsp;protein,90.2
247634.GPB2148_93,GPB2148_93,Uncharacterized&nbsp;protein,90.2
247634.GPB2148_2973,EEB80160.1,Cytochrome&nbsp;b,90.2
247634.GPB2148_1886,EEB79238.1,annotation&nbsp;not&nbsp;available,90.1
247634.GPB2148_920,tolR,Protein&nbsp;TolR,90.0
247634.GPB2148_219,fadA,Acetyl-CoA&nbsp;C-acyltransferase&nbsp;FadA,89.9
247634.GPB2148_2720,lpdA_2,"[C]&nbsp;COG1249&nbsp;Pyruvate/2-oxoglutarate&nbsp;dehydrogenase&nbsp;complex,&nbsp;dihydrolipoamide&nbsp;dehydrogenase&nbsp;(E3)&nbsp;component,&nbsp;and&nbsp;related&nbsp;enzymes",89.8
247634.GPB2148_1253,EEB76787.1,"6-O-methylguanine&nbsp;DNA&nbsp;methyltransferase,&nbsp;DNA&nbsp;binding&nbsp;domain&nbsp;subfamily",89.8
247634.GPB2148_1114,rpmD,[J]&nbsp;COG1841&nbsp;Ribosomal&nbsp;protein&nbsp;L30/L7E,89.8
247634.GPB2148_155,tal,Transaldolase,89.7
247634.GPB2148_746,EEB78121.1,Acetyl-CoA&nbsp;acetyltransferases&nbsp;subfamily&nbsp;protein,89.6
247634.GPB2148_1325,ilvB,[E]&nbsp;COG3962&nbsp;Acetolactate&nbsp;synthase,89.6
247634.GPB2148_2784,aceF,Acetyltransferase&nbsp;component&nbsp;of&nbsp;pyruvate&nbsp;dehydrogenase&nbsp;complex,89.6
247634.GPB2148_406,EEB77265.1,Uncharacterized&nbsp;protein,89.6
247634.GPB2148_3732,EEB79885.1,Biotin-requiring&nbsp;enzyme&nbsp;domain&nbsp;protein,89.5
247634.GPB2148_396,hppA,Putative&nbsp;K(+)-stimulated&nbsp;pyrophosphate-energized&nbsp;sodium&nbsp;pump,89.4
247634.GPB2148_2409,EEB79478.1,NADH-quinone&nbsp;oxidoreductase&nbsp;subunit,89.4
247634.GPB2148_3336,EEB80518.1,Uncharacterized&nbsp;protein,89.3
247634.GPB2148_506,EEB77469.1,[C]&nbsp;COG1012&nbsp;NAD-dependent&nbsp;aldehyde&nbsp;dehydrogenases,89.3
247634.GPB2148_3410,rpoC,DNA-directed&nbsp;RNA&nbsp;polymerase&nbsp;subunit&nbsp;beta',89.3
247634.GPB2148_3584,thrH,Phosphoserine&nbsp;phosphatase/homoserine&nbsp;phosphotransferase&nbsp;bifunctional&nbsp;protein,89.2
247634.GPB2148_456,leuA,2-isopropylmalate&nbsp;synthase,89.1
247634.GPB2148_3478,sucD,Succinate--CoA&nbsp;ligase&nbsp;[ADP-forming]&nbsp;subunit&nbsp;alpha,89.1
247634.GPB2148_1598,cmk,[F]&nbsp;COG0283&nbsp;Cytidylate&nbsp;kinase,89.0
247634.GPB2148_607,efp,Elongation&nbsp;factor&nbsp;P,89.0
247634.GPB2148_1660,recA,Protein&nbsp;RecA,89.0
247634.GPB2148_1676,EEB79028.1,"Hydrolase,&nbsp;alpha/beta&nbsp;fold&nbsp;family,&nbsp;putative",89.0
247634.GPB2148_1952,EEB78744.1,Peptidase&nbsp;families&nbsp;S8&nbsp;and&nbsp;S53&nbsp;domain&nbsp;protein,88.9
247634.GPB2148_1116,EEB76993.1,[J]&nbsp;COG0199&nbsp;Ribosomal&nbsp;protein&nbsp;S14,88.9
247634.GPB2148_1659,EEB79011.1,Putative&nbsp;Cytochrome&nbsp;c&nbsp;subfamily&nbsp;protein,88.9
247634.GPB2148_3281,EEB80464.1,Uncharacterized&nbsp;protein,88.8
247634.GPB2148_1540,EEB78642.1,Uncharacterized&nbsp;protein,88.8
247634.GPB2148_2377,EEB79447.1,[M]&nbsp;COG3206&nbsp;Uncharacterized&nbsp;protein&nbsp;involved&nbsp;in&nbsp;exopolysaccharide&nbsp;biosynthesis,88.7
247634.GPB2148_461,ctaD_2,Cytochrome&nbsp;c&nbsp;oxidase&nbsp;subunit&nbsp;1,88.7
247634.GPB2148_265,EEB77125.1,"tRNA&nbsp;uridine&nbsp;5-carboxymethylaminomethyl&nbsp;modification&nbsp;enzyme&nbsp;GidA,&nbsp;putative",88.7
247634.GPB2148_1516,rpoS,[K]&nbsp;COG1191&nbsp;DNA-directed&nbsp;RNA&nbsp;polymerase&nbsp;specialized&nbsp;sigma&nbsp;subunit,88.7
247634.GPB2148_3582,EEB79737.1,Succinate&nbsp;dehydrogenase&nbsp;hydrophobic&nbsp;membrane&nbsp;anchor&nbsp;subunit,88.6
247634.GPB2148_1255,EEB76789.1,Uncharacterized&nbsp;protein,88.6
247634.GPB2148_3510,EEB79665.1,Putative&nbsp;carboxyl&nbsp;transferase&nbsp;domain&nbsp;protein,88.5
247634.GPB2148_158,gltX,Glutamate--tRNA&nbsp;ligase,88.5
247634.GPB2148_3220,ftsI,"Peptidoglycan&nbsp;D,D-transpeptidase&nbsp;FtsI",88.4
247634.GPB2148_774,EEB78149.1,"Thiamine&nbsp;pyrophosphate&nbsp;enzyme,&nbsp;C-terminal&nbsp;TPP&nbsp;binding&nbsp;domain&nbsp;protein",88.4
247634.GPB2148_1216,EEB77414.1,Protein&nbsp;TonB,88.2
247634.GPB2148_3458,pgsA,CDP-diacylglycerol--glycerol-3-phosphate&nbsp;3-phosphatidyltransferase,88.1
247634.GPB2148_1840,rpoE,"[K]&nbsp;COG1595&nbsp;DNA-directed&nbsp;RNA&nbsp;polymerase&nbsp;specialized&nbsp;sigma&nbsp;subunit,&nbsp;sigma24&nbsp;homolog",88.1
247634.GPB2148_1021,cpoB,Cell&nbsp;division&nbsp;coordinator&nbsp;CpoB,88.0
247634.GPB2148_101,EEB78385.1,Nitroreductase&nbsp;family&nbsp;protein,88.0
247634.GPB2148_1104,rplN,50S&nbsp;ribosomal&nbsp;protein&nbsp;L14,88.0
247634.GPB2148_3501,EEB79657.1,"Pyruvate&nbsp;phosphate&nbsp;dikinase,&nbsp;PEP/pyruvate&nbsp;binding&nbsp;domain&nbsp;protein",88.0
247634.GPB2148_280,EEB77139.1,Nitrogen&nbsp;regulatory&nbsp;protein&nbsp;P-II,87.8
247634.GPB2148_769,EEB78144.1,Dihydroorotate&nbsp;dehydrogenase&nbsp;family&nbsp;protein,87.7
247634.GPB2148_1374,EEB78478.1,Polysaccharide&nbsp;biosynthesis&nbsp;protein,87.7
247634.GPB2148_2120,pepN,[E]&nbsp;COG0308&nbsp;Aminopeptidase&nbsp;N,87.7
247634.GPB2148_114,EEB78398.1,Uncharacterized&nbsp;protein,87.7
247634.GPB2148_581,ftsY,Signal&nbsp;recognition&nbsp;particle&nbsp;receptor&nbsp;FtsY,87.6
247634.GPB2148_1517,EEB78619.1,Peptidase&nbsp;families&nbsp;S8&nbsp;and&nbsp;S53&nbsp;domain&nbsp;protein,87.6
247634.GPB2148_1525,EEB78627.1,Cysteine-rich&nbsp;domain&nbsp;protein,87.6
247634.GPB2148_2586,EEB77056.1,Alpha/beta&nbsp;hydrolase&nbsp;fold&nbsp;domain&nbsp;protein,87.6
247634.GPB2148_1332,ileS,Isoleucine--tRNA&nbsp;ligase,87.5
247634.GPB2148_1102,rplD,50S&nbsp;ribosomal&nbsp;protein&nbsp;L4,87.5
247634.GPB2148_1703,EEB79055.1,"Anti&nbsp;sigma-E&nbsp;protein&nbsp;RseA,&nbsp;N-terminal&nbsp;domain",87.5
247634.GPB2148_3503,EEB79658.1,Uncharacterized&nbsp;protein,87.5
247634.GPB2148_3654,EEB79808.1,[I]&nbsp;COG0332&nbsp;3-oxoacyl-[acyl-carrier-protein]&nbsp;synthase&nbsp;III,87.4
247634.GPB2148_1860,mobA,Molybdenum&nbsp;cofactor&nbsp;guanylyltransferase,87.4
247634.GPB2148_618,rpmG,[J]&nbsp;COG0267&nbsp;Ribosomal&nbsp;protein&nbsp;L33,87.3
247634.GPB2148_1842,EEB79194.1,TPR&nbsp;repeat&nbsp;region&nbsp;superfamily&nbsp;protein,87.2
247634.GPB2148_1049,EEB77938.1,Peptidase&nbsp;family&nbsp;M1&nbsp;protein,87.2
247634.GPB2148_2452,cca,Multifunctional&nbsp;CCA&nbsp;protein,87.1
247634.GPB2148_3414,rpsL,30S&nbsp;ribosomal&nbsp;protein&nbsp;S12,87.1
247634.GPB2148_1414,oadG,Probable&nbsp;oxaloacetate&nbsp;decarboxylase&nbsp;gamma&nbsp;chain,87.1
247634.GPB2148_3609,EEB79764.1,LysR&nbsp;substrate&nbsp;binding&nbsp;domain&nbsp;protein,87.0
247634.GPB2148_590,EEB77654.1,Uncharacterized&nbsp;protein,87.0
247634.GPB2148_416,recF,DNA&nbsp;replication&nbsp;and&nbsp;repair&nbsp;protein&nbsp;RecF,86.9
247634.GPB2148_1453,rpmI,[J]&nbsp;COG0291&nbsp;Ribosomal&nbsp;protein&nbsp;L35,86.9
247634.GPB2148_374,atpH,ATP&nbsp;synthase&nbsp;subunit&nbsp;delta,86.7
247634.GPB2148_260,lcdH,L-carnitine&nbsp;dehydrogenase,86.7
247634.GPB2148_1125,rpsQ,30S&nbsp;ribosomal&nbsp;protein&nbsp;S17,86.6
247634.GPB2148_3693,EEB79846.1,Uncharacterized&nbsp;protein,86.6
247634.GPB2148_2082,EEB78874.1,Cysteine-rich&nbsp;domain&nbsp;protein,86.6
247634.GPB2148_548,aroK_2,Shikimate&nbsp;kinase,86.6
247634.GPB2148_592,EEB77656.1,Uncharacterized&nbsp;protein,86.6
247634.GPB2148_947,rpsO,30S&nbsp;ribosomal&nbsp;protein&nbsp;S15,86.5
247634.GPB2148_3685,glnS,Glutamine--tRNA&nbsp;ligase,86.5
247634.GPB2148_1090,rplX,50S&nbsp;ribosomal&nbsp;protein&nbsp;L24,86.5
247634.GPB2148_1681,alr,Alanine&nbsp;racemase,86.5
247634.GPB2148_960,EEB77850.1,[U]&nbsp;COG1314&nbsp;Preprotein&nbsp;translocase&nbsp;subunit&nbsp;SecG,86.4
247634.GPB2148_3651,EEB79806.1,"Acyl-CoA&nbsp;dehydrogenase,&nbsp;C-terminal&nbsp;domain&nbsp;protein",86.3
247634.GPB2148_1069,tolQ,Protein&nbsp;TolQ,86.3
247634.GPB2148_2952,gatC,Aspartyl/glutamyl-tRNA(Asn/Gln)&nbsp;amidotransferase&nbsp;subunit&nbsp;C,86.3
247634.GPB2148_1738,EEB79090.1,"ABC&nbsp;transporter,&nbsp;permease&nbsp;protein,&nbsp;putative",86.2
247634.GPB2148_696,EEB77760.1,[S]&nbsp;COG3536&nbsp;Uncharacterized&nbsp;protein&nbsp;conserved&nbsp;in&nbsp;bacteria,86.2
247634.GPB2148_1742,EEB79094.1,[T]&nbsp;COG2199&nbsp;FOG:&nbsp;GGDEF&nbsp;domain,86.1
247634.GPB2148_950,acsA,Acetyl-coenzyme&nbsp;A&nbsp;synthetase,86.1
247634.GPB2148_65,GPB2148_65,Enoyl-CoA&nbsp;hydratase/isomerase&nbsp;family&nbsp;protein,86.0
247634.GPB2148_1737,EEB79089.1,"Acetyltransferase,&nbsp;GNAT&nbsp;family",85.8
247634.GPB2148_1910,EEB76849.1,Ring&nbsp;hydroxylating&nbsp;alpha&nbsp;subunit&nbsp;(Catalytic&nbsp;domain)&nbsp;protein,85.8
247634.GPB2148_1316,EEB77583.1,Putative&nbsp;carboxyl&nbsp;transferase&nbsp;domain&nbsp;protein,85.7
247634.GPB2148_3421,rpoB,DNA-directed&nbsp;RNA&nbsp;polymerase&nbsp;subunit&nbsp;beta,85.7
247634.GPB2148_992,EEB77881.1,"Alcohol&nbsp;dehydrogenase,&nbsp;iron-containing&nbsp;superfamily",85.7
247634.GPB2148_1121,EEB76998.1,"Glutathione&nbsp;S-transferase,&nbsp;N-terminal&nbsp;domain&nbsp;protein",85.6
247634.GPB2148_3595,moaE,"[H]&nbsp;COG0314&nbsp;Molybdopterin&nbsp;converting&nbsp;factor,&nbsp;large&nbsp;subunit",85.5
247634.GPB2148_3548,EEB79703.1,"Acyl-CoA&nbsp;dehydrogenase,&nbsp;C-terminal&nbsp;domain&nbsp;protein",85.3
247634.GPB2148_674,EEB77738.1,RelA/SpoT&nbsp;family&nbsp;protein,85.3
247634.GPB2148_2666,EEB78034.1,"Acyl-CoA&nbsp;dehydrogenase,&nbsp;C-terminal&nbsp;domain&nbsp;protein",85.1
247634.GPB2148_437,gyrB,DNA&nbsp;gyrase&nbsp;subunit&nbsp;B,85.1
247634.GPB2148_1073,EEB77962.1,annotation&nbsp;not&nbsp;available,85.1
247634.GPB2148_452,EEB77108.1,annotation&nbsp;not&nbsp;available,85.1
247634.GPB2148_2347,nuoB,NADH-quinone&nbsp;oxidoreductase&nbsp;subunit&nbsp;B,85.0
247634.GPB2148_3787,aroC,Chorismate&nbsp;synthase,85.0
247634.GPB2148_2292,EEB79362.1,Uncharacterized&nbsp;protein,84.9
247634.GPB2148_2866,EEB80055.1,Outer&nbsp;membrane&nbsp;protein,84.9
247634.GPB2148_866,EEB78241.1,"Putative&nbsp;NAD(P)H&nbsp;quinone&nbsp;oxidoreductase,&nbsp;PIG3&nbsp;family",84.9
247634.GPB2148_3233,EEB80416.1,Putative&nbsp;FAD&nbsp;binding&nbsp;domain&nbsp;protein,84.9
247634.GPB2148_458,polA,DNA&nbsp;polymerase&nbsp;I,84.8
247634.GPB2148_1145,EEB77344.1,"ABC&nbsp;transporter,&nbsp;FeCT&nbsp;family,&nbsp;permease&nbsp;protein",84.7
247634.GPB2148_1562,ppc,Phosphoenolpyruvate&nbsp;carboxylase,84.7
247634.GPB2148_3286,murF,UDP-N-acetylmuramoyl-tripeptide--D-alanyl-D-alanine&nbsp;ligase,84.7
247634.GPB2148_1039,folK_2,"[H]&nbsp;COG0801&nbsp;7,8-dihydro-6-hydroxymethylpterin-pyrophosphokinase",84.6
247634.GPB2148_567,fabF,3-oxoacyl-[acyl-carrier-protein]&nbsp;synthase&nbsp;2,84.6
247634.GPB2148_1421,EEB78525.1,"Transcriptional&nbsp;regulator,&nbsp;RpiR&nbsp;family&nbsp;protein",84.6
247634.GPB2148_1776,dcd,dCTP&nbsp;deaminase,84.6
247634.GPB2148_1275,pilS,"ATPase,&nbsp;histidine&nbsp;kinase-,&nbsp;DNA&nbsp;gyrase&nbsp;B-,&nbsp;and&nbsp;HSP90-like&nbsp;domain&nbsp;protein",84.5
247634.GPB2148_37,GPB2148_37,Uncharacterized&nbsp;protein,84.4
247634.GPB2148_1194,EEB77392.1,Enoyl-CoA&nbsp;hydratase/isomerase&nbsp;family&nbsp;protein,84.4
247634.GPB2148_3308,iscU,Iron-sulfur&nbsp;cluster&nbsp;assembly&nbsp;scaffold&nbsp;protein&nbsp;IscU,84.3
247634.GPB2148_1698,pepA,Probable&nbsp;cytosol&nbsp;aminopeptidase,84.3
247634.GPB2148_1733,EEB79085.1,Uncharacterized&nbsp;protein,84.3
247634.GPB2148_313,EEB77172.1,Caspase&nbsp;domain&nbsp;protein,84.3
247634.GPB2148_887,EEB78261.1,Enoyl-CoA&nbsp;hydratase/isomerase&nbsp;family&nbsp;protein,84.3
247634.GPB2148_2782,dnaK,Chaperone&nbsp;protein&nbsp;DnaK,84.2
247634.GPB2148_1199,EEB77397.1,"ABC&nbsp;transporter,&nbsp;ATP-binding&nbsp;protein,&nbsp;putative",84.2
247634.GPB2148_1551,pheT,[J]&nbsp;COG0072&nbsp;Phenylalanyl-tRNA&nbsp;synthetase&nbsp;beta&nbsp;subunit,84.2
247634.GPB2148_809,EEB78184.1,Uncharacterized&nbsp;protein,84.1
247634.GPB2148_404,EEB77263.1,"TRAP&nbsp;transporter,&nbsp;DctQ-like&nbsp;membrane&nbsp;protein",84.1
247634.GPB2148_134,EEB78417.1,"Acyl-CoA&nbsp;dehydrogenase,&nbsp;C-terminal&nbsp;domain&nbsp;protein",84.0
247634.GPB2148_1758,EEB79110.1,Alcohol&nbsp;dehydrogenase&nbsp;GroES-like&nbsp;domain&nbsp;family,84.0
247634.GPB2148_3295,EEB80478.1,"Acyl-CoA&nbsp;dehydrogenase,&nbsp;C-terminal&nbsp;domain&nbsp;protein",84.0
247634.GPB2148_1775,EEB79127.1,Nickel-dependent&nbsp;hydrogenases&nbsp;b-type&nbsp;cytochrome&nbsp;subunit&nbsp;superfamily,83.8
247634.GPB2148_147,EEB78430.1,[GEPR]&nbsp;COG0477&nbsp;Permeases&nbsp;of&nbsp;the&nbsp;major&nbsp;facilitator&nbsp;superfamily,83.6
247634.GPB2148_1510,EEB78612.1,"Acyl-CoA&nbsp;dehydrogenase,&nbsp;C-terminal&nbsp;domain&nbsp;protein",83.6
247634.GPB2148_1485,aroA,3-phosphoshikimate&nbsp;1-carboxyvinyltransferase,83.6
247634.GPB2148_675,gshB,[HJ]&nbsp;COG0189&nbsp;Glutathione&nbsp;synthase/Ribosomal&nbsp;protein&nbsp;S6&nbsp;modification&nbsp;enzyme&nbsp;(glutaminyl&nbsp;transferase),83.6
247634.GPB2148_1481,EEB78583.1,Uncharacterized&nbsp;protein,83.5
247634.GPB2148_1117,rpoA,DNA-directed&nbsp;RNA&nbsp;polymerase&nbsp;subunit&nbsp;alpha,83.5
247634.GPB2148_3448,EEB79605.1,"ATPase,&nbsp;AAA&nbsp;family&nbsp;protein",83.5
247634.GPB2148_1626,EEB78978.1,Glycoprotease&nbsp;family&nbsp;protein,83.4
247634.GPB2148_608,ahcY,Adenosylhomocysteinase,83.4
247634.GPB2148_1097,rpsM,30S&nbsp;ribosomal&nbsp;protein&nbsp;S13,83.2
247634.GPB2148_40,GPB2148_40,Conserved&nbsp;domain&nbsp;protein,83.1
247634.GPB2148_3097,secD,Protein&nbsp;translocase&nbsp;subunit&nbsp;SecD,83.0
247634.GPB2148_3105,EEB80289.1,Uncharacterized&nbsp;protein,83.0
247634.GPB2148_3772,EEB79924.1,Cupin&nbsp;domain&nbsp;protein,83.0
247634.GPB2148_3601,rnhA,Ribonuclease&nbsp;H,83.0
247634.GPB2148_1134,rpsS,30S&nbsp;ribosomal&nbsp;protein&nbsp;S19,83.0
247634.GPB2148_1835,EEB79187.1,annotation&nbsp;not&nbsp;available,83.0
247634.GPB2148_239,EEB76935.1,"Oxidoreductase,&nbsp;zinc-binding&nbsp;dehydrogenase&nbsp;family",82.9
247634.GPB2148_2024,EEB78816.1,annotation&nbsp;not&nbsp;available,82.8
247634.GPB2148_2978,EEB80165.1,"Transketolase,&nbsp;pyridine&nbsp;binding&nbsp;domain&nbsp;protein",82.7
247634.GPB2148_1204,sat,[P]&nbsp;COG2046&nbsp;ATP&nbsp;sulfurylase&nbsp;(sulfate&nbsp;adenylyltransferase),82.7
247634.GPB2148_2719,EEB78087.1,Aminoacyl-histidine&nbsp;dipeptidase&nbsp;subfamily&nbsp;protein,82.6
247634.GPB2148_430,EEB77086.1,[L]&nbsp;COG0592&nbsp;DNA&nbsp;polymerase&nbsp;sliding&nbsp;clamp&nbsp;subunit&nbsp;(PCNA&nbsp;homolog),82.6
247634.GPB2148_1585,gyrA,DNA&nbsp;gyrase&nbsp;subunit&nbsp;A,82.6
247634.GPB2148_1335,EEB77602.1,"Carbamoyl-phosphate&nbsp;synthase&nbsp;L&nbsp;chain,&nbsp;ATP&nbsp;binding&nbsp;domain&nbsp;protein",82.6
247634.GPB2148_1343,EEB77609.1,annotation&nbsp;not&nbsp;available,82.4
247634.GPB2148_1187,EEB77386.1,"General&nbsp;secretion&nbsp;pathway&nbsp;protein&nbsp;G,&nbsp;putative",82.4
247634.GPB2148_3111,EEB80295.1,Rrf2&nbsp;family&nbsp;protein&nbsp;(Putative&nbsp;transcriptional&nbsp;regulator),82.4
247634.GPB2148_2304,EEB79374.1,[EH]&nbsp;COG0175&nbsp;3'-phosphoadenosine&nbsp;5'-phosphosulfate&nbsp;sulfotransferase&nbsp;(PAPS&nbsp;reductase)/FAD&nbsp;synthetase&nbsp;and&nbsp;related&nbsp;enzymes,82.4
247634.GPB2148_3863,EEB80013.1,"Sarcosine&nbsp;oxidase,&nbsp;alpha&nbsp;subunit&nbsp;family",82.3
247634.GPB2148_1064,pfp,Pyrophosphate--fructose&nbsp;6-phosphate&nbsp;1-phosphotransferase,82.2
247634.GPB2148_2019,EEB78811.1,[O]&nbsp;COG0386&nbsp;Glutathione&nbsp;peroxidase,82.1
247634.GPB2148_445,EEB77101.1,Cytochrome&nbsp;c&nbsp;oxidase&nbsp;subunit&nbsp;III&nbsp;subfamily&nbsp;protein,82.1
247634.GPB2148_1112,rpsH,30S&nbsp;ribosomal&nbsp;protein&nbsp;S8,82.0
247634.GPB2148_1128,fabA,3-hydroxydecanoyl-[acyl-carrier-protein]&nbsp;dehydratase,81.9
247634.GPB2148_3534,EEB79689.1,B12&nbsp;binding&nbsp;domain&nbsp;protein,81.7
247634.GPB2148_2435,EEB79504.1,[M]&nbsp;COG0860&nbsp;N-acetylmuramoyl-L-alanine&nbsp;amidase,81.7
247634.GPB2148_2383,EEB79453.1,Oxidoreductase&nbsp;molybdopterin&nbsp;binding&nbsp;domain&nbsp;protein,81.6
247634.GPB2148_1366,EEB77632.1,Fumarate&nbsp;hydratase&nbsp;class&nbsp;I,81.6
247634.GPB2148_12,GPB2148_12,"ABC&nbsp;transporter,&nbsp;ATP-binding&nbsp;protein",81.6
247634.GPB2148_242,betB,Betaine&nbsp;aldehyde&nbsp;dehydrogenase,81.5
247634.GPB2148_1712,EEB79064.1,Electron&nbsp;transport&nbsp;complex&nbsp;subunit&nbsp;B,81.4
247634.GPB2148_377,EEB77236.1,DNA&nbsp;helicase,81.4
247634.GPB2148_1527,leuC_2,Aconitase&nbsp;family&nbsp;protein,81.3
247634.GPB2148_1020,EEB77909.1,Cytochrome&nbsp;c-type&nbsp;protein,81.3
247634.GPB2148_1447,EEB78550.1,"Type&nbsp;III&nbsp;restriction&nbsp;enzyme,&nbsp;res&nbsp;subunit&nbsp;family",81.3
247634.GPB2148_2126,EEB78918.1,"AMP-binding&nbsp;enzyme,&nbsp;putative",81.2
247634.GPB2148_905,gor,Glutathione-disulfide&nbsp;reductase,81.2
247634.GPB2148_146,EEB78429.1,Putative&nbsp;Cytochrome&nbsp;c&nbsp;subfamily&nbsp;protein,81.1
247634.GPB2148_770,EEB78145.1,"Bacterial&nbsp;extracellular&nbsp;solute-binding&nbsp;protein,&nbsp;family&nbsp;5",81.1
247634.GPB2148_1361,EEB77627.1,"MerR,&nbsp;DNA&nbsp;binding&nbsp;family&nbsp;protein",80.9
247634.GPB2148_1081,EEB76755.1,[U]&nbsp;COG3210&nbsp;Large&nbsp;exoproteins&nbsp;involved&nbsp;in&nbsp;heme&nbsp;utilization&nbsp;or&nbsp;adhesion,80.9
247634.GPB2148_1279,ilvN,"[E]&nbsp;COG0440&nbsp;Acetolactate&nbsp;synthase,&nbsp;small&nbsp;(regulatory)&nbsp;subunit",80.9
247634.GPB2148_3725,hisC,[E]&nbsp;COG0436&nbsp;Aspartate/tyrosine/aromatic&nbsp;aminotransferase,80.8
247634.GPB2148_493,EEB77456.1,"[L]&nbsp;COG0847&nbsp;DNA&nbsp;polymerase&nbsp;III,&nbsp;epsilon&nbsp;subunit&nbsp;and&nbsp;related&nbsp;3'-5'&nbsp;exonucleases",80.8
247634.GPB2148_656,fba,"Fructose-bisphosphate&nbsp;aldolase,&nbsp;class&nbsp;II,&nbsp;Calvin&nbsp;cycle&nbsp;subtype",80.8
247634.GPB2148_3093,EEB80277.1,"Fumarylacetoacetate&nbsp;hydrolase&nbsp;family&nbsp;protein,&nbsp;putative",80.8
247634.GPB2148_145,EEB78428.1,"Amidase,&nbsp;putative",80.7
247634.GPB2148_1375,gap,[G]&nbsp;COG0057&nbsp;Glyceraldehyde-3-phosphate&nbsp;dehydrogenase/erythrose-4-phosphate&nbsp;dehydrogenase,80.7
247634.GPB2148_221,EEB76917.1,Uncharacterized&nbsp;protein,80.7
247634.GPB2148_2359,rpsU,[J]&nbsp;COG0828&nbsp;Ribosomal&nbsp;protein&nbsp;S21,80.7
247634.GPB2148_1086,rplP,50S&nbsp;ribosomal&nbsp;protein&nbsp;L16,80.6
247634.GPB2148_2004,EEB78796.1,Histidine&nbsp;kinase,80.6
247634.GPB2148_1307,EEB77574.1,[L]&nbsp;COG2925&nbsp;Exonuclease&nbsp;I,80.6
247634.GPB2148_3264,glcB,Malate&nbsp;synthase&nbsp;G,80.6
247634.GPB2148_2926,tadA,tRNA-specific&nbsp;adenosine&nbsp;deaminase,80.5
247634.GPB2148_1963,glcE,FAD&nbsp;binding&nbsp;domain&nbsp;protein,80.4
247634.GPB2148_447,hemF,Oxygen-dependent&nbsp;coproporphyrinogen-III&nbsp;oxidase,80.4
247634.GPB2148_1232,EEB76767.1,Putative&nbsp;phosphotransferase&nbsp;enzyme&nbsp;family&nbsp;protein,80.4
247634.GPB2148_640,ntrC,Nitrogen&nbsp;regulation&nbsp;protein,80.3
247634.GPB2148_2393,EEB79463.1,NAD&nbsp;dependent&nbsp;epimerase/dehydratase&nbsp;family&nbsp;protein,80.3
247634.GPB2148_202,argD,Acetylornithine&nbsp;aminotransferase,80.3
247634.GPB2148_2302,nuoG,"NADH&nbsp;dehydrogenase&nbsp;(Quinone),&nbsp;G&nbsp;subunit",80.3
247634.GPB2148_409,EEB77267.1,Alpha/beta&nbsp;hydrolase&nbsp;fold&nbsp;domain&nbsp;protein,80.2
247634.GPB2148_1085,rpsD,30S&nbsp;ribosomal&nbsp;protein&nbsp;S4,80.2
247634.GPB2148_3408,EEB76874.1,Elongation&nbsp;factor&nbsp;Tu,80.2
247634.GPB2148_3756,EEB79908.1,"tRNA&nbsp;uridine&nbsp;5-carboxymethylaminomethyl&nbsp;modification&nbsp;enzyme&nbsp;GidA,&nbsp;putative",80.2
247634.GPB2148_3776,EEB79928.1,[C]&nbsp;COG2055&nbsp;Malate/L-lactate&nbsp;dehydrogenases,80.1
247634.GPB2148_3351,EEB80533.1,"Acyl-CoA&nbsp;dehydrogenase,&nbsp;middle&nbsp;domain&nbsp;protein",79.9
247634.GPB2148_751,EEB78126.1,"Glutamine&nbsp;synthetase,&nbsp;catalytic&nbsp;domain&nbsp;protein",79.8
247634.GPB2148_1308,ctc,50S&nbsp;ribosomal&nbsp;protein&nbsp;L25,79.8
247634.GPB2148_647,rpmE,50S&nbsp;ribosomal&nbsp;protein&nbsp;L31,79.8
247634.GPB2148_157,EEB78440.1,Uncharacterized&nbsp;protein,79.8
247634.GPB2148_678,EEB77742.1,"Type&nbsp;I&nbsp;secretion&nbsp;outer&nbsp;membrane&nbsp;protein,&nbsp;TolC&nbsp;family",79.7
247634.GPB2148_3026,hscA,Chaperone&nbsp;protein&nbsp;HscA&nbsp;homolog,79.7
247634.GPB2148_2528,rpsR,30S&nbsp;ribosomal&nbsp;protein&nbsp;S18,79.6
247634.GPB2148_69,rne,Ribonuclease&nbsp;E,79.6
247634.GPB2148_3638,EEB79793.1,Enoyl-CoA&nbsp;hydratase/isomerase&nbsp;family&nbsp;protein,79.4
247634.GPB2148_1286,ispH,4-hydroxy-3-methylbut-2-enyl&nbsp;diphosphate&nbsp;reductase,79.3
247634.GPB2148_3481,folE_1,[H]&nbsp;COG0302&nbsp;GTP&nbsp;cyclohydrolase&nbsp;I,79.3
247634.GPB2148_1523,EEB78625.1,[T]&nbsp;COG3103&nbsp;SH3&nbsp;domain&nbsp;protein,79.2
247634.GPB2148_2830,EEB77320.1,Enoyl-CoA&nbsp;hydratase/isomerase&nbsp;family&nbsp;protein,79.1
247634.GPB2148_1241,EEB76775.1,"Hydrolase,&nbsp;alpha/beta&nbsp;fold&nbsp;family,&nbsp;putative",79.1
247634.GPB2148_238,EEB76934.1,"Mandelate&nbsp;racemase&nbsp;/&nbsp;muconate&nbsp;lactonizing&nbsp;enzyme,&nbsp;C-terminal&nbsp;domain&nbsp;protein",79.1
247634.GPB2148_3815,EEB79966.1,Nitrite&nbsp;and&nbsp;sulphite&nbsp;reductase&nbsp;4Fe-4S&nbsp;domain&nbsp;protein,79.0
247634.GPB2148_2129,EEB78921.1,[C]&nbsp;COG1012&nbsp;NAD-dependent&nbsp;aldehyde&nbsp;dehydrogenases,79.0
247634.GPB2148_2461,aepY,Phosphonopyruvate&nbsp;decarboxylase,78.9
247634.GPB2148_3406,fusA_1,Elongation&nbsp;factor&nbsp;G,78.9
247634.GPB2148_1083,EEB76960.1,dTDP-4-dehydrorhamnose&nbsp;reductase,78.8
247634.GPB2148_487,EEB77450.1,Response&nbsp;regulator&nbsp;receiver&nbsp;domain&nbsp;protein,78.8
247634.GPB2148_346,EEB77205.1,"Rubredoxin,&nbsp;putative",78.8
247634.GPB2148_1403,EEB78507.1,"Transcriptional&nbsp;regulator,&nbsp;Crp/Fnr&nbsp;family&nbsp;protein",78.8
247634.GPB2148_795,EEB78170.1,"D-isomer&nbsp;specific&nbsp;2-hydroxyacid&nbsp;dehydrogenase,&nbsp;catalytic&nbsp;domain,&nbsp;putative",78.7
247634.GPB2148_882,EEB78256.1,Uncharacterized&nbsp;protein,78.7
247634.GPB2148_1471,EEB78573.1,annotation&nbsp;not&nbsp;available,78.7
247634.GPB2148_2139,EEB78931.1,Fibronectin&nbsp;type&nbsp;III&nbsp;domain&nbsp;protein,78.6
247634.GPB2148_3005,EEB80192.1,"Oxidoreductase,&nbsp;FAD/FMN-binding&nbsp;family",78.5
247634.GPB2148_1746,EEB79098.1,Malonyl-CoA&nbsp;decarboxylase&nbsp;superfamily&nbsp;protein,78.5
247634.GPB2148_1229,EEB77427.1,"Oxidoreductase,&nbsp;FAD/FMN-binding&nbsp;superfamily",78.4
247634.GPB2148_2253,accB,Biotin&nbsp;carboxyl&nbsp;carrier&nbsp;protein&nbsp;of&nbsp;acetyl-CoA&nbsp;carboxylase,78.4
247634.GPB2148_1270,EEB77537.1,"CDP-diacylglycerol--serine&nbsp;O-phosphatidyltransferase,&nbsp;putative",78.4
247634.GPB2148_1979,lipA,Lipoyl&nbsp;synthase,78.3
247634.GPB2148_3188,EEB80371.1,Enoyl-CoA&nbsp;hydratase/isomerase&nbsp;family&nbsp;protein,78.3
247634.GPB2148_2238,EEB79308.1,[C]&nbsp;COG0839&nbsp;NADH:ubiquinone&nbsp;oxidoreductase&nbsp;subunit&nbsp;6&nbsp;(chain&nbsp;J),78.3
247634.GPB2148_3413,rplL,50S&nbsp;ribosomal&nbsp;protein&nbsp;L7/L12,78.2
247634.GPB2148_2956,pyrH,Uridylate&nbsp;kinase,78.2
247634.GPB2148_1616,ihfB,Integration&nbsp;host&nbsp;factor&nbsp;subunit&nbsp;beta,78.2
247634.GPB2148_1410,EEB78514.1,"Hydrolase,&nbsp;carbon-nitrogen&nbsp;family",78.1
247634.GPB2148_3056,EEB80242.1,Acetyl-CoA&nbsp;hydrolase/transferase&nbsp;family&nbsp;protein,78.1
247634.GPB2148_503,mobB,[H]&nbsp;COG1763&nbsp;Molybdopterin-guanine&nbsp;dinucleotide&nbsp;biosynthesis&nbsp;protein,78.1
247634.GPB2148_1822,EEB79174.1,RelA/SpoT&nbsp;family&nbsp;protein,78.1
247634.GPB2148_263,cyaY,"[P]&nbsp;COG1965&nbsp;Protein&nbsp;implicated&nbsp;in&nbsp;iron&nbsp;transport,&nbsp;frataxin&nbsp;homolog",78.1
247634.GPB2148_1479,EEB78581.1,"Hydrolase,&nbsp;alpha/beta&nbsp;fold&nbsp;family,&nbsp;putative",78.1
247634.GPB2148_2808,EEB77298.1,"Acyl-CoA&nbsp;dehydrogenase,&nbsp;C-terminal&nbsp;domain&nbsp;protein",78.0
247634.GPB2148_1762,EEB79114.1,Acetyl-CoA&nbsp;acetyltransferases&nbsp;subfamily&nbsp;protein,78.0
247634.GPB2148_183,EEB78466.1,Alcohol&nbsp;dehydrogenase&nbsp;GroES-like&nbsp;domain&nbsp;family,78.0
247634.GPB2148_481,EEB77444.1,"Acyl-CoA&nbsp;dehydrogenase,&nbsp;C-terminal&nbsp;domain&nbsp;protein",78.0
247634.GPB2148_1488,serC,Phosphoserine&nbsp;aminotransferase,77.9
247634.GPB2148_1056,gluQ,Glutamyl-Q&nbsp;tRNA(Asp)&nbsp;synthetase,77.9
247634.GPB2148_668,EEB77732.1,"Glycosyl&nbsp;transferase,&nbsp;group&nbsp;1&nbsp;family",77.9
247634.GPB2148_1426,EEB78530.1,"Thiamine&nbsp;pyrophosphate&nbsp;enzyme,&nbsp;C-terminal&nbsp;TPP&nbsp;binding&nbsp;domain&nbsp;protein",77.8
247634.GPB2148_1124,cgtA,GTPase&nbsp;Obg,77.8
247634.GPB2148_2481,EEB79549.1,"Glycosyl&nbsp;transferase,&nbsp;group&nbsp;1&nbsp;family",77.7
247634.GPB2148_3730,EEB79883.1,[L]&nbsp;COG0258&nbsp;5'-3'&nbsp;exonuclease&nbsp;(including&nbsp;N-terminal&nbsp;domain&nbsp;of&nbsp;PolI),77.6
247634.GPB2148_953,rrmJ,Ribosomal&nbsp;RNA&nbsp;large&nbsp;subunit&nbsp;methyltransferase&nbsp;E,77.6
247634.GPB2148_2768,glk_2,Glucokinase,77.6
247634.GPB2148_3547,EEB79702.1,GIY-YIG&nbsp;catalytic&nbsp;domain&nbsp;protein,77.5
247634.GPB2148_3362,EEB80544.1,"Glycosyl&nbsp;hydrolases&nbsp;family&nbsp;2,&nbsp;immunoglobulin-like&nbsp;beta-sandwich&nbsp;domain",77.5
247634.GPB2148_626,aroK_1,Shikimate&nbsp;kinase,77.5
247634.GPB2148_1726,EEB79078.1,"Putative&nbsp;permease,&nbsp;YjgP/YjgQ&nbsp;family",77.5
247634.GPB2148_3312,EEB80495.1,Tat&nbsp;pathway&nbsp;signal&nbsp;sequence&nbsp;domain&nbsp;protein,77.4
247634.GPB2148_2889,EEB80077.1,O-acetylhomoserine&nbsp;aminocarboxypropyltransferase/cysteine&nbsp;synthase&nbsp;subfamily&nbsp;protein,77.2
247634.GPB2148_1303,clpB,Chaperone&nbsp;protein&nbsp;ClpB,77.2
247634.GPB2148_3614,EEB79769.1,Uncharacterized&nbsp;protein,77.2
247634.GPB2148_1195,EEB77393.1,[C]&nbsp;COG1905&nbsp;NADH:ubiquinone&nbsp;oxidoreductase&nbsp;24&nbsp;kD&nbsp;subunit,77.2
247634.GPB2148_240,EEB76936.1,Uncharacterized&nbsp;protein,77.2
247634.GPB2148_1650,EEB79002.1,"RND&nbsp;transporter,&nbsp;HAE1/HME&nbsp;family,&nbsp;permease&nbsp;protein",77.2
247634.GPB2148_1001,ruvA,Holliday&nbsp;junction&nbsp;ATP-dependent&nbsp;DNA&nbsp;helicase&nbsp;RuvA,77.2
247634.GPB2148_1169,EEB77368.1,Putative&nbsp;MaoC&nbsp;like&nbsp;domain&nbsp;protein,77.1
247634.GPB2148_1306,pyrB,"[F]&nbsp;COG0540&nbsp;Aspartate&nbsp;carbamoyltransferase,&nbsp;catalytic&nbsp;chain",77.1
247634.GPB2148_2840,fabV,Enoyl-[acyl-carrier-protein]&nbsp;reductase&nbsp;[NADH],76.9
247634.GPB2148_1688,EEB79040.1,"Aminotransferase,&nbsp;class&nbsp;III&nbsp;superfamily",76.9
247634.GPB2148_1982,EEB78774.1,Aldehyde&nbsp;dehydrogenase&nbsp;(NAD)&nbsp;family&nbsp;protein,76.8
247634.GPB2148_510,EEB77473.1,Hydantoinase/oxoprolinase&nbsp;domain&nbsp;family&nbsp;protein,76.6
247634.GPB2148_2295,hemL,"Glutamate-1-semialdehyde&nbsp;2,1-aminomutase",76.6
247634.GPB2148_3709,EEB79862.1,"Pyridine&nbsp;nucleotide-disulphide&nbsp;oxidoreductase,&nbsp;putative",76.6
247634.GPB2148_1272,ribF,Riboflavin&nbsp;biosynthesis&nbsp;protein,76.6
247634.GPB2148_222,proA,Gamma-glutamyl&nbsp;phosphate&nbsp;reductase,76.5
247634.GPB2148_1228,EEB77426.1,Uncharacterized&nbsp;protein,76.5
247634.GPB2148_2703,EEB78071.1,Uncharacterized&nbsp;protein,76.5
247634.GPB2148_3138,frr,Ribosome-recycling&nbsp;factor,76.5
247634.GPB2148_1234,EEB76769.1,"Acyl-CoA&nbsp;dehydrogenase,&nbsp;C-terminal&nbsp;domain,&nbsp;putative",76.4
247634.GPB2148_764,EEB78139.1,Phospho-2-dehydro-3-deoxyheptonate&nbsp;aldolase,76.4
247634.GPB2148_1693,recO,DNA&nbsp;repair&nbsp;protein&nbsp;RecO,76.4
247634.GPB2148_3260,EEB80443.1,KR&nbsp;domain&nbsp;superfamily&nbsp;protein,76.3
247634.GPB2148_2412,EEB79481.1,[E]&nbsp;COG0367&nbsp;Asparagine&nbsp;synthase&nbsp;(glutamine-hydrolyzing),76.3
247634.GPB2148_1721,EEB79073.1,[P]&nbsp;COG1785&nbsp;Alkaline&nbsp;phosphatase,76.2
247634.GPB2148_812,EEB78187.1,"Acyl-CoA&nbsp;dehydrogenase,&nbsp;C-terminal&nbsp;domain&nbsp;protein",76.2
247634.GPB2148_3691,accD,Acetyl-coenzyme&nbsp;A&nbsp;carboxylase&nbsp;carboxyl&nbsp;transferase&nbsp;subunit&nbsp;beta,76.2
247634.GPB2148_1074,pcnB,Poly(A)&nbsp;polymerase&nbsp;I,76.2
247634.GPB2148_3719,clpS,ATP-dependent&nbsp;Clp&nbsp;protease&nbsp;adapter&nbsp;protein&nbsp;ClpS,76.0
247634.GPB2148_382,EEB77241.1,"Acyl-CoA&nbsp;dehydrogenase,&nbsp;C-terminal&nbsp;domain&nbsp;protein",76.0
247634.GPB2148_3570,lpdA_1,"[C]&nbsp;COG1249&nbsp;Pyruvate/2-oxoglutarate&nbsp;dehydrogenase&nbsp;complex,&nbsp;dihydrolipoamide&nbsp;dehydrogenase&nbsp;(E3)&nbsp;component,&nbsp;and&nbsp;related&nbsp;enzymes",76.0
247634.GPB2148_160,EEB78443.1,Uncharacterized&nbsp;protein,75.9
247634.GPB2148_1356,glnD,Bifunctional&nbsp;uridylyltransferase/uridylyl-removing&nbsp;enzyme,75.9
247634.GPB2148_1359,prsA,Ribose-phosphate&nbsp;pyrophosphokinase,75.9
247634.GPB2148_1402,EEB78506.1,Cyclic&nbsp;nucleotide-binding&nbsp;domain&nbsp;protein,75.9
247634.GPB2148_1696,EEB79048.1,Putative&nbsp;phosphotransferase&nbsp;enzyme&nbsp;family&nbsp;protein,75.7
247634.GPB2148_223,fadB,Fatty&nbsp;acid&nbsp;oxidation&nbsp;complex&nbsp;subunit&nbsp;alpha,75.7
247634.GPB2148_1220,EEB77418.1,FAD-linked&nbsp;oxidoreductase&nbsp;subfamily&nbsp;protein,75.7
247634.GPB2148_2743,EEB78111.1,Glycosyl&nbsp;hydrolases&nbsp;family&nbsp;16,75.7
247634.GPB2148_1465,EEB78568.1,Sigma-54&nbsp;interaction&nbsp;domain&nbsp;family&nbsp;protein,75.6
247634.GPB2148_3242,rpsI,[J]&nbsp;COG0103&nbsp;Ribosomal&nbsp;protein&nbsp;S9,75.6
247634.GPB2148_3125,ddl,D-alanine--D-alanine&nbsp;ligase,75.5
247634.GPB2148_2229,EEB79299.1,[C]&nbsp;COG1905&nbsp;NADH:ubiquinone&nbsp;oxidoreductase&nbsp;24&nbsp;kD&nbsp;subunit,75.5
247634.GPB2148_1502,pyrF,Orotidine&nbsp;5'-phosphate&nbsp;decarboxylase,75.5
247634.GPB2148_3437,EEB76835.1,Histidine&nbsp;kinase,75.5
247634.GPB2148_717,metK,S-adenosylmethionine&nbsp;synthase,75.5
247634.GPB2148_1619,ftsB,Cell&nbsp;division&nbsp;protein&nbsp;FtsB,75.5
247634.GPB2148_1154,fdhD,Sulfur&nbsp;carrier&nbsp;protein&nbsp;FdhD,75.5
247634.GPB2148_918,ruvB,Holliday&nbsp;junction&nbsp;ATP-dependent&nbsp;DNA&nbsp;helicase&nbsp;RuvB,75.3
247634.GPB2148_2593,EEB77062.1,"Aminotransferase,&nbsp;class&nbsp;V&nbsp;superfamily",75.3
247634.GPB2148_3014,EEB80201.1,Aspartokinase,75.2
247634.GPB2148_2791,EEB77281.1,"[I]&nbsp;COG2057&nbsp;Acyl&nbsp;CoA:acetate/3-ketoacid&nbsp;CoA&nbsp;transferase,&nbsp;beta&nbsp;subunit",75.1
247634.GPB2148_1610,EEB78712.1,Molydopterin&nbsp;dinucleotide&nbsp;binding&nbsp;domain&nbsp;protein,75.1
247634.GPB2148_603,secB,Protein-export&nbsp;protein&nbsp;SecB,75.0
247634.GPB2148_421,def,Peptide&nbsp;deformylase,74.9
247634.GPB2148_876,EEB78251.1,"Pyruvate&nbsp;flavodoxin/ferredoxin&nbsp;oxidoreductase,&nbsp;thiamine&nbsp;diP-binding&nbsp;domain&nbsp;protein",74.8
247634.GPB2148_1364,ilvC,Ketol-acid&nbsp;reductoisomerase&nbsp;(NADP(+)),74.8
247634.GPB2148_623,rfbD,dTDP-4-dehydrorhamnose&nbsp;reductase,74.8
247634.GPB2148_1803,EEB79155.1,Putative&nbsp;peptidyl-tRNA&nbsp;hydrolase&nbsp;domain&nbsp;protein,74.7
247634.GPB2148_2787,EEB77277.1,"Alpha&nbsp;amylase,&nbsp;catalytic&nbsp;domain&nbsp;subfamily",74.7
247634.GPB2148_3143,EEB80327.1,Uncharacterized&nbsp;protein,74.5
247634.GPB2148_206,nadD,Probable&nbsp;nicotinate-nucleotide&nbsp;adenylyltransferase,74.4
247634.GPB2148_176,ribB,"3,4-dihydroxy-2-butanone&nbsp;4-phosphate&nbsp;synthase",74.3
247634.GPB2148_1844,purU_2,Formyltetrahydrofolate&nbsp;deformylase,74.3
247634.GPB2148_446,argA,Amino-acid&nbsp;acetyltransferase,74.3
247634.GPB2148_3283,EEB80466.1,"Acyl-CoA&nbsp;dehydrogenase,&nbsp;C-terminal&nbsp;domain&nbsp;protein",74.3
247634.GPB2148_2785,EEB77275.1,"Acyl-CoA&nbsp;dehydrogenase,&nbsp;middle&nbsp;domain&nbsp;protein",74.3
247634.GPB2148_778,EEB78153.1,Uncharacterized&nbsp;protein,74.3
247634.GPB2148_1031,EEB77920.1,[J]&nbsp;COG1190&nbsp;Lysyl-tRNA&nbsp;synthetase&nbsp;(class&nbsp;II),74.1
247634.GPB2148_3178,gcvP,Glycine&nbsp;dehydrogenase&nbsp;(decarboxylating),74.1
247634.GPB2148_1593,EEB78695.1,Uncharacterized&nbsp;protein,74.1
247634.GPB2148_664,EEB77728.1,[R]&nbsp;COG0110&nbsp;Acetyltransferase&nbsp;(isoleucine&nbsp;patch&nbsp;superfamily),74.0
247634.GPB2148_1529,EEB78631.1,"Hydrolase,&nbsp;alpha/beta&nbsp;fold&nbsp;family,&nbsp;putative",74.0
247634.GPB2148_2288,EEB79358.1,HAMP&nbsp;domain&nbsp;protein,74.0
247634.GPB2148_2643,EEB78011.1,Acetoacetate-CoA&nbsp;ligase,73.8
247634.GPB2148_2352,galE,UDP-glucose&nbsp;4-epimerase,73.7
247634.GPB2148_1756,EEB79108.1,Enoyl-CoA&nbsp;hydratase/isomerase&nbsp;family&nbsp;protein,73.7
247634.GPB2148_1752,EEB79104.1,Uncharacterized&nbsp;protein,73.7
247634.GPB2148_2342,EEB79412.1,[O]&nbsp;COG0785&nbsp;Cytochrome&nbsp;c&nbsp;biogenesis&nbsp;protein,73.7
247634.GPB2148_156,EEB78439.1,"Methionine&nbsp;synthase,&nbsp;vitamin-B12&nbsp;independent,&nbsp;putative",73.6
247634.GPB2148_708,glnA,[E]&nbsp;COG0174&nbsp;Glutamine&nbsp;synthetase,73.6
247634.GPB2148_3309,EEB80492.1,Dehydrogenase&nbsp;E1&nbsp;component&nbsp;superfamily&nbsp;protein,73.6
247634.GPB2148_954,pnp,Polyribonucleotide&nbsp;nucleotidyltransferase,73.6
247634.GPB2148_1446,rplS,50S&nbsp;ribosomal&nbsp;protein&nbsp;L19,73.5
247634.GPB2148_1766,EEB79118.1,Putrescine-binding&nbsp;periplasmic&nbsp;protein,73.5
247634.GPB2148_1164,EEB77363.1,"Pyridoxal-dependent&nbsp;decarboxylase,&nbsp;pyridoxal&nbsp;binding&nbsp;domain&nbsp;protein",73.5
247634.GPB2148_3409,EEB76875.1,[O]&nbsp;COG0386&nbsp;Glutathione&nbsp;peroxidase,73.3
247634.GPB2148_218,mrdA,"Peptidoglycan&nbsp;D,D-transpeptidase&nbsp;MrdA",73.3
247634.GPB2148_1050,EEB77939.1,[S]&nbsp;COG3791&nbsp;Uncharacterized&nbsp;conserved&nbsp;protein,73.3
247634.GPB2148_2469,EEB79537.1,Cyclic&nbsp;nucleotide-binding&nbsp;domain&nbsp;protein,73.2
247634.GPB2148_3496,EEB79652.1,HpcH/HpaI&nbsp;aldolase/citrate&nbsp;lyase&nbsp;family&nbsp;protein,73.2
247634.GPB2148_1135,rpsK,30S&nbsp;ribosomal&nbsp;protein&nbsp;S11,73.2
247634.GPB2148_28,GPB2148_28,"Beta-ketoacyl&nbsp;synthase,&nbsp;C-terminal&nbsp;domain&nbsp;protein",73.1
247634.GPB2148_122,ctaD_1,"[O]&nbsp;COG3278&nbsp;Cbb3-type&nbsp;cytochrome&nbsp;oxidase,&nbsp;subunit&nbsp;1",73.1
247634.GPB2148_816,EEB78191.1,"Bacterial&nbsp;extracellular&nbsp;solute-binding&nbsp;protein,&nbsp;family&nbsp;5",73.0
247634.GPB2148_1706,hemN,Coproporphyrinogen-III&nbsp;oxidase,73.0
247634.GPB2148_2655,EEB78023.1,"[C]&nbsp;COG1071&nbsp;Pyruvate/2-oxoglutarate&nbsp;dehydrogenase&nbsp;complex,&nbsp;dehydrogenase&nbsp;(E1)&nbsp;component,&nbsp;eukaryotic&nbsp;type,&nbsp;alpha&nbsp;subunit",72.9
247634.GPB2148_1108,EEB76985.1,Mannose-1-phosphate&nbsp;guanylyltransferase/mannose-6-phosphate&nbsp;isomerase,72.9
247634.GPB2148_3539,yajC,[U]&nbsp;COG1862&nbsp;Preprotein&nbsp;translocase&nbsp;subunit&nbsp;YajC,72.8
247634.GPB2148_2241,nuoH,NADH-quinone&nbsp;oxidoreductase&nbsp;subunit&nbsp;H,72.7
247634.GPB2148_1378,ispD,2-C-methyl-D-erythritol&nbsp;4-phosphate&nbsp;cytidylyltransferase,72.7
247634.GPB2148_1376,pyrG,CTP&nbsp;synthase,72.7
247634.GPB2148_3820,EEB79971.1,Putative&nbsp;thiS&nbsp;family&nbsp;protein,72.7
247634.GPB2148_1654,EEB79006.1,Uncharacterized&nbsp;protein,72.6
247634.GPB2148_210,EEB76906.1,[M]&nbsp;COG1686&nbsp;D-alanyl-D-alanine&nbsp;carboxypeptidase,72.6
247634.GPB2148_1057,EEB77946.1,"Putative&nbsp;quinone&nbsp;oxidoreductase,&nbsp;YhdH/YhfP&nbsp;family",72.6
247634.GPB2148_2723,EEB78091.1,Peptidase&nbsp;M16&nbsp;inactive&nbsp;domain&nbsp;family&nbsp;protein,72.6
247634.GPB2148_3807,dnaX,DNA&nbsp;polymerase&nbsp;III&nbsp;subunit&nbsp;gamma/tau,72.6
247634.GPB2148_1600,EEB78702.1,Uncharacterized&nbsp;protein,72.4
247634.GPB2148_2516,EEB79584.1,Nucleotidyl&nbsp;transferase&nbsp;superfamily&nbsp;protein,72.4
247634.GPB2148_3426,fusA_2,Elongation&nbsp;factor&nbsp;G,72.4
247634.GPB2148_3740,sucB,Dihydrolipoyllysine-residue&nbsp;succinyltransferase&nbsp;component&nbsp;of&nbsp;2-oxoglutarate&nbsp;dehydrogenase&nbsp;complex,72.4
247634.GPB2148_118,EEB78402.1,"ATPase,&nbsp;histidine&nbsp;kinase-,&nbsp;DNA&nbsp;gyrase&nbsp;B-,&nbsp;and&nbsp;HSP90-like&nbsp;domain&nbsp;protein",72.3
247634.GPB2148_2525,EEB79593.1,Uncharacterized&nbsp;protein,72.2
247634.GPB2148_3419,secE,Protein&nbsp;translocase&nbsp;subunit&nbsp;SecE,72.2
247634.GPB2148_767,EEB78142.1,Uncharacterized&nbsp;protein,72.1
247634.GPB2148_454,EEB77110.1,Molybdopterin&nbsp;oxidoreductase&nbsp;Fe4S4&nbsp;domain&nbsp;family&nbsp;protein,72.1
247634.GPB2148_1630,EEB78982.1,Enoyl-CoA&nbsp;hydratase/isomerase&nbsp;family&nbsp;protein,72.0
247634.GPB2148_1345,EEB77611.1,Enoyl-CoA&nbsp;hydratase/isomerase&nbsp;family&nbsp;protein,71.9
247634.GPB2148_609,pyrE,Orotate&nbsp;phosphoribosyltransferase,71.9
247634.GPB2148_1683,EEB79035.1,"Hydrolase,&nbsp;alpha/beta&nbsp;fold&nbsp;family,&nbsp;putative",71.9
247634.GPB2148_3624,EEB79779.1,[E]&nbsp;COG0404&nbsp;Glycine&nbsp;cleavage&nbsp;system&nbsp;T&nbsp;protein&nbsp;(aminomethyltransferase),71.8
247634.GPB2148_3118,EEB80302.1,"2-oxoacid:ferredoxin/flavodoxin&nbsp;oxidoreductase,&nbsp;gamma&nbsp;subunit&nbsp;domain&nbsp;protein",71.8
247634.GPB2148_360,glmS,Glutamine--fructose-6-phosphate&nbsp;aminotransferase&nbsp;[isomerizing],71.7
247634.GPB2148_2804,EEB77294.1,Enoyl-CoA&nbsp;hydratase/isomerase&nbsp;family&nbsp;protein,71.7
247634.GPB2148_358,atpA,ATP&nbsp;synthase&nbsp;subunit&nbsp;alpha,71.7
247634.GPB2148_1315,map,[E]&nbsp;COG0006&nbsp;Xaa-Pro&nbsp;aminopeptidase,71.6
247634.GPB2148_1821,EEB79173.1,"Aminotransferase,&nbsp;class&nbsp;IV&nbsp;superfamily",71.6
247634.GPB2148_940,EEB77830.1,"ATPase,&nbsp;histidine&nbsp;kinase-,&nbsp;DNA&nbsp;gyrase&nbsp;B-,&nbsp;and&nbsp;HSP90-like&nbsp;domain&nbsp;protein",71.4
247634.GPB2148_3598,ppk,Polyphosphate&nbsp;kinase,71.4
247634.GPB2148_1798,EEB79150.1,[TK]&nbsp;COG0745&nbsp;Response&nbsp;regulators&nbsp;consisting&nbsp;of&nbsp;a&nbsp;CheY-like&nbsp;receiver&nbsp;domain&nbsp;and&nbsp;a&nbsp;winged-helix&nbsp;DNA-binding&nbsp;domain,71.4
247634.GPB2148_2716,EEB78084.1,Uncharacterized&nbsp;protein,71.4
247634.GPB2148_1507,EEB78609.1,[TK]&nbsp;COG0745&nbsp;Response&nbsp;regulators&nbsp;consisting&nbsp;of&nbsp;a&nbsp;CheY-like&nbsp;receiver&nbsp;domain&nbsp;and&nbsp;a&nbsp;winged-helix&nbsp;DNA-binding&nbsp;domain,71.4
247634.GPB2148_1318,EEB77585.1,"Acyl-CoA&nbsp;dehydrogenase,&nbsp;C-terminal&nbsp;domain&nbsp;protein",71.3
247634.GPB2148_547,EEB77510.1,Hydantoinase&nbsp;B/oxoprolinase&nbsp;subfamily&nbsp;protein,71.2
247634.GPB2148_105,EEB78389.1,annotation&nbsp;not&nbsp;available,71.2
247634.GPB2148_3267,EEB80450.1,[M]&nbsp;COG3317&nbsp;Uncharacterized&nbsp;lipoprotein,71.2
247634.GPB2148_2423,lptD,LPS-assembly&nbsp;protein&nbsp;LptD,71.2
247634.GPB2148_2658,EEB78026.1,"Transketolase,&nbsp;C-terminal&nbsp;domain&nbsp;protein",71.2
247634.GPB2148_1368,EEB77634.1,Fibronectin&nbsp;type&nbsp;III&nbsp;domain&nbsp;protein,71.1
247634.GPB2148_3284,iscS,Cysteine&nbsp;desulfurase&nbsp;IscS,71.0
247634.GPB2148_1295,rpsB,[J]&nbsp;COG0052&nbsp;Ribosomal&nbsp;protein&nbsp;S2,71.0
247634.GPB2148_3153,purU_1,Formyltetrahydrofolate&nbsp;deformylase,70.9
247634.GPB2148_1648,EEB79000.1,"Acyl-CoA&nbsp;dehydrogenase,&nbsp;C-terminal&nbsp;domain&nbsp;protein",70.8
247634.GPB2148_3205,gspJ,General&nbsp;secretion&nbsp;pathway&nbsp;protein&nbsp;J,70.8
247634.GPB2148_1290,msrP,Protein-methionine-sulfoxide&nbsp;reductase&nbsp;catalytic&nbsp;subunit&nbsp;MsrP,70.8
247634.GPB2148_1802,EEB79154.1,"ABC&nbsp;transporter,&nbsp;permease&nbsp;protein,&nbsp;putative",70.8
247634.GPB2148_3567,sdhC,"[C]&nbsp;COG2009&nbsp;Succinate&nbsp;dehydrogenase/fumarate&nbsp;reductase,&nbsp;cytochrome&nbsp;b&nbsp;subunit",70.6
247634.GPB2148_1615,EEB78717.1,"HMGL-like,&nbsp;putative",70.5
247634.GPB2148_3223,lysS,Lysine--tRNA&nbsp;ligase,70.4
247634.GPB2148_82,GPB2148_82,Cupin&nbsp;domain&nbsp;protein,70.3
247634.GPB2148_1655,EEB79007.1,Uncharacterized&nbsp;protein,70.3
247634.GPB2148_772,EEB78147.1,1-acyl-sn-glycerol-3-phosphate&nbsp;acyltransferase,70.1
247634.GPB2148_1153,EEB77352.1,"[C]&nbsp;COG1894&nbsp;NADH:ubiquinone&nbsp;oxidoreductase,&nbsp;NADH-binding&nbsp;(51&nbsp;kD)&nbsp;subunit",70.1
