682795.AciX8_0585,rplE,50S&nbsp;ribosomal&nbsp;protein&nbsp;L5,98.9
682795.AciX8_2908,AciX8_2908,L-arabinose&nbsp;isomerase,98.9
682795.AciX8_0459,AciX8_0459,N-acetylmuramic&nbsp;acid&nbsp;6-phosphate&nbsp;etherase,98.6
682795.AciX8_4352,AciX8_4352,NAD(P)(+)&nbsp;transhydrogenase&nbsp;(B-specific),98.5
682795.AciX8_4889,AciX8_4889,Membrane&nbsp;protein&nbsp;insertase&nbsp;YidC,98.5
682795.AciX8_4774,AciX8_4774,Alpha-galactosidase,98.5
682795.AciX8_3969,AciX8_3969,Potassium-transporting&nbsp;ATPase&nbsp;ATP-binding&nbsp;subunit,98.4
682795.AciX8_4592,rplM,50S&nbsp;ribosomal&nbsp;protein&nbsp;L13,98.4
682795.AciX8_1385,AciX8_1385,"PFAM:&nbsp;NADH:ubiquinone/plastoquinone&nbsp;oxidoreductase,&nbsp;chain&nbsp;6",98.4
682795.AciX8_1191,AciX8_1191,L-serine&nbsp;dehydratase&nbsp;1,98.4
682795.AciX8_1543,tpiA,Triosephosphate&nbsp;isomerase,98.3
682795.AciX8_2433,accA,Acetyl-coenzyme&nbsp;A&nbsp;carboxylase&nbsp;carboxyl&nbsp;transferase&nbsp;subunit&nbsp;alpha,98.3
682795.AciX8_1381,nuoN,NADH-quinone&nbsp;oxidoreductase&nbsp;subunit&nbsp;N,98.3
682795.AciX8_4799,AciX8_4799,"PFAM:&nbsp;ATP-grasp&nbsp;fold,&nbsp;RimK-type",98.2
682795.AciX8_2892,AciX8_2892,"PFAM:&nbsp;Cytochrome&nbsp;c,&nbsp;class&nbsp;I",98.2
682795.AciX8_1904,AciX8_1904,Fe(3+)-transporting&nbsp;ATPase,98.0
682795.AciX8_2375,AciX8_2375,Xanthine&nbsp;dehydrogenase,97.9
682795.AciX8_4353,AciX8_4353,PFAM:&nbsp;Thiamine&nbsp;monophosphate&nbsp;synthase,97.9
682795.AciX8_1201,AciX8_1201,Riboflavin&nbsp;biosynthesis&nbsp;protein&nbsp;RibD,97.8
682795.AciX8_1578,AciX8_1578,"PFAM:&nbsp;3-hydroxyacyl-CoA&nbsp;dehydrogenase,&nbsp;NAD&nbsp;binding",97.8
682795.AciX8_3628,nadK,NAD&nbsp;kinase,97.8
682795.AciX8_2402,AciX8_2402,TIGRFAM:&nbsp;Hypoxanthine&nbsp;phosphoribosyl&nbsp;transferase,97.8
682795.AciX8_0621,sucC,Succinate--CoA&nbsp;ligase&nbsp;[ADP-forming]&nbsp;subunit&nbsp;beta,97.7
682795.AciX8_4508,AciX8_4508,"Two&nbsp;component&nbsp;transcriptional&nbsp;regulator,&nbsp;LuxR&nbsp;family",97.7
682795.AciX8_0393,AciX8_0393,KEGG:&nbsp;sus:Acid_6952&nbsp;RND&nbsp;family&nbsp;efflux&nbsp;transporter&nbsp;MFP&nbsp;subunit,97.6
682795.AciX8_2253,AciX8_2253,Glucokinase,97.5
682795.AciX8_4118,AciX8_4118,KEGG:&nbsp;aba:Acid345_2735&nbsp;beta-N-acetylhexosaminidase,97.4
682795.AciX8_3405,AciX8_3405,Glycosyl&nbsp;hydrolase&nbsp;38&nbsp;domain&nbsp;protein,97.4
682795.AciX8_3578,AciX8_3578,KEGG:&nbsp;saq:Sare_4899&nbsp;glycoside&nbsp;hydrolase&nbsp;family&nbsp;protein,97.3
682795.AciX8_1341,AciX8_1341,PFAM:&nbsp;MotA/TolQ/ExbB&nbsp;proton&nbsp;channel,97.2
682795.AciX8_2804,AciX8_2804,TIGRFAM:&nbsp;Glycogen&nbsp;debranching&nbsp;enzyme,97.1
682795.AciX8_0035,AciX8_0035,Iron-sulfur&nbsp;cluster&nbsp;loop,97.1
682795.AciX8_3403,nth,Endonuclease&nbsp;III,97.1
682795.AciX8_0173,AciX8_0173,HhH-GPD&nbsp;family&nbsp;protein,97.1
682795.AciX8_3559,AciX8_3559,"KEGG:&nbsp;aba:Acid345_0356&nbsp;alpha&nbsp;amylase,&nbsp;catalytic&nbsp;region",97.0
682795.AciX8_4461,AciX8_4461,"TIGRFAM:&nbsp;Phospho-2-dehydro-3-deoxyheptonate&nbsp;aldolase,&nbsp;subtype&nbsp;2",96.9
682795.AciX8_2435,AciX8_2435,KEGG:&nbsp;sal:Sala_1982&nbsp;gamma-glutamyltransferase,96.9
682795.AciX8_2942,AciX8_2942,"Two&nbsp;component&nbsp;transcriptional&nbsp;regulator,&nbsp;winged&nbsp;helix&nbsp;family",96.8
682795.AciX8_3806,ctaB,Protoheme&nbsp;IX&nbsp;farnesyltransferase,96.7
682795.AciX8_2886,AciX8_2886,Cytochrome&nbsp;c&nbsp;oxidase&nbsp;subunit&nbsp;2,96.7
682795.AciX8_4286,AciX8_4286,8-amino-7-ketopelargonate&nbsp;synthase,96.7
682795.AciX8_3474,AciX8_3474,PFAM:&nbsp;Amidohydrolase&nbsp;1,96.5
682795.AciX8_3223,htpG,Chaperone&nbsp;protein&nbsp;HtpG,96.4
682795.AciX8_0891,AciX8_0891,Uncharacterized&nbsp;protein,96.4
682795.AciX8_1223,topA,DNA&nbsp;topoisomerase&nbsp;1,96.4
682795.AciX8_0221,AciX8_0221,Replicative&nbsp;DNA&nbsp;helicase,96.4
682795.AciX8_2877,AciX8_2877,"Type&nbsp;VI&nbsp;secretion&nbsp;protein,&nbsp;VC_A0107&nbsp;family",96.2
682795.AciX8_2910,AciX8_2910,Ribulokinase,96.2
682795.AciX8_2037,atpF,ATP&nbsp;synthase&nbsp;subunit&nbsp;b,96.1
682795.AciX8_0783,AciX8_0783,KEGG:&nbsp;aca:ACP_3392&nbsp;putative&nbsp;1-acyl-sn-glycerol-3-phosphate&nbsp;acyltransferase&nbsp;family&nbsp;protein,96.0
682795.AciX8_4485,rpsU,TIGRFAM:&nbsp;Ribosomal&nbsp;protein&nbsp;S21,96.0
682795.AciX8_0989,gcvT,Aminomethyltransferase,95.9
682795.AciX8_3966,AciX8_3966,KEGG:&nbsp;gbm:Gbem_1171&nbsp;sensor&nbsp;histidine&nbsp;kinase,95.7
682795.AciX8_3419,mutS,DNA&nbsp;mismatch&nbsp;repair&nbsp;protein&nbsp;MutS,95.7
682795.AciX8_3411,AciX8_3411,ROK&nbsp;family&nbsp;protein,95.7
682795.AciX8_3473,AciX8_3473,KEGG:&nbsp;cpi:Cpin_6463&nbsp;selenocysteine&nbsp;synthase&nbsp;(seryl-tRNASer&nbsp;selenium&nbsp;transferase)-like&nbsp;protein,95.6
682795.AciX8_1630,AciX8_1630,Xenobiotic-transporting&nbsp;ATPase,95.6
682795.AciX8_2038,atpH,ATP&nbsp;synthase&nbsp;subunit&nbsp;delta,95.6
682795.AciX8_2675,AciX8_2675,TIGRFAM:&nbsp;Threonine&nbsp;synthase,95.5
682795.AciX8_0330,AciX8_0330,Potassium-transporting&nbsp;ATPase&nbsp;ATP-binding&nbsp;subunit,95.4
682795.AciX8_2399,AciX8_2399,Beta-glucosidase,95.4
682795.AciX8_4690,ctc,50S&nbsp;ribosomal&nbsp;protein&nbsp;L25,95.4
682795.AciX8_3939,AciX8_3939,KEGG:&nbsp;aba:Acid345_3099&nbsp;two&nbsp;component&nbsp;transcriptional&nbsp;regulator,95.2
682795.AciX8_1322,AciX8_1322,"PFAM:&nbsp;Dehydrogenase,&nbsp;E1&nbsp;component",95.1
682795.AciX8_3639,purC,KEGG:&nbsp;lpa:lpa_02418&nbsp;phosphoribosylaminoimidazole-succinocarboxamide&nbsp;synthase,95.1
682795.AciX8_2875,AciX8_2875,Uncharacterized&nbsp;protein,95.0
682795.AciX8_1718,AciX8_1718,"PFAM:&nbsp;Cytochrome&nbsp;c,&nbsp;class&nbsp;I",95.0
682795.AciX8_4228,AciX8_4228,Proline&nbsp;dehydrogenase,94.9
682795.AciX8_1899,glyQ,"TIGRFAM:&nbsp;Glycyl-tRNA&nbsp;synthetase,&nbsp;class&nbsp;IIc,&nbsp;alpha&nbsp;subunit",94.9
682795.AciX8_1545,pgk,KEGG:&nbsp;aca:ACP_0631&nbsp;phosphoglycerate&nbsp;kinase,94.9
682795.AciX8_0579,rpsC,30S&nbsp;ribosomal&nbsp;protein&nbsp;S3,94.9
682795.AciX8_0787,rplL,50S&nbsp;ribosomal&nbsp;protein&nbsp;L7/L12,94.8
682795.AciX8_0988,gcvH,Glycine&nbsp;cleavage&nbsp;system&nbsp;H&nbsp;protein,94.7
682795.AciX8_3308,AciX8_3308,Universal&nbsp;protein&nbsp;YeaZ,94.7
682795.AciX8_2891,AciX8_2891,PFAM:&nbsp;Rieske&nbsp;[2Fe-2S]&nbsp;iron-sulphur&nbsp;domain,94.6
682795.AciX8_0056,accD,Acetyl-coenzyme&nbsp;A&nbsp;carboxylase&nbsp;carboxyl&nbsp;transferase&nbsp;subunit&nbsp;beta,94.4
682795.AciX8_1522,AciX8_1522,"PFAM:&nbsp;Glutamine&nbsp;amidotransferase&nbsp;class-I,&nbsp;C-terminal",94.3
682795.AciX8_0107,AciX8_0107,"TIGRFAM:&nbsp;Chorismate&nbsp;mutase,&nbsp;periplasmic",94.2
682795.AciX8_3734,AciX8_3734,"KEGG:&nbsp;aca:ACP_1341&nbsp;efflux&nbsp;transporter,&nbsp;RND&nbsp;family,&nbsp;MFP&nbsp;subunit",94.2
682795.AciX8_4031,AciX8_4031,"Two&nbsp;component&nbsp;transcriptional&nbsp;regulator,&nbsp;winged&nbsp;helix&nbsp;family",94.2
682795.AciX8_4049,ppa,Inorganic&nbsp;pyrophosphatase,94.2
682795.AciX8_0765,AciX8_0765,KEGG:&nbsp;aca:ACP_2920&nbsp;50S&nbsp;ribosomal&nbsp;protein&nbsp;L33,94.2
682795.AciX8_1974,AciX8_1974,TIGRFAM:&nbsp;Acetylornithine&nbsp;deacetylase&nbsp;(ArgE),94.2
682795.AciX8_1234,leuD,3-isopropylmalate&nbsp;dehydratase&nbsp;small&nbsp;subunit,94.0
682795.AciX8_4800,AciX8_4800,SMART:&nbsp;Coenzyme&nbsp;A&nbsp;transferase,93.9
682795.AciX8_0122,AciX8_0122,KEGG:&nbsp;bcm:Bcenmc03_2390&nbsp;short-chain&nbsp;dehydrogenase/reductase&nbsp;SDR,93.8
682795.AciX8_2169,AciX8_2169,3-oxoacyl-(Acyl-carrier-protein)&nbsp;reductase,93.8
682795.AciX8_1868,AciX8_1868,"KEGG:&nbsp;aca:ACP_0727&nbsp;oxidoreductase,&nbsp;short&nbsp;chain&nbsp;dehydrogenase/reductase&nbsp;family",93.8
682795.AciX8_0497,AciX8_0497,Iron-sulfur&nbsp;cluster&nbsp;assembly&nbsp;scaffold&nbsp;protein&nbsp;IscU,93.8
682795.AciX8_1536,AciX8_1536,"PFAM:&nbsp;Glycosyl&nbsp;transferase,&nbsp;family&nbsp;2",93.8
682795.AciX8_4658,glk,TIGRFAM:&nbsp;Glucokinase,93.7
682795.AciX8_2529,glpK,Glycerol&nbsp;kinase,93.6
682795.AciX8_3869,nnrD,Multifunctional&nbsp;fusion&nbsp;protein,93.5
682795.AciX8_2190,AciX8_2190,"TIGRFAM:&nbsp;Diguanylate&nbsp;cyclase,&nbsp;predicted",93.4
682795.AciX8_1393,AciX8_1393,"KEGG:&nbsp;aca:ACP_0295&nbsp;NADH&nbsp;dehydrogenase&nbsp;I,&nbsp;C&nbsp;subunit",93.4
682795.AciX8_3433,AciX8_3433,Regulatory&nbsp;protein&nbsp;IclR,93.4
682795.AciX8_3485,AciX8_3485,PFAM:&nbsp;Mammalian&nbsp;cell&nbsp;entry-related,93.3
682795.AciX8_1408,AciX8_1408,Long-chain-fatty-acid--CoA&nbsp;ligase,93.3
682795.AciX8_1731,AciX8_1731,KEGG:&nbsp;aba:Acid345_4054&nbsp;two&nbsp;component&nbsp;transcriptional&nbsp;regulator,93.3
682795.AciX8_2456,AciX8_2456,TIGRFAM:&nbsp;PAS,92.9
682795.AciX8_4361,AciX8_4361,KEGG:&nbsp;aca:ACP_0497&nbsp;response&nbsp;regulator,92.8
682795.AciX8_4139,AciX8_4139,Glucose-1-phosphate&nbsp;thymidylyltransferase,92.8
682795.AciX8_3215,AciX8_3215,PFAM:&nbsp;Cytochrome&nbsp;c-type&nbsp;biogenesis&nbsp;protein&nbsp;CcmB,92.7
682795.AciX8_2757,AciX8_2757,KEGG:&nbsp;aca:ACP_1610&nbsp;cysteine&nbsp;desulfurase,92.7
682795.AciX8_0576,rplB,50S&nbsp;ribosomal&nbsp;protein&nbsp;L2,92.7
682795.AciX8_4281,AciX8_4281,"PFAM:&nbsp;Glycoside&nbsp;hydrolase,&nbsp;family&nbsp;31",92.6
682795.AciX8_2681,proC,Pyrroline-5-carboxylate&nbsp;reductase,92.4
682795.AciX8_1456,AciX8_1456,Acetate&nbsp;kinase,92.4
682795.AciX8_0956,AciX8_0956,KEGG:&nbsp;gym:GYMC10_1212&nbsp;glucosamine-6-phosphate&nbsp;deaminase,92.4
682795.AciX8_2502,AciX8_2502,Beta-glucosidase,92.3
682795.AciX8_4172,AciX8_4172,Quinoprotein&nbsp;glucose&nbsp;dehydrogenase,92.3
682795.AciX8_1291,AciX8_1291,Peptidyl-prolyl&nbsp;cis-trans&nbsp;isomerase,92.3
682795.AciX8_1044,mutL,DNA&nbsp;mismatch&nbsp;repair&nbsp;protein&nbsp;MutL,92.3
682795.AciX8_3513,AciX8_3513,L-iditol&nbsp;2-dehydrogenase,92.3
682795.AciX8_1231,AciX8_1231,"TIGRFAM:&nbsp;Acetolactate&nbsp;synthase,&nbsp;large&nbsp;subunit,&nbsp;biosynthetic",92.2
682795.AciX8_0359,tyrS,Tyrosine--tRNA&nbsp;ligase,92.0
682795.AciX8_4163,AciX8_4163,"Glucan&nbsp;endo-1,6-beta-glucosidase",91.9
682795.AciX8_4360,AciX8_4360,Histidine&nbsp;kinase,91.9
682795.AciX8_1900,glyS,"TIGRFAM:&nbsp;Glycyl-tRNA&nbsp;synthetase,&nbsp;class&nbsp;IIc,&nbsp;beta&nbsp;subunit",91.9
682795.AciX8_2724,AciX8_2724,KEGG:&nbsp;aca:ACP_0171&nbsp;MazG&nbsp;family&nbsp;protein,91.6
682795.AciX8_0572,rpsJ,30S&nbsp;ribosomal&nbsp;protein&nbsp;S10,91.5
682795.AciX8_1736,AciX8_1736,Dihydrolipoyl&nbsp;dehydrogenase,91.4
682795.AciX8_0629,AciX8_0629,TIGRFAM:&nbsp;4-hydroxyphenylpyruvate&nbsp;dioxygenase,91.4
682795.AciX8_1359,AciX8_1359,PFAM:&nbsp;Cytochrome&nbsp;c&nbsp;oxidase&nbsp;subunit&nbsp;II&nbsp;C-terminal,91.3
682795.AciX8_4406,AciX8_4406,KEGG:&nbsp;aba:Acid345_0145&nbsp;protein&nbsp;translocase&nbsp;subunit&nbsp;YajC,91.3
682795.AciX8_0280,AciX8_0280,KEGG:&nbsp;pfs:PFLU4646&nbsp;3-ketoacyl-(acyl-carrier-protein)&nbsp;reductase,91.3
682795.AciX8_3465,AciX8_3465,Beta-glucosidase,91.2
682795.AciX8_1042,AciX8_1042,TIGRFAM:&nbsp;Pyruvate&nbsp;kinase,91.0
682795.AciX8_1800,AciX8_1800,Precorrin-4&nbsp;C11-methyltransferase,90.9
682795.AciX8_0681,nusA,Transcription&nbsp;termination/antitermination&nbsp;protein&nbsp;NusA,90.9
682795.AciX8_3494,AciX8_3494,Pyridoxal&nbsp;4-dehydrogenase,90.8
682795.AciX8_2376,AciX8_2376,Xanthine&nbsp;dehydrogenase,90.7
682795.AciX8_3731,AciX8_3731,HhH-GPD&nbsp;family&nbsp;protein,90.7
682795.AciX8_0975,AciX8_0975,TIGRFAM:&nbsp;Alpha-glucan&nbsp;phosphorylase,90.7
682795.AciX8_2155,purH,Bifunctional&nbsp;purine&nbsp;biosynthesis&nbsp;protein&nbsp;PurH,90.5
682795.AciX8_0086,AciX8_0086,KEGG:&nbsp;pen:PSEEN5427&nbsp;50S&nbsp;ribosomal&nbsp;protein&nbsp;L28,90.5
682795.AciX8_4509,AciX8_4509,Glutamate--tRNA&nbsp;ligase,90.4
682795.AciX8_0553,pyrE,Orotate&nbsp;phosphoribosyltransferase,90.3
682795.AciX8_2387,ribB,"3,4-dihydroxy-2-butanone&nbsp;4-phosphate&nbsp;synthase",90.2
682795.AciX8_2753,AciX8_2753,TIGRFAM:&nbsp;2-methylcitrate&nbsp;synthase/citrate&nbsp;synthase&nbsp;type&nbsp;I,90.0
682795.AciX8_3216,AciX8_3216,PFAM:&nbsp;Cytochrome&nbsp;c&nbsp;assembly&nbsp;protein,89.9
682795.AciX8_1137,AciX8_1137,"Transcriptional&nbsp;regulator,&nbsp;NifA&nbsp;subfamily,&nbsp;Fis&nbsp;Family",89.9
682795.AciX8_1471,AciX8_1471,KEGG:&nbsp;sun:SUN_1525&nbsp;hypothetical&nbsp;protein,89.8
682795.AciX8_4895,thrS,Threonine--tRNA&nbsp;ligase,89.8
682795.AciX8_1562,AciX8_1562,Biotin&nbsp;carboxyl&nbsp;carrier&nbsp;protein&nbsp;of&nbsp;acetyl-CoA&nbsp;carboxylase,89.7
682795.AciX8_0582,rpsQ,30S&nbsp;ribosomal&nbsp;protein&nbsp;S17,89.7
682795.AciX8_0632,AciX8_0632,3-oxoacyl-(Acyl-carrier-protein)&nbsp;reductase,89.4
682795.AciX8_1564,thiE,Thiamine-phosphate&nbsp;synthase,89.4
682795.AciX8_0798,xseA,Exodeoxyribonuclease&nbsp;7&nbsp;large&nbsp;subunit,89.4
682795.AciX8_1202,ftsY,Signal&nbsp;recognition&nbsp;particle&nbsp;receptor&nbsp;FtsY,89.3
682795.AciX8_0467,AciX8_0467,2-dehydropantoate&nbsp;2-reductase,89.1
682795.AciX8_3304,AciX8_3304,"PFAM:&nbsp;Semialdehyde&nbsp;dehydrogenase,&nbsp;NAD-binding",89.1
682795.AciX8_4250,AciX8_4250,"PFAM:&nbsp;Pyridoxal&nbsp;phosphate-dependent&nbsp;enzyme,&nbsp;beta&nbsp;subunit",89.1
682795.AciX8_0786,rplJ,50S&nbsp;ribosomal&nbsp;protein&nbsp;L10,89.1
682795.AciX8_2128,AciX8_2128,Putative&nbsp;cytochrome&nbsp;c-type&nbsp;biogenesis&nbsp;protein,88.9
682795.AciX8_1665,dnaK,Chaperone&nbsp;protein&nbsp;DnaK,88.9
682795.AciX8_4801,AciX8_4801,SMART:&nbsp;Coenzyme&nbsp;A&nbsp;transferase,88.9
682795.AciX8_3102,AciX8_3102,PFAM:&nbsp;NADP-dependent&nbsp;oxidoreductase&nbsp;domain,88.9
682795.AciX8_0658,AciX8_0658,"6-phosphogluconate&nbsp;dehydrogenase,&nbsp;decarboxylating",88.8
682795.AciX8_1390,AciX8_1390,"TIGRFAM:&nbsp;NADH:ubiquinone&nbsp;oxidoreductase,&nbsp;24kDa&nbsp;subunit",88.8
682795.AciX8_2687,AciX8_2687,KEGG:&nbsp;sus:Acid_7661&nbsp;glutamate&nbsp;synthase&nbsp;(NADPH)&nbsp;small&nbsp;subunit,88.7
682795.AciX8_1865,groL,60&nbsp;kDa&nbsp;chaperonin,88.7
682795.AciX8_1357,AciX8_1357,"PFAM:&nbsp;Cytochrome&nbsp;c&nbsp;oxidase,&nbsp;subunit&nbsp;III",88.7
682795.AciX8_0893,AciX8_0893,"KEGG:&nbsp;caa:Caka_0623&nbsp;sulfite&nbsp;reductase&nbsp;(NADPH)&nbsp;flavoprotein,&nbsp;alpha&nbsp;chain",88.5
682795.AciX8_0406,AciX8_0406,KEGG:&nbsp;aca:ACP_1937&nbsp;conserved&nbsp;hypothetical&nbsp;protein&nbsp;TIGR00730,88.3
682795.AciX8_2623,AciX8_2623,Glucose-1-phosphate&nbsp;thymidylyltransferase,88.1
682795.AciX8_2876,AciX8_2876,"Type&nbsp;VI&nbsp;secretion&nbsp;protein,&nbsp;EvpB/VC_A0108&nbsp;family",88.0
682795.AciX8_4687,rpsR,30S&nbsp;ribosomal&nbsp;protein&nbsp;S18,87.9
682795.AciX8_1023,rpsM,30S&nbsp;ribosomal&nbsp;protein&nbsp;S13,87.8
682795.AciX8_2214,AciX8_2214,PFAM:&nbsp;Phosphoesterase,87.8
682795.AciX8_1021,infA,Translation&nbsp;initiation&nbsp;factor&nbsp;IF-1,87.7
682795.AciX8_0324,AciX8_0324,"PFAM:&nbsp;Signal&nbsp;transduction&nbsp;histidine&nbsp;kinase,&nbsp;osmosensitive&nbsp;K+&nbsp;channel&nbsp;sensor,&nbsp;N-terminal",87.6
682795.AciX8_4630,AciX8_4630,PFAM:&nbsp;(Uracil-5)-methyltransferase,87.6
682795.AciX8_1009,hisC,TIGRFAM:&nbsp;Histidinol-phosphate&nbsp;aminotransferase,87.5
682795.AciX8_0338,AciX8_0338,TIGRFAM:&nbsp;2-methylcitrate&nbsp;synthase/citrate&nbsp;synthase&nbsp;type&nbsp;I,87.5
682795.AciX8_0179,AciX8_0179,"PFAM:&nbsp;Cytochrome&nbsp;c,&nbsp;class&nbsp;I",87.3
682795.AciX8_4103,AciX8_4103,PFAM:&nbsp;Acriflavin&nbsp;resistance&nbsp;protein,87.3
682795.AciX8_2094,argB,Acetylglutamate&nbsp;kinase,87.3
682795.AciX8_2530,AciX8_2530,Glycerol-3-phosphate&nbsp;dehydrogenase,87.2
682795.AciX8_0701,AciX8_0701,"KEGG:&nbsp;aca:ACP_2824&nbsp;tagatose&nbsp;1,6-diphosphate&nbsp;aldolase",87.2
682795.AciX8_3330,AciX8_3330,Haloacid&nbsp;dehalogenase&nbsp;domain&nbsp;protein&nbsp;hydrolase&nbsp;type&nbsp;3,87.2
682795.AciX8_0030,AciX8_0030,Putative&nbsp;glucose-6-phosphate&nbsp;1-epimerase,87.0
682795.AciX8_0715,hmgA,"Homogentisate&nbsp;1,2-dioxygenase",86.8
682795.AciX8_2947,AciX8_2947,3-oxoacyl-(Acyl-carrier-protein)&nbsp;reductase,86.7
682795.AciX8_3653,secA,Protein&nbsp;translocase&nbsp;subunit&nbsp;SecA,86.7
682795.AciX8_1960,AciX8_1960,Acetylornithine&nbsp;transaminase,86.7
682795.AciX8_4547,AciX8_4547,PFAM:&nbsp;NADP-dependent&nbsp;oxidoreductase&nbsp;domain,86.7
682795.AciX8_0092,AciX8_0092,Phospholipase&nbsp;C,86.7
682795.AciX8_3871,ftsZ,Cell&nbsp;division&nbsp;protein&nbsp;FtsZ,86.3
682795.AciX8_0210,frr,Ribosome-recycling&nbsp;factor,86.3
682795.AciX8_0985,gcvPB,Probable&nbsp;glycine&nbsp;dehydrogenase&nbsp;(decarboxylating)&nbsp;subunit&nbsp;2,86.1
682795.AciX8_2614,AciX8_2614,PFAM:&nbsp;Dienelactone&nbsp;hydrolase,86.0
682795.AciX8_2482,AciX8_2482,Beta-glucosidase,85.9
682795.AciX8_3014,AciX8_3014,Isoprenyl&nbsp;transferase,85.8
682795.AciX8_0578,rplV,50S&nbsp;ribosomal&nbsp;protein&nbsp;L22,85.8
682795.AciX8_3667,AciX8_3667,Multi-sensor&nbsp;signal&nbsp;transduction&nbsp;histidine&nbsp;kinase,85.7
682795.AciX8_1871,AciX8_1871,KEGG:&nbsp;aca:ACP_0493&nbsp;response&nbsp;regulator,85.6
682795.AciX8_0437,AciX8_0437,"TIGRFAM:&nbsp;UTP--glucose-1-phosphate&nbsp;uridylyltransferase,&nbsp;bacterial/archaeal&nbsp;type",85.6
682795.AciX8_3386,AciX8_3386,Methionine--tRNA&nbsp;ligase,85.5
682795.AciX8_1896,AciX8_1896,PFAM:&nbsp;4Fe-4S&nbsp;binding&nbsp;domain,85.4
682795.AciX8_4811,AciX8_4811,Aldose&nbsp;1-epimerase,85.3
682795.AciX8_0680,infB,Translation&nbsp;initiation&nbsp;factor&nbsp;IF-2,85.3
682795.AciX8_3714,AciX8_3714,"SMART:&nbsp;ATPase,&nbsp;AAA+&nbsp;type,&nbsp;core",85.3
682795.AciX8_2281,AciX8_2281,"PFAM:&nbsp;Cytochrome&nbsp;c,&nbsp;class&nbsp;I",85.3
682795.AciX8_1329,AciX8_1329,KEGG:&nbsp;tgr:Tgr7_3231&nbsp;hypothetical&nbsp;protein,85.1
682795.AciX8_3022,AciX8_3022,PFAM:&nbsp;FAD-dependent&nbsp;pyridine&nbsp;nucleotide-disulphide&nbsp;oxidoreductase,85.0
682795.AciX8_3150,AciX8_3150,KEGG:&nbsp;sus:Acid_4622&nbsp;homoserine&nbsp;O-acetyltransferase,85.0
682795.AciX8_2235,AciX8_2235,"PFAM:&nbsp;Glycoside&nbsp;hydrolase,&nbsp;family&nbsp;2,&nbsp;carbohydrate-binding",84.9
682795.AciX8_2036,AciX8_2036,"PFAM:&nbsp;ATPase,&nbsp;F0&nbsp;complex,&nbsp;subunit&nbsp;B/B',&nbsp;bacterial/chloroplast",84.6
682795.AciX8_1119,AciX8_1119,KEGG:&nbsp;sus:Acid_0070&nbsp;integral&nbsp;membrane&nbsp;sensor&nbsp;signal&nbsp;transduction&nbsp;histidine&nbsp;kinase,84.6
682795.AciX8_0270,AciX8_0270,4-phytase,84.6
682795.AciX8_2179,AciX8_2179,Inositol-1-monophosphatase,84.5
682795.AciX8_1784,AciX8_1784,PFAM:&nbsp;Type&nbsp;II/III&nbsp;secretion&nbsp;system,84.5
682795.AciX8_1218,AciX8_1218,KEGG:&nbsp;aca:ACP_1993&nbsp;MutS&nbsp;domain&nbsp;protein,84.3
682795.AciX8_1162,cysN,Sulfate&nbsp;adenylyltransferase&nbsp;subunit&nbsp;1,84.3
682795.AciX8_3961,AciX8_3961,KEGG:&nbsp;aba:Acid345_0967&nbsp;response&nbsp;regulator&nbsp;receiver&nbsp;protein,84.3
682795.AciX8_0575,rplW,50S&nbsp;ribosomal&nbsp;protein&nbsp;L23,84.1
682795.AciX8_1463,AciX8_1463,Alpha-glucosidase,84.0
682795.AciX8_1518,AciX8_1518,"Two&nbsp;component&nbsp;transcriptional&nbsp;regulator,&nbsp;winged&nbsp;helix&nbsp;family",83.9
682795.AciX8_1384,nuoK,NADH-quinone&nbsp;oxidoreductase&nbsp;subunit&nbsp;K,83.8
682795.AciX8_1603,AciX8_1603,Catalase,83.8
682795.AciX8_2377,AciX8_2377,KEGG:&nbsp;eck:EC55989_0291&nbsp;putative&nbsp;xanthine&nbsp;dehydrogenase&nbsp;iron-sulfur-binding&nbsp;subunit,83.8
682795.AciX8_2763,AciX8_2763,Sulfite&nbsp;reductase&nbsp;(Ferredoxin),83.8
682795.AciX8_2749,AciX8_2749,KEGG:&nbsp;aca:ACP_1624&nbsp;PHP&nbsp;domain&nbsp;protein,83.7
682795.AciX8_3055,rpsO,30S&nbsp;ribosomal&nbsp;protein&nbsp;S15,83.7
682795.AciX8_1552,AciX8_1552,Fe(3+)-transporting&nbsp;ATPase,83.7
682795.AciX8_2887,AciX8_2887,Cytochrome&nbsp;c&nbsp;oxidase&nbsp;subunit&nbsp;1,83.5
682795.AciX8_1302,AciX8_1302,"TIGRFAM:&nbsp;Succinate&nbsp;dehydrogenase/fumarate&nbsp;reductase,&nbsp;flavoprotein&nbsp;subunit,&nbsp;low-GC&nbsp;Gram-positive&nbsp;bacteria",83.5
682795.AciX8_0144,AciX8_0144,KEGG:&nbsp;bxe:Bxe_B2664&nbsp;putative&nbsp;short-chain&nbsp;type&nbsp;dehydrogenase/reductase,83.3
682795.AciX8_0391,AciX8_0391,PFAM:&nbsp;Acriflavin&nbsp;resistance&nbsp;protein,83.3
682795.AciX8_3493,AciX8_3493,PFAM:&nbsp;NADP-dependent&nbsp;oxidoreductase&nbsp;domain,83.3
682795.AciX8_1386,nuoH,NADH-quinone&nbsp;oxidoreductase&nbsp;subunit&nbsp;H,83.3
682795.AciX8_3323,nuoB,NADH-quinone&nbsp;oxidoreductase&nbsp;subunit&nbsp;B,83.2
682795.AciX8_1285,AciX8_1285,"PFAM:&nbsp;Glutamine&nbsp;synthetase,&nbsp;catalytic&nbsp;domain",83.2
682795.AciX8_0329,kdpA,Potassium-transporting&nbsp;ATPase&nbsp;potassium-binding&nbsp;subunit,83.2
682795.AciX8_2112,AciX8_2112,Riboflavin&nbsp;biosynthesis&nbsp;protein,83.1
682795.AciX8_1892,AciX8_1892,PFAM:&nbsp;Molybdopterin&nbsp;biosynthesis&nbsp;MoaE,83.1
682795.AciX8_3665,AciX8_3665,KEGG:&nbsp;aba:Acid345_1461&nbsp;rod&nbsp;shape-determining&nbsp;protein&nbsp;MreB,83.0
682795.AciX8_4296,AciX8_4296,"PFAM:&nbsp;Peptidase&nbsp;S1/S6,&nbsp;chymotrypsin/Hap",82.9
682795.AciX8_4404,secF,Protein-export&nbsp;membrane&nbsp;protein&nbsp;SecF,82.9
682795.AciX8_1303,AciX8_1303,"PFAM:&nbsp;Succinate&nbsp;dehydrogenase/Fumarate&nbsp;reductase,&nbsp;transmembrane&nbsp;subunit",82.9
682795.AciX8_4659,AciX8_4659,"TIGRFAM:&nbsp;6-phosphogluconolactonase,&nbsp;DevB-type",82.8
682795.AciX8_1642,AciX8_1642,Xenobiotic-transporting&nbsp;ATPase,82.6
682795.AciX8_2642,AciX8_2642,Beta-glucosidase,82.6
682795.AciX8_1351,AciX8_1351,L-threonine&nbsp;3-dehydrogenase,82.5
682795.AciX8_4473,rplU,50S&nbsp;ribosomal&nbsp;protein&nbsp;L21,82.5
682795.AciX8_1425,AciX8_1425,Cytochrome&nbsp;c-type&nbsp;biogenesis&nbsp;protein,82.4
682795.AciX8_3087,AciX8_3087,Magnesium&nbsp;chelatase,82.3
682795.AciX8_4120,AciX8_4120,PFAM:&nbsp;AMP-dependent&nbsp;synthetase/ligase,82.3
682795.AciX8_0889,AciX8_0889,Beta-mannosidase,82.2
682795.AciX8_0486,AciX8_0486,KEGG:&nbsp;aca:ACP_2549&nbsp;Fe-S&nbsp;protein&nbsp;assembly&nbsp;chaperone&nbsp;HscA,82.2
682795.AciX8_3757,AciX8_3757,"TIGRFAM:&nbsp;Chorismate&nbsp;mutase,&nbsp;periplasmic",82.1
682795.AciX8_2340,AciX8_2340,L-threonine&nbsp;aldolase,82.1
682795.AciX8_0366,fabZ,3-hydroxyacyl-[acyl-carrier-protein]&nbsp;dehydratase&nbsp;FabZ,82.1
682795.AciX8_2624,AciX8_2624,"TIGRFAM:&nbsp;dTDP-glucose&nbsp;4,6-dehydratase",82.0
682795.AciX8_0165,AciX8_0165,"TIGRFAM:&nbsp;Glycosyl&nbsp;transferase,&nbsp;family&nbsp;2,&nbsp;hopene-associated,&nbsp;HpnI",81.7
682795.AciX8_4370,plsX,Phosphate&nbsp;acyltransferase,81.7
682795.AciX8_4367,folD,Bifunctional&nbsp;protein&nbsp;FolD,81.7
682795.AciX8_2222,AciX8_2222,Beta-glucosidase,81.6
682795.AciX8_0184,AciX8_0184,Cytochrome&nbsp;c&nbsp;oxidase&nbsp;subunit&nbsp;1,81.6
682795.AciX8_3288,AciX8_3288,2-dehydropantoate&nbsp;2-reductase,81.6
682795.AciX8_4321,AciX8_4321,"KEGG:&nbsp;aba:Acid345_4445&nbsp;nitrogen&nbsp;regulatory&nbsp;protein&nbsp;P-II,&nbsp;GlnB,&nbsp;GlnK",81.5
682795.AciX8_3570,AciX8_3570,"KEGG:&nbsp;bxe:Bxe_C1225&nbsp;xanthine&nbsp;dehydrogenase,&nbsp;molybdenum&nbsp;binding&nbsp;subunit&nbsp;apoprotein",81.4
682795.AciX8_0766,secE,Protein&nbsp;translocase&nbsp;subunit&nbsp;SecE,81.4
682795.AciX8_0596,pckG,Phosphoenolpyruvate&nbsp;carboxykinase&nbsp;[GTP],81.4
682795.AciX8_0580,rplP,50S&nbsp;ribosomal&nbsp;protein&nbsp;L16,81.4
682795.AciX8_1418,AciX8_1418,KEGG:&nbsp;acr:Acry_2003&nbsp;acid&nbsp;phosphatase,81.3
682795.AciX8_3896,AciX8_3896,"Alanyl-tRNA&nbsp;synthetase,&nbsp;class&nbsp;IIc",81.3
682795.AciX8_4385,AciX8_4385,Acetate&nbsp;kinase,81.3
682795.AciX8_4101,AciX8_4101,KEGG:&nbsp;sus:Acid_6952&nbsp;RND&nbsp;family&nbsp;efflux&nbsp;transporter&nbsp;MFP&nbsp;subunit,81.3
682795.AciX8_4158,leuS,Leucine--tRNA&nbsp;ligase,81.2
682795.AciX8_2419,lpxD,UDP-3-O-acylglucosamine&nbsp;N-acyltransferase,81.2
682795.AciX8_2095,argC,N-acetyl-gamma-glutamyl-phosphate&nbsp;reductase,81.2
682795.AciX8_0015,prfA,Peptide&nbsp;chain&nbsp;release&nbsp;factor&nbsp;1,81.1
682795.AciX8_0286,AciX8_0286,KEGG:&nbsp;gau:GAU_0289&nbsp;putative&nbsp;oxidoreductase,81.1
682795.AciX8_1362,AciX8_1362,PFAM:&nbsp;Vitamin&nbsp;B6&nbsp;biosynthesis&nbsp;protein,81.0
682795.AciX8_1179,AciX8_1179,Sigma&nbsp;54&nbsp;interacting&nbsp;domain&nbsp;protein,80.9
682795.AciX8_4607,AciX8_4607,KEGG:&nbsp;aav:Aave_4775&nbsp;ethanolamine&nbsp;ammonia-lyase&nbsp;small&nbsp;subunit,80.8
682795.AciX8_0501,iscS,Cysteine&nbsp;desulfurase&nbsp;IscS,80.8
682795.AciX8_4431,glyA,Serine&nbsp;hydroxymethyltransferase,80.7
682795.AciX8_3840,AciX8_3840,Hydroxymethylglutaryl-CoA&nbsp;lyase,80.7
682795.AciX8_3595,AciX8_3595,KEGG:&nbsp;sus:Acid_6896&nbsp;heavy&nbsp;metal&nbsp;sensor&nbsp;signal&nbsp;transduction&nbsp;histidine&nbsp;kinase,80.6
682795.AciX8_2111,AciX8_2111,TIGRFAM:&nbsp;Penicillin-binding&nbsp;protein&nbsp;1A,80.6
682795.AciX8_2544,AciX8_2544,SMART:&nbsp;Cupin&nbsp;1,80.5
682795.AciX8_0253,gyrB,DNA&nbsp;gyrase&nbsp;subunit&nbsp;B,80.5
682795.AciX8_1620,AciX8_1620,PFAM:&nbsp;Cytochrome&nbsp;c&nbsp;assembly&nbsp;protein,80.4
682795.AciX8_4116,AciX8_4116,Chitinase,80.3
682795.AciX8_2700,AciX8_2700,KEGG:&nbsp;rca:Rcas_2117&nbsp;mandelate&nbsp;racemase/muconate&nbsp;lactonizing&nbsp;protein,80.3
682795.AciX8_0145,AciX8_0145,"Alpha,alpha-trehalase",80.2
682795.AciX8_2677,AciX8_2677,"KEGG:&nbsp;aca:ACP_0225&nbsp;molybdate&nbsp;ABC&nbsp;transporter,&nbsp;permease&nbsp;protein",80.2
682795.AciX8_4818,AciX8_4818,KEGG:&nbsp;aca:ACP_2697&nbsp;putative&nbsp;6-pyruvoyl&nbsp;tetrahydropterin&nbsp;synthase,80.1
682795.AciX8_3103,AciX8_3103,30S&nbsp;ribosomal&nbsp;protein&nbsp;S1,80.0
682795.AciX8_4362,AciX8_4362,Multi-sensor&nbsp;signal&nbsp;transduction&nbsp;histidine&nbsp;kinase,80.0
682795.AciX8_1404,hppA,K(+)-insensitive&nbsp;pyrophosphate-energized&nbsp;proton&nbsp;pump,79.9
682795.AciX8_1901,AciX8_1901,Catalase-related&nbsp;peroxidase,79.9
682795.AciX8_1147,AciX8_1147,Dihydrolipoyl&nbsp;dehydrogenase,79.7
682795.AciX8_0178,AciX8_0178,PFAM:&nbsp;Protein&nbsp;of&nbsp;unknown&nbsp;function&nbsp;DUF3341,79.5
682795.AciX8_4904,ruvA,Holliday&nbsp;junction&nbsp;ATP-dependent&nbsp;DNA&nbsp;helicase&nbsp;RuvA,79.5
682795.AciX8_4466,trpF,PFAM:&nbsp;N-(5'phosphoribosyl)anthranilate&nbsp;isomerase&nbsp;(PRAI),79.3
682795.AciX8_1563,AciX8_1563,"SMART:&nbsp;Biotin&nbsp;carboxylase,&nbsp;C-terminal",79.3
682795.AciX8_0667,AciX8_0667,PFAM:&nbsp;Fimbrial&nbsp;assembly,79.3
682795.AciX8_3647,AciX8_3647,Sulfate-transporting&nbsp;ATPase,79.3
682795.AciX8_2831,AciX8_2831,"PFAM:&nbsp;Cytochrome&nbsp;d&nbsp;ubiquinol&nbsp;oxidase,&nbsp;subunit&nbsp;I",79.2
682795.AciX8_0243,AciX8_0243,"TIGRFAM:&nbsp;Para-aminobenzoate&nbsp;synthase,&nbsp;component&nbsp;I",79.1
682795.AciX8_1559,ribA,GTP&nbsp;cyclohydrolase-2,78.9
682795.AciX8_4053,AciX8_4053,TIGRFAM:&nbsp;Amino&nbsp;acid&nbsp;adenylation,78.9
682795.AciX8_3271,AciX8_3271,Amino&nbsp;acid&nbsp;adenylation&nbsp;domain&nbsp;protein,78.7
682795.AciX8_4507,AciX8_4507,KEGG:&nbsp;aca:ACP_1073&nbsp;histidine&nbsp;kinase&nbsp;domain&nbsp;protein,78.7
682795.AciX8_0176,AciX8_0176,KEGG:&nbsp;aba:Acid345_3003&nbsp;Fe-S-cluster-containing&nbsp;hydrogenase,78.6
682795.AciX8_1238,AciX8_1238,KEGG:&nbsp;aca:ACP_3471&nbsp;2-isopropylmalate&nbsp;synthase,78.2
682795.AciX8_2145,AciX8_2145,KEGG:&nbsp;aca:ACP_3364&nbsp;1-acyl-sn-glycerol-3-phosphate&nbsp;acyltransferase&nbsp;family&nbsp;protein,78.1
682795.AciX8_4383,AciX8_4383,KEGG:&nbsp;aca:ACP_2254&nbsp;transcriptional&nbsp;regulatory&nbsp;protein&nbsp;CpxR&nbsp;homolog,78.0
682795.AciX8_2735,AciX8_2735,"PFAM:&nbsp;Cell&nbsp;wall&nbsp;hydrolase/autolysin,&nbsp;catalytic",78.0
682795.AciX8_3645,nadE,Glutamine-dependent&nbsp;NAD(+)&nbsp;synthetase,78.0
682795.AciX8_0185,AciX8_0185,"PFAM:&nbsp;Cytochrome&nbsp;c&nbsp;oxidase,&nbsp;subunit&nbsp;III",77.9
682795.AciX8_2034,hfq,RNA-binding&nbsp;protein&nbsp;Hfq,77.6
682795.AciX8_4519,AciX8_4519,"KEGG:&nbsp;sus:Acid_5699&nbsp;electron&nbsp;transfer&nbsp;flavoprotein,&nbsp;alpha&nbsp;subunit",77.5
682795.AciX8_1004,hisF,Imidazole&nbsp;glycerol&nbsp;phosphate&nbsp;synthase&nbsp;subunit&nbsp;HisF,77.5
682795.AciX8_0547,AciX8_0547,Phosphate-binding&nbsp;protein,77.4
682795.AciX8_2283,AciX8_2283,Uncharacterized&nbsp;protein,77.4
682795.AciX8_4402,AciX8_4402,PFAM:&nbsp;MotA/TolQ/ExbB&nbsp;proton&nbsp;channel,77.4
682795.AciX8_2928,AciX8_2928,KEGG:&nbsp;aba:Acid345_1970&nbsp;response&nbsp;regulator&nbsp;receiver&nbsp;protein,77.4
682795.AciX8_0802,AciX8_0802,KEGG:&nbsp;aca:ACP_2887&nbsp;CDP-diacylglycerol--glycerol-3-phosphate&nbsp;3-phosphatidyltransferase,77.3
682795.AciX8_3971,AciX8_3971,Histidine&nbsp;kinase,77.3
682795.AciX8_0583,rplN,50S&nbsp;ribosomal&nbsp;protein&nbsp;L14,77.3
682795.AciX8_2890,AciX8_2890,"PFAM:&nbsp;Cytochrome&nbsp;c,&nbsp;class&nbsp;I",77.2
682795.AciX8_3331,AciX8_3331,Acetolactate&nbsp;synthase,77.1
682795.AciX8_1894,AciX8_1894,PFAM:&nbsp;Like-Sm&nbsp;ribonucleoprotein&nbsp;(LSM)&nbsp;domain,77.1
682795.AciX8_0577,rpsS,30S&nbsp;ribosomal&nbsp;protein&nbsp;S19,77.0
682795.AciX8_4122,AciX8_4122,"PFAM:&nbsp;Glycoside&nbsp;hydrolase,&nbsp;family&nbsp;5",77.0
682795.AciX8_1252,AciX8_1252,KEGG:&nbsp;nca:Noca_3201&nbsp;phosphoesterase,76.9
682795.AciX8_4606,AciX8_4606,KEGG:&nbsp;reu:Reut_B5490&nbsp;ethanolamine&nbsp;ammonia-lyase&nbsp;heavy&nbsp;chain,76.7
682795.AciX8_3508,AciX8_3508,Beta-galactosidase,76.7
682795.AciX8_2885,AciX8_2885,"PFAM:&nbsp;6-phosphogluconate&nbsp;dehydrogenase,&nbsp;NAD-binding",76.7
682795.AciX8_1046,cmk,KEGG:&nbsp;aca:ACP_1887&nbsp;cytidylate&nbsp;kinase,76.7
682795.AciX8_0588,rplF,50S&nbsp;ribosomal&nbsp;protein&nbsp;L6,76.7
682795.AciX8_2906,AciX8_2906,Aldose&nbsp;1-epimerase,76.6
682795.AciX8_1903,AciX8_1903,OstA&nbsp;family&nbsp;protein,76.4
682795.AciX8_2088,AciX8_2088,PFAM:&nbsp;GCN5-related&nbsp;N-acetyltransferase&nbsp;(GNAT)&nbsp;domain,76.4
682795.AciX8_2247,AciX8_2247,KEGG:&nbsp;aba:Acid345_2735&nbsp;beta-N-acetylhexosaminidase,76.3
682795.AciX8_3519,AciX8_3519,Homoserine&nbsp;O-acetyltransferase,76.3
682795.AciX8_1610,AciX8_1610,KEGG:&nbsp;cak:Caul_1370&nbsp;short-chain&nbsp;dehydrogenase/reductase&nbsp;SDR,76.3
682795.AciX8_0516,AciX8_0516,KEGG:&nbsp;aca:ACP_1606&nbsp;lipopolysaccharide&nbsp;heptosyltransferase&nbsp;I,76.3
682795.AciX8_1717,AciX8_1717,PFAM:&nbsp;Cytochrome&nbsp;c&nbsp;oxidase&nbsp;subunit&nbsp;II&nbsp;C-terminal,76.0
682795.AciX8_1380,AciX8_1380,"PFAM:&nbsp;ATPase,&nbsp;F0/V0&nbsp;complex,&nbsp;subunit&nbsp;C",75.8
682795.AciX8_0111,AciX8_0111,Phospho-2-dehydro-3-deoxyheptonate&nbsp;aldolase,75.7
682795.AciX8_1205,plsY,Glycerol-3-phosphate&nbsp;acyltransferase,75.7
682795.AciX8_2888,AciX8_2888,"PFAM:&nbsp;Cytochrome&nbsp;c&nbsp;oxidase,&nbsp;subunit&nbsp;III",75.6
682795.AciX8_4124,AciX8_4124,30S&nbsp;ribosomal&nbsp;protein&nbsp;S4,75.5
682795.AciX8_2097,AciX8_2097,Glutamate&nbsp;synthase&nbsp;(Ferredoxin),75.5
682795.AciX8_0053,AciX8_0053,KEGG:&nbsp;aca:ACP_2170&nbsp;acyltransferase&nbsp;family&nbsp;protein,75.5
682795.AciX8_0617,AciX8_0617,KEGG:&nbsp;aca:ACP_3302&nbsp;hypothetical&nbsp;protein,75.4
682795.AciX8_4853,AciX8_4853,"TIGRFAM:&nbsp;2-oxoglutarate&nbsp;dehydrogenase,&nbsp;E2&nbsp;component",75.4
682795.AciX8_4099,AciX8_4099,Integral&nbsp;membrane&nbsp;sensor&nbsp;signal&nbsp;transduction&nbsp;histidine&nbsp;kinase,75.4
682795.AciX8_1632,AciX8_1632,"KEGG:&nbsp;aca:ACP_0847&nbsp;threonine&nbsp;aldolase,&nbsp;low-specificity",75.3
682795.AciX8_0852,AciX8_0852,"PFAM:&nbsp;Glycoside&nbsp;hydrolase,&nbsp;family&nbsp;97",75.3
682795.AciX8_2830,AciX8_2830,"PFAM:&nbsp;Cytochrome&nbsp;d&nbsp;ubiquinol&nbsp;oxidase,&nbsp;subunit&nbsp;II",75.2
682795.AciX8_1422,AciX8_1422,"TIGRFAM:&nbsp;DNA&nbsp;polymerase&nbsp;III,&nbsp;subunit&nbsp;gamma/&nbsp;tau",75.2
682795.AciX8_3885,AciX8_3885,Peptidoglycan&nbsp;glycosyltransferase,75.2
682795.AciX8_2040,atpG,ATP&nbsp;synthase&nbsp;gamma&nbsp;chain,75.1
682795.AciX8_2668,AciX8_2668,Binding-protein-dependent&nbsp;transport&nbsp;systems&nbsp;inner&nbsp;membrane&nbsp;component,75.1
682795.AciX8_3483,AciX8_3483,Uncharacterized&nbsp;protein,75.0
682795.AciX8_2611,AciX8_2611,L-iditol&nbsp;2-dehydrogenase,75.0
682795.AciX8_0586,rpsN,30S&nbsp;ribosomal&nbsp;protein&nbsp;S14&nbsp;type&nbsp;Z,74.8
682795.AciX8_3828,AciX8_3828,Beta-galactosidase,74.8
682795.AciX8_0397,pheT,"TIGRFAM:&nbsp;Phenylalanyl-tRNA&nbsp;synthetase,&nbsp;class&nbsp;IIc,&nbsp;beta&nbsp;subunit,&nbsp;bacterial",74.8
682795.AciX8_1048,AciX8_1048,KEGG:&nbsp;mms:mma_1860&nbsp;short&nbsp;chain&nbsp;dehydrogenase/reductase&nbsp;family&nbsp;oxidoreductase,74.8
682795.AciX8_1609,AciX8_1609,PFAM:&nbsp;Glycerophosphoryl&nbsp;diester&nbsp;phosphodiesterase,74.7
682795.AciX8_0007,AciX8_0007,Beta-glucosidase,74.7
682795.AciX8_0589,rplR,50S&nbsp;ribosomal&nbsp;protein&nbsp;L18,74.6
682795.AciX8_4907,rpmH,KEGG:&nbsp;aca:ACP_2121&nbsp;ribosomal&nbsp;protein&nbsp;L34,74.6
682795.AciX8_3733,AciX8_3733,DNA&nbsp;mismatch&nbsp;endonuclease&nbsp;Vsr,74.4
682795.AciX8_0087,AciX8_0087,KEGG:&nbsp;afr:AFE_2669&nbsp;50S&nbsp;ribosomal&nbsp;protein&nbsp;L33,74.3
682795.AciX8_4130,gatC,Aspartyl/glutamyl-tRNA(Asn/Gln)&nbsp;amidotransferase&nbsp;subunit&nbsp;C,74.3
682795.AciX8_1866,groS,10&nbsp;kDa&nbsp;chaperonin,74.3
682795.AciX8_0492,AciX8_0492,TIGRFAM:&nbsp;Co-chaperone&nbsp;Hsc20,74.3
682795.AciX8_0193,tsaD,tRNA&nbsp;N6-adenosine&nbsp;threonylcarbamoyltransferase,74.2
682795.AciX8_1315,AciX8_1315,"KEGG:&nbsp;aba:Acid345_1435&nbsp;peptidase&nbsp;S1C,&nbsp;Do",74.0
682795.AciX8_2470,AciX8_2470,Cupin&nbsp;domain&nbsp;protein,73.9
682795.AciX8_1358,AciX8_1358,KEGG:&nbsp;sus:Acid_5590&nbsp;cytochrome-c&nbsp;oxidase,73.9
682795.AciX8_0331,kdpC,Potassium-transporting&nbsp;ATPase&nbsp;KdpC&nbsp;subunit,73.8
682795.AciX8_4029,AciX8_4029,"KEGG:&nbsp;glo:Glov_1807&nbsp;two&nbsp;component&nbsp;transcriptional&nbsp;regulator,&nbsp;winged&nbsp;helix&nbsp;family",73.7
682795.AciX8_0568,rpsL,30S&nbsp;ribosomal&nbsp;protein&nbsp;S12,73.7
682795.AciX8_2973,AciX8_2973,"PFAM:&nbsp;Ribosomal&nbsp;protein&nbsp;L7/L12,&nbsp;C-terminal",73.6
682795.AciX8_0389,AciX8_0389,PFAM:&nbsp;Glycerophosphoryl&nbsp;diester&nbsp;phosphodiesterase,73.6
682795.AciX8_1887,argJ,Arginine&nbsp;biosynthesis&nbsp;bifunctional&nbsp;protein&nbsp;ArgJ,73.5
682795.AciX8_1550,AciX8_1550,"SMART:&nbsp;Glyceraldehyde&nbsp;3-phosphate&nbsp;dehydrogenase,&nbsp;NAD(P)&nbsp;binding&nbsp;domain",73.5
682795.AciX8_2773,AciX8_2773,KEGG:&nbsp;sus:Acid_3927&nbsp;glutathione&nbsp;synthase/ribosomal&nbsp;protein&nbsp;S6&nbsp;modification&nbsp;glutaminyl&nbsp;transferase-like&nbsp;protein,73.4
682795.AciX8_4003,AciX8_4003,KEGG:&nbsp;aca:ACP_1343&nbsp;outer&nbsp;membrane&nbsp;efflux&nbsp;protein&nbsp;OprM,73.4
682795.AciX8_0622,sucD,Succinate--CoA&nbsp;ligase&nbsp;[ADP-forming]&nbsp;subunit&nbsp;alpha,73.3
682795.AciX8_1429,AciX8_1429,PFAM:&nbsp;Serine/threonine-protein&nbsp;kinase-like&nbsp;domain,73.3
682795.AciX8_2089,argH,TIGRFAM:&nbsp;Argininosuccinate&nbsp;lyase,73.2
682795.AciX8_3196,lolD,Lipoprotein-releasing&nbsp;system&nbsp;ATP-binding&nbsp;protein&nbsp;LolD,73.2
682795.AciX8_3038,ffh,Signal&nbsp;recognition&nbsp;particle&nbsp;protein,73.1
682795.AciX8_4847,mutS2,Endonuclease&nbsp;MutS2,73.1
682795.AciX8_0395,pheS,"TIGRFAM:&nbsp;Phenylalanyl-tRNA&nbsp;synthetase,&nbsp;class&nbsp;IIc,&nbsp;alpha&nbsp;subunit",73.1
682795.AciX8_1553,AciX8_1553,PFAM:&nbsp;Binding-protein-dependent&nbsp;transport&nbsp;systems&nbsp;inner&nbsp;membrane&nbsp;component,73.1
682795.AciX8_0584,rplX,50S&nbsp;ribosomal&nbsp;protein&nbsp;L24,73.0
682795.AciX8_1237,leuB,3-isopropylmalate&nbsp;dehydrogenase,72.9
682795.AciX8_4863,AciX8_4863,PFAM:&nbsp;CDP-alcohol&nbsp;phosphatidyltransferase,72.9
682795.AciX8_3921,AciX8_3921,TIGRFAM:&nbsp;Penicillin-binding&nbsp;protein&nbsp;1A,72.7
682795.AciX8_4593,rpsI,PFAM:&nbsp;Ribosomal&nbsp;protein&nbsp;S9,72.7
682795.AciX8_3430,AciX8_3430,Beta-galactosidase,72.7
682795.AciX8_1886,AciX8_1886,Pyruvate&nbsp;dehydrogenase&nbsp;E1&nbsp;component,72.7
682795.AciX8_2410,ileS,Isoleucine--tRNA&nbsp;ligase,72.6
682795.AciX8_0556,AciX8_0556,"TIGRFAM:&nbsp;Aspartate&nbsp;carbamoyltransferase,&nbsp;eukaryotic",72.6
682795.AciX8_2822,AciX8_2822,KEGG:&nbsp;aba:Acid345_2039&nbsp;5-oxoprolinase&nbsp;(ATP-hydrolyzing),72.3
682795.AciX8_2019,AciX8_2019,PFAM:&nbsp;Bacterial&nbsp;Fmu&nbsp;(Sun)/eukaryotic&nbsp;nucleolar&nbsp;NOL1/Nop2p,72.2
682795.AciX8_1235,leuC,3-isopropylmalate&nbsp;dehydratase&nbsp;large&nbsp;subunit,72.2
682795.AciX8_2955,AciX8_2955,TIGRFAM:&nbsp;UDP-glucose&nbsp;4-epimerase,72.2
682795.AciX8_1161,AciX8_1161,"TIGRFAM:&nbsp;Sulphate&nbsp;adenylyltransferase,&nbsp;small&nbsp;subunit",72.1
682795.AciX8_3618,AciX8_3618,Uncharacterized&nbsp;protein,72.1
682795.AciX8_2041,atpD,ATP&nbsp;synthase&nbsp;subunit&nbsp;beta,72.0
682795.AciX8_3347,AciX8_3347,TIGRFAM:&nbsp;Glycogen&nbsp;debranching&nbsp;enzyme,71.9
682795.AciX8_2689,AciX8_2689,Beta-glucosidase,71.9
682795.AciX8_1290,AciX8_1290,Peptidyl-prolyl&nbsp;cis-trans&nbsp;isomerase,71.8
682795.AciX8_3813,AciX8_3813,Beta-galactosidase,71.8
682795.AciX8_2056,AciX8_2056,"TIGRFAM:&nbsp;DNA&nbsp;ligase,&nbsp;ATP-dependent",71.8
682795.AciX8_3873,ftsA,Cell&nbsp;division&nbsp;protein&nbsp;FtsA,71.8
682795.AciX8_0939,AciX8_0939,"PFAM:&nbsp;D-tagatose-bisphosphate&nbsp;aldolase,&nbsp;class&nbsp;II,&nbsp;non-catalytic&nbsp;subunit&nbsp;AgaZ",71.7
682795.AciX8_1033,polA,DNA&nbsp;polymerase&nbsp;I,71.7
682795.AciX8_1327,carA,"TIGRFAM:&nbsp;Carbamoyl-phosphate&nbsp;synthase,&nbsp;small&nbsp;subunit",71.7
682795.AciX8_3687,AciX8_3687,"KEGG:&nbsp;aca:ACP_1462&nbsp;putative&nbsp;isocitrate&nbsp;dehydrogenase,&nbsp;NAD-dependent",71.6
682795.AciX8_1464,AciX8_1464,Glucose-6-phosphate&nbsp;1-dehydrogenase,71.6
682795.AciX8_3194,AciX8_3194,Uncharacterized&nbsp;protein,71.4
682795.AciX8_0779,AciX8_0779,"TIGRFAM:&nbsp;Phospholipase&nbsp;C,&nbsp;phosphocholine-specific",71.3
682795.AciX8_0259,rpmI,KEGG:&nbsp;aca:ACP_2247&nbsp;ribosomal&nbsp;protein&nbsp;L35,71.3
682795.AciX8_2298,AciX8_2298,"PFAM:&nbsp;Glycoside&nbsp;hydrolase,&nbsp;family&nbsp;2,&nbsp;carbohydrate-binding",71.2
682795.AciX8_1155,AciX8_1155,Di-glucose&nbsp;binding&nbsp;within&nbsp;endoplasmic&nbsp;reticulum,71.1
682795.AciX8_4795,glmS,Glutamine--fructose-6-phosphate&nbsp;aminotransferase&nbsp;[isomerizing],71.1
682795.AciX8_2930,AciX8_2930,Membrane&nbsp;protein&nbsp;insertase&nbsp;YidC,71.0
682795.AciX8_3984,AciX8_3984,KEGG:&nbsp;sus:Acid_0070&nbsp;integral&nbsp;membrane&nbsp;sensor&nbsp;signal&nbsp;transduction&nbsp;histidine&nbsp;kinase,71.0
682795.AciX8_1376,lysS,Lysine--tRNA&nbsp;ligase,71.0
682795.AciX8_4177,AciX8_4177,PFAM:&nbsp;UBA/THIF-type&nbsp;NAD/FAD&nbsp;binding&nbsp;fold,71.0
682795.AciX8_4888,mnmE,tRNA&nbsp;modification&nbsp;GTPase&nbsp;MnmE,70.9
682795.AciX8_3395,AciX8_3395,"Methionine&nbsp;synthase.,&nbsp;Methylenetetrahydrofolate&nbsp;reductase&nbsp;(NAD(P)H)",70.9
682795.AciX8_3110,AciX8_3110,Glycosyl&nbsp;hydrolase&nbsp;38&nbsp;domain&nbsp;protein,70.9
682795.AciX8_3326,AciX8_3326,KEGG:&nbsp;aca:ACP_0920&nbsp;nitrogen&nbsp;regulatory&nbsp;protein&nbsp;P-II,70.8
682795.AciX8_2172,AciX8_2172,Formate&nbsp;dehydrogenase,70.8
682795.AciX8_2507,AciX8_2507,PFAM:&nbsp;Phosphoesterase,70.7
682795.AciX8_2392,AciX8_2392,KEGG:&nbsp;aba:Acid345_1902&nbsp;protein&nbsp;translocase&nbsp;subunit&nbsp;SecG,70.7
682795.AciX8_3588,AciX8_3588,Metallophosphoesterase,70.6
682795.AciX8_1383,AciX8_1383,"TIGRFAM:&nbsp;NADH-plastoquinone&nbsp;oxidoreductase,&nbsp;chain&nbsp;5",70.5
682795.AciX8_0768,rplK,50S&nbsp;ribosomal&nbsp;protein&nbsp;L11,70.5
682795.AciX8_1379,atpB,ATP&nbsp;synthase&nbsp;subunit&nbsp;a,70.5
682795.AciX8_0644,AciX8_0644,PFAM:&nbsp;UBA/THIF-type&nbsp;NAD/FAD&nbsp;binding&nbsp;fold,70.5
682795.AciX8_1028,rplQ,KEGG:&nbsp;aca:ACP_1422&nbsp;50S&nbsp;ribosomal&nbsp;protein&nbsp;L17,70.2
682795.AciX8_1426,AciX8_1426,PFAM:&nbsp;Cytochrome&nbsp;c&nbsp;assembly&nbsp;protein,70.1
682795.AciX8_0384,gidA,tRNA&nbsp;uridine&nbsp;5-carboxymethylaminomethyl&nbsp;modification&nbsp;enzyme&nbsp;MnmG,70.1
