743718.Isova_2283,Isova_2283,Ribonucleoside-diphosphate&nbsp;reductase,98.8
743718.Isova_1190,rplS,50S&nbsp;ribosomal&nbsp;protein&nbsp;L19,98.7
743718.Isova_0392,Isova_0392,PFAM:&nbsp;HpcH/HpaI&nbsp;aldolase,98.5
743718.Isova_0751,Isova_0751,KEGG:&nbsp;xce:Xcel_0718&nbsp;sulfite&nbsp;reductase&nbsp;(ferredoxin),98.5
743718.Isova_2086,fpg,Formamidopyrimidine-DNA&nbsp;glycosylase,98.5
743718.Isova_0978,Isova_0978,Dihydrolipoyl&nbsp;dehydrogenase,98.4
743718.Isova_1461,trpB,Tryptophan&nbsp;synthase&nbsp;beta&nbsp;chain,98.3
743718.Isova_0660,rplB,50S&nbsp;ribosomal&nbsp;protein&nbsp;L2,98.3
743718.Isova_0658,rplD,50S&nbsp;ribosomal&nbsp;protein&nbsp;L4,98.2
743718.Isova_2638,gpmA,"2,3-bisphosphoglycerate-dependent&nbsp;phosphoglycerate&nbsp;mutase",98.2
743718.Isova_0940,Isova_0940,"PFAM:&nbsp;4Fe-4S&nbsp;ferredoxin,&nbsp;iron-sulphur&nbsp;binding,&nbsp;subgroup",98.1
743718.Isova_0002,Isova_0002,Beta&nbsp;sliding&nbsp;clamp,98.1
743718.Isova_1948,Isova_1948,Alpha&nbsp;amylase&nbsp;catalytic&nbsp;region,98.0
743718.Isova_1496,Isova_1496,"TIGRFAM:&nbsp;Transketolase,&nbsp;bacterial-like",98.0
743718.Isova_0671,rpsH,30S&nbsp;ribosomal&nbsp;protein&nbsp;S8,98.0
743718.Isova_1722,Isova_1722,Monosaccharide-transporting&nbsp;ATPase,98.0
743718.Isova_2122,Isova_2122,Fructokinase,98.0
743718.Isova_0251,Isova_0251,"PFAM:&nbsp;Bacterial&nbsp;extracellular&nbsp;solute-binding,&nbsp;family&nbsp;1",97.9
743718.Isova_1761,Isova_1761,Putative&nbsp;glutamate--cysteine&nbsp;ligase&nbsp;2,97.9
743718.Isova_0680,infA,Translation&nbsp;initiation&nbsp;factor&nbsp;IF-1,97.8
743718.Isova_2843,Isova_2843,"ABC-type&nbsp;transporter,&nbsp;integral&nbsp;membrane&nbsp;subunit",97.7
743718.Isova_2986,Isova_2986,Monosaccharide-transporting&nbsp;ATPase,97.7
743718.Isova_2104,gpsA,KEGG:&nbsp;ske:Sked_11140&nbsp;glycerol-3-phosphate&nbsp;dehydrogenase,97.5
743718.Isova_2497,eno,Enolase,97.4
743718.Isova_2710,Isova_2710,Phospho-2-dehydro-3-deoxyheptonate&nbsp;aldolase,97.4
743718.Isova_2067,rplU,50S&nbsp;ribosomal&nbsp;protein&nbsp;L21,97.4
743718.Isova_2494,Isova_2494,KEGG:&nbsp;ske:Sked_07880&nbsp;Ppx/GppA&nbsp;phosphatase,97.3
743718.Isova_1200,tsf,Elongation&nbsp;factor&nbsp;Ts,97.3
743718.Isova_1311,Isova_1311,"TIGRFAM:&nbsp;DNA&nbsp;helicase,&nbsp;ATP-dependent,&nbsp;RecQ&nbsp;type,&nbsp;N-terminal",97.3
743718.Isova_2620,Isova_2620,Glycerol-3-phosphate-transporting&nbsp;ATPase,97.2
743718.Isova_2299,atpC,ATP&nbsp;synthase&nbsp;epsilon&nbsp;chain,97.2
743718.Isova_0585,Isova_0585,"TIGRFAM:&nbsp;NADH:ubiquinone&nbsp;oxidoreductase,&nbsp;24kDa&nbsp;subunit",97.2
743718.Isova_0314,purD,Phosphoribosylamine--glycine&nbsp;ligase,97.1
743718.Isova_2077,Isova_2077,"SMART:&nbsp;ATPase,&nbsp;AAA+&nbsp;type,&nbsp;core",97.1
743718.Isova_0199,Isova_0199,KEGG:&nbsp;aau:AAur_0122&nbsp;hypothetical&nbsp;protein,97.1
743718.Isova_0831,Isova_0831,DNA&nbsp;helicase,97.0
743718.Isova_2610,groL,60&nbsp;kDa&nbsp;chaperonin,96.6
743718.Isova_2541,Isova_2541,Mannonate&nbsp;dehydratase,96.6
743718.Isova_2378,Isova_2378,"TIGRFAM:&nbsp;Sulphate&nbsp;adenylyltransferase,&nbsp;small&nbsp;subunit",96.4
743718.Isova_0894,Isova_0894,"TIGRFAM:&nbsp;3-oxoacid&nbsp;CoA-transferase,&nbsp;subunit&nbsp;A",96.3
743718.Isova_2375,Isova_2375,KEGG:&nbsp;art:Arth_0896&nbsp;gamma-glutamyltransferase,96.2
743718.Isova_1340,Isova_1340,Arginine&nbsp;biosynthesis&nbsp;bifunctional&nbsp;protein&nbsp;ArgJ,96.2
743718.Isova_2226,Isova_2226,"TIGRFAM:&nbsp;Nitrite&nbsp;reductase&nbsp;[NAD(P)H]&nbsp;large&nbsp;subunit,&nbsp;NirD",96.2
743718.Isova_0681,rpmJ,TIGRFAM:&nbsp;Ribosomal&nbsp;protein&nbsp;L36,96.1
743718.Isova_2794,Isova_2794,"PFAM:&nbsp;Bacterial&nbsp;extracellular&nbsp;solute-binding,&nbsp;family&nbsp;1",96.0
743718.Isova_0653,rpsG,30S&nbsp;ribosomal&nbsp;protein&nbsp;S7,96.0
743718.Isova_0187,Isova_0187,KEGG:&nbsp;xce:Xcel_1127&nbsp;polar&nbsp;amino&nbsp;acid&nbsp;ABC&nbsp;transporter&nbsp;inner&nbsp;membrane&nbsp;subunit,95.9
743718.Isova_0990,Isova_0990,Propionyl-CoA&nbsp;carboxylase,95.8
743718.Isova_2279,Isova_2279,KEGG:&nbsp;kra:Krad_2014&nbsp;dihydrodipicolinate&nbsp;synthetase,95.5
743718.Isova_1506,Isova_1506,Riboflavin&nbsp;biosynthesis&nbsp;protein&nbsp;RibD,95.5
743718.Isova_1776,Isova_1776,PFAM:&nbsp;Deoxyribonuclease/rho&nbsp;motif-related&nbsp;TRAM,95.5
743718.Isova_1852,Isova_1852,Dihydrolipoamide&nbsp;acetyltransferase&nbsp;component&nbsp;of&nbsp;pyruvate&nbsp;dehydrogenase&nbsp;complex,95.5
743718.Isova_0533,glpK,Glycerol&nbsp;kinase,95.5
743718.Isova_0905,Isova_0905,Fructokinase,95.3
743718.Isova_2618,Isova_2618,"Alpha,alpha-trehalose-phosphate&nbsp;synthase&nbsp;(UDP-forming)",95.1
743718.Isova_0908,xseA,Exodeoxyribonuclease&nbsp;7&nbsp;large&nbsp;subunit,94.9
743718.Isova_0139,Isova_0139,Sulfate-transporting&nbsp;ATPase,94.9
743718.Isova_1970,leuA,2-isopropylmalate&nbsp;synthase,94.9
743718.Isova_2808,Isova_2808,"ABC-type&nbsp;transporter,&nbsp;integral&nbsp;membrane&nbsp;subunit",94.9
743718.Isova_2206,Isova_2206,"ABC-type&nbsp;transporter,&nbsp;integral&nbsp;membrane&nbsp;subunit",94.7
743718.Isova_0649,rplL,50S&nbsp;ribosomal&nbsp;protein&nbsp;L7/L12,94.7
743718.Isova_2197,Isova_2197,KEGG:&nbsp;nda:Ndas_4058&nbsp;monosaccharide-binding&nbsp;protein,94.7
743718.Isova_1729,Isova_1729,"PFAM:&nbsp;Xylose&nbsp;isomerase,&nbsp;TIM&nbsp;barrel&nbsp;domain",94.6
743718.Isova_0657,rplC,50S&nbsp;ribosomal&nbsp;protein&nbsp;L3,94.5
743718.Isova_0459,Isova_0459,"PFAM:&nbsp;Bacterial&nbsp;extracellular&nbsp;solute-binding,&nbsp;family&nbsp;1",94.5
743718.Isova_1831,Isova_1831,KEGG:&nbsp;ske:Sked_15620&nbsp;cysteine&nbsp;desulfurase&nbsp;family&nbsp;protein,94.3
743718.Isova_0972,Isova_0972,PFAM:&nbsp;Adenosine/AMP&nbsp;deaminase,94.1
743718.Isova_2312,rpmE,50S&nbsp;ribosomal&nbsp;protein&nbsp;L31,94.1
743718.Isova_2844,Isova_2844,"ABC-type&nbsp;transporter,&nbsp;integral&nbsp;membrane&nbsp;subunit",94.0
743718.Isova_1566,Isova_1566,"PFAM:&nbsp;Malic&nbsp;enzyme,&nbsp;NAD-binding",94.0
743718.Isova_0535,Isova_0535,Glycerol-3-phosphate&nbsp;dehydrogenase,94.0
743718.Isova_0942,Isova_0942,"TIGRFAM:&nbsp;Citrate&nbsp;synthase,&nbsp;type&nbsp;II",94.0
743718.Isova_0054,Isova_0054,PFAM:&nbsp;Lactate/malate&nbsp;dehydrogenase,93.9
743718.Isova_1464,Isova_1464,KEGG:&nbsp;xce:Xcel_1503&nbsp;ferredoxin-dependent&nbsp;glutamate&nbsp;synthase,93.8
743718.Isova_1096,Isova_1096,KEGG:&nbsp;xce:Xcel_1122&nbsp;AMP-dependent&nbsp;synthetase&nbsp;and&nbsp;ligase,93.7
743718.Isova_2999,rpsF,30S&nbsp;ribosomal&nbsp;protein&nbsp;S6,93.6
743718.Isova_2094,Isova_2094,PFAM:&nbsp;Dak&nbsp;phosphatase,93.6
743718.Isova_0244,pat,Putative&nbsp;phenylalanine&nbsp;aminotransferase,93.5
743718.Isova_0722,Isova_0722,KEGG:&nbsp;xce:Xcel_0689&nbsp;IMP&nbsp;dehydrogenase&nbsp;family&nbsp;protein,93.5
743718.Isova_0729,Isova_0729,Phosphate&nbsp;acetyltransferase,93.4
743718.Isova_2294,Isova_2294,"PFAM:&nbsp;Bacterial&nbsp;extracellular&nbsp;solute-binding,&nbsp;family&nbsp;1",93.3
743718.Isova_2441,Isova_2441,"ABC-type&nbsp;transporter,&nbsp;integral&nbsp;membrane&nbsp;subunit",93.3
743718.Isova_1217,nusA,Transcription&nbsp;termination/antitermination&nbsp;protein&nbsp;NusA,93.2
743718.Isova_2483,Isova_2483,"SMART:&nbsp;Cystathionine&nbsp;beta-synthase,&nbsp;core",93.2
743718.Isova_0122,Isova_0122,Alpha-N-arabinofuranosidase,93.1
743718.Isova_1814,pfp,Pyrophosphate--fructose&nbsp;6-phosphate&nbsp;1-phosphotransferase,92.7
743718.Isova_1649,apt,Adenine&nbsp;phosphoribosyltransferase,92.6
743718.Isova_0655,tuf,Elongation&nbsp;factor&nbsp;Tu,92.5
743718.Isova_0642,rplK,50S&nbsp;ribosomal&nbsp;protein&nbsp;L11,92.2
743718.Isova_0675,rpmD,KEGG:&nbsp;ske:Sked_29560&nbsp;50S&nbsp;ribosomal&nbsp;protein&nbsp;L30P,92.1
743718.Isova_0520,Isova_0520,Methylcrotonoyl-CoA&nbsp;carboxylase,92.1
743718.Isova_1902,Isova_1902,KEGG:&nbsp;apn:Asphe3_34920&nbsp;dihydrodipicolinate&nbsp;synthase/N-acetylneuraminate&nbsp;lyase,92.1
743718.Isova_2341,rsgA,Small&nbsp;ribosomal&nbsp;subunit&nbsp;biogenesis&nbsp;GTPase&nbsp;RsgA,92.0
743718.Isova_0334,Isova_0334,KEGG:&nbsp;xce:Xcel_3113&nbsp;acetyl-CoA&nbsp;acetyltransferase,91.9
743718.Isova_2737,Isova_2737,"ABC-type&nbsp;transporter,&nbsp;integral&nbsp;membrane&nbsp;subunit",91.9
743718.Isova_2238,Isova_2238,"PFAM:&nbsp;Electron&nbsp;transfer&nbsp;flavoprotein,&nbsp;alpha&nbsp;subunit,&nbsp;C-terminal",91.8
743718.Isova_2845,Isova_2845,"PFAM:&nbsp;Bacterial&nbsp;extracellular&nbsp;solute-binding,&nbsp;family&nbsp;1",91.8
743718.Isova_1756,Isova_1756,"6-phosphogluconate&nbsp;dehydrogenase,&nbsp;decarboxylating",91.8
743718.Isova_1610,pyrR,Bifunctional&nbsp;protein&nbsp;PyrR,91.7
743718.Isova_1408,Isova_1408,KEGG:&nbsp;rha:RHA1_ro02724&nbsp;3-oxoacyl-[acyl-carrier-protein]&nbsp;reductase,91.7
743718.Isova_0958,Isova_0958,TIGRFAM:&nbsp;Succinate&nbsp;dehydrogenase/fumarate&nbsp;reductase&nbsp;iron-sulphur&nbsp;protein,91.6
743718.Isova_1249,Isova_1249,KEGG:&nbsp;xce:Xcel_1245&nbsp;polar&nbsp;amino&nbsp;acid&nbsp;ABC&nbsp;transporter&nbsp;inner&nbsp;membrane&nbsp;subunit,91.5
743718.Isova_0643,rplA,50S&nbsp;ribosomal&nbsp;protein&nbsp;L1,91.2
743718.Isova_1609,pyrB,"PFAM:&nbsp;Aspartate/ornithine&nbsp;carbamoyltransferase,&nbsp;carbamoyl-P&nbsp;binding",91.1
743718.Isova_0635,Isova_0635,PFAM:&nbsp;Adenosine/AMP&nbsp;deaminase,90.9
743718.Isova_0677,secY,Protein&nbsp;translocase&nbsp;subunit&nbsp;SecY,90.8
743718.Isova_2372,Isova_2372,"ABC-type&nbsp;transporter,&nbsp;integral&nbsp;membrane&nbsp;subunit",90.7
743718.Isova_1998,Isova_1998,"Alpha-1,4&nbsp;glucan&nbsp;phosphorylase",90.7
743718.Isova_0715,groS,10&nbsp;kDa&nbsp;chaperonin,90.6
743718.Isova_1339,argC,N-acetyl-gamma-glutamyl-phosphate&nbsp;reductase,90.6
743718.Isova_0723,Isova_0723,Succinate-semialdehyde&nbsp;dehydrogenase&nbsp;(NAD(P)(+)),90.6
743718.Isova_3002,Isova_3002,KEGG:&nbsp;xce:Xcel_3359&nbsp;inositol&nbsp;1-phosphate&nbsp;synthase,90.5
743718.Isova_2634,Isova_2634,Phosphate-binding&nbsp;protein&nbsp;PstS,90.4
743718.Isova_0415,Isova_0415,Beta-galactosidase,90.4
743718.Isova_0670,rpsN,30S&nbsp;ribosomal&nbsp;protein&nbsp;S14&nbsp;type&nbsp;Z,90.3
743718.Isova_0502,Isova_0502,PFAM:&nbsp;3-Oxoacyl-[acyl-carrier-protein&nbsp;(ACP)]&nbsp;synthase&nbsp;III,90.3
743718.Isova_1363,Isova_1363,PFAM:&nbsp;Cytochrome&nbsp;oxidase&nbsp;assembly,90.2
743718.Isova_0254,Isova_0254,Pyruvate&nbsp;dehydrogenase&nbsp;(Acetyl-transferring),90.1
743718.Isova_2527,Isova_2527,"PFAM:&nbsp;Glycoside&nbsp;hydrolase,&nbsp;family&nbsp;20,&nbsp;catalytic&nbsp;core",90.1
743718.Isova_0061,Isova_0061,Gamma-glutamyltransferase,89.9
743718.Isova_1819,Isova_1819,"DNA&nbsp;polymerase&nbsp;III,&nbsp;epsilon&nbsp;subunit",89.9
743718.Isova_1438,Isova_1438,PFAM:&nbsp;Survival&nbsp;protein&nbsp;SurE-like&nbsp;phosphatase/nucleotidase,89.7
743718.Isova_1748,Isova_1748,Glycogen&nbsp;debranching&nbsp;enzyme&nbsp;GlgX,89.7
743718.Isova_1879,Isova_1879,PFAM:&nbsp;Phosphoglycerate&nbsp;mutase,89.7
743718.Isova_2987,Isova_2987,PFAM:&nbsp;Extracellular&nbsp;ligand-binding&nbsp;receptor,89.6
743718.Isova_0982,Isova_0982,"PFAM:&nbsp;Carbamoyl&nbsp;phosphate&nbsp;synthetase,&nbsp;large&nbsp;subunit,&nbsp;ATP-binding",89.5
743718.Isova_1832,Isova_1832,SirA-like&nbsp;domain-containing&nbsp;protein,89.5
743718.Isova_1586,Isova_1586,KEGG:&nbsp;xce:Xcel_1733&nbsp;DEAD/DEAH&nbsp;box&nbsp;helicase&nbsp;domain-containing&nbsp;protein,89.4
743718.Isova_2183,Isova_2183,"TIGRFAM:&nbsp;Acetolactate&nbsp;synthase,&nbsp;large&nbsp;subunit,&nbsp;biosynthetic",89.4
743718.Isova_2357,Isova_2357,KEGG:&nbsp;xce:Xcel_2513&nbsp;histidine&nbsp;kinase,89.3
743718.Isova_0625,Isova_0625,"PFAM:&nbsp;Peptidase&nbsp;S45,&nbsp;penicillin&nbsp;amidase",89.2
743718.Isova_2066,rpmA,TIGRFAM:&nbsp;Ribosomal&nbsp;protein&nbsp;L27,89.1
743718.Isova_0858,Isova_0858,PFAM:&nbsp;Aldehyde&nbsp;dehydrogenase,89.1
743718.Isova_1716,Isova_1716,Beta-glucosidase,89.1
743718.Isova_2823,Isova_2823,"ABC-type&nbsp;transporter,&nbsp;integral&nbsp;membrane&nbsp;subunit",88.9
743718.Isova_0591,nuoK,NADH-quinone&nbsp;oxidoreductase&nbsp;subunit&nbsp;K,88.8
743718.Isova_2223,Isova_2223,KEGG:&nbsp;xce:Xcel_2808&nbsp;molybdenum&nbsp;ABC&nbsp;transporter&nbsp;periplasmic&nbsp;molybdate-binding&nbsp;protein,88.6
743718.Isova_0807,Isova_0807,KEGG:&nbsp;xce:Xcel_0757&nbsp;exodeoxyribonuclease&nbsp;III&nbsp;Xth,88.6
743718.Isova_2165,Isova_2165,TIGRFAM:&nbsp;2-isopropylmalate&nbsp;synthase/homocitrate&nbsp;synthase&nbsp;related,88.6
743718.Isova_2026,Isova_2026,KEGG:&nbsp;ske:Sked_07820&nbsp;NAD(P)&nbsp;transhydrogenase&nbsp;subunit&nbsp;alpha,88.6
743718.Isova_2727,Isova_2727,"PFAM:&nbsp;Signal&nbsp;transduction&nbsp;histidine&nbsp;kinase,&nbsp;subgroup&nbsp;3,&nbsp;dimerisation&nbsp;and&nbsp;phosphoacceptor&nbsp;region",88.6
743718.Isova_1830,Isova_1830,KEGG:&nbsp;xce:Xcel_2016&nbsp;cytochrome&nbsp;c&nbsp;oxidase&nbsp;subunit&nbsp;II,88.5
743718.Isova_1738,Isova_1738,"PFAM:&nbsp;Aminotransferase,&nbsp;class&nbsp;IV",88.4
743718.Isova_2116,Isova_2116,"ABC-type&nbsp;transporter,&nbsp;integral&nbsp;membrane&nbsp;subunit",88.2
743718.Isova_0687,Isova_0687,ROK&nbsp;family&nbsp;protein,88.1
743718.Isova_2300,atpD,ATP&nbsp;synthase&nbsp;subunit&nbsp;beta,88.0
743718.Isova_2998,Isova_2998,Single-stranded&nbsp;DNA-binding&nbsp;protein,87.7
743718.Isova_1082,Isova_1082,TIGRFAM:&nbsp;Cysteine&nbsp;synthase&nbsp;A,87.7
743718.Isova_0721,Isova_0721,KEGG:&nbsp;xce:Xcel_0688&nbsp;exonuclease&nbsp;RNase&nbsp;T&nbsp;and&nbsp;DNA&nbsp;polymerase&nbsp;III,87.7
743718.Isova_0021,Isova_0021,KEGG:&nbsp;xce:Xcel_0020&nbsp;peptidoglycan&nbsp;glycosyltransferase,87.6
743718.Isova_1063,Isova_1063,"PFAM:&nbsp;Phosphotransferase&nbsp;system&nbsp;EIIB/cysteine,&nbsp;phosphorylation&nbsp;site",87.6
743718.Isova_0661,rpsS,30S&nbsp;ribosomal&nbsp;protein&nbsp;S19,87.5
743718.Isova_0726,Isova_0726,Gluconokinase,87.3
743718.Isova_1944,Isova_1944,"ABC-type&nbsp;transporter,&nbsp;integral&nbsp;membrane&nbsp;subunit",87.2
743718.Isova_0142,Isova_0142,"ABC-type&nbsp;transporter,&nbsp;integral&nbsp;membrane&nbsp;subunit",87.2
743718.Isova_0519,Isova_0519,KEGG:&nbsp;xce:Xcel_2100&nbsp;propionyl-CoA&nbsp;carboxylase,86.8
743718.Isova_1487,Isova_1487,"TIGRFAM:&nbsp;Glyceraldehyde-3-phosphate&nbsp;dehydrogenase,&nbsp;type&nbsp;I",86.7
743718.Isova_1686,Isova_1686,KEGG:&nbsp;bcv:Bcav_3565&nbsp;succinate&nbsp;dehydrogenase&nbsp;flavoprotein&nbsp;subunit,86.6
743718.Isova_1789,Isova_1789,"HAMAP:&nbsp;Thymidine&nbsp;kinase,&nbsp;subgroup",86.5
743718.Isova_0771,mdh,Malate&nbsp;dehydrogenase,86.5
743718.Isova_0652,rpsL,30S&nbsp;ribosomal&nbsp;protein&nbsp;S12,86.5
743718.Isova_1172,Isova_1172,"KEGG:&nbsp;xce:Xcel_1155&nbsp;dihydroxyacetone&nbsp;kinase,&nbsp;L&nbsp;subunit",86.5
743718.Isova_2795,Isova_2795,"ABC-type&nbsp;transporter,&nbsp;integral&nbsp;membrane&nbsp;subunit",86.4
743718.Isova_2222,Isova_2222,NifC-like&nbsp;ABC-type&nbsp;porter,86.4
743718.Isova_0762,sucD,Succinate--CoA&nbsp;ligase&nbsp;[ADP-forming]&nbsp;subunit&nbsp;alpha,86.3
743718.Isova_0665,rpmC,KEGG:&nbsp;xce:Xcel_0635&nbsp;50S&nbsp;ribosomal&nbsp;protein&nbsp;L29,86.2
743718.Isova_0340,purL,Phosphoribosylformylglycinamidine&nbsp;synthase&nbsp;subunit&nbsp;PurL,86.1
743718.Isova_2738,metN,Methionine&nbsp;import&nbsp;ATP-binding&nbsp;protein&nbsp;MetN,86.1
743718.Isova_1918,Isova_1918,KEGG:&nbsp;xce:Xcel_2135&nbsp;(acyl-carrier-protein)&nbsp;S-malonyltransferase,85.9
743718.Isova_0673,rplR,50S&nbsp;ribosomal&nbsp;protein&nbsp;L18,85.7
743718.Isova_0651,rpoC,DNA-directed&nbsp;RNA&nbsp;polymerase&nbsp;subunit&nbsp;beta',85.7
743718.Isova_2445,Isova_2445,PFAM:&nbsp;Aldehyde&nbsp;dehydrogenase,85.4
743718.Isova_1694,Isova_1694,KEGG:&nbsp;rsa:RSal33209_3424&nbsp;thioredoxin&nbsp;reductase,85.2
743718.Isova_2124,Isova_2124,"PFAM:&nbsp;Bacterial&nbsp;extracellular&nbsp;solute-binding,&nbsp;family&nbsp;1",85.2
743718.Isova_1070,Isova_1070,"PFAM:&nbsp;DNA&nbsp;glycosylase/AP&nbsp;lyase,&nbsp;H2TH&nbsp;DNA-binding",85.0
743718.Isova_0761,sucC,Succinate--CoA&nbsp;ligase&nbsp;[ADP-forming]&nbsp;subunit&nbsp;beta,84.9
743718.Isova_0691,rpsI,PFAM:&nbsp;Ribosomal&nbsp;protein&nbsp;S9,84.7
743718.Isova_2219,Isova_2219,KEGG:&nbsp;xce:Xcel_1817&nbsp;molybdenum&nbsp;cofactor&nbsp;synthesis&nbsp;domain-containing&nbsp;protein,84.5
743718.Isova_0892,Isova_0892,KEGG:&nbsp;apn:Asphe3_28310&nbsp;acetyl-CoA&nbsp;acetyltransferase,84.4
743718.Isova_0435,Isova_0435,"ABC-type&nbsp;transporter,&nbsp;integral&nbsp;membrane&nbsp;subunit",84.4
743718.Isova_0057,gcvH,Glycine&nbsp;cleavage&nbsp;system&nbsp;H&nbsp;protein,84.3
743718.Isova_1232,Isova_1232,KEGG:&nbsp;xce:Xcel_1228&nbsp;aldehyde&nbsp;dehydrogenase,84.3
743718.Isova_2819,pgi,HAMAP:&nbsp;Phosphoglucose&nbsp;isomerase&nbsp;(PGI),84.2
743718.Isova_2807,Isova_2807,"ABC-type&nbsp;transporter,&nbsp;integral&nbsp;membrane&nbsp;subunit",84.2
743718.Isova_1225,Isova_1225,KEGG:&nbsp;xce:Xcel_1218&nbsp;peptidase&nbsp;M16&nbsp;domain-containing&nbsp;protein,84.1
743718.Isova_1799,Isova_1799,Methionine&nbsp;synthase,84.0
743718.Isova_2198,Isova_2198,"ABC-type&nbsp;transporter,&nbsp;integral&nbsp;membrane&nbsp;subunit",84.0
743718.Isova_0662,rplV,50S&nbsp;ribosomal&nbsp;protein&nbsp;L22,84.0
743718.Isova_2311,prfA,Peptide&nbsp;chain&nbsp;release&nbsp;factor&nbsp;1,83.9
743718.Isova_2187,Isova_2187,PFAM:&nbsp;Dihydroxy-acid/6-phosphogluconate&nbsp;dehydratase,83.9
743718.Isova_1725,Isova_1725,"PFAM:&nbsp;Bacterial&nbsp;extracellular&nbsp;solute-binding,&nbsp;family&nbsp;1",83.8
743718.Isova_0710,Isova_0710,3-mercaptopyruvate&nbsp;sulfurtransferase,83.8
743718.Isova_1712,Isova_1712,"Two&nbsp;component&nbsp;transcriptional&nbsp;regulator,&nbsp;winged&nbsp;helix&nbsp;family",83.8
743718.Isova_0300,Isova_0300,KEGG:&nbsp;xce:Xcel_3155&nbsp;exodeoxyribonuclease&nbsp;III&nbsp;Xth,83.7
743718.Isova_2095,rpmB,TIGRFAM:&nbsp;Ribosomal&nbsp;protein&nbsp;L28,83.6
743718.Isova_2277,Isova_2277,Agmatinase,83.5
743718.Isova_1503,cmk,TIGRFAM:&nbsp;Cytidylate&nbsp;kinase,83.4
743718.Isova_2383,Isova_2383,KEGG:&nbsp;xce:Xcel_2542&nbsp;phosphomannomutase,83.3
743718.Isova_0953,Isova_0953,Peptidase&nbsp;S1&nbsp;and&nbsp;S6&nbsp;chymotrypsin/Hap,83.3
743718.Isova_0250,Isova_0250,"ABC-type&nbsp;transporter,&nbsp;integral&nbsp;membrane&nbsp;subunit",83.3
743718.Isova_0167,Isova_0167,Ribokinase,83.3
743718.Isova_0685,rplQ,TIGRFAM:&nbsp;Ribosomal&nbsp;protein&nbsp;L17,83.2
743718.Isova_0457,Isova_0457,"ABC-type&nbsp;transporter,&nbsp;integral&nbsp;membrane&nbsp;subunit",83.1
743718.Isova_2799,Isova_2799,Leucine--tRNA&nbsp;ligase,82.7
743718.Isova_1825,Isova_1825,PFAM:&nbsp;Rieske&nbsp;[2Fe-2S]&nbsp;iron-sulphur&nbsp;domain,82.6
743718.Isova_2261,Isova_2261,Arginine&nbsp;biosynthesis&nbsp;bifunctional&nbsp;protein&nbsp;ArgJ,82.5
743718.Isova_2350,secA,Protein&nbsp;translocase&nbsp;subunit&nbsp;SecA,82.5
743718.Isova_2421,Isova_2421,Alpha&nbsp;amylase&nbsp;catalytic&nbsp;region,82.4
743718.Isova_0333,Isova_0333,KEGG:&nbsp;xce:Xcel_3114&nbsp;short-chain&nbsp;dehydrogenase/reductase&nbsp;SDR,82.3
743718.Isova_1399,Isova_1399,"PFAM:&nbsp;tRNA/rRNA&nbsp;methyltransferase,&nbsp;SpoU",82.3
743718.Isova_2636,Isova_2636,KEGG:&nbsp;xce:Xcel_2970&nbsp;histidine&nbsp;kinase,82.3
743718.Isova_1213,Isova_1213,KEGG:&nbsp;xce:Xcel_1205&nbsp;DNA-formamidopyrimidine&nbsp;glycosylase,82.0
743718.Isova_0929,Isova_0929,"ABC-type&nbsp;transporter,&nbsp;integral&nbsp;membrane&nbsp;subunit",81.9
743718.Isova_2117,Isova_2117,PFAM:&nbsp;Periplasmic&nbsp;binding&nbsp;protein/LacI&nbsp;transcriptional&nbsp;regulator,81.8
743718.Isova_2941,Isova_2941,5'-nucleotidase,81.6
743718.Isova_0584,nuoD,NADH-quinone&nbsp;oxidoreductase&nbsp;subunit&nbsp;D,81.6
743718.Isova_1317,hisH,Imidazole&nbsp;glycerol&nbsp;phosphate&nbsp;synthase&nbsp;subunit&nbsp;HisH,81.5
743718.Isova_1327,rplT,50S&nbsp;ribosomal&nbsp;protein&nbsp;L20,81.5
743718.Isova_1946,Isova_1946,"PFAM:&nbsp;Bacterial&nbsp;extracellular&nbsp;solute-binding,&nbsp;family&nbsp;1",81.4
743718.Isova_1657,pdxT,Pyridoxal&nbsp;5'-phosphate&nbsp;synthase&nbsp;subunit&nbsp;PdxT,81.3
743718.Isova_2303,atpH,ATP&nbsp;synthase&nbsp;subunit&nbsp;delta,81.3
743718.Isova_0288,Isova_0288,KEGG:&nbsp;xce:Xcel_3187&nbsp;NADH&nbsp;dehydrogenase&nbsp;(quinone),81.3
743718.Isova_2100,Isova_2100,D-alanine--D-alanine&nbsp;ligase,81.3
743718.Isova_1870,Isova_1870,Polyphosphate--glucose&nbsp;phosphotransferase,81.0
743718.Isova_1829,Isova_1829,Cytochrome&nbsp;c&nbsp;oxidase&nbsp;subunit&nbsp;1,80.9
743718.Isova_0656,rpsJ,30S&nbsp;ribosomal&nbsp;protein&nbsp;S10,80.9
743718.Isova_1730,Isova_1730,Transketolase,80.8
743718.Isova_1180,ftsY,Signal&nbsp;recognition&nbsp;particle&nbsp;receptor&nbsp;FtsY,80.8
743718.Isova_1021,nagB,Glucosamine-6-phosphate&nbsp;deaminase,80.7
743718.Isova_0146,Isova_0146,KEGG:&nbsp;bcv:Bcav_3777&nbsp;beta-N-acetylhexosaminidase,80.6
743718.Isova_1943,Isova_1943,KEGG:&nbsp;xce:Xcel_2159&nbsp;alpha&nbsp;amylase&nbsp;catalytic&nbsp;subunit,80.5
743718.Isova_2178,leuB,3-isopropylmalate&nbsp;dehydrogenase,80.3
743718.Isova_0434,Isova_0434,"PFAM:&nbsp;Bacterial&nbsp;extracellular&nbsp;solute-binding,&nbsp;family&nbsp;1",80.3
743718.Isova_2295,Isova_2295,Beta-glucosidase,80.1
743718.Isova_0329,Isova_0329,PFAM:&nbsp;Amidase,79.9
743718.Isova_0436,Isova_0436,Fe(3+)-transporting&nbsp;ATPase,79.9
743718.Isova_1162,Isova_1162,Iron-chelate-transporting&nbsp;ATPase,79.9
743718.Isova_0277,Isova_0277,"KEGG:&nbsp;xce:Xcel_3203&nbsp;PTS&nbsp;system,&nbsp;glucose&nbsp;subfamily,&nbsp;IIA&nbsp;subunit",79.9
743718.Isova_1065,Isova_1065,4-alpha-glucanotransferase,79.9
743718.Isova_1668,Isova_1668,PFAM:&nbsp;Uracil-DNA&nbsp;glycosylase-like,79.8
743718.Isova_2036,Isova_2036,Mannonate&nbsp;dehydratase,79.8
743718.Isova_1045,Isova_1045,KEGG:&nbsp;car:cauri_0633&nbsp;acyl-CoA&nbsp;dehydrogenase,79.8
743718.Isova_0683,rpsK,30S&nbsp;ribosomal&nbsp;protein&nbsp;S11,79.8
743718.Isova_1654,ruvA,Holliday&nbsp;junction&nbsp;ATP-dependent&nbsp;DNA&nbsp;helicase&nbsp;RuvA,79.6
743718.Isova_2057,Isova_2057,PFAM:&nbsp;Phosphoglycerate&nbsp;mutase,79.4
743718.Isova_1651,secD,Protein&nbsp;translocase&nbsp;subunit&nbsp;SecD,79.2
743718.Isova_2423,Isova_2423,"ABC-type&nbsp;transporter,&nbsp;integral&nbsp;membrane&nbsp;subunit",79.2
743718.Isova_2305,atpE,ATP&nbsp;synthase&nbsp;subunit&nbsp;c,79.0
743718.Isova_2266,Isova_2266,"TIGRFAM:&nbsp;Urease,&nbsp;alpha/gamma&nbsp;subunit",79.0
743718.Isova_0302,pyrE,Orotate&nbsp;phosphoribosyltransferase,79.0
743718.Isova_1183,Isova_1183,Bifunctional&nbsp;uridylyltransferase/uridylyl-removing&nbsp;enzyme,79.0
743718.Isova_2102,Isova_2102,Cystathionine&nbsp;gamma-lyase,78.9
743718.Isova_0003,Isova_0003,"6-phosphogluconate&nbsp;dehydrogenase,&nbsp;decarboxylating",78.9
743718.Isova_0617,rpmG,TIGRFAM:&nbsp;Ribosomal&nbsp;protein&nbsp;L33,78.8
743718.Isova_0856,Isova_0856,Sulfurtransferase,78.8
743718.Isova_1373,Isova_1373,"KEGG:&nbsp;xce:Xcel_1362&nbsp;SUF&nbsp;system&nbsp;FeS&nbsp;assembly&nbsp;protein,&nbsp;NifU&nbsp;family",78.8
743718.Isova_1921,Isova_1921,3-oxoacyl-[acyl-carrier-protein]&nbsp;synthase&nbsp;2,78.7
743718.Isova_0999,Isova_0999,"PFAM:&nbsp;Aminotransferase,&nbsp;class&nbsp;I/II",78.7
743718.Isova_0234,Isova_0234,"TIGRFAM:&nbsp;Phosphoglucomutase,&nbsp;alpha-D-glucose&nbsp;specific",78.6
743718.Isova_1863,Isova_1863,TIGRFAM:&nbsp;Glutamine&nbsp;synthetase&nbsp;type&nbsp;I,78.4
743718.Isova_0690,rplM,50S&nbsp;ribosomal&nbsp;protein&nbsp;L13,78.4
743718.Isova_0518,Isova_0518,Dihydrolipoamide&nbsp;acetyltransferase&nbsp;component&nbsp;of&nbsp;pyruvate&nbsp;dehydrogenase&nbsp;complex,78.2
743718.Isova_1201,pyrH,Uridylate&nbsp;kinase,78.1
743718.Isova_2789,Isova_2789,"PFAM:&nbsp;O-methyltransferase,&nbsp;family&nbsp;3",78.1
743718.Isova_1967,Isova_1967,"ABC-type&nbsp;transporter,&nbsp;periplasmic&nbsp;subunit",78.0
743718.Isova_0676,rplO,50S&nbsp;ribosomal&nbsp;protein&nbsp;L15,77.9
743718.Isova_0586,Isova_0586,NADH-quinone&nbsp;oxidoreductase&nbsp;subunit&nbsp;F,77.7
743718.Isova_2893,Isova_2893,"PFAM:&nbsp;Peptidase&nbsp;M15B/M15C,&nbsp;D,D-carboxypeptidase&nbsp;VanY/endolysins",77.6
743718.Isova_2492,Isova_2492,NADH&nbsp;dehydrogenase&nbsp;(Ubiquinone),77.5
743718.Isova_2133,Isova_2133,TIGRFAM:&nbsp;Dihydrolipoamide&nbsp;dehydrogenase,77.4
743718.Isova_1381,Isova_1381,Enoyl-[acyl-carrier-protein]&nbsp;reductase&nbsp;[NADH],77.3
743718.Isova_0669,rplE,50S&nbsp;ribosomal&nbsp;protein&nbsp;L5,77.2
743718.Isova_0537,Isova_0537,PFAM:&nbsp;GCN5-related&nbsp;N-acetyltransferase,77.2
743718.Isova_0249,Isova_0249,"ABC-type&nbsp;transporter,&nbsp;integral&nbsp;membrane&nbsp;subunit",77.1
743718.Isova_2240,Isova_2240,Glycogen&nbsp;debranching&nbsp;enzyme&nbsp;GlgX,77.1
743718.Isova_2894,Isova_2894,Aminotransferase,76.9
743718.Isova_1462,trpA,Tryptophan&nbsp;synthase&nbsp;alpha&nbsp;chain,76.9
743718.Isova_2754,Isova_2754,KEGG:&nbsp;xce:Xcel_0223&nbsp;acyl-CoA&nbsp;dehydrogenase&nbsp;domain-containing&nbsp;protein,76.8
743718.Isova_2113,Isova_2113,Fructokinase,76.7
743718.Isova_2633,Isova_2633,Phosphate&nbsp;transport&nbsp;system&nbsp;permease&nbsp;protein,76.7
743718.Isova_2545,Isova_2545,KEGG:&nbsp;amd:AMED_5075&nbsp;sulfonate/nitrate/taurine&nbsp;ABC&nbsp;transporter&nbsp;periplasmic&nbsp;protein,76.6
743718.Isova_2276,Isova_2276,Agmatinase,76.4
743718.Isova_2232,Isova_2232,KEGG:&nbsp;xce:Xcel_1829&nbsp;molybdenum&nbsp;cofactor&nbsp;synthesis&nbsp;domain-containing&nbsp;protein,76.3
743718.Isova_1472,Isova_1472,"PFAM:&nbsp;Ribosomal&nbsp;protein&nbsp;S1,&nbsp;RNA&nbsp;binding&nbsp;domain",76.0
743718.Isova_1945,Isova_1945,"ABC-type&nbsp;transporter,&nbsp;integral&nbsp;membrane&nbsp;subunit",75.9
743718.Isova_0927,Isova_0927,"ABC-type&nbsp;transporter,&nbsp;periplasmic&nbsp;subunit",75.8
743718.Isova_1653,ruvB,Holliday&nbsp;junction&nbsp;ATP-dependent&nbsp;DNA&nbsp;helicase&nbsp;RuvB,75.7
743718.Isova_2143,gltX,Glutamate--tRNA&nbsp;ligase,75.7
743718.Isova_2292,Isova_2292,"ABC-type&nbsp;transporter,&nbsp;integral&nbsp;membrane&nbsp;subunit",75.3
743718.Isova_1490,Isova_1490,KEGG:&nbsp;xce:Xcel_1551&nbsp;preprotein&nbsp;translocase&nbsp;subunit&nbsp;SecG,75.2
743718.Isova_1817,Isova_1817,"Glucokinase,&nbsp;ROK&nbsp;family",75.2
743718.Isova_1823,Isova_1823,KEGG:&nbsp;xce:Xcel_2008&nbsp;cytochrome&nbsp;c&nbsp;oxidase&nbsp;subunit&nbsp;III,75.2
743718.Isova_1173,Isova_1173,"KEGG:&nbsp;xce:Xcel_1156&nbsp;dihydroxyacetone&nbsp;kinase,&nbsp;phosphotransfer&nbsp;subunit",75.0
743718.Isova_0712,tsaD,tRNA&nbsp;N6-adenosine&nbsp;threonylcarbamoyltransferase,74.9
743718.Isova_0804,glyA,Serine&nbsp;hydroxymethyltransferase,74.8
743718.Isova_1650,secF,Protein-export&nbsp;membrane&nbsp;protein&nbsp;SecF,74.7
743718.Isova_3018,Isova_3018,"Membrane&nbsp;protein&nbsp;insertase,&nbsp;YidC/Oxa1&nbsp;family",74.7
743718.Isova_2373,Isova_2373,"PFAM:&nbsp;ABC-type&nbsp;glycine&nbsp;betaine&nbsp;transport&nbsp;system,&nbsp;substrate-binding&nbsp;region",74.7
743718.Isova_2739,Isova_2739,PFAM:&nbsp;NLPA&nbsp;lipoprotein,74.7
743718.Isova_2989,Isova_2989,"ABC-type&nbsp;transporter,&nbsp;integral&nbsp;membrane&nbsp;subunit",74.6
743718.Isova_0766,purH,Bifunctional&nbsp;purine&nbsp;biosynthesis&nbsp;protein&nbsp;PurH,74.4
743718.Isova_1248,Isova_1248,KEGG:&nbsp;xce:Xcel_1244&nbsp;polar&nbsp;amino&nbsp;acid&nbsp;ABC&nbsp;transporter&nbsp;inner&nbsp;membrane&nbsp;subunit,74.2
743718.Isova_2440,Isova_2440,"PFAM:&nbsp;Bacterial&nbsp;extracellular&nbsp;solute-binding,&nbsp;family&nbsp;1",74.2
743718.Isova_0590,Isova_0590,"PFAM:&nbsp;NADH:ubiquinone/plastoquinone&nbsp;oxidoreductase,&nbsp;chain&nbsp;6",74.0
743718.Isova_1186,rpsP,TIGRFAM:&nbsp;Ribosomal&nbsp;protein&nbsp;S16,73.8
743718.Isova_1659,pdxS,Pyridoxal&nbsp;5'-phosphate&nbsp;synthase&nbsp;subunit&nbsp;PdxS,73.8
743718.Isova_1466,Isova_1466,TIGRFAM:&nbsp;Pyruvate&nbsp;kinase,73.7
743718.Isova_1751,Isova_1751,"PFAM:&nbsp;Bacterial&nbsp;bifunctional&nbsp;deaminase-reductase,&nbsp;C-terminal",73.7
743718.Isova_2264,Isova_2264,KEGG:&nbsp;tpr:Tpau_3408&nbsp;putative&nbsp;urease&nbsp;accessory&nbsp;protein,73.6
743718.Isova_0085,Isova_0085,KEGG:&nbsp;ach:Achl_0347&nbsp;beta-ketoacyl&nbsp;synthase,73.6
743718.Isova_2191,gatA,Glutamyl-tRNA(Gln)&nbsp;amidotransferase&nbsp;subunit&nbsp;A,73.5
743718.Isova_1826,Isova_1826,"PFAM:&nbsp;Cytochrome&nbsp;b/b6,&nbsp;N-terminal",73.5
743718.Isova_1346,argH,PFAM:&nbsp;Fumarate&nbsp;lyase,73.3
743718.Isova_1251,Isova_1251,Phosphonate-transporting&nbsp;ATPase,73.1
743718.Isova_2985,Isova_2985,ABC&nbsp;transporter&nbsp;related&nbsp;protein,73.0
743718.Isova_1354,nadK,NAD&nbsp;kinase,73.0
743718.Isova_1050,Isova_1050,KEGG:&nbsp;xce:Xcel_1082&nbsp;hypothetical&nbsp;protein,73.0
743718.Isova_0880,Isova_0880,KEGG:&nbsp;xce:Xcel_2129&nbsp;DNA&nbsp;polymerase&nbsp;III&nbsp;subunit&nbsp;epsilon,72.9
743718.Isova_0582,nuoB,NADH-quinone&nbsp;oxidoreductase&nbsp;subunit&nbsp;B,72.9
743718.Isova_2503,ctc,50S&nbsp;ribosomal&nbsp;protein&nbsp;L25,72.9
743718.Isova_0893,Isova_0893,"TIGRFAM:&nbsp;3-oxoacid&nbsp;CoA-transferase,&nbsp;subunit&nbsp;B",72.9
743718.Isova_2304,atpF,ATP&nbsp;synthase&nbsp;subunit&nbsp;b,72.9
743718.Isova_1341,argB,Acetylglutamate&nbsp;kinase,72.8
743718.Isova_2265,ureC,PFAM:&nbsp;Amidohydrolase&nbsp;1,72.8
743718.Isova_2635,Isova_2635,KEGG:&nbsp;xce:Xcel_2969&nbsp;winged&nbsp;helix&nbsp;family&nbsp;two&nbsp;component&nbsp;transcriptional&nbsp;regulator,72.8
743718.Isova_2381,cysC,Adenylyl-sulfate&nbsp;kinase,72.8
743718.Isova_2239,Isova_2239,"PFAM:&nbsp;Electron&nbsp;transfer&nbsp;flavoprotein,&nbsp;alpha/beta-subunit,&nbsp;N-terminal",72.7
743718.Isova_1199,rpsB,KEGG:&nbsp;cfl:Cfla_1484&nbsp;ribosomal&nbsp;protein&nbsp;S2,72.6
743718.Isova_0223,Isova_0223,PFAM:&nbsp;Phosphoglycerate&nbsp;mutase,72.5
743718.Isova_0018,Isova_0018,TIGRFAM:&nbsp;Glutamine&nbsp;amidotransferase&nbsp;of&nbsp;anthranilate&nbsp;synthase,72.5
743718.Isova_0458,Isova_0458,"ABC-type&nbsp;transporter,&nbsp;integral&nbsp;membrane&nbsp;subunit",72.4
743718.Isova_1719,Isova_1719,Ribokinase,72.4
743718.Isova_2230,Isova_2230,Nitrate&nbsp;reductase,72.4
743718.Isova_0684,rpoA,DNA-directed&nbsp;RNA&nbsp;polymerase&nbsp;subunit&nbsp;alpha,72.2
743718.Isova_0903,fumC,Fumarate&nbsp;hydratase&nbsp;class&nbsp;II,72.0
743718.Isova_2997,rpsR,30S&nbsp;ribosomal&nbsp;protein&nbsp;S18,71.9
743718.Isova_0713,Isova_0713,Putative&nbsp;glutamate--cysteine&nbsp;ligase&nbsp;2,71.7
743718.Isova_2088,rpmF,TIGRFAM:&nbsp;Ribosomal&nbsp;protein&nbsp;L32p,71.6
743718.Isova_1508,ribBA,Riboflavin&nbsp;biosynthesis&nbsp;protein&nbsp;RibBA,71.6
743718.Isova_2706,Isova_2706,Amidase,71.4
743718.Isova_1184,ffh,Signal&nbsp;recognition&nbsp;particle&nbsp;protein,71.4
743718.Isova_1453,hisF,Imidazole&nbsp;glycerol&nbsp;phosphate&nbsp;synthase&nbsp;subunit&nbsp;HisF,71.2
743718.Isova_1959,Isova_1959,"ABC-type&nbsp;metal&nbsp;ion&nbsp;transporter,&nbsp;periplasmic&nbsp;subunit",71.1
743718.Isova_2115,Isova_2115,Monosaccharide-transporting&nbsp;ATPase,71.0
743718.Isova_2904,ppc,Phosphoenolpyruvate&nbsp;carboxylase,70.9
743718.Isova_0960,Isova_0960,KEGG:&nbsp;xce:Xcel_0989&nbsp;succinate&nbsp;dehydrogenase&nbsp;hydrophobic&nbsp;anchor&nbsp;subunit-like&nbsp;protein,70.8
743718.Isova_1182,Isova_1182,PFAM:&nbsp;Nitrogen&nbsp;regulatory&nbsp;protein&nbsp;PII,70.8
743718.Isova_1995,Isova_1995,Soluble&nbsp;ligand&nbsp;binding&nbsp;domain&nbsp;protein,70.7
743718.Isova_1495,tal,Transaldolase,70.7
743718.Isova_2217,Isova_2217,Cysteine&nbsp;desulfurase,70.6
743718.Isova_0794,Isova_0794,Alpha-L-arabinofuranosidase&nbsp;domain&nbsp;protein,70.6
743718.Isova_0247,Isova_0247,Transketolase&nbsp;domain-containing&nbsp;protein,70.5
743718.Isova_1450,prcA,Proteasome&nbsp;subunit&nbsp;alpha,70.3
743718.Isova_0137,Isova_0137,PFAM:&nbsp;Extracellular&nbsp;ligand-binding&nbsp;receptor,70.2
743718.Isova_0740,guaA,GMP&nbsp;synthase&nbsp;[glutamine-hydrolyzing],70.2
743718.Isova_1554,Isova_1554,PFAM:&nbsp;NADPH-dependent&nbsp;FMN&nbsp;reductase,70.1
743718.Isova_0757,Isova_0757,DNA&nbsp;helicase,70.0
743718.Isova_2619,Isova_2619,Trehalose&nbsp;6-phosphate&nbsp;phosphatase,69.9
743718.Isova_1604,pyrF,"PFAM:&nbsp;Orotidine&nbsp;5'-phosphate&nbsp;decarboxylase,&nbsp;core",69.9
743718.Isova_0947,Isova_0947,Cytokinin&nbsp;riboside&nbsp;5'-monophosphate&nbsp;phosphoribohydrolase,69.8
743718.Isova_2442,Isova_2442,"ABC-type&nbsp;transporter,&nbsp;integral&nbsp;membrane&nbsp;subunit",69.8
743718.Isova_0672,rplF,50S&nbsp;ribosomal&nbsp;protein&nbsp;L6,69.8
743718.Isova_1711,Isova_1711,KEGG:&nbsp;bcv:Bcav_3779&nbsp;osmosensitive&nbsp;K&nbsp;channel&nbsp;His&nbsp;kinase&nbsp;sensor,69.7
743718.Isova_1605,carB,"TIGRFAM:&nbsp;Carbamoyl&nbsp;phosphate&nbsp;synthase,&nbsp;large&nbsp;subunit,&nbsp;glutamine-dependent",69.6
743718.Isova_1960,Isova_1960,Phosphonate-transporting&nbsp;ATPase,69.6
743718.Isova_2632,Isova_2632,KEGG:&nbsp;xce:Xcel_2962&nbsp;phosphate&nbsp;ABC&nbsp;transporter&nbsp;inner&nbsp;membrane&nbsp;subunit&nbsp;PstA,69.5
743718.Isova_2025,Isova_2025,NAD(P)&nbsp;transhydrogenase&nbsp;subunit&nbsp;beta,69.5
743718.Isova_0593,Isova_0593,"TIGRFAM:&nbsp;NADH-quinone&nbsp;oxidoreductase,&nbsp;chain&nbsp;M",69.4
743718.Isova_1966,Isova_1966,Iron-chelate-transporting&nbsp;ATPase,69.4
743718.Isova_2177,Isova_2177,TIGRFAM:&nbsp;Branched-chain&nbsp;amino&nbsp;acid&nbsp;aminotransferase&nbsp;II,69.3
743718.Isova_0319,purS,Phosphoribosylformylglycinamidine&nbsp;synthase&nbsp;subunit&nbsp;PurS,69.1
743718.Isova_2097,thiL,Thiamine-monophosphate&nbsp;kinase,69.0
743718.Isova_1326,rpmI,TIGRFAM:&nbsp;Ribosomal&nbsp;protein&nbsp;L35,69.0
743718.Isova_1813,Isova_1813,Phospho-2-dehydro-3-deoxyheptonate&nbsp;aldolase,69.0
743718.Isova_1302,Isova_1302,DNA-directed&nbsp;DNA&nbsp;polymerase,69.0
743718.Isova_2424,Isova_2424,"PFAM:&nbsp;Bacterial&nbsp;extracellular&nbsp;solute-binding,&nbsp;family&nbsp;1",69.0
743718.Isova_0121,Isova_0121,"ABC-type&nbsp;transporter,&nbsp;integral&nbsp;membrane&nbsp;subunit",68.9
743718.Isova_1919,fabH,3-oxoacyl-[acyl-carrier-protein]&nbsp;synthase&nbsp;3,68.8
743718.Isova_0667,rplN,50S&nbsp;ribosomal&nbsp;protein&nbsp;L14,68.7
743718.Isova_2422,Isova_2422,"ABC-type&nbsp;transporter,&nbsp;integral&nbsp;membrane&nbsp;subunit",68.5
743718.Isova_1884,Isova_1884,KEGG:&nbsp;xce:Xcel_2087&nbsp;DNA-directed&nbsp;DNA&nbsp;polymerase,68.4
743718.Isova_2822,Isova_2822,Fe(3+)-transporting&nbsp;ATPase,68.4
743718.Isova_0663,rpsC,30S&nbsp;ribosomal&nbsp;protein&nbsp;S3,68.3
743718.Isova_2021,mqo,PFAM:&nbsp;Malate:quinone-oxidoreductase,68.3
743718.Isova_0648,rplJ,50S&nbsp;ribosomal&nbsp;protein&nbsp;L10,68.2
743718.Isova_0827,Isova_0827,"PFAM:&nbsp;DNA&nbsp;helicase,&nbsp;UvrD/REP&nbsp;type",68.1
743718.Isova_2322,Isova_2322,TIGRFAM:&nbsp;2-methylcitrate&nbsp;synthase/citrate&nbsp;synthase&nbsp;type&nbsp;I,68.1
743718.Isova_2227,Isova_2227,"TIGRFAM:&nbsp;Nitrite&nbsp;reductase&nbsp;[NAD(P)H]&nbsp;large&nbsp;subunit,&nbsp;NirB",68.0
743718.Isova_2474,lig,Probable&nbsp;DNA&nbsp;ligase,68.0
743718.Isova_2289,Isova_2289,Beta-galactosidase,68.0
743718.Isova_0544,proC,Pyrroline-5-carboxylate&nbsp;reductase,67.9
743718.Isova_0248,Isova_0248,Transketolase&nbsp;central&nbsp;region,67.8
743718.Isova_0959,Isova_0959,"TIGRFAM:&nbsp;Succinate&nbsp;dehydrogenase,&nbsp;flavoprotein&nbsp;subunit",67.7
743718.Isova_0659,rplW,50S&nbsp;ribosomal&nbsp;protein&nbsp;L23,67.7
743718.Isova_1171,Isova_1171,"TIGRFAM:&nbsp;Dihydroxyacetone&nbsp;kinase&nbsp;DhaK,&nbsp;subunit&nbsp;1",67.5
743718.Isova_2126,Isova_2126,"ABC-type&nbsp;transporter,&nbsp;integral&nbsp;membrane&nbsp;subunit",67.3
743718.Isova_0611,Isova_0611,KEGG:&nbsp;xce:Xcel_0502&nbsp;ferredoxin--NADP(+)&nbsp;reductase,67.3
743718.Isova_0400,hppA,K(+)-insensitive&nbsp;pyrophosphate-energized&nbsp;proton&nbsp;pump,67.2
743718.Isova_1920,acpP,Acyl&nbsp;carrier&nbsp;protein,67.1
743718.Isova_0708,Isova_0708,Universal&nbsp;protein&nbsp;YeaZ,67.1
743718.Isova_0418,Isova_0418,"ABC-type&nbsp;transporter,&nbsp;integral&nbsp;membrane&nbsp;subunit",67.1
743718.Isova_1607,Isova_1607,KEGG:&nbsp;xce:Xcel_1710&nbsp;hypothetical&nbsp;protein,66.9
743718.Isova_1953,Isova_1953,KEGG:&nbsp;mva:Mvan_1643&nbsp;aldehyde&nbsp;dehydrogenase,66.8
743718.Isova_0253,Isova_0253,"TIGRFAM:&nbsp;Pyruvate&nbsp;dehydrogenase&nbsp;(acetyl-transferring)&nbsp;E1&nbsp;component,&nbsp;alpha&nbsp;subunit&nbsp;subgroup&nbsp;x",66.7
743718.Isova_2661,ppa,Inorganic&nbsp;pyrophosphatase,66.7
743718.Isova_0523,Isova_0523,Citryl-CoA&nbsp;lyase,66.7
743718.Isova_0668,rplX,50S&nbsp;ribosomal&nbsp;protein&nbsp;L24,66.7
743718.Isova_1342,argD,PFAM:&nbsp;Aminotransferase&nbsp;class-III,66.7
743718.Isova_2457,Isova_2457,PFAM:&nbsp;NADPH-dependent&nbsp;FMN&nbsp;reductase,66.6
743718.Isova_1066,Isova_1066,"TIGRFAM:&nbsp;Peptidase&nbsp;M1,&nbsp;aminopeptidase&nbsp;N&nbsp;actinomycete-type",66.5
743718.Isova_0477,Isova_0477,Beta-galactosidase,66.5
743718.Isova_1606,carA,"TIGRFAM:&nbsp;Carbamoyl&nbsp;phosphate&nbsp;synthase,&nbsp;small&nbsp;subunit",66.4
743718.Isova_1601,rpoZ,DNA-directed&nbsp;RNA&nbsp;polymerase&nbsp;subunit&nbsp;omega,66.3
743718.Isova_0640,secE,Protein&nbsp;translocase&nbsp;subunit&nbsp;SecE,66.2
743718.Isova_2861,Isova_2861,"PFAM:&nbsp;Tetrapyrrole&nbsp;biosynthesis,&nbsp;uroporphyrinogen&nbsp;III&nbsp;synthase",66.2
743718.Isova_1460,trpC,KEGG:&nbsp;xce:Xcel_1499&nbsp;indole-3-glycerol-phosphate&nbsp;synthase,66.1
743718.Isova_1177,ndk,Nucleoside&nbsp;diphosphate&nbsp;kinase,65.9
743718.Isova_1314,hisC,KEGG:&nbsp;ske:Sked_22550&nbsp;histidinol&nbsp;phosphate&nbsp;aminotransferase,65.9
743718.Isova_1932,Isova_1932,KEGG:&nbsp;mts:MTES_0648&nbsp;NAD-dependent&nbsp;aldehyde&nbsp;dehydrogenase,65.9
743718.Isova_0588,nuoH,NADH-quinone&nbsp;oxidoreductase&nbsp;subunit&nbsp;H,65.7
743718.Isova_1992,rpsT,30S&nbsp;ribosomal&nbsp;protein&nbsp;S20,65.7
743718.Isova_2742,Isova_2742,Beta-galactosidase,65.5
743718.Isova_2469,Isova_2469,"PFAM:&nbsp;Cys/Met&nbsp;metabolism,&nbsp;pyridoxal&nbsp;phosphate-dependent&nbsp;enzyme",65.4
743718.Isova_1489,tpiA,Triosephosphate&nbsp;isomerase,65.3
743718.Isova_0255,Isova_0255,Dihydrolipoamide&nbsp;acetyltransferase&nbsp;component&nbsp;of&nbsp;pyruvate&nbsp;dehydrogenase&nbsp;complex,65.2
743718.Isova_0718,guaB,Inosine-5'-monophosphate&nbsp;dehydrogenase,65.0
743718.Isova_1728,Isova_1728,Glycerol&nbsp;kinase,64.9
743718.Isova_2125,Isova_2125,"ABC-type&nbsp;transporter,&nbsp;integral&nbsp;membrane&nbsp;subunit",64.9
743718.Isova_1742,Isova_1742,Anthranilate&nbsp;synthase,64.9
743718.Isova_2078,Isova_2078,"SMART:&nbsp;ATPase,&nbsp;AAA+&nbsp;type,&nbsp;core",64.8
743718.Isova_2293,Isova_2293,"ABC-type&nbsp;transporter,&nbsp;integral&nbsp;membrane&nbsp;subunit",64.8
743718.Isova_2780,upp,Uracil&nbsp;phosphoribosyltransferase,64.8
743718.Isova_2200,Isova_2200,Monosaccharide-transporting&nbsp;ATPase,64.8
743718.Isova_2073,Isova_2073,"HAMAP:&nbsp;Thymidine&nbsp;kinase,&nbsp;subgroup",64.6
743718.Isova_2038,Isova_2038,Putative&nbsp;glutamate--cysteine&nbsp;ligase&nbsp;2,64.5
743718.Isova_2182,Isova_2182,KEGG:&nbsp;xce:Xcel_2385&nbsp;acetolactate&nbsp;synthase&nbsp;small&nbsp;subunit,64.4
743718.Isova_3021,rpmH,TIGRFAM:&nbsp;Ribosomal&nbsp;protein&nbsp;L34,64.3
743718.Isova_2796,Isova_2796,"ABC-type&nbsp;transporter,&nbsp;integral&nbsp;membrane&nbsp;subunit",64.3
743718.Isova_0528,pckG,Phosphoenolpyruvate&nbsp;carboxykinase&nbsp;[GTP],64.2
743718.Isova_2137,leuD,3-isopropylmalate&nbsp;dehydratase&nbsp;small&nbsp;subunit,64.2
743718.Isova_1867,Isova_1867,TIGRFAM:&nbsp;Glutamine&nbsp;synthetase&nbsp;type&nbsp;I,64.2
743718.Isova_2244,Isova_2244,Trehalose&nbsp;synthase,64.1
743718.Isova_0188,Isova_0188,"ABC-type&nbsp;transporter,&nbsp;periplasmic&nbsp;subunit&nbsp;family&nbsp;3",64.1
743718.Isova_1449,prcB,Proteasome&nbsp;subunit&nbsp;beta,63.5
743718.Isova_2075,Isova_2075,"PFAM:&nbsp;Cytochrome&nbsp;bd&nbsp;ubiquinol&nbsp;oxidase,&nbsp;subunit&nbsp;I",63.5
743718.Isova_0552,Isova_0552,KEGG:&nbsp;xce:Xcel_0438&nbsp;HAD-superfamily&nbsp;subfamily&nbsp;IB&nbsp;hydrolase,63.5
743718.Isova_2824,Isova_2824,"KEGG:&nbsp;bcv:Bcav_3809&nbsp;ABC&nbsp;transporter,&nbsp;periplasmic&nbsp;binding&nbsp;protein,&nbsp;ThiB&nbsp;subfamily",63.2
743718.Isova_1250,Isova_1250,"ABC-type&nbsp;transporter,&nbsp;periplasmic&nbsp;subunit&nbsp;family&nbsp;3",63.2
743718.Isova_0516,Isova_0516,"TIGRFAM:&nbsp;Pyruvate&nbsp;dehydrogenase&nbsp;(acetyl-transferring)&nbsp;E1&nbsp;component,&nbsp;alpha&nbsp;subunit&nbsp;subgroup&nbsp;x",63.1
743718.Isova_0316,purC,PFAM:&nbsp;SAICAR&nbsp;synthetase,63.1
743718.Isova_0829,Isova_0829,PFAM:&nbsp;NUDIX&nbsp;hydrolase&nbsp;domain,63.1
743718.Isova_2205,Isova_2205,PFAM:&nbsp;Periplasmic&nbsp;binding&nbsp;protein/LacI&nbsp;transcriptional&nbsp;regulator,62.8
743718.Isova_1818,Isova_1818,KEGG:&nbsp;xce:Xcel_2003&nbsp;AMP-dependent&nbsp;synthetase&nbsp;and&nbsp;ligase,62.8
743718.Isova_2787,dnaK,Chaperone&nbsp;protein&nbsp;DnaK,62.8
743718.Isova_2301,atpG,ATP&nbsp;synthase&nbsp;gamma&nbsp;chain,62.7
743718.Isova_0141,Isova_0141,"ABC-type&nbsp;transporter,&nbsp;integral&nbsp;membrane&nbsp;subunit",62.7
743718.Isova_2207,Isova_2207,Monosaccharide-transporting&nbsp;ATPase,62.5
743718.Isova_1915,Isova_1915,Pyruvate&nbsp;dehydrogenase&nbsp;E1&nbsp;component,62.5
743718.Isova_2329,Isova_2329,"TIGRFAM:&nbsp;2-oxoglutarate&nbsp;dehydrogenase,&nbsp;E1&nbsp;component",62.3
743718.Isova_2221,Isova_2221,"SMART:&nbsp;ATPase,&nbsp;AAA+&nbsp;type,&nbsp;core",62.2
743718.Isova_0975,Isova_0975,TIGRFAM:&nbsp;Conserved&nbsp;hypothetical&nbsp;protein&nbsp;CHP00725,62.2
743718.Isova_1993,Isova_1993,KEGG:&nbsp;xce:Xcel_2208&nbsp;DNA&nbsp;polymerase&nbsp;III&nbsp;subunit&nbsp;delta,62.1
743718.Isova_2076,Isova_2076,KEGG:&nbsp;xce:Xcel_2268&nbsp;cytochrome&nbsp;d&nbsp;ubiquinol&nbsp;oxidase&nbsp;subunit&nbsp;II,62.1
743718.Isova_1284,Isova_1284,KEGG:&nbsp;xce:Xcel_1278&nbsp;peptidoglycan&nbsp;glycosyltransferase,62.0
743718.Isova_2138,leuC,3-isopropylmalate&nbsp;dehydratase&nbsp;large&nbsp;subunit,62.0
743718.Isova_1961,Isova_1961,"ABC-type&nbsp;transporter,&nbsp;integral&nbsp;membrane&nbsp;subunit",61.9
743718.Isova_0592,Isova_0592,"TIGRFAM:&nbsp;NADH-plastoquinone&nbsp;oxidoreductase,&nbsp;chain&nbsp;5",61.8
743718.Isova_1242,Isova_1242,DNA-(Apurinic&nbsp;or&nbsp;apyrimidinic&nbsp;site)&nbsp;lyase,61.7
743718.Isova_1760,Isova_1760,3-hydroxybutyryl-CoA&nbsp;epimerase,61.6
743718.Isova_2188,Isova_2188,PFAM:&nbsp;Dihydroxy-acid/6-phosphogluconate&nbsp;dehydratase,61.5
743718.Isova_1164,Isova_1164,KEGG:&nbsp;ske:Sked_23960&nbsp;Fe3+-hydroxamate&nbsp;ABC&nbsp;transporter&nbsp;periplasmic&nbsp;protein,61.4
743718.Isova_0961,Isova_0961,KEGG:&nbsp;ske:Sked_25800&nbsp;succinate&nbsp;dehydrogenase&nbsp;subunit&nbsp;C,61.3
743718.Isova_1488,pgk,HAMAP:&nbsp;Phosphoglycerate&nbsp;kinase,61.2
743718.Isova_2377,cysN,Sulfate&nbsp;adenylyltransferase&nbsp;subunit&nbsp;1,61.2
743718.Isova_2726,Isova_2726,"KEGG:&nbsp;bcv:Bcav_1588&nbsp;two&nbsp;component&nbsp;transcriptional&nbsp;regulator,&nbsp;LuxR&nbsp;family",61.1
743718.Isova_2358,Isova_2358,KEGG:&nbsp;xce:Xcel_2514&nbsp;winged&nbsp;helix&nbsp;family&nbsp;two&nbsp;component&nbsp;transcriptional&nbsp;regulator,60.8
743718.Isova_0650,rpoB,DNA-directed&nbsp;RNA&nbsp;polymerase&nbsp;subunit&nbsp;beta,60.7
743718.Isova_0576,Isova_0576,KEGG:&nbsp;xce:Xcel_0459&nbsp;2-alkenal&nbsp;reductase,60.6
743718.Isova_2263,ureG,Urease&nbsp;accessory&nbsp;protein&nbsp;UreG,60.6
743718.Isova_2282,Isova_2282,Ribonucleoside-diphosphate&nbsp;reductase&nbsp;subunit&nbsp;beta,60.6
743718.Isova_0948,Isova_0948,TIGRFAM:&nbsp;Dihydropteroate&nbsp;synthase,60.2
743718.Isova_1759,Isova_1759,KEGG:&nbsp;xce:Xcel_1892&nbsp;acetyl-CoA&nbsp;acetyltransferase,60.1
743718.Isova_0589,nuoI,NADH-quinone&nbsp;oxidoreductase&nbsp;subunit&nbsp;I,60.0
743718.Isova_1330,pheS,"TIGRFAM:&nbsp;Phenylalanyl-tRNA&nbsp;synthetase,&nbsp;class&nbsp;IIc,&nbsp;alpha&nbsp;subunit",60.0
743718.Isova_1223,rpsO,30S&nbsp;ribosomal&nbsp;protein&nbsp;S15,59.9
743718.Isova_2246,glgB,"1,4-alpha-glucan&nbsp;branching&nbsp;enzyme&nbsp;GlgB",59.8
743718.Isova_0666,rpsQ,30S&nbsp;ribosomal&nbsp;protein&nbsp;S17,59.8
743718.Isova_1008,prfB,Peptide&nbsp;chain&nbsp;release&nbsp;factor&nbsp;2,59.7
743718.Isova_2996,rplI,50S&nbsp;ribosomal&nbsp;protein&nbsp;L9,59.5
743718.Isova_2631,pstB,Phosphate&nbsp;import&nbsp;ATP-binding&nbsp;protein&nbsp;PstB,59.5
743718.Isova_1685,Isova_1685,TIGRFAM:&nbsp;Succinate&nbsp;dehydrogenase/fumarate&nbsp;reductase&nbsp;iron-sulphur&nbsp;protein,59.3
743718.Isova_1163,Isova_1163,KEGG:&nbsp;ske:Sked_23970&nbsp;Fe3+-siderophore&nbsp;ABC&nbsp;transporter&nbsp;permease,59.3
743718.Isova_2657,Isova_2657,TIGRFAM:&nbsp;Hypoxanthine&nbsp;phosphoribosyl&nbsp;transferase,59.1
743718.Isova_2540,Isova_2540,Gluconokinase,59.1
743718.Isova_1731,Isova_1731,1-deoxy-D-xylulose-5-phosphate&nbsp;synthase,59.0
743718.Isova_2210,ligA,DNA&nbsp;ligase,58.9
743718.Isova_1465,Isova_1465,"TIGRFAM:&nbsp;Glutamate&nbsp;synthase,&nbsp;NADH/NADPH,&nbsp;small&nbsp;subunit&nbsp;1",58.8
743718.Isova_1380,Isova_1380,TIGRFAM:&nbsp;3-oxoacyl-(acyl-carrier-protein)&nbsp;reductase,58.7
743718.Isova_0517,Isova_0517,Pyruvate&nbsp;dehydrogenase&nbsp;(Acetyl-transferring),58.7
743718.Isova_2306,atpB,ATP&nbsp;synthase&nbsp;subunit&nbsp;a,58.7
743718.Isova_0450,Isova_0450,ATPase&nbsp;AAA-2&nbsp;domain&nbsp;protein,58.7
743718.Isova_0227,Isova_0227,Ribonuclease&nbsp;H,58.6
743718.Isova_0674,rpsE,30S&nbsp;ribosomal&nbsp;protein&nbsp;S5,58.6
743718.Isova_2224,Isova_2224,"PFAM:&nbsp;Tetrapyrrole&nbsp;biosynthesis,&nbsp;uroporphyrinogen&nbsp;III&nbsp;synthase",58.5
743718.Isova_1202,frr,Ribosome-recycling&nbsp;factor,58.3
743718.Isova_2743,Isova_2743,Glucanase,58.2
743718.Isova_0697,glmS,Glutamine--fructose-6-phosphate&nbsp;aminotransferase&nbsp;[isomerizing],58.2
743718.Isova_0416,Isova_0416,"PFAM:&nbsp;Bacterial&nbsp;extracellular&nbsp;solute-binding,&nbsp;family&nbsp;1",58.1
743718.Isova_0443,Isova_0443,KEGG:&nbsp;azc:AZC_0251&nbsp;phage&nbsp;SPO1&nbsp;DNA&nbsp;polymerase-related&nbsp;protein,58.1
743718.Isova_1824,Isova_1824,"PFAM:&nbsp;Cytochrome&nbsp;c,&nbsp;class&nbsp;I",57.9
743718.Isova_1239,Isova_1239,KEGG:&nbsp;xce:Xcel_1236&nbsp;CDP-diacylglycerol/glycerol-3-phosphate3-&nbsp;phosphatidyltransferase,57.9
743718.Isova_0066,metE,5-methyltetrahydropteroyltriglutamate--homocysteine&nbsp;methyltransferase,57.9
743718.Isova_0594,nuoN,NADH-quinone&nbsp;oxidoreductase&nbsp;subunit&nbsp;N,57.7
743718.Isova_2988,Isova_2988,"ABC-type&nbsp;transporter,&nbsp;integral&nbsp;membrane&nbsp;subunit",57.7
743718.Isova_2192,gatC,Aspartyl/glutamyl-tRNA(Asn/Gln)&nbsp;amidotransferase&nbsp;subunit&nbsp;C,57.6
743718.Isova_1652,Isova_1652,KEGG:&nbsp;xce:Xcel_1669&nbsp;preprotein&nbsp;translocase&nbsp;subunit&nbsp;YajC,57.6
743718.Isova_1726,Isova_1726,"ABC-type&nbsp;transporter,&nbsp;integral&nbsp;membrane&nbsp;subunit",57.5
743718.Isova_1721,Isova_1721,"ABC-type&nbsp;transporter,&nbsp;integral&nbsp;membrane&nbsp;subunit",57.5
743718.Isova_1389,Isova_1389,KEGG:&nbsp;xce:Xcel_1427&nbsp;ABC&nbsp;transporter-like&nbsp;protein,57.4
743718.Isova_1233,dapA,4-hydroxy-tetrahydrodipicolinate&nbsp;synthase,57.2
743718.Isova_2028,Isova_2028,Malto-oligosyltrehalose&nbsp;trehalohydrolase,57.0
743718.Isova_1792,Isova_1792,PFAM:&nbsp;GCN5-related&nbsp;N-acetyltransferase,56.9
743718.Isova_2806,Isova_2806,Beta-glucosidase,56.7
743718.Isova_0034,Isova_0034,Maltose&nbsp;alpha-D-glucosyltransferase,56.7
743718.Isova_0417,Isova_0417,"ABC-type&nbsp;transporter,&nbsp;integral&nbsp;membrane&nbsp;subunit",56.6
743718.Isova_1663,Isova_1663,PFAM:&nbsp;CDP-alcohol&nbsp;phosphatidyltransferase,56.6
743718.Isova_0186,Isova_0186,Phosphonate-transporting&nbsp;ATPase,56.1
743718.Isova_2856,Isova_2856,PFAM:&nbsp;Ppx/GppA&nbsp;phosphatase,56.0
743718.Isova_2533,Isova_2533,"PFAM:&nbsp;Peptidase&nbsp;S45,&nbsp;penicillin&nbsp;amidase",55.9
743718.Isova_2229,Isova_2229,Nitrite&nbsp;reductase&nbsp;(NAD(P)H),55.9
743718.Isova_1470,polA,DNA&nbsp;polymerase&nbsp;I,55.8
743718.Isova_2809,Isova_2809,"PFAM:&nbsp;Bacterial&nbsp;extracellular&nbsp;solute-binding,&nbsp;family&nbsp;1",55.6
743718.Isova_1965,Isova_1965,"ABC-type&nbsp;transporter,&nbsp;integral&nbsp;membrane&nbsp;subunit",55.5
743718.Isova_0055,gcvP,Glycine&nbsp;dehydrogenase&nbsp;(decarboxylating),55.5
743718.Isova_0587,Isova_0587,"TIGRFAM:&nbsp;NADH:ubiquinone&nbsp;oxidoreductase,&nbsp;subunit&nbsp;G",55.5
743718.Isova_1765,Isova_1765,IMP&nbsp;dehydrogenase&nbsp;family&nbsp;protein,55.4
743718.Isova_0928,Isova_0928,"ABC-type&nbsp;transporter,&nbsp;integral&nbsp;membrane&nbsp;subunit",55.4
743718.Isova_0056,gcvT,Aminomethyltransferase,55.3
743718.Isova_2199,Isova_2199,"ABC-type&nbsp;transporter,&nbsp;integral&nbsp;membrane&nbsp;subunit",55.2
743718.Isova_2786,grpE,Protein&nbsp;GrpE,55.1
743718.Isova_2168,Isova_2168,KEGG:&nbsp;mil:ML5_5774&nbsp;myo-inositol-1-phosphate&nbsp;synthase,55.1
743718.Isova_1720,Isova_1720,PFAM:&nbsp;Periplasmic&nbsp;binding&nbsp;protein/LacI&nbsp;transcriptional&nbsp;regulator,55.1
743718.Isova_1631,rpsD,30S&nbsp;ribosomal&nbsp;protein&nbsp;S4,55.0
743718.Isova_2002,Isova_2002,Leucine--tRNA&nbsp;ligase,55.0
743718.Isova_1815,Isova_1815,KEGG:&nbsp;xce:Xcel_2000&nbsp;phospholipid/glycerol&nbsp;acyltransferase,54.9
743718.Isova_1849,pepA,Probable&nbsp;cytosol&nbsp;aminopeptidase,54.7
743718.Isova_2736,Isova_2736,"TIGRFAM:&nbsp;DNA&nbsp;polymerase&nbsp;III,&nbsp;subunit&nbsp;gamma/&nbsp;tau",54.6
743718.Isova_0427,Isova_0427,KEGG:&nbsp;xce:Xcel_0355&nbsp;DNA&nbsp;polymerase&nbsp;III&nbsp;subunit&nbsp;delta',54.6
743718.Isova_0699,acpS,Holo-[acyl-carrier-protein]&nbsp;synthase,54.6
743718.Isova_2060,nadD,Probable&nbsp;nicotinate-nucleotide&nbsp;adenylyltransferase,54.3
743718.Isova_0583,nuoC,NADH-quinone&nbsp;oxidoreductase&nbsp;subunit&nbsp;C,54.2
743718.Isova_1385,Isova_1385,TIGRFAM:&nbsp;Phosphoserine&nbsp;phosphatase&nbsp;SerB,54.2
743718.Isova_3010,Isova_3010,TIGRFAM:&nbsp;Thioredoxin&nbsp;reductase,54.1
743718.Isova_1331,pheT,"TIGRFAM:&nbsp;Phenylalanyl-tRNA&nbsp;synthetase,&nbsp;class&nbsp;IIc,&nbsp;beta&nbsp;subunit,&nbsp;bacterial",54.0
743718.Isova_1044,Isova_1044,10&nbsp;kDa&nbsp;chaperonin,54.0
743718.Isova_2237,Isova_2237,PFAM:&nbsp;UBA/THIF-type&nbsp;NAD/FAD&nbsp;binding&nbsp;fold,54.0
743718.Isova_0308,Isova_0308,"TIGRFAM:&nbsp;Fructose-bisphosphate&nbsp;aldolase,&nbsp;class&nbsp;II,&nbsp;yeast/E.&nbsp;coli&nbsp;subtype",53.7
743718.Isova_2190,gatB,Aspartyl/glutamyl-tRNA(Asn/Gln)&nbsp;amidotransferase&nbsp;subunit&nbsp;B,53.6
743718.Isova_0320,purQ,Phosphoribosylformylglycinamidine&nbsp;synthase&nbsp;subunit&nbsp;PurQ,53.4
743718.Isova_0664,rplP,50S&nbsp;ribosomal&nbsp;protein&nbsp;L16,53.3
743718.Isova_0736,Isova_0736,KEGG:&nbsp;xce:Xcel_1459&nbsp;UBA/ThiF-type&nbsp;NAD/FAD&nbsp;binding&nbsp;protein,53.2
743718.Isova_2090,Isova_2090,KEGG:&nbsp;xce:Xcel_2276&nbsp;hypothetical&nbsp;protein,53.1
743718.Isova_2287,Isova_2287,Beta-glucosidase,53.0
743718.Isova_2544,Isova_2544,Taurine-transporting&nbsp;ATPase,53.0
743718.Isova_0140,Isova_0140,Monosaccharide-transporting&nbsp;ATPase,52.9
743718.Isova_1360,pyrG,CTP&nbsp;synthase,52.8
743718.Isova_1727,Isova_1727,"ABC-type&nbsp;transporter,&nbsp;integral&nbsp;membrane&nbsp;subunit",52.8
743718.Isova_0119,Isova_0119,"PFAM:&nbsp;Bacterial&nbsp;extracellular&nbsp;solute-binding,&nbsp;family&nbsp;1",52.8
743718.Isova_0728,ackA,Acetate&nbsp;kinase,52.7
743718.Isova_2663,Isova_2663,TIGRFAM:&nbsp;O-acetylhomoserine/O-acetylserine&nbsp;sulfhydrylase,52.5
743718.Isova_2654,Isova_2654,Dihydropteroate&nbsp;synthase,52.4
743718.Isova_1055,Isova_1055,Single-stranded&nbsp;DNA-binding&nbsp;protein,52.4
743718.Isova_0070,Isova_0070,KEGG:&nbsp;xce:Xcel_0053&nbsp;phospholipid/glycerol&nbsp;acyltransferase,52.3
743718.Isova_2557,Isova_2557,KEGG:&nbsp;xce:Xcel_2827&nbsp;xylose&nbsp;isomerase,52.2
743718.Isova_0976,Isova_0976,"PFAM:&nbsp;Alpha-D-phosphohexomutase,&nbsp;alpha/beta/alpha&nbsp;domain&nbsp;I",52.2
743718.Isova_2449,Isova_2449,Glutamate&nbsp;dehydrogenase,52.0
743718.Isova_0219,Isova_0219,"KEGG:&nbsp;ske:Sked_03390&nbsp;NADH&nbsp;dehydrogenase,&nbsp;FAD-containing&nbsp;subunit",51.8
743718.Isova_2302,atpA,ATP&nbsp;synthase&nbsp;subunit&nbsp;alpha,51.6
743718.Isova_0906,xseB,Exodeoxyribonuclease&nbsp;7&nbsp;small&nbsp;subunit,51.6
743718.Isova_2713,Isova_2713,"PFAM:&nbsp;Glutamine&nbsp;amidotransferase&nbsp;class-I,&nbsp;C-terminal",51.6
743718.Isova_2371,Isova_2371,"SMART:&nbsp;ATPase,&nbsp;AAA+&nbsp;type,&nbsp;core",51.5
743718.Isova_0764,purN,Phosphoribosylglycinamide&nbsp;formyltransferase,51.4
743718.Isova_2236,Isova_2236,PFAM:&nbsp;ThiamineS,51.4
743718.Isova_2443,Isova_2443,Beta-galactosidase,51.3
743718.Isova_1497,ctaB,Protoheme&nbsp;IX&nbsp;farnesyltransferase,51.3
743718.Isova_2379,Isova_2379,PFAM:&nbsp;Inositol&nbsp;monophosphatase,51.2
743718.Isova_0581,nuoA,NADH-quinone&nbsp;oxidoreductase&nbsp;subunit&nbsp;A,51.2
743718.Isova_1964,Isova_1964,"ABC-type&nbsp;transporter,&nbsp;integral&nbsp;membrane&nbsp;subunit",51.1
743718.Isova_3013,Isova_3013,D-alanine--D-alanine&nbsp;ligase,51.0
743718.Isova_0326,metZ,O-succinylhomoserine&nbsp;sulfhydrylase,51.0
