1296990.H845_1475,H845_1475,D-sorbitol&nbsp;dehydrogenase&nbsp;subunit&nbsp;SldA,98.9
1296990.H845_1107,H845_1107,NADH-ubiquinone/plastoquinone&nbsp;oxidoreductase&nbsp;chain&nbsp;6,98.3
1296990.H845_2864,rpsI,30S&nbsp;ribosomal&nbsp;protein&nbsp;S9,98.3
1296990.H845_1810,H845_1810,Ribonucleoside-diphosphate&nbsp;reductase&nbsp;subunit&nbsp;beta,98.3
1296990.H845_2936,H845_2936,Fumarate&nbsp;hydratase&nbsp;class&nbsp;I,98.2
1296990.H845_555,H845_555,NADH&nbsp;dehydrogenase&nbsp;(Ubiquinone),98.0
1296990.H845_1806,pyrE,Orotate&nbsp;phosphoribosyltransferase,97.8
1296990.H845_2287,clpS,ATP-dependent&nbsp;Clp&nbsp;protease&nbsp;adapter&nbsp;protein&nbsp;ClpS,97.7
1296990.H845_2116,H845_2116,Gluconokinase,97.7
1296990.H845_2669,H845_2669,D-amino&nbsp;acid&nbsp;dehydrogenase,97.4
1296990.H845_3125,trpA,Tryptophan&nbsp;synthase&nbsp;alpha&nbsp;chain,97.4
1296990.H845_2361,H845_2361,Putative&nbsp;amidase,97.2
1296990.H845_399,ftsY,Signal&nbsp;recognition&nbsp;particle&nbsp;receptor&nbsp;FtsY,97.1
1296990.H845_2079,fabH,3-oxoacyl-[acyl-carrier-protein]&nbsp;synthase&nbsp;3,97.1
1296990.H845_792,H845_792,Transaldolase,97.1
1296990.H845_3547,H845_3547,Putative&nbsp;aldo-keto&nbsp;reductase,97.0
1296990.H845_2370,H845_2370,6-phosphogluconate&nbsp;dehydrogenase-like&nbsp;protein,97.0
1296990.H845_2531,hisG,ATP&nbsp;phosphoribosyltransferase,96.9
1296990.H845_3001,H845_3001,Dihydrolipoyl&nbsp;dehydrogenase,96.9
1296990.H845_1356,H845_1356,Oligopeptide&nbsp;transporter&nbsp;permease&nbsp;protein&nbsp;OppB,96.7
1296990.H845_795,H845_795,Short&nbsp;chain&nbsp;dehydrogenase,96.6
1296990.H845_484,rpsD,30S&nbsp;ribosomal&nbsp;protein&nbsp;S4,96.6
1296990.H845_2242,rplA,50S&nbsp;ribosomal&nbsp;protein&nbsp;L1,96.4
1296990.H845_2658,H845_2658,1-deoxy-D-xylulose-5-phosphate&nbsp;synthase,95.9
1296990.H845_524,H845_524,Phosphatidate&nbsp;cytidylyltransferase,95.7
1296990.H845_872,glmS,Glutamine--fructose-6-phosphate&nbsp;aminotransferase&nbsp;[isomerizing],95.4
1296990.H845_2233,rplC,50S&nbsp;ribosomal&nbsp;protein&nbsp;L3,95.3
1296990.H845_1984,ftsA,Cell&nbsp;division&nbsp;protein&nbsp;FtsA,95.2
1296990.H845_3126,accD,Acetyl-coenzyme&nbsp;A&nbsp;carboxylase&nbsp;carboxyl&nbsp;transferase&nbsp;subunit&nbsp;beta,94.9
1296990.H845_2037,nuoI,NADH-quinone&nbsp;oxidoreductase&nbsp;subunit&nbsp;I,94.8
1296990.H845_1778,H845_1778,1-deoxy-D-xylulose-5-phosphate&nbsp;synthase,94.8
1296990.H845_1887,purS,Phosphoribosylformylglycinamidine&nbsp;synthase&nbsp;subunit&nbsp;PurS,94.7
1296990.H845_804,H845_804,Branched-chain&nbsp;alpha-keto&nbsp;acid&nbsp;dehydrogenase&nbsp;subunit&nbsp;E2,94.6
1296990.H845_2092,leuC,3-isopropylmalate&nbsp;dehydratase&nbsp;large&nbsp;subunit,94.6
1296990.H845_2062,H845_2062,FeS&nbsp;assembly&nbsp;protein&nbsp;SufD,94.6
1296990.H845_1389,H845_1389,Glutathione&nbsp;S-transferase,94.6
1296990.H845_1156,H845_1156,Uncharacterized&nbsp;protein,94.4
1296990.H845_1245,H845_1245,NADH&nbsp;dehydrogenase,94.4
1296990.H845_143,H845_143,Cytosine-specific&nbsp;methyltransferase,94.3
1296990.H845_1564,H845_1564,Cytochrome&nbsp;bd&nbsp;ubiquinol&nbsp;oxidase&nbsp;subunit&nbsp;I,94.2
1296990.H845_309,H845_309,Phosphate-binding&nbsp;protein&nbsp;PstS,94.1
1296990.H845_3133,H845_3133,annotation&nbsp;not&nbsp;available,94.1
1296990.H845_2908,H845_2908,Transaldolase,94.0
1296990.H845_2168,rpsF,30S&nbsp;ribosomal&nbsp;protein&nbsp;S6,94.0
1296990.H845_343,H845_343,annotation&nbsp;not&nbsp;available,93.9
1296990.H845_1907,trpE,Anthranilate&nbsp;synthase&nbsp;component&nbsp;1,93.9
1296990.H845_2352,H845_2352,Cellulose&nbsp;synthase&nbsp;2,93.8
1296990.H845_1249,H845_1249,Lipoprotein,93.7
1296990.H845_659,rpmE,50S&nbsp;ribosomal&nbsp;protein&nbsp;L31,93.7
1296990.H845_1817,H845_1817,Exodeoxyribonuclease&nbsp;III&nbsp;Xth,93.4
1296990.H845_1812,H845_1812,Molybdopterin&nbsp;biosynthesis&nbsp;MoaE&nbsp;protein,93.4
1296990.H845_1126,H845_1126,"PQQ-dependent&nbsp;dehydrogenase,&nbsp;methanol/ethanol&nbsp;family",93.4
1296990.H845_71,H845_71,Histidine&nbsp;ammonia-lyase,93.4
1296990.H845_1005,H845_1005,"Cytochrome&nbsp;c&nbsp;oxidase,&nbsp;subunit&nbsp;I",93.2
1296990.H845_607,H845_607,Ubiquinol&nbsp;oxidase&nbsp;subunit&nbsp;2,93.2
1296990.H845_2407,H845_2407,Short-chain&nbsp;dehydrogenase/reductase&nbsp;SDR,93.1
1296990.H845_934,H845_934,Putative&nbsp;conjugal&nbsp;transfer&nbsp;protein&nbsp;traG,93.0
1296990.H845_2034,H845_2034,"Proton-translocating&nbsp;NADH-quinone&nbsp;oxidoreductase,&nbsp;chain&nbsp;L",92.6
1296990.H845_1225,H845_1225,Alkaline&nbsp;phosphatase&nbsp;synthesis&nbsp;sensor&nbsp;protein&nbsp;phoR,92.6
1296990.H845_451,H845_451,Cellulose&nbsp;synthase&nbsp;catalytic&nbsp;subunit,92.6
1296990.H845_53,H845_53,ATP-dependent&nbsp;RecD-like&nbsp;DNA&nbsp;helicase,92.3
1296990.H845_2085,rpsU,annotation&nbsp;not&nbsp;available,92.1
1296990.H845_1239,H845_1239,Glycerol-3-phosphate&nbsp;dehydrogenase,92.0
1296990.H845_1699,H845_1699,8-amino-7-oxononanoate&nbsp;synthase,91.9
1296990.H845_2028,lolD,Lipoprotein-releasing&nbsp;system&nbsp;ATP-binding&nbsp;protein&nbsp;LolD,91.9
1296990.H845_2044,H845_2044,NADH-quinone&nbsp;oxidoreductase&nbsp;subunit&nbsp;B,91.7
1296990.H845_387,H845_387,Glycine&nbsp;cleavage&nbsp;system&nbsp;T&nbsp;protein,91.7
1296990.H845_629,ppk,Polyphosphate&nbsp;kinase,91.6
1296990.H845_579,gpsA,Glycerol-3-phosphate&nbsp;dehydrogenase&nbsp;[NAD(P)+],91.4
1296990.H845_2131,cheB,Chemotaxis&nbsp;response&nbsp;regulator&nbsp;protein-glutamate&nbsp;methylesterase,91.4
1296990.H845_2200,H845_2200,Acriflavin&nbsp;resistance&nbsp;protein,91.3
1296990.H845_2494,H845_2494,Cysteine&nbsp;synthase,91.3
1296990.H845_8,H845_8,ABC&nbsp;transporter&nbsp;related&nbsp;protein,91.3
1296990.H845_645,H845_645,Isocitrate&nbsp;dehydrogenase&nbsp;(NAD(+)),91.2
1296990.H845_2902,H845_2902,Ribose-5-phosphate&nbsp;isomerase&nbsp;A,91.0
1296990.H845_2234,rpsJ,30S&nbsp;ribosomal&nbsp;protein&nbsp;S10,91.0
1296990.H845_591,H845_591,Cytochrome&nbsp;c1,90.9
1296990.H845_1618,H845_1618,Putative&nbsp;adenosylmethionine-8-amino-7-oxononanoate&nbsp;aminotransferase,90.8
1296990.H845_1973,H845_1973,Peptidoglycan&nbsp;glycosyltransferase,90.6
1296990.H845_2096,rpsP,30S&nbsp;ribosomal&nbsp;protein&nbsp;S16,90.6
1296990.H845_3074,pyrF,Orotidine&nbsp;5'-phosphate&nbsp;decarboxylase,90.2
1296990.H845_2135,H845_2135,Putative&nbsp;chemotaxis&nbsp;protein&nbsp;methyltransferase,90.2
1296990.H845_1396,H845_1396,annotation&nbsp;not&nbsp;available,90.1
1296990.H845_1427,H845_1427,Aminotransferase,90.1
1296990.H845_1616,H845_1616,Short-chain&nbsp;dehydrogenase/reductase&nbsp;SDR,90.0
1296990.H845_3033,H845_3033,Aldo/keto&nbsp;reductase,90.0
1296990.H845_3011,H845_3011,Putative&nbsp;Succinate&nbsp;dehydrogenase&nbsp;cytochrome&nbsp;b556&nbsp;subunit,89.9
1296990.H845_1904,trpD,Anthranilate&nbsp;phosphoribosyltransferase,89.7
1296990.H845_1762,H845_1762,Phosphate-binding&nbsp;protein&nbsp;PstS,89.6
1296990.H845_1903,trpC,Indole-3-glycerol&nbsp;phosphate&nbsp;synthase,89.6
1296990.H845_1884,purL,Phosphoribosylformylglycinamidine&nbsp;synthase&nbsp;subunit&nbsp;PurL,89.6
1296990.H845_1826,H845_1826,DNA-directed&nbsp;DNA&nbsp;polymerase,89.5
1296990.H845_787,H845_787,annotation&nbsp;not&nbsp;available,89.4
1296990.H845_2132,H845_2132,CheA&nbsp;signal&nbsp;transduction&nbsp;histidine&nbsp;kinase,89.3
1296990.H845_1775,H845_1775,annotation&nbsp;not&nbsp;available,89.0
1296990.H845_2241,rplJ,50S&nbsp;ribosomal&nbsp;protein&nbsp;L10,88.6
1296990.H845_2045,H845_2045,NADH-quinone&nbsp;oxidoreductase&nbsp;subunit&nbsp;A,88.5
1296990.H845_74,H845_74,"Amidase,&nbsp;hydantoinase/carbamoylase&nbsp;family",88.4
1296990.H845_1160,H845_1160,Beta&nbsp;alanine--pyruvate&nbsp;transaminase,88.3
1296990.H845_1248,metN,Methionine&nbsp;import&nbsp;ATP-binding&nbsp;protein&nbsp;MetN,88.3
1296990.H845_2166,rplI,50S&nbsp;ribosomal&nbsp;protein&nbsp;L9,88.1
1296990.H845_2226,rplP,50S&nbsp;ribosomal&nbsp;protein&nbsp;L16,88.0
1296990.H845_2938,thyX,Flavin-dependent&nbsp;thymidylate&nbsp;synthase,87.9
1296990.H845_2648,H845_2648,Histidine&nbsp;kinase,87.9
1296990.H845_2036,H845_2036,NADH-ubiquinone/plastoquinone&nbsp;oxidoreductase&nbsp;chain&nbsp;6,87.9
1296990.H845_2264,ccmC,Heme&nbsp;exporter&nbsp;protein&nbsp;C,87.7
1296990.H845_1858,H845_1858,Thiosulfate&nbsp;sulfurtransferase,87.7
1296990.H845_2115,H845_2115,Cobalamin&nbsp;adenosyltransferase&nbsp;family&nbsp;protein,87.6
1296990.H845_339,H845_339,annotation&nbsp;not&nbsp;available,87.6
1296990.H845_2647,H845_2647,Cysteine&nbsp;synthase&nbsp;A,87.3
1296990.H845_1583,H845_1583,Cytoplasmic,87.3
1296990.H845_12,H845_12,Putative&nbsp;N-carbamoyl-L-amino&nbsp;acid&nbsp;amidohydrolase,86.8
1296990.H845_2386,H845_2386,Extracellular&nbsp;solute-binding&nbsp;protein&nbsp;family&nbsp;3,86.7
1296990.H845_340,H845_340,Cysteine&nbsp;desulfurase&nbsp;IscS,86.4
1296990.H845_364,leuA,2-isopropylmalate&nbsp;synthase,86.4
1296990.H845_1787,H845_1787,S-(hydroxymethyl)glutathione&nbsp;dehydrogenase,86.3
1296990.H845_1569,H845_1569,Glutathione&nbsp;S-transferase,86.1
1296990.H845_2060,H845_2060,annotation&nbsp;not&nbsp;available,86.1
1296990.H845_2429,H845_2429,Putative&nbsp;conjugal&nbsp;transfer&nbsp;protein&nbsp;traG,86.0
1296990.H845_726,H845_726,Putative&nbsp;multidrug&nbsp;resistance&nbsp;protein&nbsp;mdtA,86.0
1296990.H845_1399,H845_1399,annotation&nbsp;not&nbsp;available,85.8
1296990.H845_2199,H845_2199,"Efflux&nbsp;transporter,&nbsp;RND&nbsp;family,&nbsp;MFP&nbsp;subunit",85.7
1296990.H845_2963,xseA,Exodeoxyribonuclease&nbsp;7&nbsp;large&nbsp;subunit,85.6
1296990.H845_1701,bioD,ATP-dependent&nbsp;dethiobiotin&nbsp;synthetase&nbsp;BioD,85.5
1296990.H845_2041,H845_2041,"NADH-quinone&nbsp;oxidoreductase,&nbsp;E&nbsp;subunit",85.5
1296990.H845_1408,H845_1408,annotation&nbsp;not&nbsp;available,85.5
1296990.H845_2167,rpsR,30S&nbsp;ribosomal&nbsp;protein&nbsp;S18,85.2
1296990.H845_2128,H845_2128,ATP-dependent&nbsp;protease&nbsp;subunit&nbsp;HslV,85.2
1296990.H845_1565,H845_1565,Cytochrome&nbsp;bd&nbsp;ubiquinol&nbsp;oxidase&nbsp;subunit&nbsp;II,85.2
1296990.H845_3062,apt,Adenine&nbsp;phosphoribosyltransferase,84.9
1296990.H845_2890,rpmJ,annotation&nbsp;not&nbsp;available,84.9
1296990.H845_718,H845_718,annotation&nbsp;not&nbsp;available,84.7
1296990.H845_1172,H845_1172,Methylamine&nbsp;dehydrogenase&nbsp;light&nbsp;chain&nbsp;(MADH),84.6
1296990.H845_603,H845_603,annotation&nbsp;not&nbsp;available,84.6
1296990.H845_1987,bamD,Outer&nbsp;membrane&nbsp;protein&nbsp;assembly&nbsp;factor&nbsp;BamD,84.6
1296990.H845_3053,H845_3053,Heme&nbsp;exporter&nbsp;protein&nbsp;B,84.5
1296990.H845_1113,H845_1113,annotation&nbsp;not&nbsp;available,84.5
1296990.H845_2038,H845_2038,NADH-quinone&nbsp;oxidoreductase&nbsp;subunit&nbsp;H,84.4
1296990.H845_1155,H845_1155,Uncharacterized&nbsp;protein,84.0
1296990.H845_1874,H845_1874,3-mercaptopyruvate&nbsp;sulfurtransferase,83.9
1296990.H845_1671,H845_1671,"Cobalt&nbsp;chelatase,&nbsp;pCobS&nbsp;small&nbsp;subunit",83.7
1296990.H845_2160,H845_2160,Permease&nbsp;YjgP/YjgQ&nbsp;family&nbsp;protein,83.7
1296990.H845_24,H845_24,Transport-associated&nbsp;OB&nbsp;domain&nbsp;protein,83.7
1296990.H845_2243,rplK,50S&nbsp;ribosomal&nbsp;protein&nbsp;L11,83.7
1296990.H845_3684,H845_3684,Phosphoesterase,83.5
1296990.H845_1103,H845_1103,"Proton-translocating&nbsp;NADH-quinone&nbsp;oxidoreductase,&nbsp;chain&nbsp;M",83.5
1296990.H845_2219,rpsH,30S&nbsp;ribosomal&nbsp;protein&nbsp;S8,83.4
1296990.H845_2383,H845_2383,"Glutamate/glutamine/aspartate/asparagine&nbsp;ABC&nbsp;transporter,&nbsp;ATP-binding&nbsp;protein",82.8
1296990.H845_2236,rpsG,30S&nbsp;ribosomal&nbsp;protein&nbsp;S7,82.7
1296990.H845_1355,H845_1355,ATP-binding&nbsp;protein&nbsp;of&nbsp;oligopeptide&nbsp;ABC&nbsp;transporter,82.7
1296990.H845_1632,gatB,Aspartyl/glutamyl-tRNA(Asn/Gln)&nbsp;amidotransferase&nbsp;subunit&nbsp;B,82.7
1296990.H845_1112,H845_1112,NADH&nbsp;dehydrogenase&nbsp;(Quinone),82.6
1296990.H845_114,H845_114,Alkanesulfonates-binding&nbsp;protein,82.6
1296990.H845_1273,H845_1273,D-Lactate&nbsp;dehydrogenase,82.5
1296990.H845_3002,H845_3002,Dihydrolipoyllysine-residue&nbsp;succinyltransferase&nbsp;component&nbsp;of&nbsp;2-oxoglutarate&nbsp;dehydrogenase&nbsp;complex,82.4
1296990.H845_2103,H845_2103,Binding-protein-dependent&nbsp;transport&nbsp;systems&nbsp;inner&nbsp;membrane&nbsp;component,82.4
1296990.H845_1426,H845_1426,ABC&nbsp;transporter&nbsp;related&nbsp;protein,82.3
1296990.H845_2027,H845_2027,DNA-directed&nbsp;DNA&nbsp;polymerase,82.3
1296990.H845_549,H845_549,ABC&nbsp;transporter&nbsp;ATP-binding&nbsp;protein,82.2
1296990.H845_1280,H845_1280,Catalase,82.0
1296990.H845_1470,H845_1470,Molybdopterin&nbsp;biosynthesis&nbsp;protein&nbsp;MoeA,82.0
1296990.H845_3483,H845_3483,S-formylglutathione&nbsp;hydrolase,81.8
1296990.H845_907,H845_907,3-oxoacyl-[acyl-carrier-protein]&nbsp;synthase&nbsp;2,81.7
1296990.H845_2156,H845_2156,"3'(2'),5'-bisphosphate&nbsp;nucleotidase",81.7
1296990.H845_2621,H845_2621,Putative&nbsp;ABC&nbsp;transporter&nbsp;ATP-binding&nbsp;protein,81.6
1296990.H845_1254,H845_1254,NADH&nbsp;dehydrogenase,81.4
1296990.H845_521,pyrH,Uridylate&nbsp;kinase,81.3
1296990.H845_2555,H845_2555,Ethanolamine&nbsp;ammonia-lyase&nbsp;light&nbsp;chain,81.2
1296990.H845_2476,hisH,Imidazole&nbsp;glycerol&nbsp;phosphate&nbsp;synthase&nbsp;subunit&nbsp;HisH,81.2
1296990.H845_3195,H845_3195,NMT1/THI5&nbsp;like&nbsp;domain&nbsp;protein,81.1
1296990.H845_953,H845_953,Putative&nbsp;glutathione&nbsp;S-transferase,81.0
1296990.H845_515,rpoZ,DNA-directed&nbsp;RNA&nbsp;polymerase&nbsp;subunit&nbsp;omega,80.9
1296990.H845_2913,H845_2913,Histidinol-phosphate&nbsp;aminotransferase,80.8
1296990.H845_2035,H845_2035,NADH-quinone&nbsp;oxidoreductase&nbsp;subunit&nbsp;K,80.8
1296990.H845_2224,rpsQ,30S&nbsp;ribosomal&nbsp;protein&nbsp;S17,80.7
1296990.H845_1425,H845_1425,ABC&nbsp;transporter&nbsp;ferrichrome&nbsp;transporter&nbsp;permease&nbsp;protein,80.1
1296990.H845_2654,H845_2654,Phage&nbsp;SPO1&nbsp;DNA&nbsp;polymerase-related&nbsp;protein,79.9
1296990.H845_3202,H845_3202,ABC&nbsp;transporter&nbsp;permease&nbsp;protein,79.7
1296990.H845_638,H845_638,Putative&nbsp;glutamyl-tRNA(Gln)&nbsp;amidotransferase&nbsp;subunit&nbsp;A,79.6
1296990.H845_2613,secA,Protein&nbsp;translocase&nbsp;subunit&nbsp;SecA,79.6
1296990.H845_1424,H845_1424,annotation&nbsp;not&nbsp;available,79.4
1296990.H845_2486,H845_2486,"Dihydroorotase,&nbsp;multinoteal&nbsp;complex&nbsp;type",79.4
1296990.H845_2101,H845_2101,Phosphate&nbsp;transport&nbsp;system&nbsp;permease&nbsp;protein,79.0
1296990.H845_1177,H845_1177,Putative&nbsp;oxidoreductase,78.7
1296990.H845_2668,H845_2668,Ferredoxin--NADP&nbsp;reductase,78.6
1296990.H845_631,H845_631,Phenylhydantoinase,78.5
1296990.H845_2023,H845_2023,DEAD/DEAH&nbsp;box&nbsp;helicase&nbsp;domain&nbsp;protein,78.5
1296990.H845_2231,rplW,50S&nbsp;ribosomal&nbsp;protein&nbsp;L23,78.4
1296990.H845_2064,H845_2064,Cysteine&nbsp;desulfurase&nbsp;activator&nbsp;complex&nbsp;subunit&nbsp;SufB,78.1
1296990.H845_2503,H845_2503,Riboflavin&nbsp;biosynthesis&nbsp;protein,78.1
1296990.H845_2637,H845_2637,Quinone-dependent&nbsp;D-lactate&nbsp;dehydrogenase,78.1
1296990.H845_1164,H845_1164,Amine&nbsp;dehydrogenase,77.9
1296990.H845_2227,rpsC,30S&nbsp;ribosomal&nbsp;protein&nbsp;S3,77.9
1296990.H845_1751,H845_1751,Carboxymethylenebutenolidase,77.7
1296990.H845_2377,H845_2377,Shikimate&nbsp;dehydrogenase,77.7
1296990.H845_2371,H845_2371,Binoteal&nbsp;transaldolase/phosoglucose&nbsp;isomerase,77.6
1296990.H845_1111,H845_1111,NADH-quinone&nbsp;oxidoreductase,77.6
1296990.H845_418,H845_418,Glutathione&nbsp;S-transferase,77.5
1296990.H845_3003,H845_3003,"2-oxoglutarate&nbsp;dehydrogenase,&nbsp;E1&nbsp;subunit",77.3
1296990.H845_1813,moaD,Molybdopterin&nbsp;synthase&nbsp;sulfur&nbsp;carrier&nbsp;subunit,77.2
1296990.H845_905,H845_905,3-oxoacyl-[acyl-carrier-protein]&nbsp;reductase,77.1
1296990.H845_1157,H845_1157,Aldehyde&nbsp;dehydrogenase,77.0
1296990.H845_3509,H845_3509,Putative&nbsp;oxidoreductase,76.7
1296990.H845_915,H845_915,Putative&nbsp;permease,76.6
1296990.H845_1608,H845_1608,Bifunctional&nbsp;protein&nbsp;PutA,76.6
1296990.H845_25,H845_25,"Putative&nbsp;extracellular&nbsp;solute-binding&nbsp;protein,&nbsp;PotD/PotF&nbsp;family",76.6
1296990.H845_3060,H845_3060,Acetyl-CoA&nbsp;carboxylase&nbsp;biotin&nbsp;carboxylase&nbsp;subunit,76.6
1296990.H845_1731,H845_1731,Enoyl-[acyl-carrier-protein]&nbsp;reductase&nbsp;[NADH],76.5
1296990.H845_2532,H845_2532,Histidinol&nbsp;dehydrogenase,76.0
1296990.H845_2556,H845_2556,Ethanolamine&nbsp;ammonia-lyase&nbsp;large&nbsp;subunit,75.9
1296990.H845_3372,H845_3372,Malate&nbsp;dehydrogenase&nbsp;(Oxaloacetate-decarboxylating)&nbsp;(NADP(+)),75.9
1296990.H845_3041,nusA,Transcription&nbsp;termination/antitermination&nbsp;protein&nbsp;NusA,75.9
1296990.H845_1104,H845_1104,"Proton-translocating&nbsp;NADH-quinone&nbsp;oxidoreductase,&nbsp;chain&nbsp;M",75.7
1296990.H845_1720,H845_1720,DEAD/DEAH&nbsp;box&nbsp;helicase&nbsp;domain&nbsp;protein,75.4
1296990.H845_788,H845_788,"Dihydroxyacetone&nbsp;kinase,&nbsp;subunit&nbsp;L",75.2
1296990.H845_392,H845_392,ABC&nbsp;transporter&nbsp;related&nbsp;protein,75.1
1296990.H845_2238,rpoC,DNA-directed&nbsp;RNA&nbsp;polymerase&nbsp;subunit&nbsp;beta',74.9
1296990.H845_2223,rplN,50S&nbsp;ribosomal&nbsp;protein&nbsp;L14,74.9
1296990.H845_3047,rpsO,30S&nbsp;ribosomal&nbsp;protein&nbsp;S15,74.7
1296990.H845_1242,H845_1242,Fructose-bisphosphate&nbsp;aldolase,74.7
1296990.H845_2276,cmk,Cytidylate&nbsp;kinase,74.7
1296990.H845_1704,rpmG,50S&nbsp;ribosomal&nbsp;protein&nbsp;L33,74.6
1296990.H845_2400,H845_2400,Glutathione&nbsp;S-transferase&nbsp;domain&nbsp;protein,74.5
1296990.H845_2043,H845_2043,NADH-quinone&nbsp;oxidoreductase&nbsp;subunit&nbsp;C,74.5
1296990.H845_1766,rpmI,50S&nbsp;ribosomal&nbsp;protein&nbsp;L35,74.3
1296990.H845_2078,himA,Integration&nbsp;host&nbsp;factor&nbsp;subunit&nbsp;alpha,74.3
1296990.H845_1711,H845_1711,Quinoprotein&nbsp;glucose&nbsp;dehydrogenase,74.3
1296990.H845_1261,H845_1261,Bacterioferritin,74.3
1296990.H845_2235,tuf,Elongation&nbsp;factor&nbsp;Tu,74.3
1296990.H845_2133,H845_2133,Methyl-accepting&nbsp;chemotaxis&nbsp;sensory&nbsp;transducer,74.2
1296990.H845_1175,H845_1175,Methylamine&nbsp;dehydrogenase&nbsp;heavy&nbsp;chain,74.2
1296990.H845_2302,H845_2302,"Cob(I)yrinic&nbsp;acid&nbsp;a,c-diamide&nbsp;adenosyltransferase",74.1
1296990.H845_898,sucC,Succinate--CoA&nbsp;ligase&nbsp;[ADP-forming]&nbsp;subunit&nbsp;beta,74.1
1296990.H845_2208,rplQ,50S&nbsp;ribosomal&nbsp;protein&nbsp;L17,74.1
1296990.H845_1955,H845_1955,Uracil-DNA&nbsp;glycosylase&nbsp;superfamily&nbsp;protein,74.1
1296990.H845_190,H845_190,annotation&nbsp;not&nbsp;available,74.0
1296990.H845_2029,H845_2029,"Lipoprotein&nbsp;releasing&nbsp;system,&nbsp;transmembrane&nbsp;protein,&nbsp;LolC/E&nbsp;family",74.0
1296990.H845_1703,H845_1703,Putative&nbsp;molybdopterin&nbsp;biosynthesis&nbsp;protein&nbsp;moeA,74.0
1296990.H845_3510,H845_3510,"Xanthine&nbsp;dehydrogenase,&nbsp;molybdenum&nbsp;binding&nbsp;subunit&nbsp;apoprotein",73.9
1296990.H845_724,H845_724,Putative&nbsp;multidrug&nbsp;resistance&nbsp;protein&nbsp;mdtC,73.7
1296990.H845_2100,H845_2100,Phosphate&nbsp;transport&nbsp;system&nbsp;permease&nbsp;protein&nbsp;PstA,73.7
1296990.H845_2385,H845_2385,Binding-protein-dependent&nbsp;transport&nbsp;systems&nbsp;inner&nbsp;membrane&nbsp;component,73.6
1296990.H845_1905,H845_1905,Anthranilate&nbsp;synthase&nbsp;component&nbsp;II,73.6
1296990.H845_1822,guaB,Inosine-5'-monophosphate&nbsp;dehydrogenase,73.6
1296990.H845_1453,H845_1453,"Guanine&nbsp;deaminase,&nbsp;putative",73.5
1296990.H845_1598,H845_1598,Dihydroorotate&nbsp;dehydrogenase,73.5
1296990.H845_2170,rpoD,RNA&nbsp;polymerase&nbsp;sigma&nbsp;factor&nbsp;RpoD,73.4
1296990.H845_888,H845_888,Putative&nbsp;ABC&nbsp;transport&nbsp;system&nbsp;permease&nbsp;protein,73.3
1296990.H845_2070,rpmB,50S&nbsp;ribosomal&nbsp;protein&nbsp;L28,73.3
1296990.H845_2292,H845_2292,NADP-dependent&nbsp;L-serine/L-allo-threonine&nbsp;dehydrogenase,73.2
1296990.H845_1828,H845_1828,D-alanyl-D-alanine&nbsp;carboxypeptidase,73.2
1296990.H845_314,H845_314,DNA&nbsp;polymerase&nbsp;III&nbsp;subunit&nbsp;delta,72.9
1296990.H845_3032,H845_3032,"Penicillin-binding&nbsp;protein,&nbsp;1A&nbsp;family",72.9
1296990.H845_3124,trpB,Tryptophan&nbsp;synthase&nbsp;beta&nbsp;chain,72.8
1296990.H845_2033,H845_2033,NADH-quinone&nbsp;oxidoreductase&nbsp;subunit&nbsp;N,72.7
1296990.H845_2104,H845_2104,ABC&nbsp;transporter&nbsp;related&nbsp;protein,72.7
1296990.H845_2161,H845_2161,Permease&nbsp;YjgP/YjgQ&nbsp;family&nbsp;protein,72.5
1296990.H845_64,H845_64,Aminomethyltransferase&nbsp;protein,72.4
1296990.H845_2499,H845_2499,"Proton-translocating&nbsp;NADH-quinone&nbsp;oxidoreductase,&nbsp;chain&nbsp;M",72.4
1296990.H845_3481,H845_3481,S-(hydroxymethyl)glutathione&nbsp;dehydrogenase,72.4
1296990.H845_1727,tsf,Elongation&nbsp;factor&nbsp;Ts,72.4
1296990.H845_1417,H845_1417,Ribonucleoside-diphosphate&nbsp;reductase&nbsp;subunit&nbsp;beta,72.3
1296990.H845_3508,H845_3508,"Oxidoreductase,&nbsp;iron-sulfur&nbsp;binding&nbsp;subunit",72.3
1296990.H845_2716,H845_2716,1-acyl-sn-glycerol-3-phosphate&nbsp;acyltransferase,72.2
1296990.H845_2237,rpsL,30S&nbsp;ribosomal&nbsp;protein&nbsp;S12,72.2
1296990.H845_2040,H845_2040,NADH-quinone&nbsp;oxidoreductase&nbsp;subunit&nbsp;F,72.1
1296990.H845_108,H845_108,Flavin&nbsp;mononucleotide&nbsp;(FMN)&nbsp;reductase,72.1
1296990.H845_1269,H845_1269,Phosphate&nbsp;transport&nbsp;system&nbsp;permease&nbsp;protein,72.1
1296990.H845_3232,H845_3232,Cytosine-specific&nbsp;methyltransferase,72.0
1296990.H845_1898,H845_1898,Dihydrolipoyl&nbsp;dehydrogenase,72.0
1296990.H845_2232,rplD,50S&nbsp;ribosomal&nbsp;protein&nbsp;L4,72.0
1296990.H845_897,sucD,Succinate--CoA&nbsp;ligase&nbsp;[ADP-forming]&nbsp;subunit&nbsp;alpha,72.0
1296990.H845_253,H845_253,Isocitrate&nbsp;dehydrogenase&nbsp;[NADP],71.9
1296990.H845_1722,glyA,Serine&nbsp;hydroxymethyltransferase,71.6
1296990.H845_3100,H845_3100,Periplasmic&nbsp;serine&nbsp;endoprotease&nbsp;DegP-like,71.5
1296990.H845_1736,cysC,Adenylyl-sulfate&nbsp;kinase,71.3
1296990.H845_442,hisZ,ATP&nbsp;phosphoribosyltransferase&nbsp;regulatory&nbsp;subunit,71.3
1296990.H845_1617,H845_1617,Putative&nbsp;adenosylmethionine-8-amino-7-oxononanoate&nbsp;aminotransferase,71.3
1296990.H845_1216,H845_1216,Transcriptional&nbsp;regulator&nbsp;MocR&nbsp;family,71.3
1296990.H845_2210,rpsK,30S&nbsp;ribosomal&nbsp;protein&nbsp;S11,71.3
1296990.H845_2001,gpt,Xanthine&nbsp;phosphoribosyltransferase,71.2
1296990.H845_1957,H845_1957,Guanine&nbsp;deaminase,71.2
1296990.H845_2384,H845_2384,Binding-protein-dependent&nbsp;transport&nbsp;systems&nbsp;inner&nbsp;membrane&nbsp;component,71.2
1296990.H845_1786,H845_1786,S-formylglutathione&nbsp;hydrolase,71.2
1296990.H845_1734,H845_1734,Phosphoadenylyl-sulfate&nbsp;reductase&nbsp;(thioredoxin),71.1
1296990.H845_1832,H845_1832,Mammalian&nbsp;cell&nbsp;entry&nbsp;related&nbsp;domain&nbsp;protein,71.1
1296990.H845_2099,H845_2099,Phosphate&nbsp;import&nbsp;ATP-binding&nbsp;protein&nbsp;PstB,71.0
1296990.H845_168,H845_168,ABC&nbsp;transporter&nbsp;related&nbsp;protein,71.0
1296990.H845_480,H845_480,Glutamate--tRNA&nbsp;ligase,70.9
1296990.H845_185,H845_185,Ubiquinol-cytochrome&nbsp;c&nbsp;reductase&nbsp;iron-sulfur&nbsp;subunit,70.8
1296990.H845_1354,H845_1354,Oligopeptide&nbsp;ABC&nbsp;transporter&nbsp;ATP-binding&nbsp;protein,70.5
1296990.H845_1082,H845_1082,Shikimate&nbsp;dehydrogenase&nbsp;(NADP(+)),70.5
1296990.H845_886,dnaQ,DNA&nbsp;polymerase&nbsp;III&nbsp;subunit&nbsp;epsilon,70.4
1296990.H845_610,H845_610,Cytochrome&nbsp;o&nbsp;ubiquinol&nbsp;oxidase&nbsp;subunit&nbsp;IV,70.3
1296990.H845_391,H845_391,Transport&nbsp;system&nbsp;permease&nbsp;protein,70.2
1296990.H845_632,H845_632,"Putative&nbsp;xanthine&nbsp;dehydrogenase,&nbsp;xdhA",70.0
1296990.H845_66,H845_66,Glycine&nbsp;cleavage&nbsp;T&nbsp;protein&nbsp;(Aminomethyl&nbsp;transferase),69.9
1296990.H845_1228,H845_1228,NAD-dependent&nbsp;malic&nbsp;enzyme,69.8
1296990.H845_2217,rplR,50S&nbsp;ribosomal&nbsp;protein&nbsp;L18,69.8
1296990.H845_1110,H845_1110,NADH-quinone&nbsp;oxidoreductase&nbsp;subunit&nbsp;H,69.6
1296990.H845_2809,proC,Pyrroline-5-carboxylate&nbsp;reductase,69.4
1296990.H845_163,H845_163,4-phytase,69.4
1296990.H845_1765,rplT,50S&nbsp;ribosomal&nbsp;protein&nbsp;L20,69.3
1296990.H845_2903,H845_2903,annotation&nbsp;not&nbsp;available,69.3
1296990.H845_1271,H845_1271,Phosphate&nbsp;import&nbsp;ATP-binding&nbsp;protein&nbsp;PstB,69.1
1296990.H845_890,H845_890,annotation&nbsp;not&nbsp;available,69.0
1296990.H845_2134,H845_2134,annotation&nbsp;not&nbsp;available,69.0
1296990.H845_2454,H845_2454,ATP-dependent&nbsp;RecD-like&nbsp;DNA&nbsp;helicase,69.0
1296990.H845_556,H845_556,Putative&nbsp;oxidoreductase,69.0
1296990.H845_2865,rplM,50S&nbsp;ribosomal&nbsp;protein&nbsp;L13,68.9
1296990.H845_3059,H845_3059,Biotin&nbsp;carboxyl&nbsp;carrier&nbsp;protein&nbsp;of&nbsp;acetyl-CoA&nbsp;carboxylase,68.9
1296990.H845_1678,H845_1678,Phosphomannomutase,68.8
1296990.H845_1772,H845_1772,Exopolyphosphatase,68.8
1296990.H845_130,H845_130,Phospholipase&nbsp;D,68.8
1296990.H845_2615,argJ,Arginine&nbsp;biosynthesis&nbsp;bifunctional&nbsp;protein&nbsp;ArgJ,68.8
1296990.H845_2090,leuB,3-isopropylmalate&nbsp;dehydrogenase,68.7
1296990.H845_1004,H845_1004,Putative&nbsp;cytochrome&nbsp;c&nbsp;oxidase&nbsp;subunit&nbsp;2,68.7
1296990.H845_1115,H845_1115,NADH-quinone&nbsp;oxidoreductase&nbsp;subunit&nbsp;B,68.6
1296990.H845_2201,H845_2201,Putative&nbsp;multidrug&nbsp;resistance&nbsp;protein&nbsp;mdtC,68.6
1296990.H845_919,H845_919,[H]&nbsp;Coenzyme&nbsp;transport&nbsp;and&nbsp;metabolism,68.6
1296990.H845_2080,plsX,Phosphate&nbsp;acyltransferase,68.6
1296990.H845_1308,H845_1308,CDP-diacylglycerol&nbsp;pyrophosphatase,68.5
1296990.H845_1646,H845_1646,Bacterioferritin,68.4
1296990.H845_593,H845_593,Carboxymethylenebutenolidase,68.3
1296990.H845_2229,rpsS,30S&nbsp;ribosomal&nbsp;protein&nbsp;S19,68.2
1296990.H845_2211,rpsM,30S&nbsp;ribosomal&nbsp;protein&nbsp;S13,68.2
1296990.H845_2213,secY,Protein&nbsp;translocase&nbsp;subunit&nbsp;SecY,68.2
1296990.H845_2093,rplS,50S&nbsp;ribosomal&nbsp;protein&nbsp;L19,68.2
1296990.H845_1123,H845_1123,Non-hemolytic&nbsp;phospholipase&nbsp;C,68.1
1296990.H845_614,H845_614,Leucyl&nbsp;aminopeptidase,68.0
1296990.H845_2209,rpoA,DNA-directed&nbsp;RNA&nbsp;polymerase&nbsp;subunit&nbsp;alpha,68.0
1296990.H845_1764,pheS,Phenylalanine--tRNA&nbsp;ligase&nbsp;alpha&nbsp;subunit,67.8
1296990.H845_720,H845_720,ABC&nbsp;transporter&nbsp;related&nbsp;protein,67.7
1296990.H845_3525,H845_3525,TRAG&nbsp;family&nbsp;protein,67.6
1296990.H845_3487,H845_3487,Phosphoesterase,67.5
1296990.H845_1019,H845_1019,Uncharacterized&nbsp;protein,67.5
1296990.H845_3196,H845_3196,Cytochrome&nbsp;b,67.2
1296990.H845_1879,H845_1879,Phospholipase&nbsp;D/Transphosphatidylase,67.1
1296990.H845_1266,H845_1266,Polyphosphate&nbsp;kinase&nbsp;2&nbsp;family,67.0
1296990.H845_608,H845_608,Cytochrome&nbsp;o&nbsp;ubiquinol&nbsp;oxidase&nbsp;subunit&nbsp;I,66.6
1296990.H845_2174,carB,annotation&nbsp;not&nbsp;available,66.6
1296990.H845_884,H845_884,Shikimate&nbsp;dehydrogenase&nbsp;(NADP(+)),66.5
1296990.H845_2230,rplB,50S&nbsp;ribosomal&nbsp;protein&nbsp;L2,66.3
1296990.H845_630,H845_630,Ppx/GppA&nbsp;phosphatase,66.3
1296990.H845_1641,H845_1641,annotation&nbsp;not&nbsp;available,66.3
1296990.H845_1910,H845_1910,"Preprotein&nbsp;translocase,&nbsp;SecG&nbsp;subunit",65.9
1296990.H845_2136,H845_2136,CheW&nbsp;protein,65.8
1296990.H845_3218,H845_3218,UBA/THIF-type&nbsp;NAD/FAD&nbsp;binding&nbsp;protein,65.6
1296990.H845_2063,H845_2063,FeS&nbsp;assembly&nbsp;ATPase&nbsp;SufC,65.5
1296990.H845_565,H845_565,Cytochrome-c&nbsp;oxidase,65.5
1296990.H845_72,H845_72,Urocanate&nbsp;hydratase,65.4
1296990.H845_1102,H845_1102,NADH-quinone&nbsp;oxidoreductase&nbsp;subunit&nbsp;N,65.3
1296990.H845_1735,H845_1735,Sulfate&nbsp;adenylyltransferase&nbsp;subunit&nbsp;2,65.3
1296990.H845_1900,H845_1900,Pyruvate&nbsp;dehydrogenase&nbsp;E1&nbsp;component&nbsp;subunit&nbsp;beta,65.2
1296990.H845_1960,rpmA,50S&nbsp;ribosomal&nbsp;protein&nbsp;L27,65.0
1296990.H845_1633,gatA,Glutamyl-tRNA(Gln)&nbsp;amidotransferase&nbsp;subunit&nbsp;A,64.9
1296990.H845_1137,H845_1137,Acetylornithine&nbsp;deacetylase,64.8
1296990.H845_2221,rplE,50S&nbsp;ribosomal&nbsp;protein&nbsp;L5,64.7
1296990.H845_2577,H845_2577,Exonuclease&nbsp;RNase&nbsp;T&nbsp;and&nbsp;DNA&nbsp;polymerase&nbsp;III,64.6
1296990.H845_2659,H845_2659,annotation&nbsp;not&nbsp;available,64.6
1296990.H845_867,H845_867,Beta&nbsp;sliding&nbsp;clamp,64.5
1296990.H845_199,H845_199,Two&nbsp;component&nbsp;response&nbsp;regulator&nbsp;PhoB,64.2
1296990.H845_100,H845_100,annotation&nbsp;not&nbsp;available,64.1
1296990.H845_389,gcvP,Glycine&nbsp;dehydrogenase&nbsp;(decarboxylating),64.0
1296990.H845_2517,H845_2517,Putative&nbsp;protease&nbsp;protein,64.0
1296990.H845_2084,H845_2084,Putative&nbsp;sensor&nbsp;signal&nbsp;transduction&nbsp;histidine&nbsp;kinase,64.0
1296990.H845_2218,rplF,50S&nbsp;ribosomal&nbsp;protein&nbsp;L6,63.8
1296990.H845_2299,H845_2299,annotation&nbsp;not&nbsp;available,63.8
1296990.H845_2120,H845_2120,Aminotransferase,63.6
1296990.H845_3412,H845_3412,Acetyl-CoA&nbsp;synthetase,63.5
1296990.H845_2367,H845_2367,annotation&nbsp;not&nbsp;available,63.4
1296990.H845_1597,H845_1597,Pyridine&nbsp;nucleotide-disulfide&nbsp;oxidoreductase,63.4
1296990.H845_1732,pdxH,Pyridoxine/pyridoxamine&nbsp;5'-phosphate&nbsp;oxidase,63.3
1296990.H845_2240,rplL,50S&nbsp;ribosomal&nbsp;protein&nbsp;L7/L12,63.3
1296990.H845_1275,ssuB,Aliphatic&nbsp;sulfonates&nbsp;import&nbsp;ATP-binding&nbsp;protein&nbsp;SsuB,63.3
1296990.H845_2119,H845_2119,Aminotransferase,63.2
1296990.H845_2228,rplV,50S&nbsp;ribosomal&nbsp;protein&nbsp;L22,63.2
1296990.H845_2275,H845_2275,30S&nbsp;ribosomal&nbsp;protein&nbsp;S1,63.1
1296990.H845_2924,H845_2924,Periplasmic&nbsp;serine&nbsp;endoprotease&nbsp;DegP-like,63.0
1296990.H845_904,H845_904,Malonyl&nbsp;CoA-acyl&nbsp;carrier&nbsp;protein&nbsp;transacylase,62.9
1296990.H845_2636,H845_2636,Thiamine&nbsp;pyrophosphate&nbsp;binding&nbsp;domain-containing&nbsp;protein,62.9
1296990.H845_2216,rpsE,30S&nbsp;ribosomal&nbsp;protein&nbsp;S5,62.7
1296990.H845_2141,H845_2141,1-acyl-sn-glycerol-3-phosphate&nbsp;acyltransferase,62.5
1296990.H845_390,H845_390,annotation&nbsp;not&nbsp;available,62.4
1296990.H845_2127,H845_2127,ATP-dependent&nbsp;protease&nbsp;ATPase&nbsp;subunit&nbsp;HslU,62.3
1296990.H845_388,gcvH,Glycine&nbsp;cleavage&nbsp;system&nbsp;H&nbsp;protein,62.0
1296990.H845_3221,H845_3221,Pyruvate&nbsp;kinase,62.0
1296990.H845_2022,H845_2022,Putative&nbsp;cellulose&nbsp;synthase&nbsp;2,62.0
1296990.H845_914,H845_914,Permease&nbsp;YjgP/YjgQ&nbsp;family&nbsp;protein,62.0
1296990.H845_1985,ftsZ,Cell&nbsp;division&nbsp;protein&nbsp;FtsZ,61.7
1296990.H845_725,H845_725,Acriflavin&nbsp;resistance&nbsp;protein,61.7
1296990.H845_2907,H845_2907,6-phosphogluconate&nbsp;dehydrogenase-like&nbsp;protein,61.6
1296990.H845_889,H845_889,Putative&nbsp;aspartate&nbsp;aminotransferase&nbsp;B,61.5
1296990.H845_2985,H845_2985,Cobaltochelatase&nbsp;subunit&nbsp;CobN,61.2
1296990.H845_1163,H845_1163,Methylamine&nbsp;dehydrogenase&nbsp;heavy&nbsp;chain,60.8
1296990.H845_2039,H845_2039,NADH-quinone&nbsp;oxidoreductase,60.7
1296990.H845_2173,carA,Carbamoyl-phosphate&nbsp;synthase&nbsp;small&nbsp;chain,60.6
1296990.H845_2089,H845_2089,"Two&nbsp;component&nbsp;transcriptional&nbsp;regulator,&nbsp;winged&nbsp;helix&nbsp;family&nbsp;protein",60.6
1296990.H845_369,H845_369,Penicillin-binding&nbsp;protein&nbsp;2,60.5
1296990.H845_1811,H845_1811,Ribonucleoside-diphosphate&nbsp;reductase,60.4
1296990.H845_3275,H845_3275,Putative&nbsp;cytochrome&nbsp;C&nbsp;oxidase&nbsp;(Monoheme&nbsp;and&nbsp;diheme&nbsp;subunits),60.2
1296990.H845_3203,H845_3203,ABC&nbsp;transporter&nbsp;related&nbsp;protein,60.2
1296990.H845_1728,rpsB,30S&nbsp;ribosomal&nbsp;protein&nbsp;S2,60.2
1296990.H845_2799,ctc,50S&nbsp;ribosomal&nbsp;protein&nbsp;L25,60.2
1296990.H845_125,H845_125,Quinone-dependent&nbsp;D-lactate&nbsp;dehydrogenase,60.1
1296990.H845_2225,rpmC,50S&nbsp;ribosomal&nbsp;protein&nbsp;L29,60.0
1296990.H845_3180,H845_3180,Chorismate&nbsp;binding-like&nbsp;protein,59.8
1296990.H845_2155,pepA,Probable&nbsp;cytosol&nbsp;aminopeptidase,59.7
1296990.H845_413,H845_413,Bacterioferritin,59.6
1296990.H845_1147,hutH,Histidine&nbsp;ammonia-lyase,59.5
1296990.H845_1152,H845_1152,Histidinol-phosphate&nbsp;aminotransferase,59.5
1296990.H845_2940,H845_2940,Toluene&nbsp;tolerance&nbsp;family&nbsp;protein,59.4
1296990.H845_3198,H845_3198,Acriflavin&nbsp;resistance&nbsp;protein,59.3
1296990.H845_1949,H845_1949,Integration&nbsp;host&nbsp;factor&nbsp;subunit&nbsp;beta,59.3
1296990.H845_2331,H845_2331,annotation&nbsp;not&nbsp;available,59.2
1296990.H845_2091,leuD,3-isopropylmalate&nbsp;dehydratase&nbsp;small&nbsp;subunit,59.2
1296990.H845_1909,tpiA,Triosephosphate&nbsp;isomerase,59.2
1296990.H845_2953,H845_2953,annotation&nbsp;not&nbsp;available,59.1
1296990.H845_1689,H845_1689,Putative&nbsp;2-nitropropane&nbsp;dioxygenase,59.0
1296990.H845_2081,rpmF,50S&nbsp;ribosomal&nbsp;protein&nbsp;L32,58.9
1296990.H845_1800,H845_1800,Succinate&nbsp;CoA&nbsp;transferase,58.9
1296990.H845_1114,nuoCD,NADH-quinone&nbsp;oxidoreductase&nbsp;subunit&nbsp;C/D,58.9
1296990.H845_1419,H845_1419,Acetyl-CoA&nbsp;synthetase,58.8
1296990.H845_1006,H845_1006,Cytochrome&nbsp;c&nbsp;oxidase&nbsp;subunit&nbsp;III,58.8
1296990.H845_3274,H845_3257,Putative&nbsp;cytochrome&nbsp;C&nbsp;subunit&nbsp;protein,58.8
1296990.H845_1489,H845_1489,Diaminopimelate&nbsp;decarboxylase,58.6
1296990.H845_527,bamA,Outer&nbsp;membrane&nbsp;protein&nbsp;assembly&nbsp;factor&nbsp;BamA,58.5
1296990.H845_161,polA,DNA&nbsp;polymerase&nbsp;I,58.4
1296990.H845_2901,H845_2901,Gluconokinase,58.4
1296990.H845_2479,hisE,Phosphoribosyl-ATP&nbsp;pyrophosphatase,58.1
1296990.H845_1435,H845_1435,Acetyl-CoA&nbsp;carboxylase&nbsp;biotin&nbsp;carboxylase&nbsp;subunit,58.1
1296990.H845_3052,ccmA,Cytochrome&nbsp;c&nbsp;biogenesis&nbsp;ATP-binding&nbsp;export&nbsp;protein&nbsp;CcmA,58.0
1296990.H845_2620,H845_2620,ABC&nbsp;transporter&nbsp;permease&nbsp;protein,58.0
1296990.H845_1365,H845_1365,annotation&nbsp;not&nbsp;available,57.7
1296990.H845_2573,H845_2573,"Asparagine&nbsp;synthase,&nbsp;glutamine-hydrolyzing",57.7
1296990.H845_2239,rpoB,DNA-directed&nbsp;RNA&nbsp;polymerase&nbsp;subunit&nbsp;beta,57.7
1296990.H845_1670,H845_1670,"Cobalt&nbsp;chelatase,&nbsp;pCobT&nbsp;subunit",57.5
1296990.H845_2538,H845_2538,Dihydroorotase,57.5
1296990.H845_3024,H845_3024,NADH&nbsp;dehydrogenase,57.4
1296990.H845_1595,H845_1595,Dihydroorotase,57.3
1296990.H845_1776,xseB,Exodeoxyribonuclease&nbsp;7&nbsp;small&nbsp;subunit,57.2
1296990.H845_1959,rplU,50S&nbsp;ribosomal&nbsp;protein&nbsp;L21,57.2
1296990.H845_1634,gatC,Aspartyl/glutamyl-tRNA(Asn/Gln)&nbsp;amidotransferase&nbsp;subunit&nbsp;C,56.9
1296990.H845_171,fumC,Fumarate&nbsp;hydratase&nbsp;class&nbsp;II,56.8
1296990.H845_1972,H845_1972,Peptidoglycan&nbsp;glycosyltransferase,56.7
1296990.H845_1274,H845_1274,Aliphatic&nbsp;sulfonates&nbsp;transporter&nbsp;permease&nbsp;protein,56.6
1296990.H845_463,H845_463,Putative&nbsp;exodeoxyribonuclease&nbsp;III,56.6
1296990.H845_1398,H845_1398,annotation&nbsp;not&nbsp;available,56.5
1296990.H845_1234,H845_1234,D-amino&nbsp;acid&nbsp;dehydrogenase,56.5
1296990.H845_1706,eno,Enolase,56.5
1296990.H845_609,H845_609,Cytochrome&nbsp;o&nbsp;ubiquinol&nbsp;oxidase&nbsp;subunit&nbsp;III,56.4
1296990.H845_1146,H845_1146,Urocanate&nbsp;hydratase,56.4
1296990.H845_2222,rplX,50S&nbsp;ribosomal&nbsp;protein&nbsp;L24,56.3
1296990.H845_2215,rpmD,annotation&nbsp;not&nbsp;available,56.3
1296990.H845_2311,H845_2311,Asparaginase,56.2
1296990.H845_1763,pheT,Phenylalanine--tRNA&nbsp;ligase&nbsp;beta&nbsp;subunit,56.1
1296990.H845_1456,H845_1456,Response&nbsp;regulator&nbsp;receiver&nbsp;modulated&nbsp;GAF&nbsp;sensor&nbsp;protein,56.1
1296990.H845_1109,H845_1109,"NADH-quinone&nbsp;oxidoreductase,&nbsp;chain&nbsp;I",56.0
1296990.H845_2283,dnaX,DNA&nbsp;polymerase&nbsp;III&nbsp;subunit&nbsp;gamma/tau,55.9
1296990.H845_2695,H845_2695,Gst12&nbsp;glutathione-S-transferase,55.9
1296990.H845_2154,H845_2154,annotation&nbsp;not&nbsp;available,55.9
1296990.H845_1106,H845_1106,NADH-quinone&nbsp;oxidoreductase&nbsp;subunit&nbsp;K,55.6
1296990.H845_1418,H845_1418,"Fructose-1,6-bisphosphate&nbsp;aldolase",55.5
1296990.H845_1885,purQ,Phosphoribosylformylglycinamidine&nbsp;synthase&nbsp;subunit&nbsp;PurQ,55.5
1296990.H845_1116,H845_1116,NADH-quinone&nbsp;oxidoreductase&nbsp;subunit&nbsp;A,55.4
1296990.H845_1270,H845_1270,Phosphate&nbsp;transport&nbsp;system&nbsp;permease&nbsp;protein&nbsp;PstA,55.4
1296990.H845_506,H845_506,"Preprotein&nbsp;translocase,&nbsp;YajC&nbsp;subunit",55.1
1296990.H845_1087,H845_1087,annotation&nbsp;not&nbsp;available,55.1
1296990.H845_1074,H845_1074,Catalase-related&nbsp;peroxidase,55.0
1296990.H845_2478,hisF,Imidazole&nbsp;glycerol&nbsp;phosphate&nbsp;synthase&nbsp;subunit&nbsp;HisF,55.0
1296990.H845_537,yidC,Membrane&nbsp;protein&nbsp;insertase&nbsp;YidC,54.9
1296990.H845_1938,guaA,GMP&nbsp;synthase&nbsp;[glutamine-hydrolyzing],54.9
1296990.H845_1321,H845_1321,Malto-oligosyltrehalose&nbsp;trehalohydrolase,54.9
1296990.H845_1108,H845_1108,annotation&nbsp;not&nbsp;available,54.9
1296990.H845_2831,H845_2831,Mammalian&nbsp;cell&nbsp;entry&nbsp;related&nbsp;domain&nbsp;protein,54.8
1296990.H845_2298,H845_2298,annotation&nbsp;not&nbsp;available,54.8
1296990.H845_401,pgk,Phosphoglycerate&nbsp;kinase,54.7
1296990.H845_1434,H845_1434,Biotin&nbsp;carboxyl&nbsp;carrier&nbsp;protein&nbsp;of&nbsp;acetyl-CoA&nbsp;carboxylase,54.6
1296990.H845_1906,H845_1906,Anthranilate&nbsp;synthase&nbsp;component&nbsp;II,54.5
1296990.H845_1084,H845_1084,Putative&nbsp;ATP-dependent&nbsp;RNA&nbsp;helicase,54.5
1296990.H845_1247,H845_1247,"Metal&nbsp;ion&nbsp;ABC&nbsp;superfamily&nbsp;ATP&nbsp;binding&nbsp;cassette&nbsp;transporter,&nbsp;membrane&nbsp;protein",54.2
1296990.H845_2338,H845_2338,Glutathione&nbsp;S-transferase,54.0
1296990.H845_2319,H845_2319,"Pyruvate,&nbsp;phosphate&nbsp;dikinase",54.0
1296990.H845_1681,H845_1681,annotation&nbsp;not&nbsp;available,53.9
1296990.H845_499,accA,Acetyl-coenzyme&nbsp;A&nbsp;carboxylase&nbsp;carboxyl&nbsp;transferase&nbsp;subunit&nbsp;alpha,53.7
1296990.H845_2288,H845_2288,ATP-dependent&nbsp;Clp&nbsp;protease&nbsp;ATP-binding&nbsp;subunit&nbsp;ClpA,53.7
1296990.H845_719,H845_719,Transmembrane&nbsp;permease&nbsp;component&nbsp;of&nbsp;heme&nbsp;ABC&nbsp;transporter,53.5
1296990.H845_583,secB,Protein-export&nbsp;protein&nbsp;SecB,53.4
1296990.H845_3419,H845_3419,Nitrilase,53.4
1296990.H845_633,H845_633,"Xanthine&nbsp;dehydrogenase,&nbsp;molybdopterin&nbsp;binding&nbsp;subunit",53.3
1296990.H845_1357,H845_1357,Binding-protein-dependent&nbsp;transport&nbsp;systems&nbsp;inner&nbsp;membrane&nbsp;component,53.3
1296990.H845_1947,H845_1947,Thioredoxin&nbsp;reductase,53.3
1296990.H845_557,H845_557,Glutamate&nbsp;synthase&nbsp;[NADPH]&nbsp;large&nbsp;chain,53.1
1296990.H845_2484,H845_2484,Glutamate--tRNA&nbsp;ligase,53.1
1296990.H845_1153,H845_1153,Methylamine&nbsp;dehydrogenase&nbsp;heavy&nbsp;chain,53.1
1296990.H845_1637,H845_1637,annotation&nbsp;not&nbsp;available,53.0
1296990.H845_1899,H845_1899,Acetyltransferase&nbsp;component&nbsp;of&nbsp;pyruvate&nbsp;dehydrogenase&nbsp;complex,53.0
1296990.H845_2042,H845_2042,NADH-quinone&nbsp;oxidoreductase&nbsp;subunit&nbsp;D,52.8
1296990.H845_2220,rpsN,30S&nbsp;ribosomal&nbsp;protein&nbsp;S14,52.7
1296990.H845_2487,plsY,Glycerol-3-phosphate&nbsp;acyltransferase,52.5
1296990.H845_1253,H845_1253,Aldehyde&nbsp;dehydrogenase,52.4
1296990.H845_1133,H845_1133,Histidinol&nbsp;dehydrogenase,52.3
1296990.H845_2485,pyrB,Aspartate&nbsp;carbamoyltransferase,52.3
1296990.H845_1606,H845_1606,Acetyl-CoA&nbsp;synthetase,52.1
1296990.H845_604,H845_604,Alcohol&nbsp;dehydrogenase,52.1
1296990.H845_1151,H845_1151,Putative&nbsp;lactate&nbsp;dehydrogenase,52.0
1296990.H845_2097,ffh,Signal&nbsp;recognition&nbsp;particle&nbsp;protein,51.9
1296990.H845_2102,H845_2102,annotation&nbsp;not&nbsp;available,51.7
1296990.H845_1436,H845_1436,annotation&nbsp;not&nbsp;available,51.7
1296990.H845_1105,H845_1105,"Proton-translocating&nbsp;NADH-quinone&nbsp;oxidoreductase,&nbsp;chain&nbsp;L",51.6
1296990.H845_2366,H845_2366,Ribose-5-phosphate&nbsp;isomerase&nbsp;A,51.6
1296990.H845_1154,H845_1154,Amine&nbsp;dehydrogenase,51.5
1296990.H845_865,rpsT,30S&nbsp;ribosomal&nbsp;protein&nbsp;S20,51.5
1296990.H845_879,lysA,Diaminopimelate&nbsp;decarboxylase,51.4
1296990.H845_167,H845_167,Zinc&nbsp;ABC&nbsp;transporter&nbsp;permease,51.3
1296990.H845_2214,rplO,50S&nbsp;ribosomal&nbsp;protein&nbsp;L15,51.2
1296990.H845_1320,H845_1320,Malto-oligosyltrehalose&nbsp;trehalohydrolase,51.2
1296990.H845_1901,pdhA,Pyruvate&nbsp;dehydrogenase&nbsp;E1&nbsp;component&nbsp;subunit&nbsp;alpha,51.0
