1122164.JHWF01000022_gene1706,secB,Protein-export&nbsp;protein&nbsp;SecB,98.9
1122164.JHWF01000024_gene2564,choD,annotation&nbsp;not&nbsp;available,98.9
1122164.JHWF01000008_gene1243,nadK,NAD&nbsp;kinase,98.9
1122164.JHWF01000006_gene269,fmt,Methionyl-tRNA&nbsp;formyltransferase,98.9
1122164.JHWF01000012_gene2611,astD,N-succinylglutamate&nbsp;5-semialdehyde&nbsp;dehydrogenase,98.7
1122164.JHWF01000001_gene1906,Llan_0646,annotation&nbsp;not&nbsp;available,98.6
1122164.JHWF01000009_gene982,aroB,3-dehydroquinate&nbsp;synthase,98.6
1122164.JHWF01000005_gene208,Llan_0131,annotation&nbsp;not&nbsp;available,98.6
1122164.JHWF01000026_gene363,Llan_0408,annotation&nbsp;not&nbsp;available,98.4
1122164.JHWF01000009_gene963,nitA,annotation&nbsp;not&nbsp;available,98.3
1122164.JHWF01000016_gene1548,nuoL,annotation&nbsp;not&nbsp;available,98.3
1122164.JHWF01000008_gene1310,artJ_1,annotation&nbsp;not&nbsp;available,98.2
1122164.JHWF01000006_gene246,opuCC,annotation&nbsp;not&nbsp;available,97.9
1122164.JHWF01000017_gene530,rpoA,DNA-directed&nbsp;RNA&nbsp;polymerase&nbsp;subunit&nbsp;alpha,97.9
1122164.JHWF01000031_gene2292,deoC,Deoxyribose-phosphate&nbsp;aldolase,97.9
1122164.JHWF01000010_gene2454,Llan_1978,annotation&nbsp;not&nbsp;available,97.8
1122164.JHWF01000016_gene1532,gadC,annotation&nbsp;not&nbsp;available,97.8
1122164.JHWF01000030_gene2341,Llan_2459,annotation&nbsp;not&nbsp;available,97.7
1122164.JHWF01000045_gene1371,rplL,50S&nbsp;ribosomal&nbsp;protein&nbsp;L7/L12,97.6
1122164.JHWF01000036_gene1687,htpG,Chaperone&nbsp;protein&nbsp;HtpG,97.4
1122164.JHWF01000006_gene341,Llan_1507,annotation&nbsp;not&nbsp;available,97.4
1122164.JHWF01000003_gene2073,atpF,ATP&nbsp;synthase&nbsp;subunit&nbsp;b,97.4
1122164.JHWF01000016_gene1574,Llan_1149,annotation&nbsp;not&nbsp;available,97.4
1122164.JHWF01000009_gene983,Llan_0362,Shikimate&nbsp;kinase,97.3
1122164.JHWF01000049_gene2357,glnS,annotation&nbsp;not&nbsp;available,97.1
1122164.JHWF01000051_gene2354,dut,Deoxyuridine&nbsp;5'-triphosphate&nbsp;nucleotidohydrolase,97.1
1122164.JHWF01000009_gene1003,pdxB,Erythronate-4-phosphate&nbsp;dehydrogenase,97.0
1122164.JHWF01000006_gene319,sucC,Succinate--CoA&nbsp;ligase&nbsp;[ADP-forming]&nbsp;subunit&nbsp;beta,97.0
1122164.JHWF01000008_gene1282,Llan_1094,annotation&nbsp;not&nbsp;available,97.0
1122164.JHWF01000019_gene486,Llan_0002,annotation&nbsp;not&nbsp;available,97.0
1122164.JHWF01000010_gene2455,Llan_1977,annotation&nbsp;not&nbsp;available,96.9
1122164.JHWF01000028_gene690,dnaB,Replicative&nbsp;DNA&nbsp;helicase,96.8
1122164.JHWF01000003_gene2162,Llan_2399,annotation&nbsp;not&nbsp;available,96.8
1122164.JHWF01000009_gene1015,suhB_1,annotation&nbsp;not&nbsp;available,96.7
1122164.JHWF01000002_gene887,coxA,Cytochrome&nbsp;c&nbsp;oxidase&nbsp;subunit&nbsp;1,96.6
1122164.JHWF01000054_gene1837,spoT,"Guanosine-3',5'-bis(Diphosphate)&nbsp;3'-pyrophosphohydrolase",96.6
1122164.JHWF01000001_gene1930,purA,Adenylosuccinate&nbsp;synthetase,96.5
1122164.JHWF01000011_gene2519,Llan_0491,annotation&nbsp;not&nbsp;available,96.5
1122164.JHWF01000011_gene2465,cpsB,annotation&nbsp;not&nbsp;available,96.4
1122164.JHWF01000034_gene2207,Llan_0787,Lipoprotein-releasing&nbsp;system&nbsp;ATP-binding&nbsp;protein&nbsp;LolD,96.4
1122164.JHWF01000017_gene504,tuf,Elongation&nbsp;factor&nbsp;Tu,96.4
1122164.JHWF01000036_gene1677,Llan_1846,annotation&nbsp;not&nbsp;available,96.3
1122164.JHWF01000016_gene1537,Llan_1186,annotation&nbsp;not&nbsp;available,96.2
1122164.JHWF01000007_gene1126,Llan_0722,annotation&nbsp;not&nbsp;available,96.2
1122164.JHWF01000047_gene698,ribA,Riboflavin&nbsp;biosynthesis&nbsp;protein&nbsp;RibBA,96.1
1122164.JHWF01000018_gene614,pgl,annotation&nbsp;not&nbsp;available,96.1
1122164.JHWF01000036_gene1671,Llan_1852,annotation&nbsp;not&nbsp;available,95.9
1122164.JHWF01000039_gene1778,groS,10&nbsp;kDa&nbsp;chaperonin,95.9
1122164.JHWF01000006_gene291,murF,UDP-N-acetylmuramoyl-tripeptide--D-alanyl-D-alanine&nbsp;ligase,95.9
1122164.JHWF01000030_gene2316,deaD,ATP-dependent&nbsp;RNA&nbsp;helicase&nbsp;DeaD,95.8
1122164.JHWF01000036_gene1672,fadB,annotation&nbsp;not&nbsp;available,95.7
1122164.JHWF01000009_gene1037,infA,Translation&nbsp;initiation&nbsp;factor&nbsp;IF-1,95.7
1122164.JHWF01000039_gene1777,groL,60&nbsp;kDa&nbsp;chaperonin,95.5
1122164.JHWF01000037_gene50,Llan_1060,Acetyltransferase&nbsp;component&nbsp;of&nbsp;pyruvate&nbsp;dehydrogenase&nbsp;complex,95.5
1122164.JHWF01000017_gene538,Llan_2233,3-oxoacyl-[acyl-carrier-protein]&nbsp;synthase&nbsp;2,95.5
1122164.JHWF01000006_gene321,sucA,annotation&nbsp;not&nbsp;available,95.4
1122164.JHWF01000006_gene304,Llan_1471,annotation&nbsp;not&nbsp;available,95.3
1122164.JHWF01000002_gene889,cycA,annotation&nbsp;not&nbsp;available,95.2
1122164.JHWF01000011_gene2458,hrp1,annotation&nbsp;not&nbsp;available,95.2
1122164.JHWF01000018_gene616,Llan_0837,annotation&nbsp;not&nbsp;available,95.1
1122164.JHWF01000010_gene2435,Llan_1996,annotation&nbsp;not&nbsp;available,94.8
1122164.JHWF01000044_gene1407,Llan_1867,annotation&nbsp;not&nbsp;available,94.8
1122164.JHWF01000022_gene1712,Llan_1812,annotation&nbsp;not&nbsp;available,94.7
1122164.JHWF01000019_gene454,Llan_0034,annotation&nbsp;not&nbsp;available,94.7
1122164.JHWF01000018_gene612,glk,annotation&nbsp;not&nbsp;available,94.6
1122164.JHWF01000004_gene18,potD,Putrescine-binding&nbsp;periplasmic&nbsp;protein,94.6
1122164.JHWF01000007_gene1121,Llan_0726,annotation&nbsp;not&nbsp;available,94.6
1122164.JHWF01000016_gene1549,nuoK,NADH-quinone&nbsp;oxidoreductase&nbsp;subunit&nbsp;K,94.5
1122164.JHWF01000012_gene2600,acnA,Aconitate&nbsp;hydratase,94.3
1122164.JHWF01000017_gene517,rplX,50S&nbsp;ribosomal&nbsp;protein&nbsp;L24,94.3
1122164.JHWF01000006_gene300,Llan_1467,annotation&nbsp;not&nbsp;available,94.3
1122164.JHWF01000011_gene2524,leuA,2-isopropylmalate&nbsp;synthase,94.2
1122164.JHWF01000012_gene2667,hisF,Imidazole&nbsp;glycerol&nbsp;phosphate&nbsp;synthase&nbsp;subunit&nbsp;HisF,94.2
1122164.JHWF01000010_gene2399,prpB,2-methylisocitrate&nbsp;lyase,94.1
1122164.JHWF01000002_gene841,Llan_1644,annotation&nbsp;not&nbsp;available,94.1
1122164.JHWF01000022_gene1698,gshA,annotation&nbsp;not&nbsp;available,94.1
1122164.JHWF01000047_gene694,pyrG,CTP&nbsp;synthase,93.9
1122164.JHWF01000007_gene1119,pfp,Pyrophosphate--fructose&nbsp;6-phosphate&nbsp;1-phosphotransferase,93.9
1122164.JHWF01000001_gene1938,Llan_0614,annotation&nbsp;not&nbsp;available,93.9
1122164.JHWF01000024_gene2573,rnhA,Ribonuclease&nbsp;H,93.9
1122164.JHWF01000003_gene2166,Llan_2403,annotation&nbsp;not&nbsp;available,93.8
1122164.JHWF01000006_gene247,Llan_1415,annotation&nbsp;not&nbsp;available,93.6
1122164.JHWF01000002_gene834,gcsB,Probable&nbsp;glycine&nbsp;dehydrogenase&nbsp;(decarboxylating)&nbsp;subunit&nbsp;2,93.6
1122164.JHWF01000006_gene236,deoB,Phosphopentomutase,93.4
1122164.JHWF01000034_gene2206,lolC,annotation&nbsp;not&nbsp;available,93.1
1122164.JHWF01000011_gene2497,Llan_0469,annotation&nbsp;not&nbsp;available,93.1
1122164.JHWF01000006_gene274,Llan_1441,annotation&nbsp;not&nbsp;available,93.0
1122164.JHWF01000031_gene2308,cpxR,annotation&nbsp;not&nbsp;available,92.7
1122164.JHWF01000006_gene256,Llan_1423,annotation&nbsp;not&nbsp;available,92.6
1122164.JHWF01000003_gene2139,Llan_2377,annotation&nbsp;not&nbsp;available,92.6
1122164.JHWF01000010_gene2403,proA,Gamma-glutamyl&nbsp;phosphate&nbsp;reductase,92.4
1122164.JHWF01000036_gene1667,leuS,annotation&nbsp;not&nbsp;available,92.4
1122164.JHWF01000006_gene240,cueO,annotation&nbsp;not&nbsp;available,92.4
1122164.JHWF01000002_gene750,ppk,Polyphosphate&nbsp;kinase,92.3
1122164.JHWF01000010_gene2429,Llan_2002,annotation&nbsp;not&nbsp;available,92.3
1122164.JHWF01000022_gene1704,yibN,annotation&nbsp;not&nbsp;available,92.2
1122164.JHWF01000025_gene73,rpsF,30S&nbsp;ribosomal&nbsp;protein&nbsp;S6,92.2
1122164.JHWF01000006_gene308,prs,Ribose-phosphate&nbsp;pyrophosphokinase,92.2
1122164.JHWF01000035_gene1756,pip,annotation&nbsp;not&nbsp;available,92.2
1122164.JHWF01000009_gene1035,trxB,annotation&nbsp;not&nbsp;available,92.2
1122164.JHWF01000014_gene1826,Llan_0085,annotation&nbsp;not&nbsp;available,92.1
1122164.JHWF01000038_gene647,xseA,Exodeoxyribonuclease&nbsp;7&nbsp;large&nbsp;subunit,92.0
1122164.JHWF01000012_gene2642,ugpE,Sn-glycerol-3-phosphate&nbsp;transport&nbsp;system&nbsp;permease&nbsp;protein&nbsp;UgpE,91.8
1122164.JHWF01000021_gene1181,sfcA_2,annotation&nbsp;not&nbsp;available,91.6
1122164.JHWF01000015_gene1649,Llan_1323,annotation&nbsp;not&nbsp;available,91.5
1122164.JHWF01000009_gene1026,Llan_0319,annotation&nbsp;not&nbsp;available,91.5
1122164.JHWF01000034_gene2215,asnS,annotation&nbsp;not&nbsp;available,91.3
1122164.JHWF01000021_gene1163,folD,Bifunctional&nbsp;protein&nbsp;FolD,91.2
1122164.JHWF01000017_gene506,rplC,50S&nbsp;ribosomal&nbsp;protein&nbsp;L3,91.2
1122164.JHWF01000033_gene2283,lysS,annotation&nbsp;not&nbsp;available,91.2
1122164.JHWF01000040_gene1391,secF,Protein-export&nbsp;membrane&nbsp;protein&nbsp;SecF,91.1
1122164.JHWF01000017_gene546,Llan_2225,annotation&nbsp;not&nbsp;available,91.1
1122164.JHWF01000016_gene1557,nuoC,NADH-quinone&nbsp;oxidoreductase&nbsp;subunit&nbsp;C,91.0
1122164.JHWF01000010_gene2387,hemL,annotation&nbsp;not&nbsp;available,90.9
1122164.JHWF01000008_gene1270,Llan_1081,annotation&nbsp;not&nbsp;available,90.8
1122164.JHWF01000001_gene2007,Llan_0547,annotation&nbsp;not&nbsp;available,90.8
1122164.JHWF01000009_gene1004,murE,"UDP-N-acetylmuramoyl-L-alanyl-D-glutamate--2,6-diaminopimelate&nbsp;ligase",90.8
1122164.JHWF01000007_gene1088,nifU,annotation&nbsp;not&nbsp;available,90.7
1122164.JHWF01000027_gene930,yqiX_2,annotation&nbsp;not&nbsp;available,90.6
1122164.JHWF01000001_gene1880,gcp,tRNA&nbsp;N6-adenosine&nbsp;threonylcarbamoyltransferase,90.5
1122164.JHWF01000012_gene2601,Llan_2117,annotation&nbsp;not&nbsp;available,90.4
1122164.JHWF01000006_gene234,hslV,ATP-dependent&nbsp;protease&nbsp;subunit&nbsp;HslV,90.4
1122164.JHWF01000006_gene275,ltaE,annotation&nbsp;not&nbsp;available,90.4
1122164.JHWF01000006_gene325,Llan_1492,annotation&nbsp;not&nbsp;available,90.3
1122164.JHWF01000020_gene1472,cadI,annotation&nbsp;not&nbsp;available,90.3
1122164.JHWF01000001_gene1891,Llan_0661,annotation&nbsp;not&nbsp;available,90.2
1122164.JHWF01000026_gene378,glnK,annotation&nbsp;not&nbsp;available,90.2
1122164.JHWF01000018_gene611,eda,annotation&nbsp;not&nbsp;available,90.1
1122164.JHWF01000006_gene224,Llan_1392,annotation&nbsp;not&nbsp;available,90.1
1122164.JHWF01000007_gene1059,uvrC,UvrABC&nbsp;system&nbsp;protein&nbsp;C,89.9
1122164.JHWF01000012_gene2632,minE,Cell&nbsp;division&nbsp;topological&nbsp;specificity&nbsp;factor,89.8
1122164.JHWF01000002_gene795,Llan_1691,annotation&nbsp;not&nbsp;available,89.8
1122164.JHWF01000005_gene189,prs_1,annotation&nbsp;not&nbsp;available,89.8
1122164.JHWF01000017_gene518,rplE,50S&nbsp;ribosomal&nbsp;protein&nbsp;L5,89.7
1122164.JHWF01000012_gene2620,glnD,Bifunctional&nbsp;uridylyltransferase/uridylyl-removing&nbsp;enzyme,89.6
1122164.JHWF01000031_gene2301,Llan_1755,annotation&nbsp;not&nbsp;available,89.5
1122164.JHWF01000003_gene2179,Llan_2416,annotation&nbsp;not&nbsp;available,89.5
1122164.JHWF01000010_gene2425,dacA,annotation&nbsp;not&nbsp;available,89.4
1122164.JHWF01000002_gene861,thyA,Thymidylate&nbsp;synthase,89.3
1122164.JHWF01000016_gene1554,Llan_1169,NADH-quinone&nbsp;oxidoreductase&nbsp;subunit&nbsp;F,89.3
1122164.JHWF01000033_gene2281,Llan_0240,annotation&nbsp;not&nbsp;available,89.3
1122164.JHWF01000012_gene2631,minD,annotation&nbsp;not&nbsp;available,89.3
1122164.JHWF01000004_gene21,Llan_1896,Spermidine/putrescine&nbsp;import&nbsp;ATP-binding&nbsp;protein&nbsp;PotA,89.1
1122164.JHWF01000017_gene522,rplR,50S&nbsp;ribosomal&nbsp;protein&nbsp;L18,89.0
1122164.JHWF01000026_gene350,Llan_0421,annotation&nbsp;not&nbsp;available,89.0
1122164.JHWF01000015_gene1625,rpsI,annotation&nbsp;not&nbsp;available,88.9
1122164.JHWF01000029_gene725,Llan_2090,annotation&nbsp;not&nbsp;available,88.9
1122164.JHWF01000050_gene1853,Llan_1774,annotation&nbsp;not&nbsp;available,88.8
1122164.JHWF01000018_gene621,Llan_0843,annotation&nbsp;not&nbsp;available,88.8
1122164.JHWF01000014_gene1821,ttg2A,annotation&nbsp;not&nbsp;available,88.7
1122164.JHWF01000031_gene2289,Llan_1767,annotation&nbsp;not&nbsp;available,88.7
1122164.JHWF01000022_gene1718,asd,Aspartate-semialdehyde&nbsp;dehydrogenase,88.6
1122164.JHWF01000001_gene1963,rpmA,annotation&nbsp;not&nbsp;available,88.6
1122164.JHWF01000008_gene1316,budB_1,annotation&nbsp;not&nbsp;available,88.6
1122164.JHWF01000010_gene2373,ndk,Nucleoside&nbsp;diphosphate&nbsp;kinase,88.5
1122164.JHWF01000012_gene2647,trpE,annotation&nbsp;not&nbsp;available,88.4
1122164.JHWF01000003_gene2058,Llan_2297,annotation&nbsp;not&nbsp;available,88.3
1122164.JHWF01000001_gene1901,Llan_0651,annotation&nbsp;not&nbsp;available,88.2
1122164.JHWF01000024_gene2585,mrdA,"Peptidoglycan&nbsp;D,D-transpeptidase&nbsp;MrdA",88.2
1122164.JHWF01000003_gene2138,Llan_2376,annotation&nbsp;not&nbsp;available,88.0
1122164.JHWF01000011_gene2459,Llan_0432,annotation&nbsp;not&nbsp;available,88.0
1122164.JHWF01000017_gene542,Llan_2229,annotation&nbsp;not&nbsp;available,87.9
1122164.JHWF01000045_gene1373,rpoC,DNA-directed&nbsp;RNA&nbsp;polymerase&nbsp;subunit&nbsp;beta',87.8
1122164.JHWF01000007_gene1086,Llan_0762,annotation&nbsp;not&nbsp;available,87.6
1122164.JHWF01000007_gene1108,Llan_0739,Ferredoxin,87.5
1122164.JHWF01000007_gene1069,holC,annotation&nbsp;not&nbsp;available,87.5
1122164.JHWF01000030_gene2335,nrdR,Transcriptional&nbsp;repressor&nbsp;NrdR,87.5
1122164.JHWF01000047_gene697,ribH,"6,7-dimethyl-8-ribityllumazine&nbsp;synthase",87.3
1122164.JHWF01000006_gene332,feoB,Ferrous&nbsp;iron&nbsp;transport&nbsp;protein&nbsp;B,87.3
1122164.JHWF01000017_gene526,secY,Protein&nbsp;translocase&nbsp;subunit&nbsp;SecY,87.2
1122164.JHWF01000033_gene2271,lysAC_1,annotation&nbsp;not&nbsp;available,87.2
1122164.JHWF01000002_gene832,gcsA,Probable&nbsp;glycine&nbsp;dehydrogenase&nbsp;(decarboxylating)&nbsp;subunit&nbsp;1,87.0
1122164.JHWF01000016_gene1558,nuoB,NADH-quinone&nbsp;oxidoreductase&nbsp;subunit&nbsp;B,86.9
1122164.JHWF01000022_gene1711,pgsA,annotation&nbsp;not&nbsp;available,86.9
1122164.JHWF01000009_gene974,Llan_0371,annotation&nbsp;not&nbsp;available,86.9
1122164.JHWF01000045_gene1376,fusA,Elongation&nbsp;factor&nbsp;G,86.8
1122164.JHWF01000003_gene2108,Llan_2346,annotation&nbsp;not&nbsp;available,86.6
1122164.JHWF01000023_gene390,Llan_1258,annotation&nbsp;not&nbsp;available,86.6
1122164.JHWF01000002_gene885,coxC,annotation&nbsp;not&nbsp;available,86.6
1122164.JHWF01000007_gene1135,yqiX_1,annotation&nbsp;not&nbsp;available,86.6
1122164.JHWF01000022_gene1697,gshB,annotation&nbsp;not&nbsp;available,86.5
1122164.JHWF01000027_gene895,dnaX,DNA&nbsp;polymerase&nbsp;III&nbsp;subunit&nbsp;gamma/tau,86.4
1122164.JHWF01000005_gene118,ccmA,Cytochrome&nbsp;c&nbsp;biogenesis&nbsp;ATP-binding&nbsp;export&nbsp;protein&nbsp;CcmA,86.3
1122164.JHWF01000033_gene2280,Llan_0241,annotation&nbsp;not&nbsp;available,86.2
1122164.JHWF01000012_gene2643,ugpA,annotation&nbsp;not&nbsp;available,86.1
1122164.JHWF01000003_gene2069,atpD,ATP&nbsp;synthase&nbsp;subunit&nbsp;beta,86.1
1122164.JHWF01000009_gene993,etfB,annotation&nbsp;not&nbsp;available,86.0
1122164.JHWF01000011_gene2471,capD1,annotation&nbsp;not&nbsp;available,86.0
1122164.JHWF01000005_gene139,pntA,annotation&nbsp;not&nbsp;available,86.0
1122164.JHWF01000007_gene1078,cphA,annotation&nbsp;not&nbsp;available,86.0
1122164.JHWF01000014_gene1787,metC,annotation&nbsp;not&nbsp;available,85.9
1122164.JHWF01000026_gene354,Llan_0417,annotation&nbsp;not&nbsp;available,85.9
1122164.JHWF01000001_gene2018,carA,annotation&nbsp;not&nbsp;available,85.7
1122164.JHWF01000015_gene1623,petB,Cytochrome&nbsp;b,85.6
1122164.JHWF01000002_gene775,Llan_1709,annotation&nbsp;not&nbsp;available,85.6
1122164.JHWF01000006_gene245,Llan_1413,annotation&nbsp;not&nbsp;available,85.6
1122164.JHWF01000017_gene528,rpsK,30S&nbsp;ribosomal&nbsp;protein&nbsp;S11,85.6
1122164.JHWF01000012_gene2652,Llan_2167,annotation&nbsp;not&nbsp;available,85.6
1122164.JHWF01000015_gene1632,rpmI,annotation&nbsp;not&nbsp;available,85.5
1122164.JHWF01000001_gene1884,mdh,Malate&nbsp;dehydrogenase,85.5
1122164.JHWF01000022_gene1719,aroC,Chorismate&nbsp;synthase,85.4
1122164.JHWF01000007_gene1052,hemA,Glutamyl-tRNA&nbsp;reductase,85.3
1122164.JHWF01000003_gene2072,atpH,ATP&nbsp;synthase&nbsp;subunit&nbsp;delta,85.3
1122164.JHWF01000001_gene1961,ctc,50S&nbsp;ribosomal&nbsp;protein&nbsp;L25,85.2
1122164.JHWF01000009_gene959,Llan_0386,annotation&nbsp;not&nbsp;available,85.1
1122164.JHWF01000019_gene482,Llan_0006,annotation&nbsp;not&nbsp;available,84.9
1122164.JHWF01000037_gene58,glpD,annotation&nbsp;not&nbsp;available,84.7
1122164.JHWF01000045_gene1375,rpsG,30S&nbsp;ribosomal&nbsp;protein&nbsp;S7,84.7
1122164.JHWF01000017_gene521,rplF,50S&nbsp;ribosomal&nbsp;protein&nbsp;L6,84.7
1122164.JHWF01000001_gene1978,xseB,Exodeoxyribonuclease&nbsp;7&nbsp;small&nbsp;subunit,84.7
1122164.JHWF01000007_gene1056,bioC,Malonyl-[acyl-carrier&nbsp;protein]&nbsp;O-methyltransferase,84.7
1122164.JHWF01000001_gene2029,purQ,Phosphoribosylformylglycinamidine&nbsp;synthase&nbsp;subunit&nbsp;PurQ,84.6
1122164.JHWF01000007_gene1071,Llan_1556,annotation&nbsp;not&nbsp;available,84.5
1122164.JHWF01000031_gene2303,Llan_1753,annotation&nbsp;not&nbsp;available,84.4
1122164.JHWF01000008_gene1300,rnt,Ribonuclease&nbsp;T,84.4
1122164.JHWF01000014_gene1830,Llan_0081,annotation&nbsp;not&nbsp;available,84.4
1122164.JHWF01000009_gene1027,Llan_0318,annotation&nbsp;not&nbsp;available,84.3
1122164.JHWF01000058_gene2194,Llan_2077,annotation&nbsp;not&nbsp;available,84.3
1122164.JHWF01000032_gene2241,Llan_0278,annotation&nbsp;not&nbsp;available,84.3
1122164.JHWF01000034_gene2222,Llan_0802,annotation&nbsp;not&nbsp;available,84.2
1122164.JHWF01000024_gene2575,Llan_2537,annotation&nbsp;not&nbsp;available,84.2
1122164.JHWF01000002_gene875,metG,Methionine--tRNA&nbsp;ligase,83.8
1122164.JHWF01000030_gene2329,Llan_2447,annotation&nbsp;not&nbsp;available,83.8
1122164.JHWF01000003_gene2070,atpG,ATP&nbsp;synthase&nbsp;gamma&nbsp;chain,83.8
1122164.JHWF01000034_gene2204,Llan_0784,Putative&nbsp;glutamate--cysteine&nbsp;ligase&nbsp;2,83.7
1122164.JHWF01000013_gene1327,pyrE,Orotate&nbsp;phosphoribosyltransferase,83.7
1122164.JHWF01000029_gene727,ttdA,annotation&nbsp;not&nbsp;available,83.6
1122164.JHWF01000041_gene945,Llan_1043,30S&nbsp;ribosomal&nbsp;protein&nbsp;S1,83.6
1122164.JHWF01000019_gene444,metN,Methionine&nbsp;import&nbsp;ATP-binding&nbsp;protein&nbsp;MetN,83.5
1122164.JHWF01000014_gene1786,Llan_0125,annotation&nbsp;not&nbsp;available,83.4
1122164.JHWF01000002_gene816,cyc4,annotation&nbsp;not&nbsp;available,83.4
1122164.JHWF01000022_gene1723,Llan_1801,annotation&nbsp;not&nbsp;available,83.4
1122164.JHWF01000002_gene745,Llan_1738,annotation&nbsp;not&nbsp;available,83.4
1122164.JHWF01000005_gene195,Llan_0145,annotation&nbsp;not&nbsp;available,83.4
1122164.JHWF01000006_gene324,sdhD,Succinate&nbsp;dehydrogenase&nbsp;hydrophobic&nbsp;membrane&nbsp;anchor&nbsp;subunit,83.2
1122164.JHWF01000017_gene527,rpsM,30S&nbsp;ribosomal&nbsp;protein&nbsp;S13,83.2
1122164.JHWF01000004_gene34,Llan_1882,annotation&nbsp;not&nbsp;available,83.2
1122164.JHWF01000014_gene1818,ttg2D,annotation&nbsp;not&nbsp;available,83.0
1122164.JHWF01000030_gene2321,hutG,Formimidoylglutamase,83.0
1122164.JHWF01000019_gene447,Llan_0041,annotation&nbsp;not&nbsp;available,82.9
1122164.JHWF01000017_gene523,rpsE,30S&nbsp;ribosomal&nbsp;protein&nbsp;S5,82.8
1122164.JHWF01000009_gene992,etfA,annotation&nbsp;not&nbsp;available,82.8
1122164.JHWF01000020_gene1449,eno,Enolase,82.8
1122164.JHWF01000008_gene1247,Llan_2574,annotation&nbsp;not&nbsp;available,82.8
1122164.JHWF01000023_gene404,rpmF,annotation&nbsp;not&nbsp;available,82.7
1122164.JHWF01000019_gene449,speA,annotation&nbsp;not&nbsp;available,82.7
1122164.JHWF01000016_gene1539,pnp,Polyribonucleotide&nbsp;nucleotidyltransferase,82.6
1122164.JHWF01000014_gene1817,Llan_0094,annotation&nbsp;not&nbsp;available,82.6
1122164.JHWF01000016_gene1543,infB,Translation&nbsp;initiation&nbsp;factor&nbsp;IF-2,82.5
1122164.JHWF01000014_gene1827,trpG,annotation&nbsp;not&nbsp;available,82.5
1122164.JHWF01000021_gene1175,hmgA,annotation&nbsp;not&nbsp;available,82.5
1122164.JHWF01000001_gene1895,purH,annotation&nbsp;not&nbsp;available,82.4
1122164.JHWF01000027_gene918,Llan_1362,annotation&nbsp;not&nbsp;available,82.4
1122164.JHWF01000008_gene1223,Llan_2597,annotation&nbsp;not&nbsp;available,82.3
1122164.JHWF01000008_gene1283,rpiA,Ribose-5-phosphate&nbsp;isomerase&nbsp;A,82.3
1122164.JHWF01000004_gene27,Llan_1889,annotation&nbsp;not&nbsp;available,82.2
1122164.JHWF01000012_gene2663,Llan_2178,annotation&nbsp;not&nbsp;available,82.2
1122164.JHWF01000016_gene1553,nuoG,annotation&nbsp;not&nbsp;available,82.0
1122164.JHWF01000008_gene1291,dcd,annotation&nbsp;not&nbsp;available,82.0
1122164.JHWF01000009_gene1005,ftsI,"Peptidoglycan&nbsp;D,D-transpeptidase&nbsp;FtsI",82.0
1122164.JHWF01000006_gene338,panC,Pantothenate&nbsp;synthetase,81.9
1122164.JHWF01000031_gene2305,pta,annotation&nbsp;not&nbsp;available,81.8
1122164.JHWF01000005_gene150,Llan_0193,annotation&nbsp;not&nbsp;available,81.7
1122164.JHWF01000007_gene1153,ubiX,Flavin&nbsp;prenyltransferase&nbsp;UbiX,81.7
1122164.JHWF01000004_gene13,icd,annotation&nbsp;not&nbsp;available,81.7
1122164.JHWF01000002_gene888,coxB,Cytochrome&nbsp;c&nbsp;oxidase&nbsp;subunit&nbsp;2,81.6
1122164.JHWF01000019_gene443,metI,annotation&nbsp;not&nbsp;available,81.6
1122164.JHWF01000015_gene1630,pheS,annotation&nbsp;not&nbsp;available,81.6
1122164.JHWF01000020_gene1461,Llan_1017,annotation&nbsp;not&nbsp;available,81.6
1122164.JHWF01000025_gene84,gabD,annotation&nbsp;not&nbsp;available,81.5
1122164.JHWF01000045_gene1372,rpoB,DNA-directed&nbsp;RNA&nbsp;polymerase&nbsp;subunit&nbsp;beta,81.5
1122164.JHWF01000028_gene666,thi,annotation&nbsp;not&nbsp;available,81.4
1122164.JHWF01000012_gene2666,hisA,annotation&nbsp;not&nbsp;available,81.4
1122164.JHWF01000030_gene2337,thiL,Thiamine-monophosphate&nbsp;kinase,81.4
1122164.JHWF01000009_gene965,Llan_0380,annotation&nbsp;not&nbsp;available,81.3
1122164.JHWF01000037_gene57,trxA3,annotation&nbsp;not&nbsp;available,81.2
1122164.JHWF01000001_gene1962,rplU,50S&nbsp;ribosomal&nbsp;protein&nbsp;L21,81.1
1122164.JHWF01000007_gene1085,Llan_0763,annotation&nbsp;not&nbsp;available,80.8
1122164.JHWF01000022_gene1707,gpsA,annotation&nbsp;not&nbsp;available,80.8
1122164.JHWF01000001_gene2028,purC,annotation&nbsp;not&nbsp;available,80.7
1122164.JHWF01000053_gene1417,metH,annotation&nbsp;not&nbsp;available,80.6
1122164.JHWF01000017_gene519,rpsN,annotation&nbsp;not&nbsp;available,80.6
1122164.JHWF01000006_gene257,Llan_1424,annotation&nbsp;not&nbsp;available,80.6
1122164.JHWF01000045_gene1370,rplJ,50S&nbsp;ribosomal&nbsp;protein&nbsp;L10,80.5
1122164.JHWF01000025_gene67,Llan_1913,annotation&nbsp;not&nbsp;available,80.4
1122164.JHWF01000001_gene1958,ispB,annotation&nbsp;not&nbsp;available,80.2
1122164.JHWF01000006_gene322,sdhB,annotation&nbsp;not&nbsp;available,80.2
1122164.JHWF01000011_gene2539,nadA,Quinolinate&nbsp;synthase,80.1
1122164.JHWF01000001_gene1893,Llan_0659,Putative&nbsp;glutamate--cysteine&nbsp;ligase&nbsp;2,80.1
1122164.JHWF01000016_gene1550,nuoJ,annotation&nbsp;not&nbsp;available,80.0
1122164.JHWF01000023_gene395,Llan_1253,annotation&nbsp;not&nbsp;available,80.0
1122164.JHWF01000007_gene1120,Llan_0727,annotation&nbsp;not&nbsp;available,79.9
1122164.JHWF01000002_gene743,lptD,LPS-assembly&nbsp;protein&nbsp;LptD,79.8
1122164.JHWF01000018_gene615,zwf,Glucose-6-phosphate&nbsp;1-dehydrogenase,79.8
1122164.JHWF01000016_gene1563,glmM,Phosphoglucosamine&nbsp;mutase,79.8
1122164.JHWF01000009_gene990,ponA,annotation&nbsp;not&nbsp;available,79.8
1122164.JHWF01000017_gene539,Llan_2232,annotation&nbsp;not&nbsp;available,79.7
1122164.JHWF01000021_gene1179,surE,5'-nucleotidase&nbsp;SurE,79.7
1122164.JHWF01000015_gene1653,hemD,annotation&nbsp;not&nbsp;available,79.7
1122164.JHWF01000034_gene2225,ugpB,annotation&nbsp;not&nbsp;available,79.7
1122164.JHWF01000040_gene1393,yajC,annotation&nbsp;not&nbsp;available,79.6
1122164.JHWF01000019_gene453,Llan_0035,annotation&nbsp;not&nbsp;available,79.6
1122164.JHWF01000003_gene2180,Llan_2417,Formate&nbsp;dehydrogenase,79.5
1122164.JHWF01000001_gene1922,rpoN,RNA&nbsp;polymerase&nbsp;sigma-54&nbsp;factor,79.4
1122164.JHWF01000001_gene1877,dnaG,DNA&nbsp;primase,79.3
1122164.JHWF01000035_gene1748,Llan_1969,annotation&nbsp;not&nbsp;available,79.2
1122164.JHWF01000006_gene305,Llan_1472,annotation&nbsp;not&nbsp;available,79.2
1122164.JHWF01000011_gene2463,Llan_0436,annotation&nbsp;not&nbsp;available,79.2
1122164.JHWF01000035_gene1751,Llan_1966,annotation&nbsp;not&nbsp;available,79.2
1122164.JHWF01000001_gene2017,dnaJ,Chaperone&nbsp;protein&nbsp;DnaJ,79.1
1122164.JHWF01000054_gene1838,rpoZ,DNA-directed&nbsp;RNA&nbsp;polymerase&nbsp;subunit&nbsp;omega,79.1
1122164.JHWF01000002_gene794,tkt,Transketolase,78.8
1122164.JHWF01000016_gene1546,nuoN,NADH-quinone&nbsp;oxidoreductase&nbsp;subunit&nbsp;N,78.8
1122164.JHWF01000006_gene220,Llan_1388,annotation&nbsp;not&nbsp;available,78.7
1122164.JHWF01000017_gene520,rpsH,30S&nbsp;ribosomal&nbsp;protein&nbsp;S8,78.7
1122164.JHWF01000008_gene1308,rnr,Ribonuclease&nbsp;R,78.7
1122164.JHWF01000025_gene96,tolB,Protein&nbsp;TolB,78.7
1122164.JHWF01000010_gene2443,Llan_1990,annotation&nbsp;not&nbsp;available,78.6
1122164.JHWF01000011_gene2512,epsL,annotation&nbsp;not&nbsp;available,78.6
1122164.JHWF01000049_gene2356,trpA,Tryptophan&nbsp;synthase&nbsp;alpha&nbsp;chain,78.4
1122164.JHWF01000009_gene1041,rir1,Ribonucleoside-diphosphate&nbsp;reductase,78.4
1122164.JHWF01000011_gene2540,nadB,L-aspartate&nbsp;oxidase,78.4
1122164.JHWF01000026_gene372,Llan_0399,annotation&nbsp;not&nbsp;available,78.3
1122164.JHWF01000012_gene2664,hisB,annotation&nbsp;not&nbsp;available,78.2
1122164.JHWF01000008_gene1290,hipB,Integration&nbsp;host&nbsp;factor&nbsp;subunit&nbsp;beta,78.1
1122164.JHWF01000036_gene1673,fadA,annotation&nbsp;not&nbsp;available,78.1
1122164.JHWF01000014_gene1824,lptC,annotation&nbsp;not&nbsp;available,78.0
1122164.JHWF01000027_gene911,rplS,50S&nbsp;ribosomal&nbsp;protein&nbsp;L19,77.7
1122164.JHWF01000011_gene2531,Llan_0503,annotation&nbsp;not&nbsp;available,77.7
1122164.JHWF01000025_gene101,odpB,annotation&nbsp;not&nbsp;available,77.7
1122164.JHWF01000007_gene1125,Llan_0723,annotation&nbsp;not&nbsp;available,77.6
1122164.JHWF01000009_gene1042,Llan_0303,Ribonucleoside-diphosphate&nbsp;reductase&nbsp;subunit&nbsp;beta,77.6
1122164.JHWF01000027_gene901,Llan_1345,annotation&nbsp;not&nbsp;available,77.5
1122164.JHWF01000014_gene1783,Llan_0128,annotation&nbsp;not&nbsp;available,77.5
1122164.JHWF01000009_gene1029,Llan_0316,annotation&nbsp;not&nbsp;available,77.1
1122164.JHWF01000017_gene534,Llan_2237,annotation&nbsp;not&nbsp;available,77.0
1122164.JHWF01000050_gene1851,yggV,dITP/XTP&nbsp;pyrophosphatase,77.0
1122164.JHWF01000034_gene2219,Llan_0799,annotation&nbsp;not&nbsp;available,76.9
1122164.JHWF01000008_gene1275,Llan_1087,annotation&nbsp;not&nbsp;available,76.8
1122164.JHWF01000006_gene333,feoA,annotation&nbsp;not&nbsp;available,76.5
1122164.JHWF01000045_gene1366,secE,Protein&nbsp;translocase&nbsp;subunit&nbsp;SecE,76.2
1122164.JHWF01000017_gene516,rplN,50S&nbsp;ribosomal&nbsp;protein&nbsp;L14,76.0
1122164.JHWF01000016_gene1585,pepN,annotation&nbsp;not&nbsp;available,76.0
1122164.JHWF01000011_gene2501,Llan_0473,annotation&nbsp;not&nbsp;available,76.0
1122164.JHWF01000009_gene976,ileS,Isoleucine--tRNA&nbsp;ligase,75.8
1122164.JHWF01000007_gene1070,pepA,Probable&nbsp;cytosol&nbsp;aminopeptidase,75.8
1122164.JHWF01000022_gene1722,udk,annotation&nbsp;not&nbsp;available,75.8
1122164.JHWF01000031_gene2293,xapA,Purine&nbsp;nucleoside&nbsp;phosphorylase,75.7
1122164.JHWF01000017_gene511,rplV,50S&nbsp;ribosomal&nbsp;protein&nbsp;L22,75.7
1122164.JHWF01000016_gene1540,rpsO,30S&nbsp;ribosomal&nbsp;protein&nbsp;S15,75.7
1122164.JHWF01000003_gene2113,Llan_2351,annotation&nbsp;not&nbsp;available,75.7
1122164.JHWF01000006_gene270,Llan_1437,Peptide&nbsp;deformylase,75.6
1122164.JHWF01000006_gene282,ftsZ,Cell&nbsp;division&nbsp;protein&nbsp;FtsZ,75.6
1122164.JHWF01000021_gene1168,mltD,annotation&nbsp;not&nbsp;available,75.6
1122164.JHWF01000018_gene604,Llan_0825,annotation&nbsp;not&nbsp;available,75.5
1122164.JHWF01000043_gene1429,gor,annotation&nbsp;not&nbsp;available,75.4
1122164.JHWF01000001_gene2039,rph,Ribonuclease&nbsp;PH,75.4
1122164.JHWF01000003_gene2068,atpC,ATP&nbsp;synthase&nbsp;epsilon&nbsp;chain,75.3
1122164.JHWF01000002_gene802,dapB,4-hydroxy-tetrahydrodipicolinate&nbsp;reductase,75.2
1122164.JHWF01000022_gene1714,rne,annotation&nbsp;not&nbsp;available,75.2
1122164.JHWF01000006_gene227,Llan_1395,annotation&nbsp;not&nbsp;available,75.2
1122164.JHWF01000006_gene228,Llan_1396,annotation&nbsp;not&nbsp;available,75.1
1122164.JHWF01000007_gene1072,Llan_1557,annotation&nbsp;not&nbsp;available,75.1
1122164.JHWF01000017_gene505,rpsJ,30S&nbsp;ribosomal&nbsp;protein&nbsp;S10,75.0
1122164.JHWF01000031_gene2307,Llan_1750,annotation&nbsp;not&nbsp;available,75.0
1122164.JHWF01000007_gene1065,rpsT,30S&nbsp;ribosomal&nbsp;protein&nbsp;S20,75.0
1122164.JHWF01000003_gene2080,uvrB,UvrABC&nbsp;system&nbsp;protein&nbsp;B,75.0
1122164.JHWF01000016_gene1573,Llan_1150,annotation&nbsp;not&nbsp;available,74.9
1122164.JHWF01000017_gene574,uvrA,UvrABC&nbsp;system&nbsp;protein&nbsp;A,74.8
1122164.JHWF01000045_gene1374,rpsL,30S&nbsp;ribosomal&nbsp;protein&nbsp;S12,74.8
1122164.JHWF01000056_gene939,Llan_1048,annotation&nbsp;not&nbsp;available,74.8
1122164.JHWF01000025_gene100,odp,annotation&nbsp;not&nbsp;available,74.7
1122164.JHWF01000051_gene2355,algC,annotation&nbsp;not&nbsp;available,74.7
1122164.JHWF01000001_gene2027,purF,Amidophosphoribosyltransferase,74.6
1122164.JHWF01000001_gene1913,ptsH,annotation&nbsp;not&nbsp;available,74.4
1122164.JHWF01000021_gene1177,rpoS,annotation&nbsp;not&nbsp;available,74.2
1122164.JHWF01000006_gene323,sdhA_2,annotation&nbsp;not&nbsp;available,74.2
1122164.JHWF01000009_gene1012,Llan_0333,annotation&nbsp;not&nbsp;available,74.1
1122164.JHWF01000017_gene514,rpmC,annotation&nbsp;not&nbsp;available,74.1
1122164.JHWF01000016_gene1561,tpi,Triosephosphate&nbsp;isomerase,74.1
1122164.JHWF01000008_gene1261,yciA,annotation&nbsp;not&nbsp;available,74.1
1122164.JHWF01000036_gene1665,Llan_1858,annotation&nbsp;not&nbsp;available,74.1
1122164.JHWF01000004_gene14,clpS,ATP-dependent&nbsp;Clp&nbsp;protease&nbsp;adapter&nbsp;protein&nbsp;ClpS,74.0
1122164.JHWF01000004_gene15,Llan_1902,annotation&nbsp;not&nbsp;available,74.0
1122164.JHWF01000045_gene1369,rplA,50S&nbsp;ribosomal&nbsp;protein&nbsp;L1,73.8
1122164.JHWF01000036_gene1674,Llan_1849,annotation&nbsp;not&nbsp;available,73.8
1122164.JHWF01000010_gene2391,Llan_0947,Acetate&nbsp;kinase,73.8
1122164.JHWF01000019_gene452,Llan_0036,annotation&nbsp;not&nbsp;available,73.8
1122164.JHWF01000027_gene907,ffh,Signal&nbsp;recognition&nbsp;particle&nbsp;protein,73.6
1122164.JHWF01000006_gene217,Llan_1385,annotation&nbsp;not&nbsp;available,73.6
1122164.JHWF01000028_gene661,Llan_1590,annotation&nbsp;not&nbsp;available,73.6
1122164.JHWF01000021_gene1196,cpdA,annotation&nbsp;not&nbsp;available,73.6
1122164.JHWF01000011_gene2529,accA,Acetyl-coenzyme&nbsp;A&nbsp;carboxylase&nbsp;carboxyl&nbsp;transferase&nbsp;subunit&nbsp;alpha,73.5
1122164.JHWF01000010_gene2379,bamB,Outer&nbsp;membrane&nbsp;protein&nbsp;assembly&nbsp;factor&nbsp;BamB,73.5
1122164.JHWF01000022_gene1705,grx,Glutaredoxin,73.5
1122164.JHWF01000009_gene991,ald,annotation&nbsp;not&nbsp;available,73.4
1122164.JHWF01000014_gene1788,Llan_0123,annotation&nbsp;not&nbsp;available,73.2
1122164.JHWF01000010_gene2400,prpC,annotation&nbsp;not&nbsp;available,73.2
1122164.JHWF01000030_gene2336,nusB,Transcription&nbsp;antitermination&nbsp;protein&nbsp;NusB,73.1
1122164.JHWF01000012_gene2650,gatB,Aspartyl/glutamyl-tRNA(Asn/Gln)&nbsp;amidotransferase&nbsp;subunit&nbsp;B,73.0
1122164.JHWF01000005_gene129,recQ,annotation&nbsp;not&nbsp;available,73.0
1122164.JHWF01000041_gene948,pyrF,Orotidine&nbsp;5'-phosphate&nbsp;decarboxylase,72.9
1122164.JHWF01000006_gene283,ftsA,Cell&nbsp;division&nbsp;protein&nbsp;FtsA,72.9
1122164.JHWF01000044_gene1410,accD,Acetyl-coenzyme&nbsp;A&nbsp;carboxylase&nbsp;carboxyl&nbsp;transferase&nbsp;subunit&nbsp;beta,72.9
1122164.JHWF01000022_gene1737,Llan_1788,annotation&nbsp;not&nbsp;available,72.6
1122164.JHWF01000007_gene1104,dapA,4-hydroxy-tetrahydrodipicolinate&nbsp;synthase,72.6
1122164.JHWF01000014_gene1832,rtxA-1,annotation&nbsp;not&nbsp;available,72.5
1122164.JHWF01000047_gene700,ribD,Riboflavin&nbsp;biosynthesis&nbsp;protein&nbsp;RibD,72.5
1122164.JHWF01000011_gene2538,btuE,annotation&nbsp;not&nbsp;available,72.5
1122164.JHWF01000007_gene1114,Llan_0733,annotation&nbsp;not&nbsp;available,72.5
1122164.JHWF01000027_gene922,budB_2,annotation&nbsp;not&nbsp;available,72.4
1122164.JHWF01000002_gene797,pykA,annotation&nbsp;not&nbsp;available,72.3
1122164.JHWF01000016_gene1560,secG,annotation&nbsp;not&nbsp;available,72.3
1122164.JHWF01000019_gene456,atoB,annotation&nbsp;not&nbsp;available,72.3
1122164.JHWF01000027_gene934,argH,annotation&nbsp;not&nbsp;available,72.3
1122164.JHWF01000003_gene2075,atpB,ATP&nbsp;synthase&nbsp;subunit&nbsp;a,72.2
1122164.JHWF01000001_gene1898,accB,Biotin&nbsp;carboxyl&nbsp;carrier&nbsp;protein&nbsp;of&nbsp;acetyl-CoA&nbsp;carboxylase,72.2
1122164.JHWF01000006_gene225,rpmE,50S&nbsp;ribosomal&nbsp;protein&nbsp;L31,72.0
1122164.JHWF01000007_gene1123,gltX,Glutamate--tRNA&nbsp;ligase,72.0
1122164.JHWF01000002_gene886,Llan_1598,annotation&nbsp;not&nbsp;available,71.7
1122164.JHWF01000003_gene2148,mnmE,tRNA&nbsp;modification&nbsp;GTPase&nbsp;MnmE,71.5
1122164.JHWF01000010_gene2424,ala,annotation&nbsp;not&nbsp;available,71.5
1122164.JHWF01000032_gene2234,Llan_0270,annotation&nbsp;not&nbsp;available,71.5
1122164.JHWF01000012_gene2638,fadE,annotation&nbsp;not&nbsp;available,71.4
1122164.JHWF01000037_gene46,Llan_1064,annotation&nbsp;not&nbsp;available,71.4
1122164.JHWF01000007_gene1146,yliI,annotation&nbsp;not&nbsp;available,71.4
1122164.JHWF01000001_gene2019,metK,S-adenosylmethionine&nbsp;synthase,71.3
1122164.JHWF01000022_gene1715,Llan_1809,annotation&nbsp;not&nbsp;available,71.3
1122164.JHWF01000003_gene2149,oxaA,Membrane&nbsp;protein&nbsp;insertase&nbsp;YidC,71.2
1122164.JHWF01000010_gene2428,relA,GTP&nbsp;pyrophosphokinase,71.1
1122164.JHWF01000017_gene512,rpsC,30S&nbsp;ribosomal&nbsp;protein&nbsp;S3,71.1
1122164.JHWF01000011_gene2492,gmd,"GDP-mannose&nbsp;4,6-dehydratase",71.0
1122164.JHWF01000007_gene1101,Llan_0747,annotation&nbsp;not&nbsp;available,70.9
1122164.JHWF01000006_gene289,murD,UDP-N-acetylmuramoylalanine--D-glutamate&nbsp;ligase,70.6
1122164.JHWF01000023_gene402,fabH,3-oxoacyl-[acyl-carrier-protein]&nbsp;synthase&nbsp;3,70.6
1122164.JHWF01000004_gene19,potC,annotation&nbsp;not&nbsp;available,70.5
1122164.JHWF01000018_gene636,Llan_0858,annotation&nbsp;not&nbsp;available,70.5
1122164.JHWF01000007_gene1099,Llan_0749,annotation&nbsp;not&nbsp;available,70.3
1122164.JHWF01000005_gene124,ccmG,annotation&nbsp;not&nbsp;available,70.3
1122164.JHWF01000002_gene879,gidA,tRNA&nbsp;uridine&nbsp;5-carboxymethylaminomethyl&nbsp;modification&nbsp;enzyme&nbsp;MnmG,70.2
1122164.JHWF01000005_gene132,Llan_0211,annotation&nbsp;not&nbsp;available,70.2
1122164.JHWF01000004_gene35,Llan_1881,annotation&nbsp;not&nbsp;available,70.1
1122164.JHWF01000017_gene524,rpmD,annotation&nbsp;not&nbsp;available,70.1
1122164.JHWF01000003_gene2071,atpA,annotation&nbsp;not&nbsp;available,70.0
1122164.JHWF01000001_gene1939,bamA,Outer&nbsp;membrane&nbsp;protein&nbsp;assembly&nbsp;factor&nbsp;BamA,69.8
1122164.JHWF01000028_gene674,Llan_1577,annotation&nbsp;not&nbsp;available,69.7
1122164.JHWF01000001_gene2026,purD,annotation&nbsp;not&nbsp;available,69.6
1122164.JHWF01000020_gene1463,fni,Isopentenyl-diphosphate&nbsp;delta-isomerase,69.6
1122164.JHWF01000045_gene1368,rplK,50S&nbsp;ribosomal&nbsp;protein&nbsp;L11,69.5
1122164.JHWF01000025_gene76,rplI,50S&nbsp;ribosomal&nbsp;protein&nbsp;L9,69.5
1122164.JHWF01000016_gene1529,Llan_1194,annotation&nbsp;not&nbsp;available,69.4
1122164.JHWF01000002_gene844,fabF_2,annotation&nbsp;not&nbsp;available,69.4
1122164.JHWF01000026_gene359,Llan_0412,annotation&nbsp;not&nbsp;available,69.3
1122164.JHWF01000006_gene276,Llan_1443,annotation&nbsp;not&nbsp;available,69.2
1122164.JHWF01000033_gene2267,Llan_0254,annotation&nbsp;not&nbsp;available,69.2
1122164.JHWF01000002_gene796,pgk,annotation&nbsp;not&nbsp;available,69.0
1122164.JHWF01000026_gene382,Llan_0389,annotation&nbsp;not&nbsp;available,68.9
1122164.JHWF01000005_gene131,Llan_0212,annotation&nbsp;not&nbsp;available,68.8
1122164.JHWF01000040_gene1389,hisC-2,annotation&nbsp;not&nbsp;available,68.6
1122164.JHWF01000012_gene2641,ugpC,annotation&nbsp;not&nbsp;available,68.6
1122164.JHWF01000005_gene137,pntB,NAD(P)&nbsp;transhydrogenase&nbsp;subunit&nbsp;beta,68.6
1122164.JHWF01000016_gene1551,nuoI,NADH-quinone&nbsp;oxidoreductase&nbsp;subunit&nbsp;I,68.4
1122164.JHWF01000007_gene1074,carB,annotation&nbsp;not&nbsp;available,68.4
1122164.JHWF01000015_gene1631,rplT,50S&nbsp;ribosomal&nbsp;protein&nbsp;L20,68.3
1122164.JHWF01000015_gene1633,infC,Translation&nbsp;initiation&nbsp;factor&nbsp;IF-3,68.3
1122164.JHWF01000019_gene457,Llan_0031,annotation&nbsp;not&nbsp;available,68.3
1122164.JHWF01000012_gene2615,pyrH,Uridylate&nbsp;kinase,68.1
1122164.JHWF01000012_gene2658,Llan_2173,annotation&nbsp;not&nbsp;available,68.0
1122164.JHWF01000001_gene2037,proC,Pyrroline-5-carboxylate&nbsp;reductase,67.7
1122164.JHWF01000001_gene1932,add_1,annotation&nbsp;not&nbsp;available,67.7
1122164.JHWF01000021_gene1170,lrpR,annotation&nbsp;not&nbsp;available,67.6
1122164.JHWF01000029_gene724,Llan_2091,annotation&nbsp;not&nbsp;available,67.6
1122164.JHWF01000035_gene1749,Llan_1968,annotation&nbsp;not&nbsp;available,67.5
1122164.JHWF01000025_gene71,Llan_1917,annotation&nbsp;not&nbsp;available,67.4
1122164.JHWF01000001_gene1912,pssA,annotation&nbsp;not&nbsp;available,67.4
1122164.JHWF01000020_gene1494,polX,annotation&nbsp;not&nbsp;available,67.4
1122164.JHWF01000002_gene747,Llan_1736,annotation&nbsp;not&nbsp;available,67.3
1122164.JHWF01000011_gene2460,Llan_0433,annotation&nbsp;not&nbsp;available,67.3
1122164.JHWF01000002_gene813,Llan_1673,annotation&nbsp;not&nbsp;available,67.3
1122164.JHWF01000048_gene495,Llan_2274,annotation&nbsp;not&nbsp;available,67.2
1122164.JHWF01000035_gene1759,glyQ,annotation&nbsp;not&nbsp;available,67.2
1122164.JHWF01000031_gene2306,ack,Acetate&nbsp;kinase,67.2
1122164.JHWF01000001_gene1881,plsY,Glycerol-3-phosphate&nbsp;acyltransferase,66.9
1122164.JHWF01000018_gene600,secA,Protein&nbsp;translocase&nbsp;subunit&nbsp;SecA,66.9
1122164.JHWF01000025_gene102,odpA,annotation&nbsp;not&nbsp;available,66.9
1122164.JHWF01000011_gene2541,purB,annotation&nbsp;not&nbsp;available,66.6
1122164.JHWF01000014_gene1808,capD,annotation&nbsp;not&nbsp;available,66.5
1122164.JHWF01000023_gene401,fabD,annotation&nbsp;not&nbsp;available,66.5
1122164.JHWF01000031_gene2294,cdd,Cytidine&nbsp;deaminase,66.4
1122164.JHWF01000017_gene510,rpsS,30S&nbsp;ribosomal&nbsp;protein&nbsp;S19,66.2
1122164.JHWF01000014_gene1804,csaA,annotation&nbsp;not&nbsp;available,66.2
1122164.JHWF01000006_gene318,sucD,Succinate--CoA&nbsp;ligase&nbsp;[ADP-forming]&nbsp;subunit&nbsp;alpha,66.0
1122164.JHWF01000016_gene1559,nuoA,NADH-quinone&nbsp;oxidoreductase&nbsp;subunit&nbsp;A,65.9
1122164.JHWF01000025_gene74,rpsR,30S&nbsp;ribosomal&nbsp;protein&nbsp;S18,65.9
1122164.JHWF01000003_gene2140,petE,annotation&nbsp;not&nbsp;available,65.8
1122164.JHWF01000017_gene529,rpsD,30S&nbsp;ribosomal&nbsp;protein&nbsp;S4,65.6
1122164.JHWF01000008_gene1264,glmS,Glutamine--fructose-6-phosphate&nbsp;aminotransferase&nbsp;[isomerizing],65.5
1122164.JHWF01000001_gene1989,Llan_0565,annotation&nbsp;not&nbsp;available,65.4
1122164.JHWF01000019_gene442,Llan_0046,annotation&nbsp;not&nbsp;available,65.4
1122164.JHWF01000034_gene2220,lly,annotation&nbsp;not&nbsp;available,65.4
1122164.JHWF01000009_gene1017,clpB,Chaperone&nbsp;protein&nbsp;ClpB,65.3
1122164.JHWF01000053_gene1419,Llan_2611,annotation&nbsp;not&nbsp;available,65.3
1122164.JHWF01000012_gene2616,tsf,Elongation&nbsp;factor&nbsp;Ts,65.3
1122164.JHWF01000031_gene2299,Llan_1757,annotation&nbsp;not&nbsp;available,65.3
1122164.JHWF01000037_gene49,Llan_1061,Pyruvate&nbsp;dehydrogenase&nbsp;E1&nbsp;component,65.0
1122164.JHWF01000003_gene2152,JHWF01000003_gene2152,annotation&nbsp;not&nbsp;available,65.0
1122164.JHWF01000011_gene2522,pgi,annotation&nbsp;not&nbsp;available,65.0
1122164.JHWF01000012_gene2639,Llan_2153,annotation&nbsp;not&nbsp;available,64.9
1122164.JHWF01000006_gene334,Llan_1501,annotation&nbsp;not&nbsp;available,64.9
1122164.JHWF01000008_gene1285,cysK,annotation&nbsp;not&nbsp;available,64.9
1122164.JHWF01000004_gene32,ligA,DNA&nbsp;ligase,64.8
1122164.JHWF01000011_gene2494,cotSA,annotation&nbsp;not&nbsp;available,64.8
1122164.JHWF01000006_gene250,JHWF01000006_gene250,annotation&nbsp;not&nbsp;available,64.7
1122164.JHWF01000010_gene2388,kdgK,annotation&nbsp;not&nbsp;available,64.7
1122164.JHWF01000030_gene2334,glyA,Serine&nbsp;hydroxymethyltransferase,64.7
1122164.JHWF01000005_gene187,Llan_0153,annotation&nbsp;not&nbsp;available,64.7
1122164.JHWF01000002_gene846,polA,DNA&nbsp;polymerase&nbsp;I,64.6
1122164.JHWF01000010_gene2402,proB,Glutamate&nbsp;5-kinase,64.6
1122164.JHWF01000006_gene233,hslU,ATP-dependent&nbsp;protease&nbsp;ATPase&nbsp;subunit&nbsp;HslU,64.6
1122164.JHWF01000007_gene1138,Llan_0709,annotation&nbsp;not&nbsp;available,64.5
1122164.JHWF01000012_gene2665,Llan_2180,Imidazole&nbsp;glycerol&nbsp;phosphate&nbsp;synthase&nbsp;subunit&nbsp;HisH,64.3
1122164.JHWF01000025_gene103,pabB,annotation&nbsp;not&nbsp;available,64.2
1122164.JHWF01000014_gene1829,trpC,annotation&nbsp;not&nbsp;available,64.2
1122164.JHWF01000007_gene1084,Llan_0764,annotation&nbsp;not&nbsp;available,64.2
1122164.JHWF01000019_gene478,tdh,L-threonine&nbsp;3-dehydrogenase,63.9
1122164.JHWF01000026_gene374,pyrB,annotation&nbsp;not&nbsp;available,63.7
1122164.JHWF01000007_gene1139,Llan_0708,annotation&nbsp;not&nbsp;available,63.6
1122164.JHWF01000033_gene2277,Llan_0244,annotation&nbsp;not&nbsp;available,63.6
1122164.JHWF01000021_gene1172,ruvA,Holliday&nbsp;junction&nbsp;ATP-dependent&nbsp;DNA&nbsp;helicase&nbsp;RuvA,63.6
1122164.JHWF01000058_gene2195,Llan_2076,annotation&nbsp;not&nbsp;available,63.6
1122164.JHWF01000018_gene585,bioD,ATP-dependent&nbsp;dethiobiotin&nbsp;synthetase&nbsp;BioD,63.5
1122164.JHWF01000012_gene2648,gatC,Aspartyl/glutamyl-tRNA(Asn/Gln)&nbsp;amidotransferase&nbsp;subunit&nbsp;C,63.4
1122164.JHWF01000036_gene1666,lptE,LPS-assembly&nbsp;lipoprotein&nbsp;LptE,63.4
1122164.JHWF01000016_gene1544,nusA,Transcription&nbsp;termination/antitermination&nbsp;protein&nbsp;NusA,63.2
1122164.JHWF01000017_gene541,Llan_2230,annotation&nbsp;not&nbsp;available,63.2
1122164.JHWF01000004_gene37,tdcB,annotation&nbsp;not&nbsp;available,63.1
1122164.JHWF01000015_gene1626,rplM,50S&nbsp;ribosomal&nbsp;protein&nbsp;L13,63.1
1122164.JHWF01000018_gene598,Llan_0819,annotation&nbsp;not&nbsp;available,63.1
1122164.JHWF01000012_gene2672,bamD,Outer&nbsp;membrane&nbsp;protein&nbsp;assembly&nbsp;factor&nbsp;BamD,63.0
1122164.JHWF01000002_gene830,gcvT,Aminomethyltransferase,62.9
1122164.JHWF01000025_gene68,yfcX,annotation&nbsp;not&nbsp;available,62.8
1122164.JHWF01000039_gene1771,Llan_2050,annotation&nbsp;not&nbsp;available,62.8
1122164.JHWF01000010_gene2392,Llan_0948,Phosphate&nbsp;acetyltransferase,62.7
1122164.JHWF01000023_gene419,Llan_1230,annotation&nbsp;not&nbsp;available,62.6
1122164.JHWF01000008_gene1276,Llan_1088,annotation&nbsp;not&nbsp;available,62.4
1122164.JHWF01000015_gene1628,himA,Integration&nbsp;host&nbsp;factor&nbsp;subunit&nbsp;alpha,62.3
1122164.JHWF01000027_gene933,argG,annotation&nbsp;not&nbsp;available,62.3
1122164.JHWF01000035_gene1750,Llan_1967,annotation&nbsp;not&nbsp;available,62.3
1122164.JHWF01000003_gene2045,Llan_2284,annotation&nbsp;not&nbsp;available,62.2
1122164.JHWF01000056_gene938,gltA,annotation&nbsp;not&nbsp;available,62.1
1122164.JHWF01000003_gene2096,coq7,"2-nonaprenyl-3-methyl-6-methoxy-1,4-benzoquinol&nbsp;hydroxylase",61.9
1122164.JHWF01000007_gene1080,iaaA,annotation&nbsp;not&nbsp;available,61.8
1122164.JHWF01000003_gene2074,atpE,ATP&nbsp;synthase&nbsp;subunit&nbsp;c,61.7
1122164.JHWF01000021_gene1171,qseC,annotation&nbsp;not&nbsp;available,61.7
1122164.JHWF01000012_gene2617,rpsB,annotation&nbsp;not&nbsp;available,61.7
1122164.JHWF01000005_gene120,ccmC,Heme&nbsp;exporter&nbsp;protein&nbsp;C,61.6
1122164.JHWF01000001_gene2015,grpE,Protein&nbsp;GrpE,61.6
1122164.JHWF01000012_gene2614,frr,Ribosome-recycling&nbsp;factor,61.6
1122164.JHWF01000003_gene2097,Llan_2335,annotation&nbsp;not&nbsp;available,61.5
1122164.JHWF01000033_gene2265,mutS,DNA&nbsp;mismatch&nbsp;repair&nbsp;protein&nbsp;MutS,61.5
1122164.JHWF01000023_gene409,dnaQ,DNA&nbsp;polymerase&nbsp;III&nbsp;subunit&nbsp;epsilon,61.3
1122164.JHWF01000015_gene1629,pheT,annotation&nbsp;not&nbsp;available,61.3
1122164.JHWF01000040_gene1392,secD,Protein&nbsp;translocase&nbsp;subunit&nbsp;SecD,61.3
1122164.JHWF01000005_gene138,pnaB,annotation&nbsp;not&nbsp;available,61.3
1122164.JHWF01000024_gene2560,Llan_2067,annotation&nbsp;not&nbsp;available,61.2
1122164.JHWF01000001_gene2020,ahcY,Adenosylhomocysteinase,61.2
1122164.JHWF01000001_gene1908,alf1,annotation&nbsp;not&nbsp;available,61.2
1122164.JHWF01000037_gene51,lpdA,annotation&nbsp;not&nbsp;available,61.1
1122164.JHWF01000019_gene451,mvaB,annotation&nbsp;not&nbsp;available,61.1
1122164.JHWF01000014_gene1831,glsA,annotation&nbsp;not&nbsp;available,61.0
1122164.JHWF01000005_gene108,dnaE,annotation&nbsp;not&nbsp;available,61.0
1122164.JHWF01000027_gene908,rpsP,annotation&nbsp;not&nbsp;available,61.0
1122164.JHWF01000007_gene1054,Llan_1539,annotation&nbsp;not&nbsp;available,60.7
1122164.JHWF01000009_gene966,korA,annotation&nbsp;not&nbsp;available,60.7
1122164.JHWF01000016_gene1535,ppa,Inorganic&nbsp;pyrophosphatase,60.6
1122164.JHWF01000001_gene2016,dnaK,Chaperone&nbsp;protein&nbsp;DnaK,60.6
1122164.JHWF01000011_gene2504,Llan_0476,annotation&nbsp;not&nbsp;available,60.5
1122164.JHWF01000021_gene1159,JHWF01000021_gene1159,annotation&nbsp;not&nbsp;available,60.5
1122164.JHWF01000021_gene1173,ruvC,Crossover&nbsp;junction&nbsp;endodeoxyribonuclease&nbsp;RuvC,60.4
1122164.JHWF01000020_gene1444,add_2,annotation&nbsp;not&nbsp;available,60.4
1122164.JHWF01000017_gene509,rplB,50S&nbsp;ribosomal&nbsp;protein&nbsp;L2,60.4
1122164.JHWF01000002_gene831,gcvH,Glycine&nbsp;cleavage&nbsp;system&nbsp;H&nbsp;protein,60.3
1122164.JHWF01000003_gene2056,ubiD,annotation&nbsp;not&nbsp;available,60.2
1122164.JHWF01000002_gene867,asg,annotation&nbsp;not&nbsp;available,60.2
1122164.JHWF01000005_gene113,fleQ,annotation&nbsp;not&nbsp;available,60.0
1122164.JHWF01000012_gene2668,hisE,annotation&nbsp;not&nbsp;available,60.0
1122164.JHWF01000023_gene396,tmk,Thymidylate&nbsp;kinase,59.9
1122164.JHWF01000001_gene1907,Llan_0645,annotation&nbsp;not&nbsp;available,59.9
1122164.JHWF01000014_gene1828,trpD,Anthranilate&nbsp;phosphoribosyltransferase,59.9
1122164.JHWF01000028_gene679,Llan_1572,annotation&nbsp;not&nbsp;available,59.9
1122164.JHWF01000030_gene2330,acrA,annotation&nbsp;not&nbsp;available,59.7
1122164.JHWF01000018_gene597,Llan_0818,annotation&nbsp;not&nbsp;available,59.7
1122164.JHWF01000001_gene1924,rpmB,annotation&nbsp;not&nbsp;available,59.6
1122164.JHWF01000002_gene758,Llan_1725,annotation&nbsp;not&nbsp;available,59.6
1122164.JHWF01000007_gene1110,Llan_0737,annotation&nbsp;not&nbsp;available,59.5
1122164.JHWF01000029_gene728,mhpC_3,annotation&nbsp;not&nbsp;available,59.5
1122164.JHWF01000017_gene513,rplP,50S&nbsp;ribosomal&nbsp;protein&nbsp;L16,59.4
1122164.JHWF01000012_gene2662,hisD,Histidinol&nbsp;dehydrogenase,59.4
1122164.JHWF01000017_gene507,rplD,50S&nbsp;ribosomal&nbsp;protein&nbsp;L4,59.3
1122164.JHWF01000020_gene1462,Llan_1016,annotation&nbsp;not&nbsp;available,59.3
1122164.JHWF01000015_gene1650,Llan_1324,annotation&nbsp;not&nbsp;available,59.0
1122164.JHWF01000005_gene144,Llan_0199,annotation&nbsp;not&nbsp;available,59.0
1122164.JHWF01000012_gene2624,guaA,GMP&nbsp;synthase&nbsp;[glutamine-hydrolyzing],58.8
1122164.JHWF01000007_gene1068,Llan_1553,annotation&nbsp;not&nbsp;available,58.8
1122164.JHWF01000015_gene1660,engC,Small&nbsp;ribosomal&nbsp;subunit&nbsp;biogenesis&nbsp;GTPase&nbsp;RsgA,58.8
1122164.JHWF01000005_gene154,Llan_0189,annotation&nbsp;not&nbsp;available,58.8
1122164.JHWF01000053_gene1421,rocG,annotation&nbsp;not&nbsp;available,58.8
1122164.JHWF01000014_gene1822,kdsD,annotation&nbsp;not&nbsp;available,58.7
1122164.JHWF01000001_gene1935,gpmI,"2,3-bisphosphoglycerate-independent&nbsp;phosphoglycerate&nbsp;mutase",58.5
1122164.JHWF01000006_gene264,dacB,annotation&nbsp;not&nbsp;available,58.5
1122164.JHWF01000001_gene1976,Llan_0576,annotation&nbsp;not&nbsp;available,58.5
1122164.JHWF01000005_gene119,ccmB,Heme&nbsp;exporter&nbsp;protein&nbsp;B,58.4
1122164.JHWF01000015_gene1652,hemC,Porphobilinogen&nbsp;deaminase,58.4
1122164.JHWF01000012_gene2623,tadA,tRNA-specific&nbsp;adenosine&nbsp;deaminase,58.4
1122164.JHWF01000009_gene981,Llan_0364,annotation&nbsp;not&nbsp;available,58.3
1122164.JHWF01000007_gene1147,ykoU,annotation&nbsp;not&nbsp;available,58.3
1122164.JHWF01000021_gene1161,trpF,annotation&nbsp;not&nbsp;available,58.2
1122164.JHWF01000001_gene2006,argS,annotation&nbsp;not&nbsp;available,58.1
1122164.JHWF01000001_gene1897,Llan_0655,annotation&nbsp;not&nbsp;available,58.0
1122164.JHWF01000033_gene2259,lysAC_2,annotation&nbsp;not&nbsp;available,57.8
1122164.JHWF01000047_gene699,ribE,annotation&nbsp;not&nbsp;available,57.7
1122164.JHWF01000037_gene45,Llan_1065,annotation&nbsp;not&nbsp;available,57.7
1122164.JHWF01000033_gene2268,recA,Protein&nbsp;RecA,57.7
1122164.JHWF01000012_gene2634,Llan_2148,annotation&nbsp;not&nbsp;available,57.6
1122164.JHWF01000037_gene56,adk,Adenylate&nbsp;kinase,57.6
1122164.JHWF01000028_gene686,nadE,Glutamine-dependent&nbsp;NAD(+)&nbsp;synthetase,57.6
1122164.JHWF01000007_gene1155,Llan_0692,annotation&nbsp;not&nbsp;available,57.6
1122164.JHWF01000005_gene134,prfC,Peptide&nbsp;chain&nbsp;release&nbsp;factor&nbsp;3,57.6
1122164.JHWF01000025_gene85,Llan_1931,annotation&nbsp;not&nbsp;available,57.5
1122164.JHWF01000021_gene1160,trpB,Tryptophan&nbsp;synthase&nbsp;beta&nbsp;chain,57.4
1122164.JHWF01000005_gene130,acdA,annotation&nbsp;not&nbsp;available,57.4
1122164.JHWF01000015_gene1616,mutL,DNA&nbsp;mismatch&nbsp;repair&nbsp;protein&nbsp;MutL,57.3
1122164.JHWF01000017_gene508,rplW,50S&nbsp;ribosomal&nbsp;protein&nbsp;L23,57.3
1122164.JHWF01000018_gene586,bioH,annotation&nbsp;not&nbsp;available,57.3
1122164.JHWF01000012_gene2610,astA,annotation&nbsp;not&nbsp;available,57.2
1122164.JHWF01000019_gene475,Llan_0013,annotation&nbsp;not&nbsp;available,57.2
1122164.JHWF01000041_gene944,cmk,annotation&nbsp;not&nbsp;available,57.1
1122164.JHWF01000017_gene567,Llan_2204,annotation&nbsp;not&nbsp;available,57.1
1122164.JHWF01000006_gene262,Llan_1429,D-alanyl-D-alanine&nbsp;dipeptidase,57.0
1122164.JHWF01000002_gene820,Llan_1666,annotation&nbsp;not&nbsp;available,56.9
1122164.JHWF01000019_gene484,Llan_0004,annotation&nbsp;not&nbsp;available,56.9
1122164.JHWF01000001_gene1977,Llan_0575,annotation&nbsp;not&nbsp;available,56.9
1122164.JHWF01000020_gene1460,Llan_1018,annotation&nbsp;not&nbsp;available,56.8
1122164.JHWF01000006_gene320,sucB,Dihydrolipoyllysine-residue&nbsp;succinyltransferase&nbsp;component&nbsp;of&nbsp;2-oxoglutarate&nbsp;dehydrogenase&nbsp;complex,56.7
1122164.JHWF01000001_gene1997,Llan_0557,annotation&nbsp;not&nbsp;available,56.7
1122164.JHWF01000003_gene2044,Llan_2283,Lipoprotein-releasing&nbsp;system&nbsp;ATP-binding&nbsp;protein&nbsp;LolD,56.4
1122164.JHWF01000017_gene525,rplO,50S&nbsp;ribosomal&nbsp;protein&nbsp;L15,56.3
1122164.JHWF01000012_gene2649,gatA,Glutamyl-tRNA(Gln)&nbsp;amidotransferase&nbsp;subunit&nbsp;A,56.3
1122164.JHWF01000035_gene1760,glyS,annotation&nbsp;not&nbsp;available,56.0
1122164.JHWF01000004_gene20,potB,annotation&nbsp;not&nbsp;available,56.0
1122164.JHWF01000012_gene2625,guaB,Inosine-5'-monophosphate&nbsp;dehydrogenase,56.0
1122164.JHWF01000006_gene299,fabG_4,annotation&nbsp;not&nbsp;available,56.0
1122164.JHWF01000029_gene726,fumB,annotation&nbsp;not&nbsp;available,55.8
1122164.JHWF01000024_gene2572,artJ_2,annotation&nbsp;not&nbsp;available,55.8
1122164.JHWF01000030_gene2314,fadH,annotation&nbsp;not&nbsp;available,55.7
1122164.JHWF01000036_gene1686,glnA,annotation&nbsp;not&nbsp;available,55.7
1122164.JHWF01000008_gene1225,apc3,annotation&nbsp;not&nbsp;available,55.6
1122164.JHWF01000027_gene932,Llan_1376,annotation&nbsp;not&nbsp;available,55.4
1122164.JHWF01000016_gene1556,nuoD,NADH-quinone&nbsp;oxidoreductase&nbsp;subunit&nbsp;D,55.4
1122164.JHWF01000017_gene531,rplQ,annotation&nbsp;not&nbsp;available,55.2
1122164.JHWF01000015_gene1617,amiB,annotation&nbsp;not&nbsp;available,55.1
1122164.JHWF01000012_gene2602,Llan_2118,Bifunctional&nbsp;protein&nbsp;PutA,55.1
1122164.JHWF01000002_gene814,acsB,Acetyl-coenzyme&nbsp;A&nbsp;synthetase,55.1
1122164.JHWF01000014_gene1795,Llan_0116,annotation&nbsp;not&nbsp;available,55.0
1122164.JHWF01000015_gene1624,petA,Ubiquinol-cytochrome&nbsp;c&nbsp;reductase&nbsp;iron-sulfur&nbsp;subunit,55.0
1122164.JHWF01000003_gene2175,Llan_2412,annotation&nbsp;not&nbsp;available,55.0
1122164.JHWF01000003_gene2081,Llan_2318,annotation&nbsp;not&nbsp;available,54.9
1122164.JHWF01000025_gene91,ruvB,Holliday&nbsp;junction&nbsp;ATP-dependent&nbsp;DNA&nbsp;helicase&nbsp;RuvB,54.8
1122164.JHWF01000002_gene780,Llan_1703,annotation&nbsp;not&nbsp;available,54.8
1122164.JHWF01000011_gene2523,csrA,Carbon&nbsp;storage&nbsp;regulator&nbsp;homolog,54.7
1122164.JHWF01000023_gene398,fabF_1,3-oxoacyl-[acyl-carrier-protein]&nbsp;synthase&nbsp;2,54.5
1122164.JHWF01000007_gene1051,prfA,Peptide&nbsp;chain&nbsp;release&nbsp;factor&nbsp;1,54.5
1122164.JHWF01000003_gene2109,rip3,annotation&nbsp;not&nbsp;available,54.4
1122164.JHWF01000025_gene88,Llan_1934,annotation&nbsp;not&nbsp;available,54.4
1122164.JHWF01000027_gene931,Llan_1375,annotation&nbsp;not&nbsp;available,54.3
1122164.JHWF01000001_gene2025,purN,Phosphoribosylglycinamide&nbsp;formyltransferase,54.3
1122164.JHWF01000009_gene978,Llan_0367,annotation&nbsp;not&nbsp;available,54.2
1122164.JHWF01000001_gene1899,aroQ,3-dehydroquinate&nbsp;dehydratase,54.2
1122164.JHWF01000040_gene1381,sfcA_1,annotation&nbsp;not&nbsp;available,54.2
1122164.JHWF01000001_gene1942,fabZ,3-hydroxyacyl-[acyl-carrier-protein]&nbsp;dehydratase&nbsp;FabZ,54.2
1122164.JHWF01000023_gene403,plsX,Phosphate&nbsp;acyltransferase,54.2
1122164.JHWF01000011_gene2534,Llan_0506,annotation&nbsp;not&nbsp;available,54.1
1122164.JHWF01000007_gene1136,Llan_0711,annotation&nbsp;not&nbsp;available,54.1
1122164.JHWF01000002_gene812,mmsA,annotation&nbsp;not&nbsp;available,54.0
1122164.JHWF01000001_gene1876,rpoD,RNA&nbsp;polymerase&nbsp;sigma&nbsp;factor&nbsp;RpoD,54.0
1122164.JHWF01000023_gene399,acpP,Acyl&nbsp;carrier&nbsp;protein,53.9
1122164.JHWF01000006_gene296,Llan_1463,annotation&nbsp;not&nbsp;available,53.7
1122164.JHWF01000001_gene1923,rpmG,annotation&nbsp;not&nbsp;available,53.6
1122164.JHWF01000009_gene1013,iscS,annotation&nbsp;not&nbsp;available,53.4
1122164.JHWF01000001_gene1879,rpsU,annotation&nbsp;not&nbsp;available,53.4
1122164.JHWF01000003_gene2060,fumC,Fumarate&nbsp;hydratase&nbsp;class&nbsp;II,53.4
1122164.JHWF01000019_gene450,Llan_0038,annotation&nbsp;not&nbsp;available,53.4
1122164.JHWF01000005_gene140,Llan_0203,annotation&nbsp;not&nbsp;available,53.4
1122164.JHWF01000011_gene2478,Llan_0450,annotation&nbsp;not&nbsp;available,53.3
1122164.JHWF01000003_gene2116,ubiH_1,annotation&nbsp;not&nbsp;available,53.3
1122164.JHWF01000051_gene2353,Llan_2469,Coenzyme&nbsp;A&nbsp;biosynthesis&nbsp;bifunctional&nbsp;protein&nbsp;CoaBC,53.3
1122164.JHWF01000001_gene2031,purL,Phosphoribosylformylglycinamidine&nbsp;synthase&nbsp;subunit&nbsp;PurL,53.2
1122164.JHWF01000007_gene1109,Llan_0738,annotation&nbsp;not&nbsp;available,53.1
1122164.JHWF01000039_gene1763,fimV_2,annotation&nbsp;not&nbsp;available,52.9
1122164.JHWF01000015_gene1613,Llan_1287,annotation&nbsp;not&nbsp;available,52.8
1122164.JHWF01000016_gene1579,aroE,Shikimate&nbsp;dehydrogenase&nbsp;(NADP(+)),52.8
1122164.JHWF01000003_gene2055,Llan_2294,annotation&nbsp;not&nbsp;available,52.8
1122164.JHWF01000027_gene905,Llan_1349,D-alanyl-D-alanine&nbsp;dipeptidase,52.7
1122164.JHWF01000014_gene1820,ttg2B,annotation&nbsp;not&nbsp;available,52.7
1122164.JHWF01000026_gene364,cyoE,Protoheme&nbsp;IX&nbsp;farnesyltransferase,52.6
1122164.JHWF01000016_gene1547,nuoM,annotation&nbsp;not&nbsp;available,52.3
1122164.JHWF01000008_gene1313,dinB,DNA&nbsp;polymerase&nbsp;IV,52.3
1122164.JHWF01000024_gene2565,Llan_2062,annotation&nbsp;not&nbsp;available,52.1
1122164.JHWF01000017_gene515,rpsQ,30S&nbsp;ribosomal&nbsp;protein&nbsp;S17,52.0
1122164.JHWF01000016_gene1552,nuoH,NADH-quinone&nbsp;oxidoreductase&nbsp;subunit&nbsp;H,52.0
1122164.JHWF01000015_gene1595,ftsY,Signal&nbsp;recognition&nbsp;particle&nbsp;receptor&nbsp;FtsY,51.9
1122164.JHWF01000007_gene1058,Llan_1543,annotation&nbsp;not&nbsp;available,51.8
1122164.JHWF01000018_gene608,ilvA,annotation&nbsp;not&nbsp;available,51.8
1122164.JHWF01000020_gene1458,pal,annotation&nbsp;not&nbsp;available,51.8
1122164.JHWF01000002_gene819,abcT3,annotation&nbsp;not&nbsp;available,51.8
1122164.JHWF01000054_gene1839,gmk,Guanylate&nbsp;kinase,51.7
1122164.JHWF01000011_gene2498,Llan_0470,annotation&nbsp;not&nbsp;available,51.6
1122164.JHWF01000007_gene1087,sufS,Cysteine&nbsp;desulfurase,51.6
1122164.JHWF01000016_gene1555,nuoE,annotation&nbsp;not&nbsp;available,51.5
1122164.JHWF01000019_gene483,Llan_0005,annotation&nbsp;not&nbsp;available,51.5
1122164.JHWF01000004_gene3,ppsA,Phosphoenolpyruvate&nbsp;synthase,51.5
1122164.JHWF01000026_gene371,Llan_0400,annotation&nbsp;not&nbsp;available,51.4
1122164.JHWF01000015_gene1622,petC,annotation&nbsp;not&nbsp;available,51.4
1122164.JHWF01000029_gene714,lphA,annotation&nbsp;not&nbsp;available,51.3
1122164.JHWF01000014_gene1819,yrbD,annotation&nbsp;not&nbsp;available,51.2
1122164.JHWF01000003_gene2154,dnaN,Beta&nbsp;sliding&nbsp;clamp,51.0
1122164.JHWF01000003_gene2171,Llan_2408,annotation&nbsp;not&nbsp;available,51.0
