1208321.D104_14995,D104_14995,ABC&nbsp;transporter&nbsp;permease,98.9
1208321.D104_01015,rbsK,Ribokinase,98.9
1208321.D104_00835,D104_00835,Peptidyl-tRNA&nbsp;hydrolase,98.9
1208321.D104_04335,gatB,Aspartyl/glutamyl-tRNA(Asn/Gln)&nbsp;amidotransferase&nbsp;subunit&nbsp;B,98.9
1208321.D104_02615,D104_02615,Diguanylate&nbsp;cyclase,98.8
1208321.D104_13235,aroQ,3-dehydroquinate&nbsp;dehydratase,98.8
1208321.D104_10670,D104_10670,Amino&nbsp;acid&nbsp;ABC&nbsp;transporter&nbsp;substrate-binding&nbsp;protein,98.8
1208321.D104_04685,minE,Cell&nbsp;division&nbsp;topological&nbsp;specificity&nbsp;factor,98.8
1208321.D104_11885,D104_11885,ABC&nbsp;transporter&nbsp;substrate-binding&nbsp;protein,98.7
1208321.D104_11180,D104_11180,C4-dicarboxylate&nbsp;ABC&nbsp;transporter&nbsp;permease,98.6
1208321.D104_03335,D104_03335,Diguanylate&nbsp;cyclase,98.6
1208321.D104_11215,D104_11215,Succinate-semialdehyde&nbsp;dehydrogenase,98.5
1208321.D104_10780,D104_10780,Phosphate&nbsp;transport&nbsp;system&nbsp;permease&nbsp;protein&nbsp;PstA,98.5
1208321.D104_15245,D104_15245,Ribose-phosphate&nbsp;pyrophosphokinase,98.5
1208321.D104_01870,sucD,Succinate--CoA&nbsp;ligase&nbsp;[ADP-forming]&nbsp;subunit&nbsp;alpha,98.4
1208321.D104_18510,D104_18510,Uncharacterized&nbsp;protein,98.4
1208321.D104_07070,D104_07070,ABC&nbsp;transporter&nbsp;permease,98.4
1208321.D104_10650,D104_10650,LysR&nbsp;family&nbsp;transcriptional&nbsp;regulator,98.4
1208321.D104_11485,D104_11485,ABC&nbsp;transporter&nbsp;ATP-binding&nbsp;protein,98.4
1208321.D104_17950,pgi,Glucose-6-phosphate&nbsp;isomerase,98.3
1208321.D104_16155,D104_16155,Sulfur&nbsp;oxidation&nbsp;protein,98.3
1208321.D104_01455,D104_01455,Methyl-accepting&nbsp;chemotaxis&nbsp;protein,98.2
1208321.D104_12175,D104_12175,UmuDC&nbsp;operon&nbsp;protein-like&nbsp;protein,98.2
1208321.D104_06945,rplA,50S&nbsp;ribosomal&nbsp;protein&nbsp;L1,98.1
1208321.D104_08750,D104_08750,Amidase,98.1
1208321.D104_18285,betA,Oxygen-dependent&nbsp;choline&nbsp;dehydrogenase,98.1
1208321.D104_10210,D104_10210,Acetyltransferase&nbsp;component&nbsp;of&nbsp;pyruvate&nbsp;dehydrogenase&nbsp;complex,98.1
1208321.D104_07385,D104_07385,Sugar&nbsp;ABC&nbsp;transporter&nbsp;permease,98.1
1208321.D104_07520,ubiE,Ubiquinone/menaquinone&nbsp;biosynthesis&nbsp;C-methyltransferase&nbsp;UbiE,98.1
1208321.D104_04345,gatC,Aspartyl/glutamyl-tRNA(Asn/Gln)&nbsp;amidotransferase&nbsp;subunit&nbsp;C,98.0
1208321.D104_06855,rpmC,50S&nbsp;ribosomal&nbsp;protein&nbsp;L29,97.9
1208321.D104_01945,D104_01945,Sarcosine&nbsp;oxidase&nbsp;subunit&nbsp;gamma,97.9
1208321.D104_16740,ligA,DNA&nbsp;ligase,97.8
1208321.D104_15405,D104_15405,Cysteine&nbsp;synthase,97.8
1208321.D104_14070,D104_14070,Transcriptional&nbsp;regulator,97.8
1208321.D104_01175,D104_01175,Glutamine&nbsp;amidotransferase,97.7
1208321.D104_13890,D104_13890,Inositol&nbsp;2-dehydrogenase,97.7
1208321.D104_02455,groS,10&nbsp;kDa&nbsp;chaperonin,97.7
1208321.D104_06075,D104_06075,ADP-binding&nbsp;protein,97.6
1208321.D104_15280,D104_15280,Diguanylate&nbsp;cyclase,97.6
1208321.D104_10890,D104_10890,Phosphoesterase&nbsp;PA-phosphatase,97.6
1208321.D104_16430,D104_16430,Diguanylate&nbsp;cyclase,97.6
1208321.D104_05890,argJ,Arginine&nbsp;biosynthesis&nbsp;bifunctional&nbsp;protein&nbsp;ArgJ,97.6
1208321.D104_09930,D104_09930,Uncharacterized&nbsp;protein,97.6
1208321.D104_03705,D104_03705,Chemotaxis&nbsp;protein&nbsp;CheW,97.5
1208321.D104_05595,gpt,Xanthine&nbsp;phosphoribosyltransferase,97.5
1208321.D104_12545,tmcA,tRNA(Met)&nbsp;cytidine&nbsp;acetyltransferase&nbsp;TmcA,97.5
1208321.D104_03615,D104_03615,Glyceraldehyde-3-phosphate&nbsp;dehydrogenase,97.4
1208321.D104_12275,D104_12275,Phosphonate&nbsp;ABC&nbsp;transporter&nbsp;permease,97.4
1208321.D104_01835,D104_01835,Succinate&nbsp;dehydrogenase&nbsp;hydrophobic&nbsp;membrane&nbsp;anchor&nbsp;subunit,97.4
1208321.D104_12570,D104_12570,Probable&nbsp;5-dehydro-4-deoxyglucarate&nbsp;dehydratase,97.4
1208321.D104_00410,D104_00410,"Cob(I)yrinic&nbsp;acid&nbsp;a,c-diamide&nbsp;adenosyltransferase",97.4
1208321.D104_07270,D104_07270,Alpha-glucoside&nbsp;ABC&nbsp;transporter&nbsp;permease,97.4
1208321.D104_07445,D104_07445,Uncharacterized&nbsp;protein,97.3
1208321.D104_17980,carA,Carbamoyl-phosphate&nbsp;synthase&nbsp;small&nbsp;chain,97.3
1208321.D104_09065,D104_09065,ABC&nbsp;transporter&nbsp;permease,97.2
1208321.D104_11190,D104_11190,Uncharacterized&nbsp;protein,97.1
1208321.D104_11950,D104_11950,Histidine&nbsp;kinase,97.0
1208321.D104_07820,D104_07820,Histidine&nbsp;kinase,97.0
1208321.D104_11210,D104_11210,4-aminobutyrate&nbsp;aminotransferase,97.0
1208321.D104_01795,D104_01795,Molybdenum&nbsp;cofactor&nbsp;guanylyltransferase,97.0
1208321.D104_16835,cheB,Chemotaxis&nbsp;response&nbsp;regulator&nbsp;protein-glutamate&nbsp;methylesterase,96.9
1208321.D104_01245,D104_01245,Methyl-accepting&nbsp;chemotaxis&nbsp;protein,96.9
1208321.D104_04120,D104_04120,Primase,96.9
1208321.D104_04980,D104_04980,Inositol-1-monophosphatase,96.8
1208321.D104_14545,D104_14545,ATP&nbsp;synthase&nbsp;subunit&nbsp;alpha,96.8
1208321.D104_09935,D104_09935,Helicase,96.8
1208321.D104_12960,D104_12960,Molybdate&nbsp;ABC&nbsp;transporter&nbsp;ATP-binding&nbsp;protein,96.7
1208321.D104_04460,hisG,ATP&nbsp;phosphoribosyltransferase,96.7
1208321.D104_04620,D104_04620,DNA&nbsp;ligase,96.6
1208321.D104_15005,D104_15005,Nitrogen&nbsp;regulatory&nbsp;protein&nbsp;P-II&nbsp;1,96.6
1208321.D104_17140,D104_17140,Anti-anti-sigma&nbsp;factor,96.6
1208321.D104_10035,D104_10035,Uncharacterized&nbsp;protein,96.6
1208321.D104_14355,D104_14355,D-lactate&nbsp;dehydrogenase,96.6
1208321.D104_11465,D104_11465,Aldehyde&nbsp;dehydrogenase,96.5
1208321.D104_15950,pyrF,Orotidine&nbsp;5'-phosphate&nbsp;decarboxylase,96.5
1208321.D104_10835,D104_10835,Bifunctional&nbsp;protein&nbsp;PutA,96.4
1208321.D104_03355,D104_03355,N-acylglucosamine&nbsp;2-epimerase,96.3
1208321.D104_15575,lpxA,Acyl-[acyl-carrier-protein]--UDP-N-acetylglucosamine&nbsp;O-acyltransferase,96.3
1208321.D104_04760,D104_04760,Uncharacterized&nbsp;protein,96.2
1208321.D104_05945,mraY,Phospho-N-acetylmuramoyl-pentapeptide-transferase,96.2
1208321.D104_15350,glgA,Glycogen&nbsp;synthase,96.2
1208321.D104_00025,fadH,"2,4-dienoyl-CoA&nbsp;reductase",96.2
1208321.D104_18505,D104_18505,Aminopeptidase,96.2
1208321.D104_11815,D104_11815,Aminotransferase,96.2
1208321.D104_03100,D104_03100,RNA&nbsp;helicase,96.2
1208321.D104_15565,lpxD,UDP-3-O-acylglucosamine&nbsp;N-acyltransferase,96.2
1208321.D104_00185,D104_00185,Precorrin-4&nbsp;C11-methyltransferase,96.1
1208321.D104_17625,acpP,Acyl&nbsp;carrier&nbsp;protein,96.1
1208321.D104_11645,D104_11645,Metallophosphoesterase,96.0
1208321.D104_06685,rpsT,30S&nbsp;ribosomal&nbsp;protein&nbsp;S20,96.0
1208321.D104_15155,D104_15155,ABC&nbsp;transporter&nbsp;permease,95.9
1208321.D104_02995,D104_02995,Guanine&nbsp;deaminase,95.9
1208321.D104_00195,D104_00195,Cobaltochelatase&nbsp;subunit&nbsp;CobN,95.9
1208321.D104_12080,D104_12080,RelE&nbsp;toxin,95.9
1208321.D104_01405,tdk,Thymidine&nbsp;kinase,95.9
1208321.D104_06795,secY,Protein&nbsp;translocase&nbsp;subunit&nbsp;SecY,95.9
1208321.D104_11970,D104_11970,Transposase,95.9
1208321.D104_17900,D104_17900,YjgP/YjgQ&nbsp;family&nbsp;permease,95.9
1208321.D104_17485,D104_17485,3-oxoacyl-ACP&nbsp;synthase,95.8
1208321.D104_05250,D104_05250,Fis&nbsp;family&nbsp;transcriptional&nbsp;regulator,95.8
1208321.D104_08020,dut,Deoxyuridine&nbsp;5'-triphosphate&nbsp;nucleotidohydrolase,95.8
1208321.D104_17805,D104_17805,30S&nbsp;ribosomal&nbsp;protein&nbsp;S30,95.8
1208321.D104_13790,D104_13790,Iron-enterobactin&nbsp;transporter&nbsp;ATP-binding&nbsp;protein,95.8
1208321.D104_05360,D104_05360,Phosphohydrolase,95.8
1208321.D104_07865,D104_07865,C4-dicarboxylate&nbsp;ABC&nbsp;transporter,95.7
1208321.D104_02350,D104_02350,Cag&nbsp;pathogenicity&nbsp;island&nbsp;protein&nbsp;Cag22,95.7
1208321.D104_09590,D104_09590,Chemotaxis&nbsp;protein,95.6
1208321.D104_08690,D104_08690,Glutathione&nbsp;S-transferase,95.6
1208321.D104_06940,rplJ,50S&nbsp;ribosomal&nbsp;protein&nbsp;L10,95.5
1208321.D104_01110,D104_01110,Deoxyguanosinetriphosphate&nbsp;triphosphohydrolase-like&nbsp;protein,95.5
1208321.D104_11750,D104_11750,Phage-associated&nbsp;protein,95.5
1208321.D104_02175,D104_02175,Xanthine&nbsp;dehydrogenase,95.5
1208321.D104_12265,phnC,Phosphonates&nbsp;import&nbsp;ATP-binding&nbsp;protein&nbsp;PhnC,95.5
1208321.D104_14905,D104_14905,Member&nbsp;of&nbsp;the&nbsp;extracytoplasmic&nbsp;function&nbsp;sigma&nbsp;factors&nbsp;which&nbsp;are&nbsp;active&nbsp;under&nbsp;specific&nbsp;conditions,95.5
1208321.D104_05355,tdh,L-threonine&nbsp;3-dehydrogenase,95.4
1208321.D104_02130,D104_02130,GntR&nbsp;family&nbsp;transcriptional&nbsp;regulator,95.4
1208321.D104_10705,D104_10705,Chemotaxis&nbsp;protein&nbsp;CheY,95.4
1208321.D104_03030,D104_03030,ABC&nbsp;transporter&nbsp;permease,95.4
1208321.D104_02375,D104_02375,ABC&nbsp;transporter&nbsp;permease,95.4
1208321.D104_03770,D104_03770,Glutamine&nbsp;synthetase,95.3
1208321.D104_06655,ispH,4-hydroxy-3-methylbut-2-enyl&nbsp;diphosphate&nbsp;reductase,95.3
1208321.D104_01025,D104_01025,RNA-binding&nbsp;protein,95.3
1208321.D104_14115,D104_14115,Cytochrome&nbsp;C&nbsp;biogenesis&nbsp;protein,95.2
1208321.D104_09000,D104_09000,Diguanylate&nbsp;cyclase,95.2
1208321.D104_09580,D104_09580,HemX&nbsp;domain-containing&nbsp;protein,95.2
1208321.D104_04710,D104_04710,Peptide-binding&nbsp;protein,95.2
1208321.D104_06445,D104_06445,Iron&nbsp;deficiency-induced&nbsp;protein&nbsp;A,95.1
1208321.D104_08655,D104_08655,ABC&nbsp;transporter&nbsp;ATP-binding&nbsp;protein,95.1
1208321.D104_14525,D104_14525,Ornithine&nbsp;carbamoyltransferase,95.1
1208321.D104_12235,D104_12235,Iron-hydroxamate&nbsp;transporter&nbsp;ATP-binding&nbsp;protein,95.1
1208321.D104_08850,D104_08850,Hemolysin,95.0
1208321.D104_04635,D104_04635,Exonuclease&nbsp;III,95.0
1208321.D104_16250,D104_16250,Isocitrate&nbsp;dehydrogenase,95.0
1208321.D104_13650,D104_13650,Lipoprotein&nbsp;signal&nbsp;peptidase,94.9
1208321.D104_11440,D104_11440,Peptide&nbsp;ABC&nbsp;transporter&nbsp;permease,94.9
1208321.D104_02865,gcvP,Glycine&nbsp;dehydrogenase&nbsp;(decarboxylating),94.9
1208321.D104_10760,D104_10760,Histidine&nbsp;kinase,94.9
1208321.D104_17400,D104_17400,Ornithine&nbsp;decarboxylase,94.9
1208321.D104_16260,D104_16260,Adenylosuccinate&nbsp;lyase,94.9
1208321.D104_15135,D104_15135,Flagellar&nbsp;motor&nbsp;protein&nbsp;PomA,94.8
1208321.D104_07065,D104_07065,Spermidine/putrescine&nbsp;ABC&nbsp;transporter&nbsp;permease,94.8
1208321.D104_11855,D104_11855,ATPase&nbsp;AAA,94.8
1208321.D104_14945,glnE,Bifunctional&nbsp;glutamine&nbsp;synthetase&nbsp;adenylyltransferase/adenylyl-removing&nbsp;enzyme,94.8
1208321.D104_15430,adk,Adenylate&nbsp;kinase,94.7
1208321.D104_16610,D104_16610,Magnesium&nbsp;chelatase,94.7
1208321.D104_17795,D104_17795,Sulfatase-modifying&nbsp;factor&nbsp;protein,94.7
1208321.D104_00235,D104_00235,Uncharacterized&nbsp;protein,94.5
1208321.D104_15745,D104_15745,Acetolactate&nbsp;synthase,94.5
1208321.D104_15160,D104_15160,ABC&nbsp;transporter&nbsp;substrate-binding&nbsp;protein,94.5
1208321.D104_13985,fadB,Fatty&nbsp;acid&nbsp;oxidation&nbsp;complex&nbsp;subunit&nbsp;alpha,94.4
1208321.D104_08780,D104_08780,Allophanate&nbsp;hydrolase,94.4
1208321.D104_01975,dld,Quinone-dependent&nbsp;D-lactate&nbsp;dehydrogenase,94.4
1208321.D104_16950,D104_16950,DNA&nbsp;polymerase&nbsp;III&nbsp;subunit&nbsp;delta,94.4
1208321.D104_03985,infB,Translation&nbsp;initiation&nbsp;factor&nbsp;IF-2,94.3
1208321.D104_02370,D104_02370,ABC&nbsp;transporter&nbsp;substrate-binding&nbsp;protein,94.3
1208321.D104_16825,D104_16825,Flagellar&nbsp;motor&nbsp;protein,94.3
1208321.D104_03045,D104_03045,ACP&nbsp;phosphodiesterase,94.3
1208321.D104_13785,D104_13785,Iron-enterobactin&nbsp;transporter&nbsp;permease,94.3
1208321.D104_00205,D104_00205,Uncharacterized&nbsp;protein,94.2
1208321.D104_03875,apaH,"Bis(5'-nucleosyl)-tetraphosphatase,&nbsp;symmetrical",94.2
1208321.D104_01010,argG,Argininosuccinate&nbsp;synthase,94.1
1208321.D104_10880,D104_10880,Aminotransferase,94.1
1208321.D104_00125,rimK,Probable&nbsp;alpha-L-glutamate&nbsp;ligase,94.0
1208321.D104_16730,cysE,Catalyzes&nbsp;the&nbsp;O-acetylation&nbsp;of&nbsp;serine,94.0
1208321.D104_17085,D104_17085,Sulfurtransferase,94.0
1208321.D104_07380,D104_07380,Sugar&nbsp;ABC&nbsp;transporter&nbsp;permease,93.9
1208321.D104_18365,D104_18365,Dihydroxy-acid&nbsp;dehydratase,93.9
1208321.D104_17920,D104_17920,Glutamyl-Q&nbsp;tRNA(Asp)&nbsp;synthetase,93.9
1208321.D104_09740,D104_09740,Fumarylacetoacetate&nbsp;hydrolase,93.8
1208321.D104_05940,murD,UDP-N-acetylmuramoylalanine--D-glutamate&nbsp;ligase,93.8
1208321.D104_11625,D104_11625,Aminoglycoside&nbsp;phosphotransferase,93.8
1208321.D104_04030,rrmJ,Ribosomal&nbsp;RNA&nbsp;large&nbsp;subunit&nbsp;methyltransferase&nbsp;E,93.8
1208321.D104_15440,D104_15440,Undecaprenyl-diphosphatase,93.7
1208321.D104_06725,fabA,3-hydroxydecanoyl-[acyl-carrier-protein]&nbsp;dehydratase,93.7
1208321.D104_05190,rplI,50S&nbsp;ribosomal&nbsp;protein&nbsp;L9,93.7
1208321.D104_05675,D104_05675,UDP-glucose&nbsp;4-epimerase,93.6
1208321.D104_17360,cysN,Sulfate&nbsp;adenylyltransferase&nbsp;subunit&nbsp;1,93.6
1208321.D104_10420,D104_10420,DNA&nbsp;replication&nbsp;and&nbsp;repair&nbsp;protein&nbsp;RecF,93.6
1208321.D104_12610,D104_12610,Gamma-glutamyltransferase,93.6
1208321.D104_09775,guaB,Inosine-5'-monophosphate&nbsp;dehydrogenase,93.5
1208321.D104_03795,D104_03795,Gamma-glutamyl-gamma-aminobutyraldehyde&nbsp;dehydrogenase,93.5
1208321.D104_14445,D104_14445,Allophanate&nbsp;hydrolase,93.5
1208321.D104_07785,D104_07785,Gluconokinase,93.5
1208321.D104_15220,D104_15220,Diguanylate&nbsp;cyclase,93.5
1208321.D104_08515,D104_08515,Alkaline&nbsp;phosphatase,93.5
1208321.D104_12635,D104_12635,Uncharacterized&nbsp;protein,93.5
1208321.D104_11290,D104_11290,Transcriptional&nbsp;regulator,93.5
1208321.D104_12525,prpB,2-methylisocitrate&nbsp;lyase,93.5
1208321.D104_11570,D104_11570,Sugar&nbsp;ABC&nbsp;transporter&nbsp;substrate-binding&nbsp;protein,93.5
1208321.D104_02325,D104_02325,Alpha-galactosidase,93.4
1208321.D104_02405,leuA,2-isopropylmalate&nbsp;synthase,93.4
1208321.D104_10045,D104_10045,Acriflavine&nbsp;resistance&nbsp;protein&nbsp;B,93.4
1208321.D104_16620,D104_16620,Diguanylate&nbsp;cyclase,93.4
1208321.D104_16290,D104_16290,Peptidyl-prolyl&nbsp;cis-trans&nbsp;isomerase,93.4
1208321.D104_10275,D104_10275,Histidine&nbsp;kinase,93.4
1208321.D104_02080,D104_02080,(Fe-S)-binding&nbsp;protein,93.3
1208321.D104_06485,thyA,Thymidylate&nbsp;synthase,93.3
1208321.D104_00725,D104_00725,Methyl-accepting&nbsp;chemotaxis&nbsp;protein,93.3
1208321.D104_04955,D104_04955,Aspartate&nbsp;aminotransferase,93.3
1208321.D104_15660,ispF,"2-C-methyl-D-erythritol&nbsp;2,4-cyclodiphosphate&nbsp;synthase",93.2
1208321.D104_03080,kdkA,3-deoxy-D-manno-octulosonic&nbsp;acid&nbsp;kinase,93.2
1208321.D104_07245,D104_07245,DNA&nbsp;polymerase&nbsp;III&nbsp;subunit&nbsp;epsilon,93.1
1208321.D104_15670,surE,5'-nucleotidase&nbsp;SurE,93.1
1208321.D104_13535,rho,Transcription&nbsp;termination&nbsp;factor&nbsp;Rho,93.1
1208321.D104_11315,D104_11315,4Fe-4S&nbsp;ferredoxin,93.1
1208321.D104_14795,purE,N5-carboxyaminoimidazole&nbsp;ribonucleotide&nbsp;mutase,93.0
1208321.D104_16810,D104_16810,Chemotaxis&nbsp;protein&nbsp;CheW,93.0
1208321.D104_17940,panB,3-methyl-2-oxobutanoate&nbsp;hydroxymethyltransferase,92.9
1208321.D104_12395,ureC,Urease&nbsp;subunit&nbsp;alpha,92.9
1208321.D104_07700,D104_07700,Uncharacterized&nbsp;protein,92.9
1208321.D104_00090,D104_00090,Uncharacterized&nbsp;protein,92.9
1208321.D104_08800,D104_08800,Diguanylate&nbsp;cyclase,92.9
1208321.D104_01020,D104_01020,Nucleoside&nbsp;hydrolase,92.9
1208321.D104_12625,D104_12625,C4-dicarboxylate&nbsp;ABC&nbsp;transporter,92.8
1208321.D104_08390,D104_08390,Allantoate&nbsp;amidohydrolase,92.8
1208321.D104_16345,D104_16345,"Catalyzes&nbsp;the&nbsp;oxidation&nbsp;of&nbsp;acetaldehyde,&nbsp;benzaldehyde,&nbsp;propionaldehyde&nbsp;and&nbsp;other&nbsp;aldehydes",92.8
1208321.D104_06535,D104_06535,Competence&nbsp;damage-inducible&nbsp;protein&nbsp;A,92.8
1208321.D104_07015,D104_07015,Beta-glucosidase,92.8
1208321.D104_13550,mqo,Probable&nbsp;malate:quinone&nbsp;oxidoreductase,92.8
1208321.D104_07305,D104_07305,Sugar&nbsp;ABC&nbsp;transporter&nbsp;permease,92.8
1208321.D104_04650,D104_04650,Aminoacyl-histidine&nbsp;dipeptidase,92.8
1208321.D104_11760,sdhC,Succinate&nbsp;dehydrogenase&nbsp;cytochrome&nbsp;b556&nbsp;large&nbsp;membrane&nbsp;subunit,92.7
1208321.D104_06580,D104_06580,D-amino&nbsp;acid&nbsp;dehydrogenase&nbsp;small&nbsp;subunit,92.7
1208321.D104_17135,D104_17135,Hisitidine&nbsp;kinase,92.7
1208321.D104_04175,D104_04175,Single-stranded&nbsp;DNA-binding&nbsp;protein,92.7
1208321.D104_01900,D104_01900,Transcriptional&nbsp;regulatory&nbsp;protein,92.6
1208321.D104_18055,D104_18055,Allantoate&nbsp;amidohydrolase,92.6
1208321.D104_11450,D104_11450,Oxidoreductase,92.6
1208321.D104_10520,D104_10520,Hemin&nbsp;ABC&nbsp;transporter&nbsp;substrate-binding&nbsp;protein,92.5
1208321.D104_08420,D104_08420,Amino&nbsp;acid&nbsp;ABC&nbsp;transporter&nbsp;substrate-binding&nbsp;protein,92.5
1208321.D104_18015,D104_18015,Methylenetetrahydromethanopterin&nbsp;reductase,92.4
1208321.D104_15700,D104_15700,Phosphoserine&nbsp;phosphatase,92.4
1208321.D104_06130,D104_06130,Preprotein&nbsp;translocase&nbsp;subunit&nbsp;YajC,92.3
1208321.D104_07370,D104_07370,Sugar&nbsp;ABC&nbsp;transporter&nbsp;substrate-binding&nbsp;protein,92.3
1208321.D104_10475,D104_10475,Conjugal&nbsp;transfer&nbsp;protein&nbsp;TraB,92.3
1208321.D104_17910,D104_17910,Aminotransferase,92.3
1208321.D104_13855,D104_13855,Iron&nbsp;ABC&nbsp;transporter&nbsp;ATP-binding&nbsp;protein,92.3
1208321.D104_01950,D104_01950,Formyltetrahydrofolate&nbsp;deformylase,92.3
1208321.D104_12430,D104_12430,Urea&nbsp;ABC&nbsp;transporter&nbsp;permease,92.2
1208321.D104_09845,D104_09845,Chemotaxis&nbsp;protein&nbsp;CheY,92.2
1208321.D104_05860,D104_05860,Phospho-2-dehydro-3-deoxyheptonate&nbsp;aldolase,92.2
1208321.D104_07545,tatC,Sec-independent&nbsp;protein&nbsp;translocase&nbsp;protein&nbsp;TatC,92.1
1208321.D104_10960,D104_10960,ATP&nbsp;synthase&nbsp;subunit&nbsp;a,92.1
1208321.D104_12405,ureA,Urease&nbsp;subunit&nbsp;gamma,92.1
1208321.D104_01370,D104_01370,Uncharacterized&nbsp;protein,92.0
1208321.D104_07395,glmS,Glutamine--fructose-6-phosphate&nbsp;aminotransferase&nbsp;[isomerizing],92.0
1208321.D104_00050,D104_00050,Cysteine&nbsp;desulfurase,91.9
1208321.D104_00275,D104_00275,ABC&nbsp;transporter&nbsp;permease,91.9
1208321.D104_09750,D104_09750,Porin,91.9
1208321.D104_05610,cobD,Cobalamin&nbsp;biosynthesis&nbsp;protein&nbsp;CobD,91.9
1208321.D104_13905,D104_13905,Xylose&nbsp;isomerase,91.9
1208321.D104_04835,D104_04835,DNA-3-methyladenine&nbsp;glycosylase,91.8
1208321.D104_13405,D104_13405,Uridine&nbsp;kinase,91.8
1208321.D104_01850,D104_01850,2-oxoglutarate&nbsp;dehydrogenase&nbsp;E1,91.8
1208321.D104_14850,D104_14850,Histidine&nbsp;kinase,91.8
1208321.D104_02320,D104_02320,Sugar&nbsp;ABC&nbsp;transporter&nbsp;permease,91.8
1208321.D104_01495,D104_01495,Histidine&nbsp;kinase,91.8
1208321.D104_11830,D104_11830,Aldehyde-activating&nbsp;protein,91.8
1208321.D104_15265,D104_15265,Isocitrate&nbsp;lyase,91.7
1208321.D104_03915,rpoD,RNA&nbsp;polymerase&nbsp;sigma&nbsp;factor&nbsp;RpoD,91.7
1208321.D104_05390,D104_05390,Uncharacterized&nbsp;protein,91.7
1208321.D104_09625,D104_09625,Uncharacterized&nbsp;protein,91.7
1208321.D104_09450,D104_09450,Haloacid&nbsp;dehalogenase,91.6
1208321.D104_17480,D104_17480,Phosphoglucomutase,91.6
1208321.D104_17190,hemH,Ferrochelatase,91.6
1208321.D104_15595,accA,Acetyl-coenzyme&nbsp;A&nbsp;carboxylase&nbsp;carboxyl&nbsp;transferase&nbsp;subunit&nbsp;alpha,91.6
1208321.D104_01545,ubiG,Ubiquinone&nbsp;biosynthesis&nbsp;O-methyltransferase,91.5
1208321.D104_17470,D104_17470,FAD-linked&nbsp;oxidase,91.5
1208321.D104_15500,D104_15500,Catalyzes&nbsp;the&nbsp;formation&nbsp;of&nbsp;succinyldiaminopimelate&nbsp;from&nbsp;N-succinyl-2-amino-6-ketopimelate,91.5
1208321.D104_13435,bamE,Outer&nbsp;membrane&nbsp;protein&nbsp;assembly&nbsp;factor&nbsp;BamE,91.5
1208321.D104_05180,rpsR,30S&nbsp;ribosomal&nbsp;protein&nbsp;S18,91.5
1208321.D104_11500,D104_11500,Polynucleotide&nbsp;kinase,91.5
1208321.D104_06095,D104_06095,Flagellar&nbsp;motor&nbsp;protein,91.4
1208321.D104_07150,metK,S-adenosylmethionine&nbsp;synthase,91.4
1208321.D104_10870,uvrD,Unwinds&nbsp;DNA&nbsp;duplexes&nbsp;with&nbsp;3'&nbsp;to&nbsp;5'&nbsp;polarity&nbsp;with&nbsp;respect&nbsp;to&nbsp;the&nbsp;bound&nbsp;strand&nbsp;and&nbsp;initiates&nbsp;unwinding&nbsp;most&nbsp;effectively&nbsp;when&nbsp;a&nbsp;single-stranded&nbsp;region&nbsp;is&nbsp;present,91.4
1208321.D104_06715,D104_06715,Octaprenyl&nbsp;diphosphate&nbsp;synthase,91.3
1208321.D104_03655,D104_03655,Flagellar&nbsp;protein&nbsp;FlgJ,91.3
1208321.D104_11070,D104_11070,ABC&nbsp;transporter&nbsp;permease,91.3
1208321.D104_15525,pyrH,Uridylate&nbsp;kinase,91.2
1208321.D104_06700,obgE,GTPase&nbsp;Obg,91.1
1208321.D104_12410,ureD,Urease&nbsp;accessory&nbsp;protein&nbsp;UreD,91.1
1208321.D104_13935,D104_13935,Sugar&nbsp;ABC&nbsp;transporter&nbsp;substrate-binding&nbsp;protein,91.1
1208321.D104_16715,D104_16715,Peptidyl-prolyl&nbsp;cis-trans&nbsp;isomerase,91.1
1208321.D104_10575,D104_10575,ABC&nbsp;transporter&nbsp;permease,91.1
1208321.D104_01000,rnt,Ribonuclease&nbsp;T,91.1
1208321.D104_02400,D104_02400,Diguanylate&nbsp;cyclase,91.1
1208321.D104_01290,D104_01290,Cyclic&nbsp;nucleotide-binding&nbsp;protein,91.1
1208321.D104_09100,D104_09100,Transporter,91.0
1208321.D104_11140,fmt,Methionyl-tRNA&nbsp;formyltransferase,90.9
1208321.D104_03765,D104_03765,Putrescine-binding&nbsp;periplasmic&nbsp;protein,90.9
1208321.D104_01805,purN,Phosphoribosylglycinamide&nbsp;formyltransferase,90.9
1208321.D104_16570,D104_16570,ATPase,90.7
1208321.D104_01445,D104_01445,Uncharacterized&nbsp;protein,90.7
1208321.D104_15415,D104_15415,(P)ppGpp&nbsp;synthetase,90.7
1208321.D104_10630,rpoZ,DNA-directed&nbsp;RNA&nbsp;polymerase&nbsp;subunit&nbsp;omega,90.7
1208321.D104_08275,D104_08275,Hydrolase,90.6
1208321.D104_16445,rpmJ,50S&nbsp;ribosomal&nbsp;protein&nbsp;L36,90.5
1208321.D104_02860,D104_02860,DNA&nbsp;polymerase&nbsp;V&nbsp;subunit&nbsp;UmuC,90.5
1208321.D104_09125,D104_09125,Methyl-accepting&nbsp;chemotaxis&nbsp;protein,90.5
1208321.D104_06960,secE,Protein&nbsp;translocase&nbsp;subunit&nbsp;SecE,90.5
1208321.D104_11565,D104_11565,ABC&nbsp;transporter,90.5
1208321.D104_06600,D104_06600,Carbon&nbsp;storage&nbsp;regulator&nbsp;homolog,90.4
1208321.D104_06360,ffh,Signal&nbsp;recognition&nbsp;particle&nbsp;protein,90.4
1208321.D104_14065,D104_14065,Histidine&nbsp;kinase,90.4
1208321.D104_03010,D104_03010,Diguanylate&nbsp;cyclase,90.4
1208321.D104_01785,D104_01785,Nitrate&nbsp;reductase,90.3
1208321.D104_01475,D104_01475,C4-dicarboxylate&nbsp;ABC&nbsp;transporter,90.3
1208321.D104_14350,D104_14350,Histidine&nbsp;kinase,90.3
1208321.D104_02200,D104_02200,RelE/StbE&nbsp;family&nbsp;addiction&nbsp;module&nbsp;toxin,90.3
1208321.D104_11285,hmp,Flavohemoprotein,90.3
1208321.D104_10185,D104_10185,Prephenate&nbsp;dehydratase,90.2
1208321.D104_07140,D104_07140,Glyceraldehyde-3-phosphate&nbsp;dehydrogenase,90.2
1208321.D104_17800,D104_17800,Aconitate&nbsp;hydratase,90.2
1208321.D104_00055,D104_00055,Cysteine&nbsp;desulfurase,90.1
1208321.D104_10060,D104_10060,"Naphthalene&nbsp;1,2-dioxygenase",90.1
1208321.D104_14440,D104_14440,Uncharacterized&nbsp;protein,90.1
1208321.D104_15260,glcB,Malate&nbsp;synthase&nbsp;G,90.0
1208321.D104_16815,D104_16815,Chemotaxis&nbsp;protein&nbsp;CheW,90.0
1208321.D104_15590,dnaE,DNA-directed&nbsp;DNA&nbsp;polymerase,89.9
1208321.D104_07965,D104_07965,GCN5&nbsp;family&nbsp;acetyltransferase,89.9
1208321.D104_16770,ccmE,Cytochrome&nbsp;c-type&nbsp;biogenesis&nbsp;protein&nbsp;CcmE,89.9
1208321.D104_15655,ispD,2-C-methyl-D-erythritol&nbsp;4-phosphate&nbsp;cytidylyltransferase,89.9
1208321.D104_01440,D104_01440,Uncharacterized&nbsp;protein,89.9
1208321.D104_02765,D104_02765,DNA&nbsp;helicase,89.9
1208321.D104_07075,D104_07075,ABC&nbsp;transporter&nbsp;ATP-binding&nbsp;protein,89.8
1208321.D104_06530,mutS,DNA&nbsp;mismatch&nbsp;repair&nbsp;protein&nbsp;MutS,89.8
1208321.D104_17125,D104_17125,ATP-dependent&nbsp;DNA&nbsp;helicase&nbsp;RecQ,89.8
1208321.D104_09695,clpB,Chaperone&nbsp;protein&nbsp;ClpB,89.7
1208321.D104_03965,pnp,Polyribonucleotide&nbsp;nucleotidyltransferase,89.5
1208321.D104_07175,rpoH,RNA&nbsp;polymerase&nbsp;sigma&nbsp;factor&nbsp;RpoH,89.5
1208321.D104_00510,D104_00510,"Cob(II)yrinic&nbsp;acid&nbsp;a,c-diamide&nbsp;reductase",89.5
1208321.D104_12865,D104_12865,Lactate&nbsp;dehydrogenase,89.5
1208321.D104_07295,D104_07295,Sugar&nbsp;ABC&nbsp;transporter&nbsp;substrate-binding&nbsp;protein,89.5
1208321.D104_06550,D104_06550,Histidine&nbsp;kinase,89.5
1208321.D104_17165,D104_17165,Cobalamin&nbsp;biosynthesis&nbsp;protein&nbsp;CbiX,89.5
1208321.D104_03955,D104_03955,Cytochrome&nbsp;C&nbsp;oxidase&nbsp;subunit&nbsp;II,89.4
1208321.D104_08015,D104_08015,Coenzyme&nbsp;A&nbsp;biosynthesis&nbsp;bifunctional&nbsp;protein&nbsp;CoaBC,89.4
1208321.D104_17635,D104_17635,Malonyl&nbsp;CoA-acyl&nbsp;carrier&nbsp;protein&nbsp;transacylase,89.3
1208321.D104_06430,D104_06430,Proline&nbsp;aminopeptidase&nbsp;P&nbsp;II,89.2
1208321.D104_17105,apt,Adenine&nbsp;phosphoribosyltransferase,89.2
1208321.D104_14345,D104_14345,Chemotaxis&nbsp;protein,89.2
1208321.D104_00955,D104_00955,Thioredoxin,89.0
1208321.D104_10425,D104_10425,DNA-binding&nbsp;protein,89.0
1208321.D104_00745,D104_00745,Phosphorylase&nbsp;kinase,89.0
1208321.D104_14455,D104_14455,Biotin&nbsp;carboxyl&nbsp;carrier&nbsp;protein&nbsp;of&nbsp;acetyl-CoA&nbsp;carboxylase,88.9
1208321.D104_07265,D104_07265,Alpha-glucoside&nbsp;ABC&nbsp;transporter&nbsp;permease,88.9
1208321.D104_07615,livG,Amino&nbsp;acid&nbsp;ABC&nbsp;transporter&nbsp;ATP-binding&nbsp;protein,88.9
1208321.D104_04700,D104_04700,Elongation&nbsp;factor&nbsp;G,88.9
1208321.D104_15560,D104_15560,Outer&nbsp;membrane&nbsp;chaperone&nbsp;Skp,88.8
1208321.D104_11615,D104_11615,FAD-dependent&nbsp;oxidoreductase,88.7
1208321.D104_09795,D104_09795,Response&nbsp;regulator,88.7
1208321.D104_00885,D104_00885,Cytochrome&nbsp;BD&nbsp;oxidase&nbsp;subunit&nbsp;I,88.5
1208321.D104_02445,D104_02445,Methylated-DNA-protein-cysteine&nbsp;methyltransferase,88.5
1208321.D104_03170,nqrB,Na(+)-translocating&nbsp;NADH-quinone&nbsp;reductase&nbsp;subunit&nbsp;B,88.4
1208321.D104_04405,D104_04405,RNA&nbsp;polymerase&nbsp;sigma-54&nbsp;factor,88.4
1208321.D104_06710,rplU,50S&nbsp;ribosomal&nbsp;protein&nbsp;L21,88.4
1208321.D104_18170,D104_18170,Sugar&nbsp;kinase&nbsp;ribokinase,88.4
1208321.D104_12435,D104_12435,Branched-chain&nbsp;amino&nbsp;acid&nbsp;ABC&nbsp;transporter&nbsp;substrate-binding&nbsp;protein,88.4
1208321.D104_07535,tatA,Sec-independent&nbsp;protein&nbsp;translocase&nbsp;protein&nbsp;TatA,88.3
1208321.D104_09840,D104_09840,Uncharacterized&nbsp;protein,88.3
1208321.D104_07660,D104_07660,Sarcosine&nbsp;oxidase&nbsp;subunit&nbsp;beta,88.3
1208321.D104_07220,D104_07220,dITP/XTP&nbsp;pyrophosphatase,88.2
1208321.D104_04940,D104_04940,ABC&nbsp;transporter&nbsp;permease,88.2
1208321.D104_03235,clpX,ATP-dependent&nbsp;Clp&nbsp;protease&nbsp;ATP-binding&nbsp;subunit&nbsp;ClpX,88.2
1208321.D104_05200,D104_05200,Aerotaxis&nbsp;receptor&nbsp;Aer,88.2
1208321.D104_16530,D104_16530,Zinc-responsive&nbsp;transcriptional&nbsp;regulator,88.1
1208321.D104_06455,D104_06455,Iron&nbsp;ABC&nbsp;transporter&nbsp;ATP-binding&nbsp;protein,88.1
1208321.D104_00390,cobT,Nicotinate-nucleotide--dimethylbenzimidazole&nbsp;phosphoribosyltransferase,88.0
1208321.D104_02380,D104_02380,ABC&nbsp;transporter&nbsp;permease,88.0
1208321.D104_03180,nqrD,Na(+)-translocating&nbsp;NADH-quinone&nbsp;reductase&nbsp;subunit&nbsp;D,88.0
1208321.D104_08350,D104_08350,Ethanolamine&nbsp;ammonia-lyase&nbsp;light&nbsp;chain,88.0
1208321.D104_17540,lolD,Lipoprotein-releasing&nbsp;system&nbsp;ATP-binding&nbsp;protein&nbsp;LolD,88.0
1208321.D104_07205,D104_07205,Methyl-accepting&nbsp;chemotaxis&nbsp;protein,87.9
1208321.D104_05960,ftsI,"Peptidoglycan&nbsp;D,D-transpeptidase&nbsp;FtsI",87.9
1208321.D104_13845,D104_13845,Iron&nbsp;ABC&nbsp;transporter&nbsp;substrate-binding&nbsp;protein,87.9
1208321.D104_00535,D104_00535,RND&nbsp;transporter,87.8
1208321.D104_16545,D104_16545,Molecular&nbsp;chaperone,87.7
1208321.D104_13660,D104_13660,NADH:flavin&nbsp;oxidoreductase,87.7
1208321.D104_03185,nqrE,Na(+)-translocating&nbsp;NADH-quinone&nbsp;reductase&nbsp;subunit&nbsp;E,87.7
1208321.D104_13220,D104_13220,Xylose&nbsp;isomerase,87.7
1208321.D104_03570,D104_03570,Carboxylate--amine&nbsp;ligase,87.7
1208321.D104_16780,ccmC,Heme&nbsp;exporter&nbsp;protein&nbsp;C,87.7
1208321.D104_05215,bioB,Biotin&nbsp;synthase,87.6
1208321.D104_11605,D104_11605,Polar&nbsp;amino&nbsp;acid&nbsp;ABC&nbsp;transporter&nbsp;permease,87.6
1208321.D104_11600,D104_11600,Polar&nbsp;amino&nbsp;acid&nbsp;ABC&nbsp;transporter&nbsp;permease,87.6
1208321.D104_14305,D104_14305,3-hydroxy-2-methylbutyryl-CoA&nbsp;dehydrogenase,87.6
1208321.D104_02485,D104_02485,Tryptophan&nbsp;synthase&nbsp;beta&nbsp;chain,87.5
1208321.D104_17700,D104_17700,ATP-dependent&nbsp;helicase,87.5
1208321.D104_06810,rpsE,30S&nbsp;ribosomal&nbsp;protein&nbsp;S5,87.5
1208321.D104_14870,D104_14870,Glycerol-3-phosphate&nbsp;ABC&nbsp;transporter&nbsp;ATPase,87.5
1208321.D104_15205,D104_15205,Diadenosine&nbsp;tetraphosphatase,87.5
1208321.D104_07160,D104_07160,Agglutination&nbsp;protein,87.5
1208321.D104_10570,D104_10570,Amino&nbsp;acid-binding&nbsp;protein,87.4
1208321.D104_16410,D104_16410,5-carboxymethyl-2-hydroxymuconate&nbsp;isomerase,87.4
1208321.D104_03785,D104_03785,Gamma-glutamylputrescine&nbsp;oxidoreductase,87.4
1208321.D104_10775,pstB,Phosphate&nbsp;import&nbsp;ATP-binding&nbsp;protein&nbsp;PstB,87.4
1208321.D104_18280,betB,NAD/NADP-dependent&nbsp;betaine&nbsp;aldehyde&nbsp;dehydrogenase,87.4
1208321.D104_10740,oppD,Peptide&nbsp;ABC&nbsp;transporter&nbsp;ATP-binding&nbsp;protein,87.3
1208321.D104_05265,fliG,Flagellar&nbsp;motor&nbsp;switch&nbsp;protein&nbsp;FliG,87.3
1208321.D104_07595,glnG,Nitrogen&nbsp;regulation&nbsp;protein&nbsp;NR(I),87.3
1208321.D104_00045,D104_00045,Transporter,87.3
1208321.D104_10945,atpH,ATP&nbsp;synthase&nbsp;subunit&nbsp;delta,87.3
1208321.D104_05795,D104_05795,Metallo-beta-lactamase,87.2
1208321.D104_14260,D104_14260,C4-dicarboxylate&nbsp;ABC&nbsp;transporter&nbsp;substrate-binding&nbsp;protein,87.2
1208321.D104_12370,D104_12370,ATPase,87.2
1208321.D104_07610,D104_07610,High-affinity&nbsp;branched-chain&nbsp;amino&nbsp;acid&nbsp;transport&nbsp;ATP-binding&nbsp;protein,87.2
1208321.D104_14280,D104_14280,Molybdopterin&nbsp;oxidoreductase,87.1
1208321.D104_16755,D104_16755,Cytochrome&nbsp;c-type&nbsp;biogenesis&nbsp;protein,87.1
1208321.D104_07630,D104_07630,ABC&nbsp;transporter,87.1
1208321.D104_01500,D104_01500,Acyltransferase,87.0
1208321.D104_09050,D104_09050,Salicylaldehyde&nbsp;dehydrogenase,87.0
1208321.D104_12270,D104_12270,Phosphonate&nbsp;ABC&nbsp;transporter&nbsp;permease,87.0
1208321.D104_09550,lysA,Diaminopimelate&nbsp;decarboxylase,86.9
1208321.D104_06640,oadG,Probable&nbsp;oxaloacetate&nbsp;decarboxylase&nbsp;gamma&nbsp;chain,86.9
1208321.D104_08295,D104_08295,Cyclic&nbsp;nucleotide-binding&nbsp;protein,86.9
1208321.D104_04595,pyrC,Dihydroorotase,86.9
1208321.D104_16440,D104_16440,Methyl-accepting&nbsp;chemotaxis&nbsp;protein,86.8
1208321.D104_11580,D104_11580,Uncharacterized&nbsp;protein,86.7
1208321.D104_14010,D104_14010,Long-chain&nbsp;fatty&nbsp;acid--CoA&nbsp;ligase,86.7
1208321.D104_17860,D104_17860,Derived&nbsp;by&nbsp;automated&nbsp;computational&nbsp;analysis&nbsp;using&nbsp;gene&nbsp;prediction&nbsp;method:&nbsp;Protein&nbsp;Homology,86.7
1208321.D104_01425,D104_01425,Membrane&nbsp;protein,86.7
1208321.D104_00225,D104_00225,Methyl-accepting&nbsp;chemotaxis&nbsp;protein,86.7
1208321.D104_15390,acpS,Holo-[acyl-carrier-protein]&nbsp;synthase,86.6
1208321.D104_02345,D104_02345,2-dehydro-3-deoxy-6-phosphogalactonate&nbsp;aldolase,86.6
1208321.D104_08405,D104_08405,Gamma-glutamyltransferase,86.5
1208321.D104_14555,D104_14555,ATP&nbsp;synthase&nbsp;subunit&nbsp;c,86.5
1208321.D104_01310,lptE,LPS-assembly&nbsp;lipoprotein&nbsp;LptE,86.5
1208321.D104_09165,xylF,Xylose&nbsp;ABC&nbsp;transporter&nbsp;substrate-binding&nbsp;protein,86.4
1208321.D104_01450,gltX,Glutamate--tRNA&nbsp;ligase,86.4
1208321.D104_13200,pepQ,Xaa-Pro&nbsp;dipeptidase,86.3
1208321.D104_11350,D104_11350,Ubiquinol&nbsp;oxidase&nbsp;subunit&nbsp;2,86.3
1208321.D104_10930,D104_10930,ATP&nbsp;synthase&nbsp;subunit&nbsp;beta,86.3
1208321.D104_14990,D104_14990,Amino&nbsp;acid&nbsp;ABC&nbsp;transporter,86.2
1208321.D104_09080,D104_09080,ABC&nbsp;transporter&nbsp;substrate-binding&nbsp;protein,86.2
1208321.D104_00890,D104_00890,Cytochrome&nbsp;BD&nbsp;oxidase&nbsp;subunit&nbsp;II,86.2
1208321.D104_10730,oppB,Peptide&nbsp;ABC&nbsp;transporter&nbsp;permease,86.2
1208321.D104_14215,D104_14215,Membrane&nbsp;protein,86.2
1208321.D104_13080,D104_13080,Uncharacterized&nbsp;protein,86.2
1208321.D104_10915,D104_10915,Sulfur&nbsp;acceptor&nbsp;protein&nbsp;CsdL,86.2
1208321.D104_13940,D104_13940,Iron-sulfur&nbsp;cluster&nbsp;assembly&nbsp;protein&nbsp;HesB,86.0
1208321.D104_01775,D104_01775,Nitrite&nbsp;reductase,86.0
1208321.D104_07780,D104_07780,C4-dicarboxylate&nbsp;ABC&nbsp;transporter&nbsp;permease,86.0
1208321.D104_02610,D104_02610,Molecular&nbsp;chaperone&nbsp;DnaJ,86.0
1208321.D104_12325,D104_12325,Uncharacterized&nbsp;protein,86.0
1208321.D104_05935,ftsW,Probable&nbsp;peptidoglycan&nbsp;glycosyltransferase&nbsp;FtsW,86.0
1208321.D104_12255,D104_12255,Fis&nbsp;family&nbsp;transcriptional&nbsp;regulator,86.0
1208321.D104_11030,yidC,Membrane&nbsp;protein&nbsp;insertase&nbsp;YidC,86.0
1208321.D104_11905,D104_11905,Sugar&nbsp;transporter,85.9
1208321.D104_06380,rplS,50S&nbsp;ribosomal&nbsp;protein&nbsp;L19,85.9
1208321.D104_07760,D104_07760,DNA&nbsp;polymerase&nbsp;III,85.9
1208321.D104_10225,ackA,Acetate&nbsp;kinase,85.8
1208321.D104_01565,D104_01565,Prephenate&nbsp;dehydratase,85.8
1208321.D104_08035,pyrE,Orotate&nbsp;phosphoribosyltransferase,85.8
1208321.D104_16120,uvrC,UvrABC&nbsp;system&nbsp;protein&nbsp;C,85.8
1208321.D104_00665,D104_00665,RND&nbsp;transporter,85.7
1208321.D104_13325,D104_13325,C4-dicarboxylate&nbsp;ABC&nbsp;transporter,85.7
1208321.D104_03135,dnaQ,DNA&nbsp;polymerase&nbsp;III&nbsp;subunit&nbsp;epsilon,85.7
1208321.D104_14540,D104_14540,ATP&nbsp;synthase,85.6
1208321.D104_16850,D104_16850,Chemotaxis&nbsp;protein&nbsp;CheY,85.6
1208321.D104_13625,D104_13625,Aspartate&nbsp;phosphatase,85.6
1208321.D104_02415,ribA,GTP&nbsp;cyclohydrolase-2,85.5
1208321.D104_17905,D104_17905,Permease,85.5
1208321.D104_01305,D104_01305,DNA&nbsp;polymerase&nbsp;III&nbsp;subunit&nbsp;delta,85.5
1208321.D104_13990,D104_13990,Electron&nbsp;transfer&nbsp;flavoprotein&nbsp;subunit&nbsp;beta,85.4
1208321.D104_06450,D104_06450,Iron&nbsp;ABC&nbsp;transporter&nbsp;permease,85.4
1208321.D104_04945,D104_04945,Glycine/betaine&nbsp;ABC&nbsp;transporter&nbsp;substrate-binding&nbsp;protein,85.4
1208321.D104_12700,D104_12700,Diguanylate&nbsp;cyclase,85.3
1208321.D104_18470,priA,Primosomal&nbsp;protein&nbsp;N',85.3
1208321.D104_08945,znuB,Involved&nbsp;in&nbsp;transport&nbsp;of&nbsp;zinc(II)&nbsp;with&nbsp;ZnuA&nbsp;and&nbsp;C,85.3
1208321.D104_01790,D104_01790,Glycosyl&nbsp;transferase&nbsp;family&nbsp;3,85.3
1208321.D104_03750,D104_03750,Putrescine/spermidine&nbsp;ABC&nbsp;transporter&nbsp;permease,85.3
1208321.D104_10745,D104_10745,Peptide&nbsp;ABC&nbsp;transporter&nbsp;ATP-binding&nbsp;protein,85.2
1208321.D104_02470,D104_02470,Tfp&nbsp;pilus&nbsp;assembly&nbsp;protein&nbsp;FimV-like&nbsp;protein,85.1
1208321.D104_17025,D104_17025,Diguanylate&nbsp;cyclase,85.1
1208321.D104_00200,D104_00200,Sirohydrochlorin&nbsp;cobaltochelatase,85.0
1208321.D104_03085,D104_03085,Lipopolysaccharide&nbsp;biosynthesis&nbsp;protein,84.9
1208321.D104_01590,proA,Gamma-glutamyl&nbsp;phosphate&nbsp;reductase,84.9
1208321.D104_10530,hmuV,Hemin&nbsp;import&nbsp;ATP-binding&nbsp;protein&nbsp;HmuV,84.9
1208321.D104_11345,D104_11345,GntR&nbsp;family&nbsp;transcriptional&nbsp;regulator,84.9
1208321.D104_10620,D104_10620,Diguanylate&nbsp;cyclase,84.8
1208321.D104_04330,D104_04330,Diguanylate&nbsp;cyclase,84.8
1208321.D104_06735,D104_06735,1-acyl-sn-glycerol-3-phosphate&nbsp;acyltransferase,84.8
1208321.D104_10735,D104_10735,Peptide&nbsp;ABC&nbsp;transporter&nbsp;permease,84.7
1208321.D104_17595,D104_17595,Glycine/betaine&nbsp;ABC&nbsp;transporter&nbsp;substrate-binding&nbsp;protein,84.7
1208321.D104_07135,pgk,Phosphoglycerate&nbsp;kinase,84.7
1208321.D104_08005,rpmB,50S&nbsp;ribosomal&nbsp;protein&nbsp;L28,84.7
1208321.D104_10145,D104_10145,"Naphthalene&nbsp;1,2-dioxygenase",84.7
1208321.D104_06670,ileS,Isoleucine--tRNA&nbsp;ligase,84.7
1208321.D104_11870,D104_11870,Alcohol&nbsp;dehydrogenase,84.6
1208321.D104_07080,D104_07080,Spermidine/putrescine&nbsp;ABC&nbsp;transporter&nbsp;substrate-binding&nbsp;protein,84.6
1208321.D104_12560,D104_12560,C4-dicarboxylate&nbsp;ABC&nbsp;transporter,84.5
1208321.D104_02490,trpA,Tryptophan&nbsp;synthase&nbsp;alpha&nbsp;chain,84.5
1208321.D104_00170,ribH,"6,7-dimethyl-8-ribityllumazine&nbsp;synthase",84.5
1208321.D104_18290,D104_18290,Uncharacterized&nbsp;protein,84.4
1208321.D104_00815,D104_00815,ATPase&nbsp;AAA,84.4
1208321.D104_06475,D104_06475,Phosphoenolpyruvate-protein&nbsp;phosphotransferase,84.4
1208321.D104_18520,ilvA,L-threonine&nbsp;dehydratase,84.4
1208321.D104_09645,ctc,50S&nbsp;ribosomal&nbsp;protein&nbsp;L25,84.4
1208321.D104_08770,D104_08770,C4-dicarboxylate&nbsp;ABC&nbsp;transporter&nbsp;permease,84.3
1208321.D104_06840,rplX,50S&nbsp;ribosomal&nbsp;protein&nbsp;L24,84.2
1208321.D104_06395,D104_06395,Threonine&nbsp;synthase,84.2
1208321.D104_04155,D104_04155,ATPase,84.2
1208321.D104_05195,D104_05195,Replicative&nbsp;DNA&nbsp;helicase,84.2
1208321.D104_10080,D104_10080,Salicylate-5-hydroxylase&nbsp;small&nbsp;oxygenase&nbsp;NagH,84.2
1208321.D104_15380,era,GTPase&nbsp;Era,84.2
1208321.D104_05245,D104_05245,Histidine&nbsp;kinase,84.1
1208321.D104_03340,D104_03340,rRNA&nbsp;(Guanine-N1)-methyltransferase,84.1
1208321.D104_12420,D104_12420,Urea&nbsp;ABC&nbsp;transporter&nbsp;ATP-binding&nbsp;protein,84.1
1208321.D104_07725,D104_07725,C4-dicarboxylate&nbsp;ABC&nbsp;transporter&nbsp;substrate-binding&nbsp;protein,84.0
1208321.D104_06800,rplO,50S&nbsp;ribosomal&nbsp;protein&nbsp;L15,84.0
1208321.D104_04665,D104_04665,Uncharacterized&nbsp;protein,84.0
1208321.D104_10955,D104_10955,ATP&nbsp;synthase&nbsp;subunit&nbsp;c,84.0
1208321.D104_02090,D104_02090,Electron&nbsp;transfer&nbsp;flavoprotein&nbsp;subunit&nbsp;beta,83.9
1208321.D104_01575,D104_01575,30S&nbsp;ribosomal&nbsp;protein&nbsp;S1,83.9
1208321.D104_06925,rpoC,DNA-directed&nbsp;RNA&nbsp;polymerase&nbsp;subunit&nbsp;beta',83.8
1208321.D104_07310,D104_07310,Sugar&nbsp;ABC&nbsp;transporter&nbsp;ATPase,83.8
1208321.D104_14985,D104_14985,ATP-binding&nbsp;protein,83.7
1208321.D104_05295,D104_05295,Anti-anti-sigma&nbsp;regulatory&nbsp;factor,83.7
1208321.D104_12550,D104_12550,C4-dicarboxylate&nbsp;ABC&nbsp;transporter,83.7
1208321.D104_13730,D104_13730,Tryptophan&nbsp;synthase&nbsp;alpha&nbsp;chain,83.6
1208321.D104_00800,D104_00800,GTPase&nbsp;RsgA,83.6
1208321.D104_07145,D104_07145,Transketolase,83.5
1208321.D104_06935,rplL,50S&nbsp;ribosomal&nbsp;protein&nbsp;L7/L12,83.5
1208321.D104_01740,D104_01740,LuxR&nbsp;family&nbsp;transcriptional&nbsp;regulator,83.5
1208321.D104_06905,tuf,Elongation&nbsp;factor&nbsp;Tu,83.4
1208321.D104_17255,D104_17255,Diguanylate&nbsp;cyclase,83.4
1208321.D104_15425,ppc,Phosphoenolpyruvate&nbsp;carboxylase,83.4
1208321.D104_16750,D104_16750,Uncharacterized&nbsp;protein,83.4
1208321.D104_18095,nrdR,Transcriptional&nbsp;repressor&nbsp;NrdR,83.4
1208321.D104_02420,D104_02420,RNA&nbsp;helicase,83.4
1208321.D104_10450,D104_10450,ATPase&nbsp;AAA,83.3
1208321.D104_06115,secF,Protein-export&nbsp;membrane&nbsp;protein&nbsp;SecF,83.3
1208321.D104_13390,D104_13390,Glyceraldehyde-3-phosphate&nbsp;dehydrogenase,83.3
1208321.D104_16385,D104_16385,Dienelactone&nbsp;hydrolase,83.3
1208321.D104_11685,D104_11685,Pyridine&nbsp;nucleotide-disulfide&nbsp;oxidoreductase,83.2
1208321.D104_16220,clpS,ATP-dependent&nbsp;Clp&nbsp;protease&nbsp;adapter&nbsp;protein&nbsp;ClpS,83.2
1208321.D104_10365,D104_10365,2-keto-4-pentenoate&nbsp;hydratase,83.2
1208321.D104_01640,lipB,Octanoyltransferase,83.2
1208321.D104_05350,kbl,2-amino-3-ketobutyrate&nbsp;coenzyme&nbsp;A&nbsp;ligase,83.1
1208321.D104_13150,D104_13150,N-formylglutamate&nbsp;amidohydrolase,83.1
1208321.D104_03970,rpsO,30S&nbsp;ribosomal&nbsp;protein&nbsp;S15,83.0
1208321.D104_02315,D104_02315,Sugar&nbsp;ABC&nbsp;transporter&nbsp;permease,83.0
1208321.D104_06205,D104_06205,Histidine&nbsp;kinase,82.9
1208321.D104_05145,D104_05145,Thiamine&nbsp;ABC&nbsp;transporter&nbsp;permease,82.9
1208321.D104_17775,D104_17775,Peptidyl-prolyl&nbsp;cis-trans&nbsp;isomerase,82.9
1208321.D104_09130,D104_09130,Histidine&nbsp;kinase,82.9
1208321.D104_01755,D104_01755,Nitrate&nbsp;ABC&nbsp;transporter&nbsp;substrate-binding&nbsp;protein,82.9
1208321.D104_04890,D104_04890,Sugar&nbsp;ABC&nbsp;transporter&nbsp;substrate-binding&nbsp;protein,82.9
1208321.D104_16425,D104_16425,Glutamate&nbsp;synthase,82.9
1208321.D104_06920,rpsL,30S&nbsp;ribosomal&nbsp;protein&nbsp;S12,82.9
1208321.D104_03810,trpD,Anthranilate&nbsp;phosphoribosyltransferase,82.9
1208321.D104_00290,D104_00290,Thiamine-phosphate&nbsp;synthase,82.9
1208321.D104_11225,D104_11225,D-amino&nbsp;acid&nbsp;dehydrogenase,82.9
1208321.D104_13645,D104_13645,Uncharacterized&nbsp;protein,82.9
1208321.D104_14625,D104_14625,ABC&nbsp;transporter&nbsp;permease,82.8
1208321.D104_13115,D104_13115,Hydrolase,82.7
1208321.D104_05300,D104_05300,Response&nbsp;regulator,82.7
1208321.D104_06540,recA,Protein&nbsp;RecA,82.7
1208321.D104_01240,D104_01240,Histidine&nbsp;kinase,82.7
1208321.D104_15035,D104_15035,ABC&nbsp;transporter&nbsp;substrate-binding&nbsp;protein,82.7
1208321.D104_02085,D104_02085,Electron&nbsp;transfer&nbsp;flavoprotein&nbsp;subunit&nbsp;alpha,82.6
1208321.D104_12580,D104_12580,C4-dicarboxylate&nbsp;ABC&nbsp;transporter&nbsp;permease,82.6
1208321.D104_07495,hisF,Imidazole&nbsp;glycerol&nbsp;phosphate&nbsp;synthase&nbsp;subunit&nbsp;HisF,82.6
1208321.D104_04825,D104_04825,Spore&nbsp;coat&nbsp;protein,82.6
1208321.D104_10900,D104_10900,GntR&nbsp;family&nbsp;transcriptional&nbsp;regulator,82.6
1208321.D104_16160,D104_16160,Uncharacterized&nbsp;protein,82.6
1208321.D104_00545,D104_00545,5-carboxymethyl-2-hydroxymuconate&nbsp;isomerase,82.6
1208321.D104_16140,D104_16140,Ribosome&nbsp;hibernation&nbsp;promoting&nbsp;factor&nbsp;HPF,82.6
1208321.D104_05640,D104_05640,Hemin&nbsp;ABC&nbsp;transporter&nbsp;ATP-binding&nbsp;protein,82.6
1208321.D104_01855,D104_01855,Dihydrolipoyllysine-residue&nbsp;succinyltransferase&nbsp;component&nbsp;of&nbsp;2-oxoglutarate&nbsp;dehydrogenase&nbsp;complex,82.5
1208321.D104_14885,D104_14885,Sugar&nbsp;ABC&nbsp;transporter&nbsp;substrate-binding&nbsp;protein,82.5
1208321.D104_01035,D104_01035,Beta&nbsp;alanine--pyruvate&nbsp;aminotransferase,82.4
1208321.D104_05240,D104_05240,Uncharacterized&nbsp;protein,82.4
1208321.D104_11845,D104_11845,C4-dicarboxylate&nbsp;ABC&nbsp;transporter&nbsp;permease,82.4
1208321.D104_12385,ureF,Urease&nbsp;accessory&nbsp;protein&nbsp;UreF,82.4
1208321.D104_14265,D104_14265,C4-dicarboxylate&nbsp;ABC&nbsp;transporter&nbsp;permease,82.3
1208321.D104_08100,ugpE,Sn-glycerol-3-phosphate&nbsp;transport&nbsp;system&nbsp;permease&nbsp;protein&nbsp;UgpE,82.3
1208321.D104_09015,D104_09015,Uncharacterized&nbsp;protein,82.3
1208321.D104_00650,D104_00650,Methyl-accepting&nbsp;chemotaxis&nbsp;protein,82.2
1208321.D104_05400,D104_05400,Iron&nbsp;dicitrate&nbsp;transport&nbsp;regulator&nbsp;FecR,82.2
1208321.D104_04265,D104_04265,Membrane&nbsp;protein,82.2
1208321.D104_04410,D104_04410,Lipopolysaccharide&nbsp;ABC&nbsp;transporter&nbsp;ATP-binding&nbsp;protein,82.2
1208321.D104_06170,D104_06170,Asparaginase,82.2
1208321.D104_18360,D104_18360,"2,5-dioxovalerate&nbsp;dehydrogenase",82.2
1208321.D104_05260,D104_05260,Flagellar&nbsp;M-ring&nbsp;protein,82.2
1208321.D104_10840,D104_10840,1-pyrroline-5-carboxylate&nbsp;dehydrogenase,82.2
1208321.D104_05530,D104_05530,Uncharacterized&nbsp;protein,82.1
1208321.D104_08115,D104_08115,Uncharacterized&nbsp;protein,82.1
1208321.D104_16115,D104_16115,CDP-diacylglycerol--glycerol-3-phosphate&nbsp;3-phosphatidyltransferase,82.1
1208321.D104_11425,D104_11425,Part&nbsp;of&nbsp;the&nbsp;ABC&nbsp;transporter&nbsp;complex&nbsp;DppABCDF&nbsp;involved&nbsp;in&nbsp;the&nbsp;transport&nbsp;of&nbsp;dipeptides,82.1
1208321.D104_14810,D104_14810,Glyceraldehyde-3-phosphate&nbsp;dehydrogenase,82.0
1208321.D104_14085,D104_14085,Branched-chain&nbsp;amino&nbsp;acid&nbsp;aminotransferase,82.0
1208321.D104_07950,cysW,Part&nbsp;of&nbsp;the&nbsp;ABC&nbsp;transporter&nbsp;complex&nbsp;cysAWTP&nbsp;involved&nbsp;in&nbsp;sulfate/thiosulfate&nbsp;import,82.0
1208321.D104_13800,D104_13800,Chromophore&nbsp;lyase,81.9
1208321.D104_16395,D104_16395,Phosphatidic&nbsp;acid&nbsp;phosphatase,81.8
1208321.D104_11795,D104_11795,Glycosyl&nbsp;hydrolase,81.8
1208321.D104_11475,D104_11475,ABC&nbsp;transporter&nbsp;substrate-binding&nbsp;protein,81.7
1208321.D104_02495,accD,Acetyl-coenzyme&nbsp;A&nbsp;carboxylase&nbsp;carboxyl&nbsp;transferase&nbsp;subunit&nbsp;beta,81.7
1208321.D104_00280,D104_00280,Thiamine&nbsp;biosynthesis&nbsp;protein,81.6
1208321.D104_07715,D104_07715,C4-dicarboxylate&nbsp;ABC&nbsp;transporter&nbsp;permease,81.6
1208321.D104_05550,D104_05550,Multidrug&nbsp;transporter&nbsp;AcrB,81.6
1208321.D104_02360,D104_02360,Sugar&nbsp;ABC&nbsp;transporter&nbsp;substrate-binding&nbsp;protein,81.5
1208321.D104_01760,D104_01760,Nitrate&nbsp;ABC&nbsp;transporter&nbsp;permease,81.5
1208321.D104_05910,ftsA,Cell&nbsp;division&nbsp;protein&nbsp;FtsA,81.4
1208321.D104_15985,D104_15985,Catalyzes&nbsp;the&nbsp;formation&nbsp;of&nbsp;inosine/guanosine&nbsp;monophosphate&nbsp;from&nbsp;inosine&nbsp;or&nbsp;guanosine&nbsp;and&nbsp;ATP,81.4
1208321.D104_13975,D104_13975,3-phosphoglycerate&nbsp;dehydrogenase,81.3
1208321.D104_14315,D104_14315,Thiolase,81.3
1208321.D104_14580,D104_14580,ATP&nbsp;synthase&nbsp;subunit&nbsp;beta,81.3
1208321.D104_11490,D104_11490,Beta-lactamase,81.2
1208321.D104_13165,hutU,Urocanate&nbsp;hydratase,81.2
1208321.D104_18145,D104_18145,Methyl-accepting&nbsp;chemotaxis&nbsp;protein,81.2
1208321.D104_16170,D104_16170,Uroporphyrin-III&nbsp;C-methyltransferase,81.2
1208321.D104_04675,minC,Probable&nbsp;septum&nbsp;site-determining&nbsp;protein&nbsp;MinC,81.1
1208321.D104_16450,rpmE2,50S&nbsp;ribosomal&nbsp;protein&nbsp;L31&nbsp;type&nbsp;B,81.1
1208321.D104_03360,D104_03360,ROK&nbsp;family&nbsp;transcriptional&nbsp;regulator,81.1
1208321.D104_04580,sbcB,Exonucleolytic&nbsp;cleavage&nbsp;in&nbsp;the&nbsp;3'-&nbsp;to&nbsp;5'-direction&nbsp;to&nbsp;yield&nbsp;nucleoside&nbsp;5'-phosphates,81.0
1208321.D104_14310,D104_14310,Enoyl-CoA&nbsp;hydratase,81.0
1208321.D104_09345,D104_09345,ATP-dependent&nbsp;helicase,81.0
1208321.D104_05060,upp,Uracil&nbsp;phosphoribosyltransferase,80.9
1208321.D104_14255,D104_14255,Haloacid&nbsp;dehalogenase,80.9
1208321.D104_13585,D104_13585,Diguanylate&nbsp;cyclase,80.8
1208321.D104_15555,bamA,Outer&nbsp;membrane&nbsp;protein&nbsp;assembly&nbsp;factor&nbsp;BamA,80.8
1208321.D104_18160,D104_18160,1-acyl-sn-glycerol-3-phosphate&nbsp;acyltransferase,80.8
1208321.D104_02680,D104_02680,UmuDC&nbsp;operon&nbsp;protein-like&nbsp;protein,80.7
1208321.D104_11020,D104_11020,Glycerate&nbsp;kinase,80.7
1208321.D104_09465,D104_09465,Glyoxalase,80.7
1208321.D104_11365,D104_11365,Cytochrome&nbsp;C&nbsp;oxidase,80.6
1208321.D104_03005,D104_03005,RNA&nbsp;helicase,80.6
1208321.D104_01630,D104_01630,D-alanyl-D-alanine&nbsp;carboxypeptidase,80.6
1208321.D104_03880,glpE,Thiosulfate&nbsp;sulfurtransferase&nbsp;GlpE,80.6
1208321.D104_01905,D104_01905,Histidine&nbsp;kinase,80.5
1208321.D104_18410,D104_18410,Glutamate&nbsp;synthase&nbsp;subunit&nbsp;beta,80.5
1208321.D104_05905,ftsZ,Cell&nbsp;division&nbsp;protein&nbsp;FtsZ,80.4
1208321.D104_05030,D104_05030,Beta-ketoacyl&nbsp;synthase,80.4
1208321.D104_11145,def,Peptide&nbsp;deformylase,80.2
1208321.D104_09520,tyrS,Tyrosine--tRNA&nbsp;ligase,80.2
1208321.D104_04655,D104_04655,Uncharacterized&nbsp;protein,80.2
1208321.D104_17215,D104_17215,DNA&nbsp;polymerase,80.2
1208321.D104_02620,moaC,Cyclic&nbsp;pyranopterin&nbsp;monophosphate&nbsp;synthase,80.1
1208321.D104_16830,D104_16830,Chemotaxis&nbsp;protein&nbsp;MotA,80.1
1208321.D104_07590,D104_07590,Sensor&nbsp;histidine&nbsp;kinase,80.1
1208321.D104_10950,D104_10950,ATP&nbsp;synthase&nbsp;subunit&nbsp;b,80.1
1208321.D104_13160,hutH,Catalyzes&nbsp;the&nbsp;degradation&nbsp;of&nbsp;histidine&nbsp;to&nbsp;urocanate&nbsp;and&nbsp;ammmonia,80.0
1208321.D104_15620,D104_15620,Uncharacterized&nbsp;protein,80.0
1208321.D104_12890,D104_12890,Protein&nbsp;kinase,79.9
1208321.D104_17330,ruvA,Holliday&nbsp;junction&nbsp;ATP-dependent&nbsp;DNA&nbsp;helicase&nbsp;RuvA,79.9
1208321.D104_16330,D104_16330,Serine&nbsp;dehydratase,79.9
1208321.D104_11435,D104_11435,Peptide&nbsp;ABC&nbsp;transporter,79.8
1208321.D104_06465,D104_06465,Phosphoserine&nbsp;phosphatase,79.7
1208321.D104_16840,D104_16840,Chemotaxis&nbsp;protein&nbsp;CheA,79.7
1208321.D104_04530,D104_04530,Uncharacterized&nbsp;protein,79.7
1208321.D104_03210,D104_03210,Hypoxanthine&nbsp;phosphoribosyltransferase,79.6
1208321.D104_06315,D104_06315,Inositol-1-monophosphatase,79.6
1208321.D104_11555,D104_11555,Sugar&nbsp;ABC&nbsp;transporter&nbsp;ATP-binding&nbsp;protein,79.6
1208321.D104_00270,D104_00270,Hydrogenase&nbsp;expression&nbsp;protein,79.5
1208321.D104_07530,hisE,Phosphoribosyl-ATP&nbsp;pyrophosphatase,79.5
1208321.D104_11380,D104_11380,Oxidoreductase,79.5
1208321.D104_12530,D104_12530,Citrate&nbsp;synthase,79.5
1208321.D104_01885,D104_01885,Hydroxyglutarate&nbsp;oxidase,79.5
1208321.D104_08765,D104_08765,C4-dicarboxylate&nbsp;ABC&nbsp;transporter&nbsp;permease,79.5
1208321.D104_13900,D104_13900,Methylmalonate-semialdehyde&nbsp;dehydrogenase,79.5
1208321.D104_18130,D104_18130,Aromatic&nbsp;amino&nbsp;acid&nbsp;aminotransferase,79.4
1208321.D104_05950,murF,UDP-N-acetylmuramoyl-tripeptide--D-alanyl-D-alanine&nbsp;ligase,79.4
1208321.D104_10925,atpC,ATP&nbsp;synthase&nbsp;epsilon&nbsp;chain,79.4
1208321.D104_13725,D104_13725,Tryptophan&nbsp;synthase&nbsp;beta&nbsp;chain,79.3
1208321.D104_17415,D104_17415,Cyclic&nbsp;nucleotide-binding&nbsp;protein,79.2
1208321.D104_16215,clpA,ATP-dependent&nbsp;Clp&nbsp;protease&nbsp;ATP-binding&nbsp;protein,79.2
1208321.D104_06565,D104_06565,Acriflavin&nbsp;resistance&nbsp;protein,79.2
1208321.D104_06910,D104_06910,Elongation&nbsp;factor&nbsp;G,79.2
1208321.D104_14630,D104_14630,Sugar&nbsp;ABC&nbsp;transporter&nbsp;permease,79.2
1208321.D104_10820,D104_10820,C4-dicarboxylate&nbsp;ABC&nbsp;transporter,79.1
1208321.D104_16845,D104_16845,Protein&nbsp;phosphatase&nbsp;CheZ,79.1
1208321.D104_08790,D104_08790,Uncharacterized&nbsp;protein,79.0
1208321.D104_06770,rplQ,50S&nbsp;ribosomal&nbsp;protein&nbsp;L17,78.9
1208321.D104_06420,folD,Bifunctional&nbsp;protein&nbsp;FolD,78.9
1208321.D104_08930,D104_08930,Transcriptional&nbsp;regulator,78.9
1208321.D104_16990,D104_16990,Electron&nbsp;transfer&nbsp;flavoprotein-ubiquinone&nbsp;oxidoreductase,78.8
1208321.D104_08395,D104_08395,Derived&nbsp;by&nbsp;automated&nbsp;computational&nbsp;analysis&nbsp;using&nbsp;gene&nbsp;prediction&nbsp;method:&nbsp;Protein&nbsp;Homology,78.8
1208321.D104_15085,lysS,Lysine--tRNA&nbsp;ligase,78.7
1208321.D104_02285,D104_02285,Aldehyde-activating&nbsp;protein,78.7
1208321.D104_09815,D104_09815,"Ubiquinol&nbsp;oxidase&nbsp;subunit&nbsp;II,&nbsp;cyanide&nbsp;insensitive",78.7
1208321.D104_01550,gyrA,DNA&nbsp;gyrase&nbsp;subunit&nbsp;A,78.7
1208321.D104_12910,D104_12910,NAD(P)&nbsp;transhydrogenase&nbsp;subunit&nbsp;alpha,78.7
1208321.D104_00115,bamB,Outer&nbsp;membrane&nbsp;protein&nbsp;assembly&nbsp;factor&nbsp;BamB,78.6
1208321.D104_06525,D104_06525,Ferredoxin,78.5
1208321.D104_13995,D104_13995,Electron&nbsp;transfer&nbsp;flavoprotein&nbsp;subunit&nbsp;beta,78.5
1208321.D104_05535,D104_05535,Methylmalonate-semialdehyde&nbsp;dehydrogenase,78.5
1208321.D104_17235,D104_17235,Glycerate&nbsp;dehydrogenase,78.4
1208321.D104_11085,D104_11085,Quinone&nbsp;oxidoreductase,78.3
1208321.D104_10790,D104_10790,Phosphate-binding&nbsp;protein,78.3
1208321.D104_09575,D104_09575,Uroporphyrinogen&nbsp;III&nbsp;synthase,78.2
1208321.D104_08665,D104_08665,Sugar&nbsp;ABC&nbsp;transporter&nbsp;permease,78.2
1208321.D104_06385,D104_06385,Thiol:disulfide&nbsp;interchange&nbsp;protein,78.2
1208321.D104_05835,rpmI,50S&nbsp;ribosomal&nbsp;protein&nbsp;L35,78.2
1208321.D104_01770,D104_01770,FAD-dependent&nbsp;pyridine&nbsp;nucleotide-disulfide&nbsp;oxidoreductase,78.1
1208321.D104_05090,D104_05090,UDP-glucose&nbsp;6-dehydrogenase,78.1
1208321.D104_06500,D104_06500,Diguanylate&nbsp;cyclase,78.1
1208321.D104_03990,nusA,Transcription&nbsp;termination/antitermination&nbsp;protein&nbsp;NusA,78.1
1208321.D104_01920,D104_01920,Chemotaxis&nbsp;protein&nbsp;CheY,78.1
1208321.D104_14275,fdhD,Sulfur&nbsp;carrier&nbsp;protein&nbsp;FdhD,78.1
1208321.D104_16195,D104_16195,Cell&nbsp;division&nbsp;protein&nbsp;FtsK,78.1
1208321.D104_08675,D104_08675,ABC&nbsp;transporter&nbsp;substrate-binding&nbsp;protein,78.0
1208321.D104_07970,D104_07970,Cytidine&nbsp;deaminase,78.0
1208321.D104_16255,D104_16255,Methyl-accepting&nbsp;chemotaxis&nbsp;protein,78.0
1208321.D104_00330,D104_00330,RelE/StbE&nbsp;family&nbsp;addiction&nbsp;module&nbsp;toxin,78.0
1208321.D104_05820,pheT,Phenylalanine--tRNA&nbsp;ligase&nbsp;beta&nbsp;subunit,77.9
1208321.D104_13360,glpK,Glycerol&nbsp;kinase,77.9
1208321.D104_13120,D104_13120,Cytochrome&nbsp;P450,77.8
1208321.D104_09800,D104_09800,Histidine&nbsp;kinase,77.8
1208321.D104_09900,D104_09900,Transcriptional&nbsp;regulator,77.8
1208321.D104_07930,D104_07930,3-oxoacyl-ACP&nbsp;reductase,77.7
1208321.D104_01075,metG,Methionine--tRNA&nbsp;ligase,77.7
1208321.D104_15505,glnD,Bifunctional&nbsp;uridylyltransferase/uridylyl-removing&nbsp;enzyme,77.7
1208321.D104_08285,D104_08285,"Protocatechuate&nbsp;4,5-dioxygenase&nbsp;subunit&nbsp;alpha",77.7
1208321.D104_09780,xseA,Exodeoxyribonuclease&nbsp;7&nbsp;large&nbsp;subunit,77.7
1208321.D104_03510,D104_03510,Histidine&nbsp;kinase,77.6
1208321.D104_02395,D104_02395,Histidine&nbsp;kinase,77.6
1208321.D104_16415,D104_16415,2-hydroxyacid&nbsp;dehydrogenase,77.6
1208321.D104_08040,D104_08040,Catabolite&nbsp;repression&nbsp;control&nbsp;protein,77.6
1208321.D104_00165,D104_00165,Serine/threonine&nbsp;protein&nbsp;kinase,77.5
1208321.D104_16090,D104_16090,Uncharacterized&nbsp;protein,77.4
1208321.D104_11630,D104_11630,Glutathione&nbsp;synthase,77.4
1208321.D104_01830,D104_01830,Succinate&nbsp;dehydrogenase,77.4
1208321.D104_01480,D104_01480,Histidine&nbsp;kinase,77.3
1208321.D104_03175,nqrC,Na(+)-translocating&nbsp;NADH-quinone&nbsp;reductase&nbsp;subunit&nbsp;C,77.3
1208321.D104_03975,truB,tRNA&nbsp;pseudouridine&nbsp;synthase&nbsp;B,77.3
1208321.D104_18400,D104_18400,Uncharacterized&nbsp;protein,77.3
1208321.D104_09225,D104_09225,RNA&nbsp;helicase,77.2
1208321.D104_07180,D104_07180,Cell&nbsp;division&nbsp;protein&nbsp;FtsX,77.2
1208321.D104_15690,rpoS,RNA&nbsp;polymerase&nbsp;sigma&nbsp;factor&nbsp;RpoS,77.2
1208321.D104_00635,D104_00635,Aminotransferase,77.2
1208321.D104_11275,aroE,Shikimate&nbsp;dehydrogenase&nbsp;(NADP(+)),77.1
1208321.D104_03115,D104_03115,Lytic&nbsp;transglycosylase,77.1
1208321.D104_09210,D104_09210,Transcription&nbsp;termination&nbsp;factor&nbsp;Rho,77.1
1208321.D104_18515,argS,Arginine--tRNA&nbsp;ligase,77.1
1208321.D104_03230,clpP,ATP-dependent&nbsp;Clp&nbsp;protease&nbsp;proteolytic&nbsp;subunit,77.1
1208321.D104_12075,D104_12075,Qin&nbsp;prophage,77.1
1208321.D104_00900,D104_00900,Cysteine&nbsp;ABC&nbsp;transporter&nbsp;permease,77.1
1208321.D104_05765,D104_05765,Glucose-1-phosphate&nbsp;cytidylyltransferase,77.0
1208321.D104_11510,D104_11510,Thioredoxin,77.0
1208321.D104_13980,fadA,3-ketoacyl-CoA&nbsp;thiolase,77.0
1208321.D104_12240,D104_12240,ABC&nbsp;transporter&nbsp;substrate-binding&nbsp;protein,76.9
1208321.D104_11270,hemF,Oxygen-dependent&nbsp;coproporphyrinogen-III&nbsp;oxidase,76.9
1208321.D104_08200,proC,Pyrroline-5-carboxylate&nbsp;reductase,76.9
1208321.D104_08215,D104_08215,Dihydroorotase,76.9
1208321.D104_03125,D104_03125,SAM-dependent&nbsp;methyltransferase,76.9
1208321.D104_06930,rpoB,DNA-directed&nbsp;RNA&nbsp;polymerase&nbsp;subunit&nbsp;beta,76.9
1208321.D104_14300,D104_14300,Acyl-CoA&nbsp;dehydrogenase,76.8
1208321.D104_16005,recD,RecBCD&nbsp;enzyme&nbsp;subunit&nbsp;RecD,76.8
1208321.D104_03855,surA,Chaperone&nbsp;SurA,76.8
1208321.D104_10715,D104_10715,Response&nbsp;regulator,76.8
1208321.D104_17425,D104_17425,"Cob(I)yrinic&nbsp;acid&nbsp;a,c-diamide&nbsp;adenosyltransferase",76.7
1208321.D104_01490,D104_01490,Response&nbsp;regulator&nbsp;in&nbsp;two-component&nbsp;regulatory&nbsp;system&nbsp;with&nbsp;BaeS,76.7
1208321.D104_10120,D104_10120,Salicylaldehyde&nbsp;dehydrogenase,76.7
1208321.D104_18455,D104_18455,Peptidase,76.7
1208321.D104_16985,D104_16985,Acyl-CoA&nbsp;dehydrogenase,76.4
1208321.D104_16895,fliN,Flagellar&nbsp;motor&nbsp;switch&nbsp;protein&nbsp;FliN,76.4
1208321.D104_06590,alaS,Alanine--tRNA&nbsp;ligase,76.4
1208321.D104_15720,D104_15720,Molybdenum&nbsp;cofactor&nbsp;biosynthesis&nbsp;protein&nbsp;B,76.4
1208321.D104_02035,D104_02035,Lactoylglutathione&nbsp;lyase,76.4
1208321.D104_14550,D104_14550,ATP&nbsp;synthase&nbsp;subunit&nbsp;b,76.3
1208321.D104_14395,D104_14395,Succinyl-CoA:3-ketoacid-CoA&nbsp;transferase,76.3
1208321.D104_09385,rnd,Ribonuclease&nbsp;D,76.2
1208321.D104_11640,D104_11640,Phosphoglycerate&nbsp;mutase,76.2
1208321.D104_05840,infC,Translation&nbsp;initiation&nbsp;factor&nbsp;IF-3,76.2
1208321.D104_11775,D104_11775,Phosphoadenylylsulfate&nbsp;reductase,76.2
1208321.D104_13775,D104_13775,Iron&nbsp;ABC&nbsp;transporter&nbsp;substrate-binding&nbsp;protein,76.1
1208321.D104_12750,D104_12750,S-formylglutathione&nbsp;hydrolase,76.1
1208321.D104_07325,D104_07325,Diguanylate&nbsp;cyclase,76.1
1208321.D104_15635,D104_15635,Vanillate&nbsp;O-demethylase&nbsp;oxidoreductase,76.0
1208321.D104_16055,D104_16055,Acyl-CoA&nbsp;hydrolase,76.0
1208321.D104_04400,D104_04400,Nitrogen&nbsp;regulatory&nbsp;IIA&nbsp;protein&nbsp;PtsN,75.9
1208321.D104_09070,D104_09070,ABC&nbsp;transporter&nbsp;ATP-binding&nbsp;protein,75.8
1208321.D104_17630,fabG,3-ketoacyl-ACP&nbsp;reductase,75.8
1208321.D104_12565,D104_12565,"2,5-dioxovalerate&nbsp;dehydrogenase",75.8
1208321.D104_14935,D104_14935,Acetylornithine&nbsp;deacetylase,75.8
1208321.D104_15975,D104_15975,Thioredoxin&nbsp;reductase,75.8
1208321.D104_13540,D104_13540,Oxidoreductase,75.7
1208321.D104_03815,D104_03815,Anthranilate&nbsp;synthase&nbsp;subunit&nbsp;II,75.7
1208321.D104_11430,dppD,DppD&nbsp;and&nbsp;DppF&nbsp;are&nbsp;the&nbsp;ATP-binding&nbsp;components&nbsp;of&nbsp;the&nbsp;ABC&nbsp;dipeptide&nbsp;transport&nbsp;system&nbsp;DppABCDF,75.6
1208321.D104_17430,metH,One&nbsp;of&nbsp;two&nbsp;methionine&nbsp;synthases&nbsp;in&nbsp;Escherichia&nbsp;coli,75.6
1208321.D104_02905,D104_02905,Aminotransferase&nbsp;AlaT,75.6
1208321.D104_07165,gshB,"Catalyzes&nbsp;the&nbsp;second&nbsp;step&nbsp;in&nbsp;the&nbsp;glutathione&nbsp;biosynthesis&nbsp;pathway,&nbsp;where&nbsp;it&nbsp;synthesizes&nbsp;ATP&nbsp;+&nbsp;gamma-L-glutamyl-L-cysteine&nbsp;+&nbsp;glycine&nbsp;=&nbsp;ADP&nbsp;+&nbsp;phosphate&nbsp;+&nbsp;glutathione",75.6
1208321.D104_01130,D104_01130,Para-aminobenzoate&nbsp;synthase,75.6
1208321.D104_17070,D104_17070,Alcohol&nbsp;dehydrogenase,75.5
1208321.D104_01930,D104_01930,Sarcosine&nbsp;oxidase&nbsp;subunit&nbsp;beta,75.5
1208321.D104_14805,D104_14805,Pyruvate&nbsp;kinase,75.5
1208321.D104_15320,D104_15320,Molybdate-transporting&nbsp;ATPase,75.5
1208321.D104_16585,D104_16585,"Precorrin-6y&nbsp;C5,15-methyltransferase&nbsp;subunit&nbsp;CbiE",75.4
1208321.D104_10050,D104_10050,Membrane&nbsp;protein,75.4
1208321.D104_07285,D104_07285,Transcriptional&nbsp;regulator,75.4
1208321.D104_01765,D104_01765,Nitrate&nbsp;ABC&nbsp;transporter&nbsp;ATP-binding&nbsp;protein,75.3
1208321.D104_06915,rpsG,30S&nbsp;ribosomal&nbsp;protein&nbsp;S7,75.3
1208321.D104_18315,D104_18315,Protein&nbsp;TonB,75.3
1208321.D104_04720,D104_04720,Sulfite&nbsp;reductase,75.3
1208321.D104_07825,D104_07825,TonB-dependent&nbsp;receptor,75.3
1208321.D104_09370,D104_09370,Von&nbsp;Willebrand&nbsp;factor&nbsp;A,75.3
1208321.D104_13720,D104_13720,Uncharacterized&nbsp;protein,75.3
1208321.D104_15645,eno,Enolase,75.2
1208321.D104_13475,D104_13475,Chemotaxis&nbsp;protein,75.2
1208321.D104_13420,grpE,Protein&nbsp;GrpE,75.2
1208321.D104_12670,D104_12670,Choline&nbsp;dehydrogenase,75.2
1208321.D104_02515,purF,Amidophosphoribosyltransferase,75.1
1208321.D104_15075,D104_15075,Cell&nbsp;division&nbsp;protein&nbsp;ZapA,75.1
1208321.D104_04350,D104_04350,Rod&nbsp;shape-determining&nbsp;protein&nbsp;Mbl,75.1
1208321.D104_15395,D104_15395,Histidine&nbsp;kinase,75.1
1208321.D104_09875,D104_09875,Sugar&nbsp;ABC&nbsp;transporter&nbsp;substrate-binding&nbsp;protein,75.1
1208321.D104_12310,D104_12310,Uncharacterized&nbsp;protein,75.0
1208321.D104_00040,D104_00040,Cysteine&nbsp;desulfurase&nbsp;activator&nbsp;complex&nbsp;subunit&nbsp;SufB,75.0
1208321.D104_14090,D104_14090,Diguanylate&nbsp;cyclase,75.0
1208321.D104_06880,rplB,50S&nbsp;ribosomal&nbsp;protein&nbsp;L2,74.9
1208321.D104_13575,ppk,Polyphosphate&nbsp;kinase,74.9
1208321.D104_15640,pyrG,CTP&nbsp;synthase,74.9
1208321.D104_07705,D104_07705,Uncharacterized&nbsp;protein,74.9
1208321.D104_07975,D104_07975,Sugar&nbsp;ABC&nbsp;transporter&nbsp;permease,74.9
1208321.D104_04465,hisD,Histidinol&nbsp;dehydrogenase,74.8
1208321.D104_06825,rpsH,30S&nbsp;ribosomal&nbsp;protein&nbsp;S8,74.8
1208321.D104_16010,recB,RecBCD&nbsp;enzyme&nbsp;subunit&nbsp;RecB,74.7
1208321.D104_05465,rep,ATP-dependent&nbsp;DNA&nbsp;helicase&nbsp;Rep,74.7
1208321.D104_06865,rpsC,30S&nbsp;ribosomal&nbsp;protein&nbsp;S3,74.7
1208321.D104_17335,ruvC,Crossover&nbsp;junction&nbsp;endodeoxyribonuclease&nbsp;RuvC,74.7
1208321.D104_05045,D104_05045,Diguanylate&nbsp;cyclase,74.7
1208321.D104_04010,tpiA,Triosephosphate&nbsp;isomerase,74.7
1208321.D104_12250,D104_12250,Integral&nbsp;membrane&nbsp;sensor&nbsp;signal&nbsp;transduction&nbsp;histidine&nbsp;kinase,74.6
1208321.D104_08660,D104_08660,ABC&nbsp;transporter&nbsp;permease,74.5
1208321.D104_08715,D104_08715,Thioredoxin&nbsp;reductase,74.5
1208321.D104_10230,D104_10230,Phosphate&nbsp;acetyltransferase,74.5
1208321.D104_07750,D104_07750,Diguanylate&nbsp;cyclase,74.4
1208321.D104_14170,D104_14170,Uncharacterized&nbsp;protein,74.4
1208321.D104_06765,uvrA,UvrABC&nbsp;system&nbsp;protein&nbsp;A,74.4
1208321.D104_00505,D104_00505,NifS,74.3
1208321.D104_04555,thiG,Thiazole&nbsp;synthase,74.3
1208321.D104_15150,D104_15150,ABC&nbsp;transporter&nbsp;ATPase,74.2
1208321.D104_05695,D104_05695,dTDP-4-dehydrorhamnose&nbsp;reductase,74.2
1208321.D104_02890,pdxB,Erythronate-4-phosphate&nbsp;dehydrogenase,74.2
1208321.D104_03040,D104_03040,Derived&nbsp;by&nbsp;automated&nbsp;computational&nbsp;analysis&nbsp;using&nbsp;gene&nbsp;prediction&nbsp;method:&nbsp;Protein&nbsp;Homology,74.2
1208321.D104_10525,D104_10525,ABC&nbsp;transporter&nbsp;permease,74.2
1208321.D104_06120,secD,Protein&nbsp;translocase&nbsp;subunit&nbsp;SecD,74.2
1208321.D104_16720,mnmC,tRNA&nbsp;5-methylaminomethyl-2-thiouridine&nbsp;biosynthesis&nbsp;bifunctional&nbsp;protein&nbsp;MnmC,74.2
1208321.D104_13950,D104_13950,Chemotaxis&nbsp;protein,74.1
1208321.D104_06895,rplC,50S&nbsp;ribosomal&nbsp;protein&nbsp;L3,74.1
1208321.D104_03700,D104_03700,Chemotaxis&nbsp;protein&nbsp;CheR,74.1
1208321.D104_09390,recR,Recombination&nbsp;protein&nbsp;RecR,74.1
1208321.D104_12730,D104_12730,Diguanylate&nbsp;cyclase,74.1
1208321.D104_06235,D104_06235,Rieske&nbsp;(2Fe-2S)&nbsp;protein,74.0
1208321.D104_00700,D104_00700,ATP-dependent&nbsp;DNA&nbsp;helicase&nbsp;RecQ,73.9
1208321.D104_03835,D104_03835,Ribulose-phosphate&nbsp;3-epimerase,73.9
1208321.D104_10500,D104_10500,MerR&nbsp;family&nbsp;transcriptional&nbsp;regulator,73.9
1208321.D104_08410,D104_08410,Amidase,73.9
1208321.D104_08440,D104_08440,Amino&nbsp;acid&nbsp;ABC&nbsp;transporter&nbsp;ATP-binding&nbsp;protein,73.9
1208321.D104_17695,rhlB,ATP-dependent&nbsp;RNA&nbsp;helicase&nbsp;RhlB,73.7
1208321.D104_14410,D104_14410,ABC&nbsp;transporter,73.7
1208321.D104_11160,D104_11160,3'-5'-bisphosphate&nbsp;nucleotidase,73.7
1208321.D104_08975,D104_08975,Derived&nbsp;by&nbsp;automated&nbsp;computational&nbsp;analysis&nbsp;using&nbsp;gene&nbsp;prediction&nbsp;method:&nbsp;Protein&nbsp;Homology,73.7
1208321.D104_10305,D104_10305,Cyclase,73.6
1208321.D104_00905,D104_00905,ABC&nbsp;transporter,73.6
1208321.D104_17280,D104_17280,Quinolinate&nbsp;synthase,73.6
1208321.D104_03090,D104_03090,Methylenetetrahydrofolate&nbsp;reductase,73.6
1208321.D104_09110,D104_09110,Cation&nbsp;transporter,73.6
1208321.D104_14620,D104_14620,Sugar&nbsp;ABC&nbsp;transporter&nbsp;substrate-binding&nbsp;protein,73.5
1208321.D104_17555,D104_17555,Uncharacterized&nbsp;protein,73.5
1208321.D104_05755,D104_05755,Lipopolysaccharide&nbsp;biosynthesis&nbsp;protein,73.5
1208321.D104_11665,D104_11665,Alpha-L-glutamate&nbsp;ligase,73.4
1208321.D104_02625,D104_02625,Sulfur&nbsp;transfer&nbsp;protein&nbsp;ThiS,73.4
1208321.D104_07650,gpmI,"2,3-bisphosphoglycerate-independent&nbsp;phosphoglycerate&nbsp;mutase",73.4
1208321.D104_00735,D104_00735,Glycogen-debranching&nbsp;protein,73.3
1208321.D104_16675,D104_16675,Response&nbsp;regulator&nbsp;in&nbsp;two-component&nbsp;regulatory&nbsp;system&nbsp;with&nbsp;RstB,73.2
1208321.D104_10635,D104_10635,"Bifunctional&nbsp;(P)ppGpp&nbsp;synthetase&nbsp;II/&nbsp;guanosine-3',5'-bis&nbsp;pyrophosphate&nbsp;3'-pyrophosphohydrolase",73.1
1208321.D104_05750,D104_05750,Acetolactate&nbsp;synthase,73.1
1208321.D104_07645,D104_07645,Peptidase&nbsp;M23,73.1
1208321.D104_12540,D104_12540,Methyl-accepting&nbsp;chemotaxis&nbsp;protein,73.1
1208321.D104_06835,rplE,50S&nbsp;ribosomal&nbsp;protein&nbsp;L5,73.1
1208321.D104_03760,potA,Spermidine/putrescine&nbsp;import&nbsp;ATP-binding&nbsp;protein&nbsp;PotA,73.1
1208321.D104_07130,D104_07130,Class&nbsp;II&nbsp;aldolase,73.0
1208321.D104_05655,D104_05655,Peptidyl-prolyl&nbsp;cis-trans&nbsp;isomerase,73.0
1208321.D104_12600,D104_12600,Mandelate&nbsp;racemase,73.0
1208321.D104_14840,D104_14840,Uncharacterized&nbsp;protein,72.9
1208321.D104_16495,D104_16495,Thioredoxin,72.9
1208321.D104_02520,metZ,O-succinylhomoserine&nbsp;sulfhydrylase,72.8
1208321.D104_10220,D104_10220,Nicotinate-nucleotide&nbsp;pyrophosphorylase,72.7
1208321.D104_09710,bamD,Outer&nbsp;membrane&nbsp;protein&nbsp;assembly&nbsp;factor&nbsp;BamD,72.7
1208321.D104_08860,D104_08860,Nitroreductase,72.7
1208321.D104_07800,D104_07800,ABC&nbsp;transporter&nbsp;permease,72.7
1208321.D104_05920,ddl,D-alanine--D-alanine&nbsp;ligase,72.6
1208321.D104_03190,nqrF,Na(+)-translocating&nbsp;NADH-quinone&nbsp;reductase&nbsp;subunit&nbsp;F,72.6
1208321.D104_04615,htpG,Chaperone&nbsp;protein&nbsp;HtpG,72.6
1208321.D104_03475,D104_03475,Alanine--glyoxylate&nbsp;aminotransferase,72.6
1208321.D104_15355,glgC,Glucose-1-phosphate&nbsp;adenylyltransferase,72.6
1208321.D104_03070,D104_03070,Alkane&nbsp;1-monooxygenase,72.5
1208321.D104_01735,D104_01735,Hemolysin&nbsp;secretion&nbsp;protein&nbsp;D,72.5
1208321.D104_12335,rhlE,ATP-dependent&nbsp;RNA&nbsp;helicase&nbsp;RhlE,72.4
1208321.D104_09910,D104_09910,ATP-dependent&nbsp;helicase,72.4
1208321.D104_15145,dapB,4-hydroxy-tetrahydrodipicolinate&nbsp;reductase,72.4
1208321.D104_13050,D104_13050,Ferredoxin--NADP&nbsp;reductase,72.4
1208321.D104_10905,D104_10905,Cysteine&nbsp;desulfurase,72.4
1208321.D104_11005,D104_11005,Alcohol&nbsp;dehydrogenase,72.3
1208321.D104_03805,trpC,Indole-3-glycerol&nbsp;phosphate&nbsp;synthase,72.3
1208321.D104_18165,D104_18165,Diguanylate&nbsp;cyclase,72.3
1208321.D104_07095,trmA,tRNA/tmRNA&nbsp;(uracil-C(5))-methyltransferase,72.3
1208321.D104_03300,pyrD,Dihydroorotate&nbsp;dehydrogenase&nbsp;(quinone),72.2
1208321.D104_06785,rpsK,30S&nbsp;ribosomal&nbsp;protein&nbsp;S11,72.2
1208321.D104_14160,purD,Phosphoribosylamine--glycine&nbsp;ligase,72.2
1208321.D104_17975,carB,Carbamoyl-phosphate&nbsp;synthase&nbsp;large&nbsp;chain,72.1
1208321.D104_02525,D104_02525,Acriflavin&nbsp;resistance&nbsp;protein,72.1
1208321.D104_04905,D104_04905,Membrane&nbsp;component&nbsp;of&nbsp;a&nbsp;putative&nbsp;sugar&nbsp;ABC&nbsp;transporter&nbsp;system,72.0
1208321.D104_11620,dgt,Probable&nbsp;deoxyguanosinetriphosphate&nbsp;triphosphohydrolase,72.0
1208321.D104_14605,D104_14605,N-acetylglucosamine&nbsp;6-phosphate&nbsp;deacetylase,72.0
1208321.D104_17645,rpmF,Some&nbsp;L32&nbsp;proteins&nbsp;have&nbsp;zinc&nbsp;finger&nbsp;motifs&nbsp;consisting&nbsp;of&nbsp;CXXC&nbsp;while&nbsp;others&nbsp;do&nbsp;not,71.9
1208321.D104_17720,topA,DNA&nbsp;topoisomerase&nbsp;1,71.8
1208321.D104_16150,D104_16150,Sulfur&nbsp;relay&nbsp;protein&nbsp;TusD/DsrE,71.8
1208321.D104_01610,mrdA,"Peptidoglycan&nbsp;D,D-transpeptidase&nbsp;MrdA",71.8
1208321.D104_08760,D104_08760,C4-dicarboxylate&nbsp;ABC&nbsp;transporter&nbsp;substrate-binding&nbsp;protein,71.8
1208321.D104_06110,psd,Phosphatidylserine&nbsp;decarboxylase&nbsp;proenzyme,71.7
1208321.D104_07980,D104_07980,Sugar&nbsp;ABC&nbsp;transporter&nbsp;permease,71.6
1208321.D104_17560,D104_17560,4-hydroxy-tetrahydrodipicolinate&nbsp;synthase,71.6
1208321.D104_01680,D104_01680,Bacterioferritin,71.6
1208321.D104_11595,D104_11595,Amino&nbsp;acid&nbsp;ABC&nbsp;transporter&nbsp;substrate-binding&nbsp;protein,71.5
1208321.D104_07680,D104_07680,Sulfurtransferase,71.5
1208321.D104_13955,katG,Catalase-peroxidase,71.5
1208321.D104_13280,D104_13280,Methyl-accepting&nbsp;chemotaxis&nbsp;protein,71.4
1208321.D104_07770,D104_07770,C4-dicarboxylate&nbsp;ABC&nbsp;transporter&nbsp;substrate-binding&nbsp;protein,71.4
1208321.D104_14520,D104_14520,Carbamate&nbsp;kinase,71.4
1208321.D104_08525,D104_08525,Redoxin,71.2
1208321.D104_00265,D104_00265,Phosphomethylpyrimidine&nbsp;kinase,71.2
1208321.D104_12455,D104_12455,ThiJ/PfpI,71.2
1208321.D104_16125,D104_16125,Chemotaxis&nbsp;protein&nbsp;CheY,71.2
1208321.D104_01275,D104_01275,4-hydroxy-tetrahydrodipicolinate&nbsp;synthase,71.1
1208321.D104_16165,D104_16165,Sulfurtransferase,71.1
1208321.D104_10985,gidA,tRNA&nbsp;uridine&nbsp;5-carboxymethylaminomethyl&nbsp;modification&nbsp;enzyme&nbsp;MnmG,71.1
1208321.D104_04990,D104_04990,"6-phosphogluconate&nbsp;dehydrogenase,&nbsp;decarboxylating",71.1
1208321.D104_16525,D104_16525,Undecaprenyl-diphosphatase,70.9
1208321.D104_16280,D104_16280,Aldehyde&nbsp;dehydrogenase,70.9
1208321.D104_15055,kdsB,3-deoxy-manno-octulosonate&nbsp;cytidylyltransferase,70.9
1208321.D104_09570,hemC,Porphobilinogen&nbsp;deaminase,70.9
1208321.D104_17065,D104_17065,MaoC&nbsp;family&nbsp;dehydratase,70.7
1208321.D104_04560,thiH,In&nbsp;Escherichia&nbsp;coli&nbsp;this&nbsp;enzyme&nbsp;functions&nbsp;in&nbsp;thiamine&nbsp;biosynthesis&nbsp;along&nbsp;with&nbsp;thiFSGI&nbsp;and&nbsp;iscS,70.7
1208321.D104_05685,D104_05685,Polyprenyl&nbsp;glycosylphosphotransferase,70.6
1208321.D104_14475,D104_14475,Aldehyde&nbsp;dismutase,70.6
1208321.D104_15535,uppS,"Ditrans,polycis-undecaprenyl-diphosphate&nbsp;synthase&nbsp;((2E,6E)-farnesyl-diphosphate&nbsp;specific)",70.6
1208321.D104_03830,D104_03830,Phosphoglycolate&nbsp;phosphatase,70.5
1208321.D104_06210,D104_06210,Regulator,70.5
1208321.D104_13030,D104_13030,Uncharacterized&nbsp;protein,70.4
1208321.D104_08105,D104_08105,Glycerol-3-phosphate&nbsp;transporter&nbsp;permease,70.4
1208321.D104_04135,D104_04135,Von&nbsp;Willebrand&nbsp;factor&nbsp;A,70.3
1208321.D104_00465,D104_00465,Chemotaxis&nbsp;protein&nbsp;CheY,70.3
1208321.D104_09335,D104_09335,Diguanylate&nbsp;cyclase,70.3
1208321.D104_09175,D104_09175,Xylose&nbsp;ABC&nbsp;transporter&nbsp;permease,70.3
1208321.D104_01810,purM,Phosphoribosylformylglycinamidine&nbsp;cyclo-ligase,70.3
1208321.D104_07050,D104_07050,Peptide&nbsp;signal,70.2
1208321.D104_09160,D104_09160,Transcriptional&nbsp;regulator,70.2
1208321.D104_10755,D104_10755,Histidine&nbsp;kinase,70.2
1208321.D104_08045,D104_08045,Putative&nbsp;glucose-6-phosphate&nbsp;1-epimerase,70.2
1208321.D104_06820,rplF,50S&nbsp;ribosomal&nbsp;protein&nbsp;L6,70.2
1208321.D104_00655,D104_00655,Acriflavine&nbsp;resistance&nbsp;protein&nbsp;B,70.2
1208321.D104_06995,birA,Bifunctional&nbsp;ligase/repressor&nbsp;BirA,70.2
1208321.D104_11715,D104_11715,Porin,70.1
1208321.D104_17640,plsX,Phosphate&nbsp;acyltransferase,70.1
1208321.D104_07475,D104_07475,Adenine&nbsp;glycosylase,70.1
