28072.Nos7524_2058,AFY47911.1,annotation&nbsp;not&nbsp;available,98.9
28072.Nos7524_4339,AFY50098.1,PFAM:&nbsp;ABC&nbsp;transporter,98.8
28072.Nos7524_5361,psbB,Photosystem&nbsp;II&nbsp;CP47&nbsp;reaction&nbsp;center&nbsp;protein,98.8
28072.Nos7524_4606,AFY50354.1,PFAM:&nbsp;4-alpha-glucanotransferase,98.6
28072.Nos7524_4849,purN,Phosphoribosylglycinamide&nbsp;formyltransferase,98.6
28072.Nos7524_3565,psbE,Cytochrome&nbsp;b559&nbsp;subunit&nbsp;alpha,98.5
28072.Nos7524_4948,rpmJ,PFAM:&nbsp;Ribosomal&nbsp;protein&nbsp;L36,98.5
28072.Nos7524_1009,AFY46903.1,PFAM:&nbsp;Homoserine&nbsp;dehydrogenase,98.4
28072.Nos7524_4128,AFY49898.1,ATPase&nbsp;component&nbsp;of&nbsp;Mn/Zn&nbsp;ABC-type&nbsp;transporter,98.4
28072.Nos7524_1494,AFY47370.1,PAS&nbsp;domain&nbsp;S-box,98.3
28072.Nos7524_0158,psbH,Photosystem&nbsp;II&nbsp;reaction&nbsp;center&nbsp;protein&nbsp;H,98.3
28072.Nos7524_4317,AFY50076.1,PFAM:&nbsp;Fimbrial&nbsp;assembly&nbsp;protein&nbsp;(PilN),98.3
28072.Nos7524_3129,AFY48932.1,PFAM:&nbsp;Adenylate&nbsp;and&nbsp;Guanylate&nbsp;cyclase&nbsp;catalytic&nbsp;domain,98.2
28072.Nos7524_5222,AFY50946.1,N-acetyl-gamma-glutamyl-phosphate&nbsp;reductase,98.2
28072.Nos7524_4260,AFY50020.1,Regulatory&nbsp;P&nbsp;domain&nbsp;of&nbsp;subtilisin-like&nbsp;proprotein&nbsp;convertases,98.2
28072.Nos7524_3397,AFY49191.1,PFAM:&nbsp;D-alanyl-D-alanine&nbsp;carboxypeptidase,98.2
28072.Nos7524_2167,AFY48015.1,PFAM:&nbsp;DHHA1&nbsp;domain,98.2
28072.Nos7524_4538,psaA,Photosystem&nbsp;I&nbsp;P700&nbsp;chlorophyll&nbsp;a&nbsp;apoprotein&nbsp;A1,98.2
28072.Nos7524_5287,AFY51010.1,UDP-N-acetylenolpyruvoylglucosamine&nbsp;reductase,98.2
28072.Nos7524_2059,AFY47912.1,PFAM:&nbsp;HAMP&nbsp;domain,98.1
28072.Nos7524_4807,AFY50544.1,PFAM:&nbsp;Aminotransferase&nbsp;class&nbsp;I&nbsp;and&nbsp;II,98.0
28072.Nos7524_1807,AFY47673.1,PFAM:&nbsp;C-5&nbsp;cytosine-specific&nbsp;DNA&nbsp;methylase,98.0
28072.Nos7524_3751,AFY49531.1,PFAM:&nbsp;PhoD-like&nbsp;phosphatase,98.0
28072.Nos7524_3038,AFY48845.1,PFAM:&nbsp;Response&nbsp;regulator&nbsp;receiver&nbsp;domain,97.9
28072.Nos7524_4223,AFY49984.1,PFAM:&nbsp;Mannose-6-phosphate&nbsp;isomerase,97.9
28072.Nos7524_3801,kaiB,Circadian&nbsp;clock&nbsp;protein&nbsp;KaiB,97.7
28072.Nos7524_0599,AFY46509.1,PFAM:&nbsp;Penicillin-Binding&nbsp;Protein&nbsp;C-terminus&nbsp;Family,97.7
28072.Nos7524_4500,AFY50252.1,Orotate&nbsp;phosphoribosyltransferase,97.7
28072.Nos7524_4992,AFY50717.1,"ABC-type&nbsp;polar&nbsp;amino&nbsp;acid&nbsp;transport&nbsp;system,&nbsp;ATPase&nbsp;component",97.7
28072.Nos7524_5175,upp,Uracil&nbsp;phosphoribosyltransferase,97.6
28072.Nos7524_3685,AFY49471.1,"PFAM:&nbsp;Histidine&nbsp;kinase-,&nbsp;DNA&nbsp;gyrase&nbsp;B-,&nbsp;and&nbsp;HSP90-like&nbsp;ATPase",97.6
28072.Nos7524_1920,AFY47779.1,"ABC-type&nbsp;polysaccharide/polyol&nbsp;phosphate&nbsp;export&nbsp;systems,&nbsp;permease&nbsp;component",97.4
28072.Nos7524_0040,AFY45967.1,Ribosomal&nbsp;protein&nbsp;L25&nbsp;(General&nbsp;stress&nbsp;protein&nbsp;Ctc),97.4
28072.Nos7524_0612,AFY46522.1,Cysteine&nbsp;desulfurase&nbsp;family&nbsp;protein,97.4
28072.Nos7524_0063,AFY45989.1,"Transcriptional&nbsp;regulator,&nbsp;effector-binding&nbsp;domain/component",97.4
28072.Nos7524_0915,AFY46814.1,3-deoxy-D-arabinoheptulosonate-7-phosphate&nbsp;synthase,97.4
28072.Nos7524_0370,psbK,Photosystem&nbsp;II&nbsp;reaction&nbsp;center&nbsp;protein&nbsp;K,97.3
28072.Nos7524_0013,AFY45942.1,PFAM:&nbsp;Heme&nbsp;oxygenase,97.2
28072.Nos7524_1289,pyrB,"PFAM:&nbsp;Aspartate/ornithine&nbsp;carbamoyltransferase,&nbsp;carbamoyl-P&nbsp;binding&nbsp;domain",97.2
28072.Nos7524_5321,AFY51043.1,annotation&nbsp;not&nbsp;available,97.2
28072.Nos7524_3472,AFY49264.1,NAD(P)H-quinone&nbsp;oxidoreductase&nbsp;subunit&nbsp;K,97.1
28072.Nos7524_4964,AFY50690.1,PFAM:&nbsp;Preprotein&nbsp;translocase&nbsp;SecG&nbsp;subunit,96.9
28072.Nos7524_3345,menG,"2-phytyl-1,4-naphtoquinone&nbsp;methyltransferase",96.9
28072.Nos7524_3790,nadA,Quinolinate&nbsp;synthase&nbsp;A,96.7
28072.Nos7524_4942,rplR,50S&nbsp;ribosomal&nbsp;protein&nbsp;L18,96.6
28072.Nos7524_1865,AFY47726.1,Precorrin-2&nbsp;C20-methyltransferase,96.6
28072.Nos7524_0544,AFY46455.1,Glycogen&nbsp;synthase,96.6
28072.Nos7524_0002,AFY45931.1,Beta&nbsp;sliding&nbsp;clamp,96.6
28072.Nos7524_4442,AFY50200.1,PFAM:&nbsp;Ferrochelatase,96.5
28072.Nos7524_1853,AFY47714.1,Phosphoenolpyruvate&nbsp;synthase,96.5
28072.Nos7524_1944,AFY47803.1,"ABC-type&nbsp;spermidine/putrescine&nbsp;transport&nbsp;system,&nbsp;permease&nbsp;component&nbsp;II",96.5
28072.Nos7524_0765,AFY46670.1,"Uncharacterized&nbsp;protein,&nbsp;putative&nbsp;amidase",96.4
28072.Nos7524_5082,AFY50807.1,Secreted/surface&nbsp;protein&nbsp;with&nbsp;fasciclin-like&nbsp;repeats,96.4
28072.Nos7524_2244,AFY48089.1,Putative&nbsp;S-layer&nbsp;protein,96.4
28072.Nos7524_0484,AFY46396.1,"PFAM:&nbsp;S-adenosylmethionine&nbsp;synthetase,&nbsp;C-terminal&nbsp;domain",96.4
28072.Nos7524_4269,AFY50028.1,PFAM:&nbsp;Branched-chain&nbsp;amino&nbsp;acid&nbsp;transport&nbsp;system&nbsp;/&nbsp;permease&nbsp;component,96.3
28072.Nos7524_3688,AFY49474.1,Lipoyl&nbsp;synthase,96.3
28072.Nos7524_5560,recA,Protein&nbsp;RecA,96.1
28072.Nos7524_2919,apt,Adenine&nbsp;phosphoribosyltransferase,96.1
28072.Nos7524_4170,AFY49936.1,PFAM:&nbsp;Phycobilisome&nbsp;Linker&nbsp;polypeptide,96.1
28072.Nos7524_3366,AFY49161.1,PFAM:&nbsp;PhoD-like&nbsp;phosphatase,96.1
28072.Nos7524_5136,AFY50860.1,Enoyl-[acyl-carrier-protein]&nbsp;reductase&nbsp;[NADH],96.0
28072.Nos7524_0363,AFY46280.1,PFAM:&nbsp;Alcohol&nbsp;dehydrogenase&nbsp;GroES-like&nbsp;domain,95.9
28072.Nos7524_3507,psbC,Photosystem&nbsp;II&nbsp;CP43&nbsp;reaction&nbsp;center&nbsp;protein,95.7
28072.Nos7524_3510,AFY49302.1,"DNA/RNA&nbsp;helicase,&nbsp;superfamily&nbsp;II,&nbsp;SNF2&nbsp;family",95.7
28072.Nos7524_0430,AFY46345.1,"dTDP-4-dehydrorhamnose&nbsp;3,5-epimerase",95.7
28072.Nos7524_3135,AFY48938.1,"Thiamine&nbsp;pyrophosphate-dependent&nbsp;enzyme,&nbsp;possible&nbsp;carboligase&nbsp;or&nbsp;decarboxylase",95.7
28072.Nos7524_4938,rplX,50S&nbsp;ribosomal&nbsp;protein&nbsp;L24,95.6
28072.Nos7524_1588,leuA,2-isopropylmalate&nbsp;synthase,95.6
28072.Nos7524_4716,AFY50459.1,"ABC-type&nbsp;branched-chain&nbsp;amino&nbsp;acid&nbsp;transport&nbsp;system,&nbsp;periplasmic&nbsp;component",95.6
28072.Nos7524_1576,surE,5'-nucleotidase&nbsp;SurE,95.6
28072.Nos7524_3671,AFY49457.1,"Heme/copper-type&nbsp;cytochrome/quinol&nbsp;oxidase,&nbsp;subunit&nbsp;3",95.5
28072.Nos7524_3566,psbF,Cytochrome&nbsp;b559&nbsp;subunit&nbsp;beta,95.5
28072.Nos7524_4917,AFY50643.1,annotation&nbsp;not&nbsp;available,95.5
28072.Nos7524_2495,AFY48335.1,PFAM:&nbsp;CHASE2&nbsp;domain,95.3
28072.Nos7524_0654,AFY46564.1,Permease&nbsp;component&nbsp;of&nbsp;ABC-type&nbsp;sugar&nbsp;transporter,95.3
28072.Nos7524_4918,AFY50644.1,PFAM:&nbsp;ABC&nbsp;transporter,95.3
28072.Nos7524_1319,AFY47200.1,Transaldolase,95.2
28072.Nos7524_4231,pheA,PFAM:&nbsp;Prephenate&nbsp;dehydratase,95.2
28072.Nos7524_5005,chlL,Light-independent&nbsp;protochlorophyllide&nbsp;reductase&nbsp;iron-sulfur&nbsp;ATP-binding&nbsp;protein,95.2
28072.Nos7524_2803,rplJ,50S&nbsp;ribosomal&nbsp;protein&nbsp;L10,95.1
28072.Nos7524_2493,AFY48333.1,L-aspartate&nbsp;oxidase,95.1
28072.Nos7524_3669,AFY49455.1,Cytochrome&nbsp;c&nbsp;oxidase&nbsp;subunit&nbsp;2,95.0
28072.Nos7524_2433,AFY48275.1,Potassium-transporting&nbsp;ATPase&nbsp;ATP-binding&nbsp;subunit,95.0
28072.Nos7524_3295,AFY49092.1,"ABC-type&nbsp;Fe3+-hydroxamate&nbsp;transport&nbsp;system,&nbsp;periplasmic&nbsp;component",94.8
28072.Nos7524_1097,AFY46990.1,PFAM:&nbsp;ThiF&nbsp;family,94.8
28072.Nos7524_1733,AFY47605.1,"Coenzyme&nbsp;F420-reducing&nbsp;hydrogenase,&nbsp;alpha&nbsp;subunit",94.7
28072.Nos7524_0177,AFY46099.1,Lipid-A-disaccharide&nbsp;synthase,94.7
28072.Nos7524_4424,AFY50182.1,Putative&nbsp;extracellular&nbsp;nuclease,94.7
28072.Nos7524_1318,fbp,"Fructose-1,6-bisphosphatase&nbsp;class&nbsp;1",94.6
28072.Nos7524_2728,AFY48560.1,"Glycolate&nbsp;oxidase,&nbsp;subunit&nbsp;GlcD",94.6
28072.Nos7524_5003,chlN,Light-independent&nbsp;protochlorophyllide&nbsp;reductase&nbsp;subunit&nbsp;N,94.6
28072.Nos7524_1376,AFY47256.1,Riboflavin&nbsp;biosynthesis&nbsp;protein&nbsp;RibD,94.5
28072.Nos7524_0646,accD,Acetyl-coenzyme&nbsp;A&nbsp;carboxylase&nbsp;carboxyl&nbsp;transferase&nbsp;subunit&nbsp;beta,94.5
28072.Nos7524_3561,AFY49352.1,NAD(P)H-quinone&nbsp;oxidoreductase&nbsp;subunit&nbsp;K,94.5
28072.Nos7524_3103,AFY48906.1,PAS&nbsp;domain&nbsp;S-box,94.5
28072.Nos7524_2937,AFY48751.1,Chemotaxis&nbsp;signal&nbsp;transduction&nbsp;protein,94.5
28072.Nos7524_2155,AFY48004.1,"ABC-type&nbsp;Fe3+-hydroxamate&nbsp;transport&nbsp;system,&nbsp;periplasmic&nbsp;component",94.5
28072.Nos7524_1440,AFY47318.1,PFAM:&nbsp;chorismate&nbsp;binding&nbsp;enzyme,94.4
28072.Nos7524_1975,AFY47833.1,PAS&nbsp;domain&nbsp;S-box,94.4
28072.Nos7524_3523,AFY49315.1,PFAM:&nbsp;PhoD-like&nbsp;phosphatase,94.4
28072.Nos7524_3833,AFY49607.1,PAS&nbsp;domain&nbsp;S-box,94.3
28072.Nos7524_2912,AFY48726.1,PFAM:&nbsp;TRAM&nbsp;domain,94.2
28072.Nos7524_0172,purC,PFAM:&nbsp;SAICAR&nbsp;synthetase,94.1
28072.Nos7524_1360,AFY47240.1,Polyketide&nbsp;synthase&nbsp;family&nbsp;protein,94.1
28072.Nos7524_4402,AFY50161.1,PFAM:&nbsp;haloacid&nbsp;dehalogenase-like&nbsp;hydrolase,94.0
28072.Nos7524_4178,AFY49944.1,PFAM:&nbsp;PBS&nbsp;lyase&nbsp;HEAT-like&nbsp;repeat,94.0
28072.Nos7524_2293,argJ,Arginine&nbsp;biosynthesis&nbsp;bifunctional&nbsp;protein&nbsp;ArgJ,94.0
28072.Nos7524_2333,AFY48175.1,Uncharacterized&nbsp;protein,94.0
28072.Nos7524_3448,AFY49240.1,"ABC-type&nbsp;cobalt&nbsp;transport&nbsp;system,&nbsp;ATPase&nbsp;component",94.0
28072.Nos7524_3004,AFY48811.1,PFAM:&nbsp;ABC&nbsp;transporter,94.0
28072.Nos7524_2225,AFY48070.1,Replicative&nbsp;DNA&nbsp;helicase,94.0
28072.Nos7524_0574,AFY46485.1,"PFAM:&nbsp;DNA&nbsp;polymerase&nbsp;III,&nbsp;delta&nbsp;subunit",93.9
28072.Nos7524_4221,AFY49982.1,PFAM:&nbsp;Conserved&nbsp;region&nbsp;in&nbsp;glutamate&nbsp;synthase,93.8
28072.Nos7524_3105,AFY48908.1,Methylase&nbsp;of&nbsp;chemotaxis&nbsp;methyl-accepting&nbsp;protein,93.8
28072.Nos7524_0310,glmS,Glutamine--fructose-6-phosphate&nbsp;aminotransferase&nbsp;[isomerizing],93.8
28072.Nos7524_3111,AFY48914.1,Uncharacterized&nbsp;protein,93.7
28072.Nos7524_4669,AFY50414.1,"TIGRFAM:&nbsp;ferredoxin&nbsp;III,&nbsp;nif-specific",93.6
28072.Nos7524_2929,AFY48743.1,Phosphate&nbsp;import&nbsp;ATP-binding&nbsp;protein&nbsp;PstB,93.5
28072.Nos7524_1971,AFY47830.1,PFAM:&nbsp;Glycoprotease&nbsp;family,93.5
28072.Nos7524_3718,AFY49499.1,NADH:ubiquinone&nbsp;oxidoreductase&nbsp;subunit&nbsp;6&nbsp;(Chain&nbsp;J),93.5
28072.Nos7524_2367,rpsR,30S&nbsp;ribosomal&nbsp;protein&nbsp;S18,93.4
28072.Nos7524_1869,AFY47730.1,Precorrin-3B&nbsp;C17-methyltransferase,93.4
28072.Nos7524_5227,AFY50951.1,"ABC-type&nbsp;Fe3+-hydroxamate&nbsp;transport&nbsp;system,&nbsp;periplasmic&nbsp;component",93.4
28072.Nos7524_4226,rps7,30S&nbsp;ribosomal&nbsp;protein&nbsp;S7,93.3
28072.Nos7524_5466,AFY51183.1,"Zn-dependent&nbsp;hydrolase,&nbsp;glyoxylase",93.3
28072.Nos7524_4471,AFY50226.1,"ABC-type&nbsp;cobalt&nbsp;transport&nbsp;system,&nbsp;permease&nbsp;component&nbsp;CbiQ",93.3
28072.Nos7524_2515,AFY48354.1,Transport&nbsp;permease&nbsp;protein,93.2
28072.Nos7524_2578,AFY48414.1,annotation&nbsp;not&nbsp;available,93.1
28072.Nos7524_3010,AFY48817.1,Ribosomal&nbsp;protein&nbsp;S1,93.1
28072.Nos7524_3950,AFY49723.1,Oxygen-dependent&nbsp;coproporphyrinogen-III&nbsp;oxidase,93.0
28072.Nos7524_0951,AFY46850.1,dTDP-4-dehydrorhamnose&nbsp;reductase,92.8
28072.Nos7524_4879,AFY50605.1,"ABC-type&nbsp;Mn2+/Zn2+&nbsp;transport&nbsp;system,&nbsp;permease&nbsp;component",92.7
28072.Nos7524_2831,AFY48649.1,Histidinol&nbsp;dehydrogenase,92.7
28072.Nos7524_1644,AFY47517.1,"PFAM:&nbsp;Glutathione&nbsp;S-transferase,&nbsp;N-terminal&nbsp;domain",92.6
28072.Nos7524_0324,AFY46244.1,PFAM:&nbsp;CobN/Magnesium&nbsp;Chelatase,92.6
28072.Nos7524_0672,AFY46578.1,Gamma-glutamyl&nbsp;phosphate&nbsp;reductase,92.5
28072.Nos7524_1008,AFY46902.1,PFAM:&nbsp;Oxidoreductase&nbsp;FAD-binding&nbsp;domain,92.4
28072.Nos7524_0589,AFY46499.1,Potassium-transporting&nbsp;ATPase&nbsp;potassium-binding&nbsp;subunit,92.4
28072.Nos7524_4309,trpF,PFAM:&nbsp;N-(5'phosphoribosyl)anthranilate&nbsp;(PRA)&nbsp;isomerase,92.3
28072.Nos7524_4202,AFY49965.1,"Alpha-hydroxyacid&nbsp;dehydrogenase,&nbsp;FMN-dependent&nbsp;L-lactate&nbsp;dehydrogenase",92.3
28072.Nos7524_1065,AFY46959.1,PFAM:&nbsp;ABC&nbsp;transporter,92.3
28072.Nos7524_2049,acsA,Acetyl-coenzyme&nbsp;A&nbsp;synthetase,92.3
28072.Nos7524_2525,AFY48364.1,"PFAM:&nbsp;Pyruvate&nbsp;kinase,&nbsp;barrel&nbsp;domain",92.3
28072.Nos7524_5284,AFY51007.1,Probable&nbsp;nicotinate-nucleotide&nbsp;adenylyltransferase,92.3
28072.Nos7524_4954,rplM,50S&nbsp;ribosomal&nbsp;protein&nbsp;L13,92.3
28072.Nos7524_4993,AFY50718.1,PFAM:&nbsp;Binding-protein-dependent&nbsp;transport&nbsp;system&nbsp;inner&nbsp;membrane&nbsp;component,92.1
28072.Nos7524_4976,AFY50701.1,"Formate&nbsp;hydrogenlyase&nbsp;subunit&nbsp;3/multisubunit&nbsp;Na+/H+&nbsp;antiporter,&nbsp;MnhD&nbsp;subunit",92.1
28072.Nos7524_1806,uvrC,UvrABC&nbsp;system&nbsp;protein&nbsp;C,92.0
28072.Nos7524_4136,AFY49905.1,PFAM:&nbsp;Phycobilisome&nbsp;protein,92.0
28072.Nos7524_5166,AFY50890.1,ATP&nbsp;synthase&nbsp;subunit&nbsp;beta,92.0
28072.Nos7524_1346,AFY47226.1,annotation&nbsp;not&nbsp;available,92.0
28072.Nos7524_4397,rps4,30S&nbsp;ribosomal&nbsp;protein&nbsp;S4,91.9
28072.Nos7524_0701,AFY46607.1,PFAM:&nbsp;EAL&nbsp;domain,91.8
28072.Nos7524_1685,AFY47557.1,PFAM:&nbsp;RHS&nbsp;Repeat,91.7
28072.Nos7524_2280,AFY48123.1,Chemotaxis&nbsp;protein&nbsp;histidine&nbsp;kinase-like&nbsp;protein,91.7
28072.Nos7524_0067,AFY45993.1,"ABC-type&nbsp;Fe3+-hydroxamate&nbsp;transport&nbsp;system,&nbsp;periplasmic&nbsp;component",91.7
28072.Nos7524_2447,AFY48289.1,PFAM:&nbsp;Bacterial&nbsp;extracellular&nbsp;solute-binding&nbsp;protein,91.7
28072.Nos7524_5251,AFY50974.1,Transaldolase,91.7
28072.Nos7524_2531,AFY48370.1,Chorismate&nbsp;mutase&nbsp;AroH,91.7
28072.Nos7524_0602,AFY46512.1,Glycosidase,91.7
28072.Nos7524_2925,AFY48739.1,Uncharacterized&nbsp;protein,91.7
28072.Nos7524_2598,lexA,LexA&nbsp;repressor,91.6
28072.Nos7524_5185,AFY50909.1,PEP-CTERM&nbsp;putative&nbsp;exosortase&nbsp;interaction&nbsp;domain-containing&nbsp;protein,91.5
28072.Nos7524_3356,cugP,UTP--glucose-1-phosphate&nbsp;uridylyltransferase,91.5
28072.Nos7524_4546,chlB,Light-independent&nbsp;protochlorophyllide&nbsp;reductase&nbsp;subunit&nbsp;B,91.5
28072.Nos7524_2932,potA,Spermidine/putrescine&nbsp;import&nbsp;ATP-binding&nbsp;protein&nbsp;PotA,91.4
28072.Nos7524_1421,AFY47300.1,PFAM:&nbsp;Domain&nbsp;of&nbsp;unknown&nbsp;function&nbsp;DUF140,91.4
28072.Nos7524_4707,AFY50451.1,PFAM:&nbsp;Glycosyl&nbsp;transferase&nbsp;family&nbsp;2,91.3
28072.Nos7524_3699,AFY49480.1,Fe-S-cluster-containing&nbsp;hydrogenase&nbsp;subunit,91.3
28072.Nos7524_1395,AFY47275.1,PFAM:&nbsp;Photosystem&nbsp;I&nbsp;reaction&nbsp;centre&nbsp;subunit&nbsp;XI,91.3
28072.Nos7524_2915,purL,Phosphoribosylformylglycinamidine&nbsp;synthase&nbsp;subunit&nbsp;PurL,91.3
28072.Nos7524_5041,AFY50766.1,"NAD(P)H&nbsp;dehydrogenase,&nbsp;subunit&nbsp;NdhF3&nbsp;family",91.2
28072.Nos7524_1841,AFY47703.1,Dihydroorotate&nbsp;dehydrogenase,91.2
28072.Nos7524_1254,AFY47136.1,Hemolysin&nbsp;activation/secretion&nbsp;protein,91.2
28072.Nos7524_1313,AFY47194.1,"TIGRFAM:&nbsp;PPOX&nbsp;class&nbsp;probable&nbsp;FMN-dependent&nbsp;enzyme,&nbsp;alr4036&nbsp;family",91.2
28072.Nos7524_1484,trmB,tRNA&nbsp;(guanine-N(7)-)-methyltransferase,91.1
28072.Nos7524_5313,AFY51035.1,ATP&nbsp;synthase&nbsp;gamma&nbsp;chain,91.0
28072.Nos7524_5470,AFY51186.1,Bacteriophytochrome&nbsp;(Light-regulated&nbsp;signal&nbsp;transduction&nbsp;histidine&nbsp;kinase),91.0
28072.Nos7524_1451,AFY47329.1,PAS&nbsp;domain&nbsp;S-box,90.9
28072.Nos7524_1847,AFY47708.1,PAS&nbsp;domain&nbsp;S-box,90.8
28072.Nos7524_5253,ackA,Acetate&nbsp;kinase,90.8
28072.Nos7524_0549,AFY46460.1,PFAM:&nbsp;HAMP&nbsp;domain,90.7
28072.Nos7524_4926,ndhN,NAD(P)H-quinone&nbsp;oxidoreductase&nbsp;subunit&nbsp;N,90.7
28072.Nos7524_0978,AFY46876.1,"ABC-type&nbsp;dipeptide/oligopeptide/nickel&nbsp;transport&nbsp;system,&nbsp;permease&nbsp;component",90.7
28072.Nos7524_4901,AFY50627.1,"ABC-type&nbsp;sugar&nbsp;transport&nbsp;system,&nbsp;permease&nbsp;component",90.6
28072.Nos7524_1379,AFY47259.1,PFAM:&nbsp;MreB/Mbl&nbsp;protein,90.5
28072.Nos7524_1120,cbbL,Ribulose&nbsp;bisphosphate&nbsp;carboxylase&nbsp;large&nbsp;chain,90.5
28072.Nos7524_3895,AFY49669.1,"TIGRFAM:&nbsp;phosphate/phosphite/phosphonate&nbsp;ABC&nbsp;transporters,&nbsp;periplasmic&nbsp;binding&nbsp;protein",90.4
28072.Nos7524_1140,AFY47032.1,"PFAM:&nbsp;Histidine&nbsp;kinase-,&nbsp;DNA&nbsp;gyrase&nbsp;B-,&nbsp;and&nbsp;HSP90-like&nbsp;ATPase",90.4
28072.Nos7524_1073,AFY46967.1,Mg-protoporphyrin&nbsp;IX&nbsp;chelatase,90.3
28072.Nos7524_2712,AFY48544.1,PFAM:&nbsp;D12&nbsp;class&nbsp;N6&nbsp;adenine-specific&nbsp;DNA&nbsp;methyltransferase,90.3
28072.Nos7524_2842,AFY48660.1,Cytochrome&nbsp;b6-f&nbsp;complex&nbsp;iron-sulfur&nbsp;subunit,90.3
28072.Nos7524_0815,AFY46720.1,"Proton-translocating&nbsp;NADH-quinone&nbsp;oxidoreductase,&nbsp;chain&nbsp;L",90.3
28072.Nos7524_1409,secF,Protein-export&nbsp;membrane&nbsp;protein&nbsp;SecF,90.2
28072.Nos7524_0798,AFY46703.1,"Signal&nbsp;transduction&nbsp;histidine&nbsp;kinase,&nbsp;nitrogen&nbsp;specific",90.2
28072.Nos7524_4934,rplP,50S&nbsp;ribosomal&nbsp;protein&nbsp;L16,90.2
28072.Nos7524_3802,kaiC,Circadian&nbsp;clock&nbsp;protein&nbsp;kinase&nbsp;KaiC,90.2
28072.Nos7524_1290,AFY47171.1,PFAM:&nbsp;Response&nbsp;regulator&nbsp;receiver&nbsp;domain,90.1
28072.Nos7524_1434,AFY47312.1,"ABC-type&nbsp;transport&nbsp;system&nbsp;involved&nbsp;in&nbsp;resistance&nbsp;to&nbsp;organic&nbsp;solvents,&nbsp;ATPase&nbsp;component",90.1
28072.Nos7524_4928,rpl4,50S&nbsp;ribosomal&nbsp;protein&nbsp;L4,90.1
28072.Nos7524_0414,AFY46329.1,PFAM:&nbsp;Response&nbsp;regulator&nbsp;receiver&nbsp;domain,90.0
28072.Nos7524_0583,glpK,Glycerol&nbsp;kinase,90.0
28072.Nos7524_4112,AFY49882.1,PFAM:&nbsp;Branched-chain&nbsp;amino&nbsp;acid&nbsp;transport&nbsp;system&nbsp;/&nbsp;permease&nbsp;component,90.0
28072.Nos7524_3379,AFY49174.1,ATP-dependent&nbsp;Clp&nbsp;protease&nbsp;proteolytic&nbsp;subunit,89.9
28072.Nos7524_4410,AFY50169.1,"Serine&nbsp;phosphatase&nbsp;RsbU,&nbsp;regulator&nbsp;of&nbsp;sigma&nbsp;subunit",89.9
28072.Nos7524_0076,hisF,Imidazole&nbsp;glycerol&nbsp;phosphate&nbsp;synthase&nbsp;subunit&nbsp;HisF,89.9
28072.Nos7524_5510,AFY51222.1,Chromophore&nbsp;lyase&nbsp;CpcT/CpeT,89.9
28072.Nos7524_4670,AFY50415.1,annotation&nbsp;not&nbsp;available,89.8
28072.Nos7524_3756,mutS,DNA&nbsp;mismatch&nbsp;repair&nbsp;protein&nbsp;MutS,89.8
28072.Nos7524_0757,AFY46662.1,Fe-S&nbsp;oxidoreductase,89.8
28072.Nos7524_5318,atpE,ATP&nbsp;synthase&nbsp;subunit&nbsp;c,89.8
28072.Nos7524_5170,AFY50894.1,3-deoxy-D-arabinoheptulosonate-7-phosphate&nbsp;synthase,89.7
28072.Nos7524_1260,AFY47142.1,Phosphoribosyl-AMP&nbsp;cyclohydrolase,89.7
28072.Nos7524_4944,rplO,50S&nbsp;ribosomal&nbsp;protein&nbsp;L15,89.7
28072.Nos7524_0394,AFY46309.1,"Penicillin-binding&nbsp;protein,&nbsp;1A&nbsp;family",89.6
28072.Nos7524_3383,AFY49178.1,Conserved&nbsp;repeat&nbsp;protein,89.6
28072.Nos7524_2233,AFY48078.1,"ABC-type&nbsp;multidrug&nbsp;transport&nbsp;system,&nbsp;ATPase&nbsp;and&nbsp;permease&nbsp;component",89.6
28072.Nos7524_3926,AFY49699.1,Rhodanese-related&nbsp;sulfurtransferase,89.5
28072.Nos7524_2250,moaC,Cyclic&nbsp;pyranopterin&nbsp;monophosphate&nbsp;synthase,89.5
28072.Nos7524_2276,AFY48119.1,Protein&nbsp;PatA,89.5
28072.Nos7524_3106,AFY48909.1,Histidine&nbsp;kinase,89.5
28072.Nos7524_5145,AFY50869.1,N-acetyl-gamma-glutamyl-phosphate&nbsp;reductase,89.4
28072.Nos7524_0749,AFY46655.1,PAS&nbsp;domain&nbsp;S-box,89.4
28072.Nos7524_4627,AFY50375.1,Glycogen&nbsp;synthase,89.4
28072.Nos7524_0282,AFY46204.1,"ABC-type&nbsp;nitrate/sulfonate/bicarbonate&nbsp;transport&nbsp;system,&nbsp;ATPase&nbsp;component",89.3
28072.Nos7524_1730,AFY47602.1,"Coenzyme&nbsp;F420-reducing&nbsp;hydrogenase,&nbsp;gamma&nbsp;subunit",89.3
28072.Nos7524_3664,AFY49450.1,TIGRFAM:&nbsp;succinate&nbsp;dehydrogenase&nbsp;and&nbsp;fumarate&nbsp;reductase&nbsp;iron-sulfur&nbsp;protein,89.2
28072.Nos7524_2949,AFY48762.1,60&nbsp;kDa&nbsp;chaperonin,89.2
28072.Nos7524_3003,AFY48810.1,PFAM:&nbsp;ABC&nbsp;transporter,89.2
28072.Nos7524_0598,AFY46508.1,Large&nbsp;extracellular&nbsp;alpha-helical&nbsp;protein,89.2
28072.Nos7524_2320,AFY48163.1,Pyruvate-flavodoxin&nbsp;oxidoreductase,89.1
28072.Nos7524_0421,AFY46336.1,PFAM:&nbsp;Response&nbsp;regulator&nbsp;receiver&nbsp;domain,89.0
28072.Nos7524_4863,AFY50591.1,"TIGRFAM:&nbsp;phosphate/phosphite/phosphonate&nbsp;ABC&nbsp;transporters,&nbsp;periplasmic&nbsp;binding&nbsp;protein",89.0
28072.Nos7524_3011,AFY48818.1,Dienelactone&nbsp;hydrolase-like&nbsp;enzyme,89.0
28072.Nos7524_2931,AFY48745.1,Spermidine/putrescine-binding&nbsp;periplasmic&nbsp;protein,89.0
28072.Nos7524_1855,AFY47716.1,"PFAM:&nbsp;Pyruvate&nbsp;kinase,&nbsp;barrel&nbsp;domain",88.9
28072.Nos7524_3717,ndhE,NAD(P)H-quinone&nbsp;oxidoreductase&nbsp;subunit&nbsp;4L,88.9
28072.Nos7524_3154,AFY48957.1,CheY-like&nbsp;receiver&nbsp;domain-containing&nbsp;protein,88.7
28072.Nos7524_2161,AFY48010.1,"ABC-type&nbsp;Fe3+-hydroxamate&nbsp;transport&nbsp;system,&nbsp;periplasmic&nbsp;component",88.7
28072.Nos7524_3838,AFY49612.1,Dinucleotide-utilizing&nbsp;enzyme&nbsp;possibly&nbsp;involved&nbsp;in&nbsp;molybdopterin&nbsp;or&nbsp;thiamin&nbsp;biosynthesis,88.6
28072.Nos7524_3285,AFY49082.1,"ABC-type&nbsp;cobalamin/Fe3+-siderophore&nbsp;transport&nbsp;system,&nbsp;ATPase&nbsp;component",88.6
28072.Nos7524_3302,AFY49099.1,PFAM:&nbsp;Photosystem&nbsp;II&nbsp;protein,88.5
28072.Nos7524_5026,AFY50751.1,"Heterodisulfide&nbsp;reductase,&nbsp;subunit&nbsp;B",88.5
28072.Nos7524_5370,AFY51088.1,PFAM:&nbsp;Response&nbsp;regulator&nbsp;receiver&nbsp;domain,88.4
28072.Nos7524_3799,AFY49578.1,"PFAM:&nbsp;Histidine&nbsp;kinase-,&nbsp;DNA&nbsp;gyrase&nbsp;B-,&nbsp;and&nbsp;HSP90-like&nbsp;ATPase",88.4
28072.Nos7524_4999,AFY50724.1,Anti-sigma&nbsp;factor&nbsp;antagonist,88.3
28072.Nos7524_1774,AFY47640.1,3-phytase&nbsp;(Myo-inositol-hexaphosphate&nbsp;3-phosphohydrolase),88.3
28072.Nos7524_0802,cbiM,Cobalt&nbsp;transport&nbsp;protein&nbsp;CbiM,88.3
28072.Nos7524_2124,AFY47974.1,"NAD(P)H&nbsp;dehydrogenase,&nbsp;subunit&nbsp;NdhF3&nbsp;family",88.2
28072.Nos7524_1554,AFY47429.1,"Laminin&nbsp;G&nbsp;domain-containing&nbsp;protein,putative&nbsp;carbohydrate-binding&nbsp;protein",88.2
28072.Nos7524_2835,rpoB,DNA-directed&nbsp;RNA&nbsp;polymerase&nbsp;subunit&nbsp;beta,88.2
28072.Nos7524_5213,rpmB,PFAM:&nbsp;Ribosomal&nbsp;L28&nbsp;family,88.2
28072.Nos7524_3382,AFY49177.1,"Molybdopterin&nbsp;converting&nbsp;factor,&nbsp;small&nbsp;subunit",88.0
28072.Nos7524_4313,AFY50072.1,PFAM:&nbsp;Photosystem&nbsp;I&nbsp;psaG&nbsp;/&nbsp;psaK,88.0
28072.Nos7524_5363,AFY51082.1,Ribosomal&nbsp;protein&nbsp;S1,88.0
28072.Nos7524_5101,AFY50826.1,PFAM:&nbsp;Major&nbsp;Facilitator&nbsp;Superfamily,88.0
28072.Nos7524_3292,AFY49089.1,"ABC-type&nbsp;Fe3+-hydroxamate&nbsp;transport&nbsp;system,&nbsp;periplasmic&nbsp;component",87.9
28072.Nos7524_5053,AFY50778.1,PFAM:&nbsp;Methylenetetrahydrofolate&nbsp;reductase,87.9
28072.Nos7524_3657,AFY49443.1,"Acetyl-CoA&nbsp;carboxylase,&nbsp;biotin&nbsp;carboxylase&nbsp;subunit",87.9
28072.Nos7524_5090,AFY50815.1,Protein&nbsp;with&nbsp;phosphotransacetylase&nbsp;BioD-like&nbsp;N-terminal&nbsp;domain,87.8
28072.Nos7524_2452,AFY48293.1,Nucleoside-diphosphate-sugar&nbsp;pyrophosphorylase&nbsp;family&nbsp;protein,87.8
28072.Nos7524_2045,AFY47898.1,PAS&nbsp;domain&nbsp;S-box,87.8
28072.Nos7524_1431,AFY47309.1,"ATPase&nbsp;with&nbsp;chaperone&nbsp;activity,&nbsp;ATP-binding&nbsp;subunit",87.7
28072.Nos7524_5032,AFY50757.1,PAS&nbsp;domain&nbsp;S-box,87.7
28072.Nos7524_0088,AFY46014.1,PFAM:&nbsp;Uroporphyrinogen-III&nbsp;synthase&nbsp;HemD,87.7
28072.Nos7524_1155,AFY47046.1,MazG&nbsp;family&nbsp;protein,87.6
28072.Nos7524_0741,AFY46647.1,PFAM:&nbsp;Amidohydrolase&nbsp;family,87.6
28072.Nos7524_0636,AFY46546.1,"ABC-type&nbsp;proline/glycine&nbsp;betaine&nbsp;transport&nbsp;system,&nbsp;permease&nbsp;component",87.4
28072.Nos7524_2930,AFY48744.1,"ABC-type&nbsp;spermidine/putrescine&nbsp;transport&nbsp;system,&nbsp;permease&nbsp;component&nbsp;I",87.3
28072.Nos7524_4308,AFY50067.1,PFAM:&nbsp;GTP&nbsp;cyclohydrolase&nbsp;I,87.2
28072.Nos7524_4535,AFY50284.1,Thiol-disulfide&nbsp;isomerase-like&nbsp;thioredoxin,87.1
28072.Nos7524_1259,AFY47141.1,PFAM:&nbsp;GTP&nbsp;cyclohydrolase&nbsp;I,87.1
28072.Nos7524_0281,AFY46203.1,"ABC-type&nbsp;nitrate/sulfonate/bicarbonate&nbsp;transport&nbsp;system,&nbsp;permease&nbsp;component",87.0
28072.Nos7524_4488,AFY50241.1,dITP/XTP&nbsp;pyrophosphatase,87.0
28072.Nos7524_1139,AFY47031.1,PAS&nbsp;domain&nbsp;S-box,87.0
28072.Nos7524_3444,AFY49236.1,PFAM:&nbsp;Acyl&nbsp;transferase&nbsp;domain,87.0
28072.Nos7524_4524,gidA,tRNA&nbsp;uridine&nbsp;5-carboxymethylaminomethyl&nbsp;modification&nbsp;enzyme&nbsp;MnmG,86.9
28072.Nos7524_2126,AFY47976.1,PFAM:&nbsp;CO2&nbsp;hydration&nbsp;protein&nbsp;(ChpXY),86.9
28072.Nos7524_2769,AFY48597.1,PFAM:&nbsp;Response&nbsp;regulator&nbsp;receiver&nbsp;domain,86.9
28072.Nos7524_1682,AFY47554.1,Choline&nbsp;dehydrogenase-like&nbsp;flavoprotein,86.8
28072.Nos7524_3037,AFY48844.1,PAS&nbsp;domain&nbsp;S-box,86.8
28072.Nos7524_4770,psbZ,Photosystem&nbsp;II&nbsp;reaction&nbsp;center&nbsp;protein&nbsp;Z,86.8
28072.Nos7524_3005,AFY48812.1,"Nitrate&nbsp;ABC&nbsp;transporter,&nbsp;permease&nbsp;protein",86.7
28072.Nos7524_3567,psbL,Photosystem&nbsp;II&nbsp;reaction&nbsp;center&nbsp;protein&nbsp;L,86.7
28072.Nos7524_4228,tuf,Elongation&nbsp;factor&nbsp;Tu,86.6
28072.Nos7524_2927,AFY48741.1,Phosphate&nbsp;transport&nbsp;system&nbsp;permease&nbsp;protein,86.6
28072.Nos7524_1638,AFY47511.1,PFAM:&nbsp;Aminotransferase&nbsp;class&nbsp;I&nbsp;and&nbsp;II,86.6
28072.Nos7524_0643,leuB,3-isopropylmalate&nbsp;dehydrogenase,86.5
28072.Nos7524_2286,AFY48129.1,PFAM:&nbsp;HMGL-like,86.5
28072.Nos7524_0808,AFY46713.1,"ABC-type&nbsp;cobalt&nbsp;transport&nbsp;system,&nbsp;ATPase&nbsp;component",86.5
28072.Nos7524_4268,AFY50027.1,PFAM:&nbsp;ABC&nbsp;transporter,86.5
28072.Nos7524_4957,prfA,Peptide&nbsp;chain&nbsp;release&nbsp;factor&nbsp;1,86.4
28072.Nos7524_4932,rplV,50S&nbsp;ribosomal&nbsp;protein&nbsp;L22,86.4
28072.Nos7524_4283,psaE,Photosystem&nbsp;I&nbsp;reaction&nbsp;center&nbsp;subunit&nbsp;IV,86.4
28072.Nos7524_4936,rpsQ,30S&nbsp;ribosomal&nbsp;protein&nbsp;S17,86.4
28072.Nos7524_0064,AFY45990.1,"ABC-type&nbsp;Fe3+-siderophore&nbsp;transport&nbsp;system,&nbsp;permease&nbsp;component",86.3
28072.Nos7524_2859,AFY48677.1,"Ca2+-binding&nbsp;protein,&nbsp;RTX&nbsp;toxin",86.3
28072.Nos7524_4314,AFY50073.1,PFAM:&nbsp;Photosystem&nbsp;I&nbsp;psaG&nbsp;/&nbsp;psaK,86.2
28072.Nos7524_2841,petA,Cytochrome&nbsp;f,86.2
28072.Nos7524_4306,accA,Acetyl-coenzyme&nbsp;A&nbsp;carboxylase&nbsp;carboxyl&nbsp;transferase&nbsp;subunit&nbsp;alpha,86.1
28072.Nos7524_1174,AFY47065.1,"PFAM:&nbsp;NADH&nbsp;ubiquinone&nbsp;oxidoreductase,&nbsp;20&nbsp;Kd&nbsp;subunit",86.1
28072.Nos7524_2373,AFY48215.1,3-deoxy-D-arabinoheptulosonate-7-phosphate&nbsp;synthase,86.0
28072.Nos7524_5546,nifH,Nitrogenase&nbsp;iron&nbsp;protein,86.0
28072.Nos7524_2646,AFY48480.1,"TIGRFAM:&nbsp;phosphate/phosphite/phosphonate&nbsp;ABC&nbsp;transporters,&nbsp;periplasmic&nbsp;binding&nbsp;protein",86.0
28072.Nos7524_1996,AFY47853.1,"Aerobic-type&nbsp;carbon&nbsp;monoxide&nbsp;dehydrogenase,&nbsp;small&nbsp;subunit&nbsp;CoxS/CutS-like&nbsp;protein",85.9
28072.Nos7524_1164,AFY47055.1,PFAM:&nbsp;Hydrogenase&nbsp;formation&nbsp;hypA&nbsp;family,85.9
28072.Nos7524_0987,AFY46882.1,Molybdopterin-dependent&nbsp;oxidoreductase&nbsp;alpha&nbsp;subunit,85.9
28072.Nos7524_2671,AFY48504.1,PAS&nbsp;domain&nbsp;S-box,85.8
28072.Nos7524_0104,AFY46028.1,"ATPase&nbsp;with&nbsp;chaperone&nbsp;activity,&nbsp;ATP-binding&nbsp;subunit",85.7
28072.Nos7524_0249,ruvA,Holliday&nbsp;junction&nbsp;ATP-dependent&nbsp;DNA&nbsp;helicase&nbsp;RuvA,85.7
28072.Nos7524_3178,ahcY,Adenosylhomocysteinase,85.7
28072.Nos7524_0050,purS,Phosphoribosylformylglycinamidine&nbsp;synthase&nbsp;subunit&nbsp;PurS,85.7
28072.Nos7524_1593,ureD,Urease&nbsp;accessory&nbsp;protein&nbsp;UreD,85.6
28072.Nos7524_4137,AFY49906.1,"PFAM:&nbsp;Glutamine&nbsp;synthetase,&nbsp;catalytic&nbsp;domain",85.6
28072.Nos7524_2561,AFY48399.1,PFAM:&nbsp;Fructose-bisphosphate&nbsp;aldolase&nbsp;class-II,85.5
28072.Nos7524_0943,gcvH,Glycine&nbsp;cleavage&nbsp;system&nbsp;H&nbsp;protein,85.5
28072.Nos7524_3562,ndhC,NAD(P)H-quinone&nbsp;oxidoreductase&nbsp;subunit&nbsp;3,85.5
28072.Nos7524_1374,AFY47254.1,PFAM:&nbsp;6-pyruvoyl&nbsp;tetrahydropterin&nbsp;synthase,85.5
28072.Nos7524_3359,AFY49154.1,"PFAM:&nbsp;PEP-utilising&nbsp;enzyme,&nbsp;mobile&nbsp;domain",85.5
28072.Nos7524_4855,ispF,"2-C-methyl-D-erythritol&nbsp;2,4-cyclodiphosphate&nbsp;synthase",85.4
28072.Nos7524_0572,AFY46483.1,PAS&nbsp;domain&nbsp;S-box,85.4
28072.Nos7524_0651,AFY46561.1,PFAM:&nbsp;Alkaline&nbsp;phosphatase,85.2
28072.Nos7524_1006,AFY46900.1,PFAM:&nbsp;Phosphoribulokinase&nbsp;/&nbsp;Uridine&nbsp;kinase&nbsp;family,85.1
28072.Nos7524_0106,lysA,Diaminopimelate&nbsp;decarboxylase,85.1
28072.Nos7524_2784,infB,Translation&nbsp;initiation&nbsp;factor&nbsp;IF-2,85.1
28072.Nos7524_3276,AFY49073.1,"ABC-type&nbsp;Fe3+-hydroxamate&nbsp;transport&nbsp;system,&nbsp;periplasmic&nbsp;component",85.1
28072.Nos7524_2070,AFY47922.1,Protein-glutamate&nbsp;methylesterase,85.0
28072.Nos7524_4809,AFY50546.1,"DhnA-type&nbsp;fructose-1,6-bisphosphate&nbsp;aldolase-like&nbsp;enzyme",85.0
28072.Nos7524_2918,AFY48732.1,"ABC-type&nbsp;dipeptide/oligopeptide/nickel&nbsp;transport&nbsp;system,&nbsp;permease&nbsp;component",85.0
28072.Nos7524_3644,AFY49431.1,Chemotaxis&nbsp;protein&nbsp;histidine&nbsp;kinase-like&nbsp;protein,85.0
28072.Nos7524_3882,AFY49656.1,"ABC-type&nbsp;(Unclassified)&nbsp;transport&nbsp;system,&nbsp;ATPase&nbsp;component",85.0
28072.Nos7524_2386,fni,Isopentenyl-diphosphate&nbsp;delta-isomerase,84.9
28072.Nos7524_3906,pyrF,Orotidine&nbsp;5'-phosphate&nbsp;decarboxylase,84.9
28072.Nos7524_1782,AFY47648.1,"ABC-type&nbsp;metal&nbsp;ion&nbsp;transport&nbsp;system,&nbsp;periplasmic&nbsp;component/surface&nbsp;adhesin",84.9
28072.Nos7524_0820,AFY46724.1,NAD(P)H-quinone&nbsp;oxidoreductase&nbsp;chain&nbsp;4,84.8
28072.Nos7524_0966,AFY46864.1,Phosphate&nbsp;import&nbsp;ATP-binding&nbsp;protein&nbsp;PstB,84.8
28072.Nos7524_2940,AFY48754.1,Chemotaxis&nbsp;signal&nbsp;transduction&nbsp;protein,84.7
28072.Nos7524_5159,AFY50883.1,Squalene&nbsp;cyclase,84.7
28072.Nos7524_0214,rps2,PFAM:&nbsp;Ribosomal&nbsp;protein&nbsp;S2,84.7
28072.Nos7524_1358,AFY47238.1,Protoporphyrinogen&nbsp;oxidase,84.7
28072.Nos7524_1115,AFY47008.1,NAD(FAD)-dependent&nbsp;dehydrogenase,84.7
28072.Nos7524_0334,AFY46253.1,"ABC-type&nbsp;branched-chain&nbsp;amino&nbsp;acid&nbsp;transport&nbsp;systems,&nbsp;ATPase&nbsp;component",84.6
28072.Nos7524_2986,AFY48795.1,Aspartate&nbsp;kinase,84.5
28072.Nos7524_0877,AFY46777.1,PFAM:&nbsp;Nucleotidyl&nbsp;transferase,84.5
28072.Nos7524_1727,AFY47599.1,"NADH:ubiquinone&nbsp;oxidoreductase,&nbsp;NADH-binding&nbsp;(51&nbsp;kD)&nbsp;subunit",84.2
28072.Nos7524_3649,AFY49436.1,Protein&nbsp;PatA,84.2
28072.Nos7524_0997,sasA,Adaptive-response&nbsp;sensory-kinase&nbsp;SasA,84.1
28072.Nos7524_4937,rplN,50S&nbsp;ribosomal&nbsp;protein&nbsp;L14,84.0
28072.Nos7524_2278,AFY48121.1,Chemotaxis&nbsp;signal&nbsp;transduction&nbsp;protein,84.0
28072.Nos7524_5364,AFY51083.1,PFAM:&nbsp;haloacid&nbsp;dehalogenase-like&nbsp;hydrolase,83.9
28072.Nos7524_2390,AFY48232.1,annotation&nbsp;not&nbsp;available,83.9
28072.Nos7524_5221,eno,Enolase,83.9
28072.Nos7524_1122,AFY47015.1,"PFAM:&nbsp;Ribulose&nbsp;bisphosphate&nbsp;carboxylase,&nbsp;small&nbsp;chain",83.9
28072.Nos7524_4951,rpoA,DNA-directed&nbsp;RNA&nbsp;polymerase&nbsp;subunit&nbsp;alpha,83.7
28072.Nos7524_2894,AFY48710.1,PFAM:&nbsp;Sucrose&nbsp;synthase,83.6
28072.Nos7524_0637,AFY46547.1,"ABC-type&nbsp;proline/glycine&nbsp;betaine&nbsp;transport&nbsp;system,&nbsp;ATPase&nbsp;component",83.6
28072.Nos7524_0804,AFY46709.1,PFAM:&nbsp;Cobalt&nbsp;transport&nbsp;protein,83.6
28072.Nos7524_2071,AFY47923.1,YVTN&nbsp;family&nbsp;beta-propeller&nbsp;repeat&nbsp;protein,83.6
28072.Nos7524_3610,rpmH,PFAM:&nbsp;Ribosomal&nbsp;protein&nbsp;L34,83.5
28072.Nos7524_3560,ndhJ,NAD(P)H-quinone&nbsp;oxidoreductase&nbsp;subunit&nbsp;J,83.5
28072.Nos7524_4067,AFY49838.1,PFAM:&nbsp;IMP&nbsp;dehydrogenase&nbsp;/&nbsp;GMP&nbsp;reductase&nbsp;domain,83.5
28072.Nos7524_4935,rpmC,PFAM:&nbsp;Ribosomal&nbsp;L29&nbsp;protein,83.4
28072.Nos7524_4794,AFY50532.1,PFAM:&nbsp;GAF&nbsp;domain,83.4
28072.Nos7524_4439,AFY50197.1,Acetolactate&nbsp;synthase,83.4
28072.Nos7524_0540,AFY46451.1,PEP-CTERM&nbsp;putative&nbsp;exosortase&nbsp;interaction&nbsp;domain-containing&nbsp;protein,83.4
28072.Nos7524_4940,rps8,30S&nbsp;ribosomal&nbsp;protein&nbsp;S8,83.3
28072.Nos7524_1104,hpf,Ribosome&nbsp;hibernation&nbsp;promoting&nbsp;factor,83.3
28072.Nos7524_4551,AFY50299.1,Isoprenyl&nbsp;transferase,83.2
28072.Nos7524_5557,AFY51268.1,PFAM:&nbsp;D-Ala-D-Ala&nbsp;carboxypeptidase&nbsp;3&nbsp;(S13)&nbsp;family,83.2
28072.Nos7524_0769,AFY46674.1,PFAM:&nbsp;Glutamate/Leucine/Phenylalanine/Valine&nbsp;dehydrogenase,83.1
28072.Nos7524_4120,glk,PFAM:&nbsp;Glucokinase,83.0
28072.Nos7524_2523,AFY48362.1,dTDP-4-dehydrorhamnose&nbsp;reductase,83.0
28072.Nos7524_4751,AFY50493.1,16S&nbsp;rRNA&nbsp;(cytosine(967)-C(5))-methyltransferase,83.0
28072.Nos7524_5484,AFY51198.1,PFAM:&nbsp;RHS&nbsp;Repeat,82.9
28072.Nos7524_1240,AFY47125.1,Cysteine&nbsp;desulfurase,82.8
28072.Nos7524_4278,mdh,Malate&nbsp;dehydrogenase,82.8
28072.Nos7524_0471,AFY46383.1,Adenylate&nbsp;kinase,82.7
28072.Nos7524_4168,AFY49934.1,PFAM:&nbsp;Phycobilisome&nbsp;protein,82.7
28072.Nos7524_0296,AFY46218.1,PFAM:&nbsp;NAD&nbsp;dependent&nbsp;epimerase/dehydratase&nbsp;family,82.7
28072.Nos7524_5315,AFY51037.1,ATP&nbsp;synthase&nbsp;subunit&nbsp;delta,82.6
28072.Nos7524_0012,AFY45941.1,60&nbsp;kDa&nbsp;chaperonin,82.6
28072.Nos7524_4097,AFY49867.1,"PFAM:&nbsp;Histidine&nbsp;kinase-,&nbsp;DNA&nbsp;gyrase&nbsp;B-,&nbsp;and&nbsp;HSP90-like&nbsp;ATPase",82.6
28072.Nos7524_0504,AFY46415.1,UbiD&nbsp;family&nbsp;decarboxylase,82.5
28072.Nos7524_2428,petJ,Cytochrome&nbsp;c6,82.5
28072.Nos7524_2970,AFY48781.1,PFAM:&nbsp;Fatty&nbsp;acid&nbsp;desaturase,82.4
28072.Nos7524_2113,AFY47963.1,"PFAM:&nbsp;Histidine&nbsp;kinase-,&nbsp;DNA&nbsp;gyrase&nbsp;B-,&nbsp;and&nbsp;HSP90-like&nbsp;ATPase",82.3
28072.Nos7524_5239,AFY50963.1,PFAM:&nbsp;Protein&nbsp;of&nbsp;unknown&nbsp;function&nbsp;(DUF1702),82.3
28072.Nos7524_5195,AFY50919.1,"Putative&nbsp;O-linked&nbsp;N-acetylglucosamine&nbsp;transferase,&nbsp;SPINDLY&nbsp;family",82.3
28072.Nos7524_3613,AFY49403.1,annotation&nbsp;not&nbsp;available,82.3
28072.Nos7524_2734,AFY48566.1,"PFAM:&nbsp;DNA&nbsp;gyrase/topoisomerase&nbsp;IV,&nbsp;subunit&nbsp;A",82.2
28072.Nos7524_3779,AFY49559.1,Cytochrome&nbsp;c&nbsp;oxidase&nbsp;subunit&nbsp;1,82.1
28072.Nos7524_0253,xseB,Exodeoxyribonuclease&nbsp;7&nbsp;small&nbsp;subunit,82.1
28072.Nos7524_0686,AFY46592.1,PFAM:&nbsp;Asparagine&nbsp;synthase,82.1
28072.Nos7524_1301,hisH,Imidazole&nbsp;glycerol&nbsp;phosphate&nbsp;synthase&nbsp;subunit&nbsp;HisH,82.1
28072.Nos7524_0807,AFY46712.1,"ABC-type&nbsp;cobalt&nbsp;transport&nbsp;system,&nbsp;permease&nbsp;component&nbsp;CbiQ",82.1
28072.Nos7524_2117,AFY47967.1,Phosphoenolpyruvate&nbsp;synthase,82.0
28072.Nos7524_3829,AFY49603.1,Isopropylmalate/homocitrate/citramalate&nbsp;synthase,82.0
28072.Nos7524_5059,AFY50784.1,"Heterodisulfide&nbsp;reductase,&nbsp;subunit&nbsp;B",82.0
28072.Nos7524_2440,cysC,Adenylyl-sulfate&nbsp;kinase,81.9
28072.Nos7524_0348,AFY46267.1,annotation&nbsp;not&nbsp;available,81.9
28072.Nos7524_5314,atpA,ATP&nbsp;synthase&nbsp;subunit&nbsp;alpha,81.9
28072.Nos7524_4340,AFY50099.1,PFAM:&nbsp;ABC&nbsp;transporter,81.9
28072.Nos7524_5138,AFY50862.1,Putative&nbsp;ATPase,81.9
28072.Nos7524_1504,AFY47380.1,Site-specific&nbsp;DNA-methyltransferase&nbsp;(adenine-specific),81.8
28072.Nos7524_3975,AFY49748.1,PFAM:&nbsp;Ion&nbsp;channel,81.8
28072.Nos7524_1268,AFY47150.1,PFAM:&nbsp;Phage-related&nbsp;baseplate&nbsp;assembly&nbsp;protein,81.8
28072.Nos7524_3035,AFY48842.1,PFAM:&nbsp;Response&nbsp;regulator&nbsp;receiver&nbsp;domain,81.7
28072.Nos7524_5037,AFY50762.1,"Isoleucine&nbsp;patch&nbsp;superfamily&nbsp;enzyme,&nbsp;carbonic&nbsp;anhydrase/acetyltransferase",81.7
28072.Nos7524_0509,AFY46420.1,Phosphate&nbsp;import&nbsp;ATP-binding&nbsp;protein&nbsp;PstB,81.6
28072.Nos7524_2851,gatA,Glutamyl-tRNA(Gln)&nbsp;amidotransferase&nbsp;subunit&nbsp;A,81.5
28072.Nos7524_1085,AFY46978.1,PFAM:&nbsp;Magnesium-protoporphyrin&nbsp;IX&nbsp;methyltransferase&nbsp;C-terminus,81.4
28072.Nos7524_3585,gshB,"PFAM:&nbsp;Prokaryotic&nbsp;glutathione&nbsp;synthetase,&nbsp;N-terminal&nbsp;domain",81.4
28072.Nos7524_4898,AFY50624.1,"GDP-mannose&nbsp;4,6-dehydratase",81.3
28072.Nos7524_3538,petM,Cytochrome&nbsp;b6-f&nbsp;complex&nbsp;subunit&nbsp;7,81.1
28072.Nos7524_2516,AFY48355.1,"ABC-type&nbsp;polysaccharide/polyol&nbsp;phosphate&nbsp;transport&nbsp;system,&nbsp;ATPase&nbsp;component",81.1
28072.Nos7524_4986,AFY50711.1,PFAM:&nbsp;L-asparaginase&nbsp;II,81.1
28072.Nos7524_4947,infA,Translation&nbsp;initiation&nbsp;factor&nbsp;IF-1,81.0
28072.Nos7524_3780,AFY49560.1,"Heme/copper-type&nbsp;cytochrome/quinol&nbsp;oxidase,&nbsp;subunit&nbsp;3",81.0
28072.Nos7524_4850,AFY50578.1,Permease&nbsp;component&nbsp;of&nbsp;ABC-type&nbsp;sugar&nbsp;transporter,81.0
28072.Nos7524_5528,AFY51240.1,Photosystem&nbsp;I&nbsp;P700&nbsp;chlorophyll&nbsp;a&nbsp;apoprotein&nbsp;A2,80.9
28072.Nos7524_2461,AFY48302.1,ATPase&nbsp;component&nbsp;of&nbsp;various&nbsp;ABC-type&nbsp;transport&nbsp;systems&nbsp;with&nbsp;duplicated&nbsp;ATPase&nbsp;domain,80.9
28072.Nos7524_3436,AFY49229.1,Capsular&nbsp;exopolysaccharide&nbsp;biosynthesis&nbsp;protein,80.8
28072.Nos7524_1884,petL,Cytochrome&nbsp;b6-f&nbsp;complex&nbsp;subunit&nbsp;6,80.8
28072.Nos7524_3758,AFY49538.1,PFAM:&nbsp;Thiopurine&nbsp;S-methyltransferase&nbsp;(TPMT),80.7
28072.Nos7524_1398,tsaD,tRNA&nbsp;N6-adenosine&nbsp;threonylcarbamoyltransferase,80.7
28072.Nos7524_1842,pfkA,ATP-dependent&nbsp;6-phosphofructokinase,80.6
28072.Nos7524_3935,hemE,Uroporphyrinogen&nbsp;decarboxylase,80.6
28072.Nos7524_1674,AFY47546.1,Beta-glucosidase/6-phospho-beta-glucosidase/beta-galactosidase,80.6
28072.Nos7524_4068,mutS2,Endonuclease&nbsp;MutS2,80.6
28072.Nos7524_2845,tatC,Sec-independent&nbsp;protein&nbsp;translocase&nbsp;protein&nbsp;TatC,80.6
28072.Nos7524_0846,AFY46748.1,"PFAM:&nbsp;Histidine&nbsp;kinase-,&nbsp;DNA&nbsp;gyrase&nbsp;B-,&nbsp;and&nbsp;HSP90-like&nbsp;ATPase",80.5
28072.Nos7524_3614,AFY49404.1,NAD(P)&nbsp;transhydrogenase&nbsp;subunit&nbsp;beta,80.5
28072.Nos7524_0207,argG,PFAM:&nbsp;Arginosuccinate&nbsp;synthase,80.5
28072.Nos7524_0731,AFY46637.1,PFAM:&nbsp;Phosphonate&nbsp;metabolism&nbsp;protein&nbsp;PhnG,80.4
28072.Nos7524_2639,AFY48473.1,PAS&nbsp;domain&nbsp;S-box,80.3
28072.Nos7524_2682,AFY48515.1,PAS&nbsp;domain&nbsp;S-box,80.3
28072.Nos7524_5337,AFY51056.1,PFAM:&nbsp;Phycobilisome&nbsp;protein,80.2
28072.Nos7524_1848,AFY47709.1,Parallel&nbsp;beta-helix&nbsp;repeat&nbsp;(Two&nbsp;copies),80.2
28072.Nos7524_5254,AFY50977.1,Serine&nbsp;acetyltransferase,80.1
28072.Nos7524_1160,AFY47051.1,Hydrogenase&nbsp;accessory&nbsp;protein&nbsp;HypB,79.9
28072.Nos7524_5067,AFY50792.1,PFAM:&nbsp;Carbohydrate&nbsp;phosphorylase,79.9
28072.Nos7524_2134,AFY47984.1,annotation&nbsp;not&nbsp;available,79.8
28072.Nos7524_2009,AFY47866.1,PFAM:&nbsp;RHS&nbsp;Repeat,79.8
28072.Nos7524_2580,AFY48416.1,Cysteine&nbsp;desulfurase&nbsp;family&nbsp;protein,79.8
28072.Nos7524_3389,AFY49184.1,PFAM:&nbsp;ThiS&nbsp;family,79.7
28072.Nos7524_3959,petD,Cytochrome&nbsp;b6-f&nbsp;complex&nbsp;subunit&nbsp;4,79.7
28072.Nos7524_1102,AFY46995.1,Thioredoxin&nbsp;reductase,79.7
28072.Nos7524_5265,AFY50988.1,annotation&nbsp;not&nbsp;available,79.6
28072.Nos7524_0333,AFY46252.1,Carbonic&nbsp;anhydrase,79.6
28072.Nos7524_1410,secD,Protein&nbsp;translocase&nbsp;subunit&nbsp;SecD,79.6
28072.Nos7524_0329,AFY46249.1,Lipoyl&nbsp;synthase,79.5
28072.Nos7524_0924,AFY46823.1,PFAM:&nbsp;Amidohydrolase&nbsp;family,79.4
28072.Nos7524_1955,AFY47814.1,PFAM:&nbsp;Response&nbsp;regulator&nbsp;receiver&nbsp;domain,79.3
28072.Nos7524_3063,ndhB,NAD(P)H-quinone&nbsp;oxidoreductase&nbsp;subunit&nbsp;2,79.3
28072.Nos7524_5118,AFY50843.1,Small&nbsp;ribosomal&nbsp;subunit&nbsp;biogenesis&nbsp;GTPase&nbsp;RsgA,79.3
28072.Nos7524_1598,AFY47473.1,PFAM:&nbsp;Response&nbsp;regulator&nbsp;receiver&nbsp;domain,79.2
28072.Nos7524_4110,AFY49880.1,PFAM:&nbsp;Branched-chain&nbsp;amino&nbsp;acid&nbsp;transport&nbsp;system&nbsp;/&nbsp;permease&nbsp;component,79.1
28072.Nos7524_1666,AFY47538.1,PFAM:&nbsp;Histidine&nbsp;kinase,79.1
28072.Nos7524_4016,AFY49788.1,"DNA&nbsp;polymerase&nbsp;III,&nbsp;gamma/tau&nbsp;subunit",79.0
28072.Nos7524_2001,leuC,3-isopropylmalate&nbsp;dehydratase&nbsp;large&nbsp;subunit,78.9
28072.Nos7524_0463,AFY46376.1,"ABC-type&nbsp;cobalt&nbsp;transport&nbsp;system,&nbsp;ATPase&nbsp;component",78.9
28072.Nos7524_2928,AFY48742.1,PFAM:&nbsp;Binding-protein-dependent&nbsp;transport&nbsp;system&nbsp;inner&nbsp;membrane&nbsp;component,78.9
28072.Nos7524_3174,AFY48976.1,PFAM:&nbsp;PhoD-like&nbsp;phosphatase,78.8
28072.Nos7524_0062,AFY45988.1,Threonine--tRNA&nbsp;ligase,78.8
28072.Nos7524_1082,AFY46975.1,PFAM:&nbsp;Glutamine&nbsp;amidotransferase&nbsp;class-I,78.7
28072.Nos7524_1926,AFY47785.1,Capsular&nbsp;exopolysaccharide&nbsp;biosynthesis&nbsp;protein,78.7
28072.Nos7524_3503,AFY49295.1,"PFAM:&nbsp;Beta-ketoacyl&nbsp;synthase,&nbsp;N-terminal&nbsp;domain",78.7
28072.Nos7524_2897,AFY48713.1,annotation&nbsp;not&nbsp;available,78.6
28072.Nos7524_5475,AFY51191.1,PFAM:&nbsp;Pyridine&nbsp;nucleotide-disulphide&nbsp;oxidoreductase,78.6
28072.Nos7524_5304,AFY51027.1,Alanine-alpha-ketoisovalerate&nbsp;(Or&nbsp;valine-pyruvate)&nbsp;aminotransferase,78.6
28072.Nos7524_0908,AFY46807.1,PFAM:&nbsp;Glutamate/Leucine/Phenylalanine/Valine&nbsp;dehydrogenase,78.6
28072.Nos7524_3667,ctaB,Protoheme&nbsp;IX&nbsp;farnesyltransferase,78.6
28072.Nos7524_1378,AFY47258.1,PFAM:&nbsp;rod&nbsp;shape-determining&nbsp;protein&nbsp;MreC,78.6
28072.Nos7524_4632,AFY50380.1,Uncharacterized&nbsp;protein,78.5
28072.Nos7524_2380,AFY48222.1,PFAM:&nbsp;Lyase,78.5
28072.Nos7524_1595,ureB,PFAM:&nbsp;Urease&nbsp;beta&nbsp;subunit,78.5
28072.Nos7524_1959,AFY47818.1,PFAM:&nbsp;GAF&nbsp;domain,78.5
28072.Nos7524_4766,AFY50507.1,Gamma-glutamyl&nbsp;phosphate&nbsp;reductase,78.5
28072.Nos7524_4289,ileS,Isoleucine--tRNA&nbsp;ligase,78.5
28072.Nos7524_0159,AFY46081.1,Sec-independent&nbsp;protein&nbsp;translocase&nbsp;protein&nbsp;TatA,78.4
28072.Nos7524_3268,AFY49066.1,LL-diaminopimelate&nbsp;aminotransferase,78.3
28072.Nos7524_3118,AFY48921.1,Site-specific&nbsp;DNA&nbsp;methylase,78.3
28072.Nos7524_4799,AFY50537.1,Uncharacterized&nbsp;protein&nbsp;involved&nbsp;in&nbsp;exopolysaccharide&nbsp;biosynthesis,78.2
28072.Nos7524_2807,AFY48630.1,Exodeoxyribonuclease&nbsp;III,78.1
28072.Nos7524_2926,AFY48740.1,Phosphate-binding&nbsp;protein,78.1
28072.Nos7524_4468,AFY50223.1,"ABC-type&nbsp;Fe3+-siderophore&nbsp;transport&nbsp;system,&nbsp;permease&nbsp;component",78.1
28072.Nos7524_2159,AFY48008.1,"ABC-type&nbsp;Fe3+-hydroxamate&nbsp;transport&nbsp;system,&nbsp;periplasmic&nbsp;component",78.1
28072.Nos7524_1610,AFY47484.1,"PFAM:&nbsp;Glyceraldehyde&nbsp;3-phosphate&nbsp;dehydrogenase,&nbsp;C-terminal&nbsp;domain",78.1
28072.Nos7524_2368,rpmG,PFAM:&nbsp;Ribosomal&nbsp;protein&nbsp;L33,78.0
28072.Nos7524_3594,cofG,FO&nbsp;synthase&nbsp;subunit&nbsp;1,78.0
28072.Nos7524_2226,rpl9,50S&nbsp;ribosomal&nbsp;protein&nbsp;L9,77.9
28072.Nos7524_4255,AFY50015.1,PFAM:&nbsp;Response&nbsp;regulator&nbsp;receiver&nbsp;domain,77.9
28072.Nos7524_3040,AFY48847.1,"ABC-type&nbsp;multidrug&nbsp;transport&nbsp;system,&nbsp;ATPase&nbsp;and&nbsp;permease&nbsp;component",77.9
28072.Nos7524_5463,pyrH,Uridylate&nbsp;kinase,77.8
28072.Nos7524_5351,rnhA,Ribonuclease&nbsp;H,77.8
28072.Nos7524_4393,AFY50152.1,Uncharacterized&nbsp;protein,77.7
28072.Nos7524_2778,AFY48604.1,PFAM:&nbsp;Putative&nbsp;peptidoglycan&nbsp;binding&nbsp;domain,77.6
28072.Nos7524_0322,AFY46242.1,"PFAM:&nbsp;Protein&nbsp;of&nbsp;unknown&nbsp;function,&nbsp;DUF606",77.6
28072.Nos7524_4975,AFY50700.1,"Multisubunit&nbsp;Na+/H+&nbsp;antiporter,&nbsp;MnhC&nbsp;subunit",77.6
28072.Nos7524_3738,murF,UDP-N-acetylmuramoyl-tripeptide--D-alanyl-D-alanine&nbsp;ligase,77.5
28072.Nos7524_4367,AFY50126.1,Uroporphyrin-III&nbsp;C-methyltransferase,77.5
28072.Nos7524_4865,AFY50593.1,PFAM:&nbsp;Binding-protein-dependent&nbsp;transport&nbsp;system&nbsp;inner&nbsp;membrane&nbsp;component,77.3
28072.Nos7524_2213,AFY48058.1,"PMT&nbsp;family&nbsp;glycosyltransferase,&nbsp;4-amino-4-deoxy-L-arabinose&nbsp;transferase",77.3
28072.Nos7524_5023,AFY50748.1,UDP-N-acetylenolpyruvoylglucosamine&nbsp;reductase,77.2
28072.Nos7524_3721,AFY49502.1,PFAM:&nbsp;Citrate&nbsp;synthase,77.2
28072.Nos7524_1414,AFY47293.1,PFAM:&nbsp;Delta-aminolevulinic&nbsp;acid&nbsp;dehydratase,77.2
28072.Nos7524_0242,AFY46164.1,PAS&nbsp;domain&nbsp;S-box,77.1
28072.Nos7524_4504,AFY50256.1,"Serine&nbsp;phosphatase&nbsp;RsbU,&nbsp;regulator&nbsp;of&nbsp;sigma&nbsp;subunit",77.1
28072.Nos7524_1934,gatB,Aspartyl/glutamyl-tRNA(Asn/Gln)&nbsp;amidotransferase&nbsp;subunit&nbsp;B,77.0
28072.Nos7524_4319,AFY50078.1,"ABC-type&nbsp;sugar&nbsp;transport&nbsp;system,&nbsp;periplasmic&nbsp;component",76.8
28072.Nos7524_0034,AFY45961.1,Cysteine&nbsp;synthase,76.8
28072.Nos7524_1005,metK,S-adenosylmethionine&nbsp;synthase,76.7
28072.Nos7524_4640,AFY50388.1,tRNA/rRNA&nbsp;cytosine-C5-methylase,76.7
28072.Nos7524_3388,AFY49183.1,Threonine&nbsp;synthase,76.7
28072.Nos7524_4467,AFY50222.1,"ABC-type&nbsp;Fe3+-hydroxamate&nbsp;transport&nbsp;system,&nbsp;periplasmic&nbsp;component",76.7
28072.Nos7524_5249,AFY50972.1,"PFAM:&nbsp;Glyceraldehyde&nbsp;3-phosphate&nbsp;dehydrogenase,&nbsp;C-terminal&nbsp;domain",76.7
28072.Nos7524_2371,rpsO,30S&nbsp;ribosomal&nbsp;protein&nbsp;S15,76.6
28072.Nos7524_4144,AFY49913.1,Theronine&nbsp;dehydrogenase-like&nbsp;Zn-dependent&nbsp;dehydrogenase,76.6
28072.Nos7524_4338,AFY50097.1,"Anaerobic&nbsp;dehydrogenase,&nbsp;typically&nbsp;selenocysteine-containing",76.6
28072.Nos7524_0856,AFY46758.1,Putative&nbsp;membrane&nbsp;protein,76.5
28072.Nos7524_4972,recO,DNA&nbsp;repair&nbsp;protein&nbsp;RecO,76.5
28072.Nos7524_0187,AFY46109.1,Oxygen-dependent&nbsp;coproporphyrinogen-III&nbsp;oxidase,76.5
28072.Nos7524_4127,AFY49897.1,"ABC-type&nbsp;Mn2+/Zn2+&nbsp;transport&nbsp;system,&nbsp;permease&nbsp;component",76.5
28072.Nos7524_3703,AFY49484.1,PFAM:&nbsp;Peptidase&nbsp;S24-like,76.5
28072.Nos7524_0564,AFY46475.1,"Ca2+-binding&nbsp;protein,&nbsp;RTX&nbsp;toxin",76.3
28072.Nos7524_2850,AFY48668.1,"DNA&nbsp;polymerase&nbsp;III,&nbsp;alpha&nbsp;subunit",76.3
28072.Nos7524_0283,AFY46205.1,"ABC-type&nbsp;nitrate/sulfonate/bicarbonate&nbsp;transport&nbsp;system,&nbsp;periplasmic&nbsp;component",76.3
28072.Nos7524_3559,AFY49350.1,GAF&nbsp;domain-containing&nbsp;protein,76.3
28072.Nos7524_0665,ndhH,NAD(P)H-quinone&nbsp;oxidoreductase&nbsp;subunit&nbsp;H,76.3
28072.Nos7524_4946,AFY50672.1,Adenylate&nbsp;kinase,76.2
28072.Nos7524_4225,rpsL,30S&nbsp;ribosomal&nbsp;protein&nbsp;S12,76.2
28072.Nos7524_0914,AFY46813.1,"PFAM:&nbsp;Glycosyl&nbsp;transferase&nbsp;family,&nbsp;a/b&nbsp;domain",76.2
28072.Nos7524_4859,argH,PFAM:&nbsp;Lyase,76.2
28072.Nos7524_0472,AFY46384.1,PFAM:&nbsp;ATP:corrinoid&nbsp;adenosyltransferase&nbsp;BtuR/CobO/CobP,76.1
28072.Nos7524_4318,AFY50077.1,PFAM:&nbsp;Competence&nbsp;protein&nbsp;A,75.9
28072.Nos7524_0054,trpE,Anthranilate&nbsp;synthase&nbsp;component&nbsp;1,75.9
28072.Nos7524_1349,AFY47229.1,"PFAM:&nbsp;3-carboxy-cis,cis-muconate&nbsp;lactonizing&nbsp;enzyme",75.8
28072.Nos7524_4398,moaA,"GTP&nbsp;3',8-cyclase",75.8
28072.Nos7524_5421,psbV,Cytochrome&nbsp;c-550,75.8
28072.Nos7524_1415,prfC,Peptide&nbsp;chain&nbsp;release&nbsp;factor&nbsp;3,75.8
28072.Nos7524_4316,AFY50075.1,annotation&nbsp;not&nbsp;available,75.7
28072.Nos7524_3117,trpD,Anthranilate&nbsp;phosphoribosyltransferase,75.7
28072.Nos7524_2503,AFY48342.1,Inositol-1-monophosphatase,75.6
28072.Nos7524_0499,gatC,Aspartyl/glutamyl-tRNA(Asn/Gln)&nbsp;amidotransferase&nbsp;subunit&nbsp;C,75.5
28072.Nos7524_4169,AFY49935.1,PFAM:&nbsp;Phycobilisome&nbsp;protein,75.4
28072.Nos7524_0736,AFY46642.1,PFAM:&nbsp;Amidohydrolase&nbsp;family,75.4
28072.Nos7524_0805,AFY46710.1,ABC&nbsp;transporter&nbsp;ATP-binding&nbsp;protein,75.4
28072.Nos7524_1708,AFY47580.1,"Sulfate&nbsp;ABC&nbsp;transporter,&nbsp;permease&nbsp;protein&nbsp;CysT",75.4
28072.Nos7524_2967,AFY48778.1,3-phytase&nbsp;(Myo-inositol-hexaphosphate&nbsp;3-phosphohydrolase),75.4
28072.Nos7524_4060,metG,Methionine--tRNA&nbsp;ligase,75.3
28072.Nos7524_5424,AFY51141.1,"ABC-type&nbsp;Fe3+-hydroxamate&nbsp;transport&nbsp;system,&nbsp;periplasmic&nbsp;component",75.3
28072.Nos7524_5088,AFY50813.1,PFAM:&nbsp;Glycosyl&nbsp;transferase&nbsp;family&nbsp;2,75.2
28072.Nos7524_3719,AFY49500.1,NAD(P)H-quinone&nbsp;oxidoreductase&nbsp;subunit&nbsp;I,75.2
28072.Nos7524_5042,AFY50767.1,"PFAM:&nbsp;NADH-Ubiquinone/plastoquinone&nbsp;(complex&nbsp;I),&nbsp;various&nbsp;chains",75.1
28072.Nos7524_4790,AFY50528.1,PFAM:&nbsp;CBS&nbsp;domain,75.1
28072.Nos7524_1770,AFY47636.1,PFAM:&nbsp;Pyridine&nbsp;nucleotide-disulphide&nbsp;oxidoreductase,75.1
28072.Nos7524_0178,AFY46100.1,PFAM:&nbsp;C-5&nbsp;cytosine-specific&nbsp;DNA&nbsp;methylase,75.1
28072.Nos7524_0739,AFY46645.1,Phosphonate&nbsp;C-P&nbsp;lyase&nbsp;system&nbsp;protein&nbsp;PhnK,75.1
28072.Nos7524_2357,ilvA,L-threonine&nbsp;dehydratase,75.0
28072.Nos7524_0265,rtcA,RNA&nbsp;3'-terminal&nbsp;phosphate&nbsp;cyclase,75.0
28072.Nos7524_2948,groS,10&nbsp;kDa&nbsp;chaperonin,75.0
28072.Nos7524_4187,AFY49953.1,PFAM:&nbsp;Proline&nbsp;dehydrogenase,74.9
28072.Nos7524_5140,AFY50864.1,PFAM:&nbsp;Polysaccharide&nbsp;biosynthesis/export&nbsp;protein,74.9
28072.Nos7524_1594,ureA,"PFAM:&nbsp;Urease,&nbsp;gamma&nbsp;subunit",74.9
28072.Nos7524_4919,AFY50645.1,"Nitrate&nbsp;ABC&nbsp;transporter,&nbsp;permease&nbsp;protein",74.9
28072.Nos7524_1243,AFY47128.1,"PFAM:&nbsp;3-carboxy-cis,cis-muconate&nbsp;lactonizing&nbsp;enzyme",74.9
28072.Nos7524_3130,AFY48933.1,PFAM:&nbsp;Aldehyde&nbsp;dehydrogenase&nbsp;family,74.9
28072.Nos7524_4174,AFY49940.1,"Phycocyanin,&nbsp;alpha&nbsp;subunit",74.8
28072.Nos7524_1031,AFY46925.1,PFAM:&nbsp;Glutaminase,74.8
28072.Nos7524_2241,AFY48086.1,Aminopeptidase&nbsp;N,74.6
28072.Nos7524_3701,AFY49482.1,"PFAM:&nbsp;Histidine&nbsp;kinase-,&nbsp;DNA&nbsp;gyrase&nbsp;B-,&nbsp;and&nbsp;HSP90-like&nbsp;ATPase",74.6
28072.Nos7524_3568,psbJ,Photosystem&nbsp;II&nbsp;reaction&nbsp;center&nbsp;protein&nbsp;J,74.5
28072.Nos7524_5518,ychF,Ribosome-binding&nbsp;ATPase&nbsp;YchF,74.5
28072.Nos7524_5319,atpI,ATP&nbsp;synthase&nbsp;subunit&nbsp;a,74.5
28072.Nos7524_5338,AFY51057.1,"Phycobilisome&nbsp;7.8&nbsp;kDa&nbsp;linker&nbsp;polypeptide,&nbsp;allophycocyanin-associated,&nbsp;core",74.4
28072.Nos7524_1862,AFY47723.1,PFAM:&nbsp;Tetrapyrrole&nbsp;(Corrin/Porphyrin)&nbsp;Methylases,74.4
28072.Nos7524_2435,AFY48277.1,Transcriptional&nbsp;regulator/sugar&nbsp;kinase,74.2
28072.Nos7524_5550,AFY51261.1,PFAM:&nbsp;Pterin&nbsp;binding&nbsp;enzyme,74.2
28072.Nos7524_1819,AFY47683.1,PFAM:&nbsp;Calx-beta&nbsp;domain,74.2
28072.Nos7524_5258,AFY50981.1,PFAM:&nbsp;HMGL-like,74.2
28072.Nos7524_2871,AFY48688.1,PFAM:&nbsp;Eukaryotic-type&nbsp;carbonic&nbsp;anhydrase,74.2
28072.Nos7524_4229,rpsJ,30S&nbsp;ribosomal&nbsp;protein&nbsp;S10,74.1
28072.Nos7524_2485,AFY48325.1,PFAM:&nbsp;Response&nbsp;regulator&nbsp;receiver&nbsp;domain,74.1
28072.Nos7524_5348,AFY51067.1,"ABC-type&nbsp;dipeptide&nbsp;transport&nbsp;system,&nbsp;periplasmic&nbsp;component",74.1
28072.Nos7524_4539,AFY50288.1,Photosystem&nbsp;I&nbsp;P700&nbsp;chlorophyll&nbsp;a&nbsp;apoprotein&nbsp;A2,74.1
28072.Nos7524_1107,AFY47000.1,PFAM:&nbsp;Binding-protein-dependent&nbsp;transport&nbsp;system&nbsp;inner&nbsp;membrane&nbsp;component,74.0
28072.Nos7524_5477,AFY51193.1,PFAM:&nbsp;Aminotransferase&nbsp;class&nbsp;I&nbsp;and&nbsp;II,73.9
28072.Nos7524_1864,AFY47725.1,PFAM:&nbsp;Precorrin-8X&nbsp;methylmutase,73.9
28072.Nos7524_3506,psbD,Photosystem&nbsp;II&nbsp;D2&nbsp;protein,73.8
28072.Nos7524_2624,AFY48458.1,Orotate&nbsp;phosphoribosyltransferase,73.7
28072.Nos7524_0170,AFY46092.1,PFAM:&nbsp;Adenylate&nbsp;and&nbsp;Guanylate&nbsp;cyclase&nbsp;catalytic&nbsp;domain,73.7
28072.Nos7524_4941,rpl6,50S&nbsp;ribosomal&nbsp;protein&nbsp;L6,73.5
28072.Nos7524_1534,AFY47410.1,5'-nucleotidase,73.5
28072.Nos7524_0506,AFY46417.1,Phosphate-binding&nbsp;protein,73.4
28072.Nos7524_2078,AFY47930.1,PFAM:&nbsp;PHP&nbsp;domain,73.4
28072.Nos7524_2398,pheT,Phenylalanine--tRNA&nbsp;ligase&nbsp;beta&nbsp;subunit,73.4
28072.Nos7524_4945,secY,Protein&nbsp;translocase&nbsp;subunit&nbsp;SecY,73.3
28072.Nos7524_5526,AFY51238.1,PFAM:&nbsp;domain,73.2
28072.Nos7524_4974,AFY50699.1,DNA-methyltransferase&nbsp;Dcm,73.2
28072.Nos7524_0796,AFY46701.1,"ABC-type&nbsp;Fe3+-hydroxamate&nbsp;transport&nbsp;system,&nbsp;periplasmic&nbsp;component",73.2
28072.Nos7524_4177,AFY49943.1,HEAT&nbsp;repeat-containing&nbsp;protein,73.2
28072.Nos7524_1845,AFY47706.1,PFAM:&nbsp;CBS&nbsp;domain,73.1
28072.Nos7524_2482,AFY48322.1,PFAM:&nbsp;Mannose-6-phosphate&nbsp;isomerase,73.1
28072.Nos7524_1728,AFY47600.1,NADH:ubiquinone&nbsp;oxidoreductase&nbsp;chain&nbsp;G-like&nbsp;protein,73.1
28072.Nos7524_4950,rpsK,30S&nbsp;ribosomal&nbsp;protein&nbsp;S11,73.0
28072.Nos7524_4264,AFY50024.1,"D-fructose&nbsp;1,6-bisphosphatase&nbsp;class&nbsp;2/sedoheptulose&nbsp;1,7-bisphosphatase",72.9
28072.Nos7524_2522,AFY48361.1,"dTDP-4-dehydrorhamnose&nbsp;3,5-epimerase",72.9
28072.Nos7524_3922,AFY49695.1,PFAM:&nbsp;Asparaginase,72.9
28072.Nos7524_0537,polA,DNA&nbsp;polymerase&nbsp;I,72.9
28072.Nos7524_0613,AFY46523.1,Phosphatidylserine/phosphatidylglycerophosphate/&nbsp;cardiolipin&nbsp;synthase,72.9
28072.Nos7524_1046,AFY46940.1,Putative&nbsp;transmembrane&nbsp;sensor&nbsp;domain&nbsp;protein,72.8
28072.Nos7524_4503,ftsY,Signal&nbsp;recognition&nbsp;particle&nbsp;receptor&nbsp;FtsY,72.8
28072.Nos7524_5030,AFY50755.1,Transketolase,72.7
28072.Nos7524_1577,pheS,Phenylalanine--tRNA&nbsp;ligase&nbsp;alpha&nbsp;subunit,72.7
28072.Nos7524_0461,AFY46374.1,PFAM:&nbsp;Photosynthetic&nbsp;reaction&nbsp;centre&nbsp;protein,72.5
28072.Nos7524_0359,AFY46276.1,Phospho-2-dehydro-3-deoxyheptonate&nbsp;aldolase,72.5
28072.Nos7524_4303,AFY50062.1,"ABC-type&nbsp;sugar&nbsp;transport&nbsp;system,&nbsp;permease&nbsp;component",72.4
28072.Nos7524_2647,AFY48481.1,"TIGRFAM:&nbsp;phosphate/phosphite/phosphonate&nbsp;ABC&nbsp;transporters,&nbsp;periplasmic&nbsp;binding&nbsp;protein",72.4
28072.Nos7524_2839,AFY48657.1,Uncharacterized&nbsp;protein,72.4
28072.Nos7524_4021,AFY49793.1,Probable&nbsp;nicotinate-nucleotide&nbsp;adenylyltransferase,72.4
28072.Nos7524_4952,rplQ,PFAM:&nbsp;Ribosomal&nbsp;protein&nbsp;L17,72.3
28072.Nos7524_2385,AFY48227.1,D-alanine--D-alanine&nbsp;ligase,72.2
28072.Nos7524_3306,AFY49103.1,PFAM:&nbsp;Photosystem&nbsp;II&nbsp;protein,72.2
28072.Nos7524_0294,AFY46216.1,PFAM:&nbsp;Alkaline&nbsp;phosphatase,72.1
28072.Nos7524_3039,AFY48846.1,Histidine&nbsp;kinase,72.1
28072.Nos7524_2837,rpoC1,DNA-directed&nbsp;RNA&nbsp;polymerase&nbsp;subunit&nbsp;gamma,72.0
28072.Nos7524_4151,AFY49919.1,"TIGRFAM:&nbsp;phosphate/phosphite/phosphonate&nbsp;ABC&nbsp;transporters,&nbsp;periplasmic&nbsp;binding&nbsp;protein",72.0
28072.Nos7524_4253,AFY50013.1,"ABC-type&nbsp;metal&nbsp;ion&nbsp;transport&nbsp;system,&nbsp;ATPase&nbsp;component",72.0
28072.Nos7524_1114,AFY47007.1,Cytochrome&nbsp;b6-f&nbsp;complex&nbsp;iron-sulfur&nbsp;subunit,72.0
28072.Nos7524_3716,AFY49497.1,NAD&nbsp;kinase,72.0
28072.Nos7524_0732,AFY46638.1,PFAM:&nbsp;Bacterial&nbsp;phosphonate&nbsp;metabolism&nbsp;protein&nbsp;(PhnH),71.9
28072.Nos7524_4710,AFY50454.1,"PFAM:&nbsp;Malic&nbsp;enzyme,&nbsp;NAD&nbsp;binding&nbsp;domain",71.9
28072.Nos7524_1542,AFY47418.1,"Pyrimidine&nbsp;reductase,&nbsp;riboflavin&nbsp;biosynthesis",71.8
28072.Nos7524_3175,AFY48977.1,PFAM:&nbsp;Alkaline&nbsp;phosphatase,71.7
28072.Nos7524_3645,AFY49432.1,PFAM:&nbsp;HAMP&nbsp;domain,71.7
28072.Nos7524_3104,AFY48907.1,PFAM:&nbsp;CheB&nbsp;methylesterase,71.6
28072.Nos7524_2107,AFY47957.1,TIGRFAM:&nbsp;parallel&nbsp;beta-helix&nbsp;repeat&nbsp;(two&nbsp;copies),71.6
28072.Nos7524_1986,AFY47843.1,"Magnesium&nbsp;chelatase,&nbsp;H&nbsp;subunit",71.5
28072.Nos7524_2652,AFY48486.1,Histidinol&nbsp;dehydrogenase,71.5
28072.Nos7524_3115,carA,"PFAM:&nbsp;Carbamoyl-phosphate&nbsp;synthase&nbsp;small&nbsp;chain,&nbsp;CPSase&nbsp;domain",71.4
28072.Nos7524_2028,AFY47882.1,PFAM:&nbsp;FG-GAP&nbsp;repeat,71.4
28072.Nos7524_1773,AFY47639.1,"5'-nucleotidase/2',3'-cyclic&nbsp;phosphodiesterase-like&nbsp;hydrolase",71.3
28072.Nos7524_1091,purE,N5-carboxyaminoimidazole&nbsp;ribonucleotide&nbsp;mutase,71.3
28072.Nos7524_1141,AFY47033.1,"Putative&nbsp;oxidoreductase,&nbsp;aryl-alcohol&nbsp;dehydrogenase&nbsp;like&nbsp;protein",71.2
28072.Nos7524_2844,AFY48662.1,Export-related&nbsp;chaperone&nbsp;CsaA,71.1
28072.Nos7524_4667,AFY50412.1,Cytochrome&nbsp;c&nbsp;oxidase&nbsp;subunit&nbsp;1,71.0
28072.Nos7524_4756,AFY50498.1,PFAM:&nbsp;Fatty&nbsp;acid&nbsp;desaturase,71.0
28072.Nos7524_0444,AFY46359.1,Thioredoxin-dependent&nbsp;phosophoadenylyl-sulfate&nbsp;reductase,71.0
28072.Nos7524_4176,AFY49942.1,PFAM:&nbsp;CpcD/allophycocyanin&nbsp;linker&nbsp;domain,71.0
28072.Nos7524_3686,AFY49472.1,PFAM:&nbsp;Branched-chain&nbsp;amino&nbsp;acid&nbsp;transport&nbsp;system&nbsp;/&nbsp;permease&nbsp;component,70.9
28072.Nos7524_4469,AFY50224.1,"ABC-type&nbsp;cobalamin/Fe3+-siderophore&nbsp;transport&nbsp;system,&nbsp;ATPase&nbsp;component",70.9
28072.Nos7524_5434,AFY51151.1,Uncharacterized&nbsp;protein,70.8
28072.Nos7524_1569,secA,Protein&nbsp;translocase&nbsp;subunit&nbsp;SecA,70.8
28072.Nos7524_1709,AFY47581.1,"Sulfate&nbsp;ABC&nbsp;transporter,&nbsp;permease&nbsp;protein&nbsp;CysW",70.8
28072.Nos7524_2731,gyrB,DNA&nbsp;gyrase&nbsp;subunit&nbsp;B,70.7
28072.Nos7524_0435,AFY46350.1,"ABC-type&nbsp;multidrug&nbsp;transport&nbsp;system,&nbsp;ATPase&nbsp;and&nbsp;permease&nbsp;component",70.7
28072.Nos7524_1492,guaA,GMP&nbsp;synthase&nbsp;[glutamine-hydrolyzing],70.7
28072.Nos7524_5262,AFY50985.1,PFAM:&nbsp;Respiratory-chain&nbsp;NADH&nbsp;dehydrogenase&nbsp;24&nbsp;Kd&nbsp;subunit,70.7
28072.Nos7524_0648,AFY46558.1,"ABC-type&nbsp;sugar&nbsp;transport&nbsp;system,&nbsp;periplasmic&nbsp;component",70.6
28072.Nos7524_0051,purQ,Phosphoribosylformylglycinamidine&nbsp;synthase&nbsp;subunit&nbsp;PurQ,70.5
28072.Nos7524_2716,AFY48548.1,Threonine&nbsp;synthase,70.4
28072.Nos7524_5033,AFY50758.1,Histidine&nbsp;kinase,70.4
28072.Nos7524_1255,AFY47137.1,PFAM:&nbsp;haemagglutination&nbsp;activity&nbsp;domain,70.3
28072.Nos7524_1726,AFY47598.1,PFAM:&nbsp;Respiratory-chain&nbsp;NADH&nbsp;dehydrogenase&nbsp;24&nbsp;Kd&nbsp;subunit,70.3
28072.Nos7524_0523,mnmE,tRNA&nbsp;modification&nbsp;GTPase&nbsp;MnmE,70.3
28072.Nos7524_0762,AFY46667.1,PFAM:&nbsp;Response&nbsp;regulator&nbsp;receiver&nbsp;domain,70.3
28072.Nos7524_0075,ruvB,Holliday&nbsp;junction&nbsp;ATP-dependent&nbsp;DNA&nbsp;helicase&nbsp;RuvB,70.3
28072.Nos7524_1915,AFY47774.1,Sialic&nbsp;acid&nbsp;synthase,70.2
28072.Nos7524_3358,AFY49153.1,annotation&nbsp;not&nbsp;available,70.2
28072.Nos7524_4927,rpl3,50S&nbsp;ribosomal&nbsp;protein&nbsp;L3,70.2
28072.Nos7524_3676,AFY49462.1,PFAM:&nbsp;C-5&nbsp;cytosine-specific&nbsp;DNA&nbsp;methylase,70.1
28072.Nos7524_0003,AFY45932.1,Bacteriophytochrome&nbsp;(Light-regulated&nbsp;signal&nbsp;transduction&nbsp;histidine&nbsp;kinase),70.0
28072.Nos7524_3271,AFY49069.1,"PFAM:&nbsp;3-carboxy-cis,cis-muconate&nbsp;lactonizing&nbsp;enzyme",69.9
28072.Nos7524_5356,rplU,50S&nbsp;ribosomal&nbsp;protein&nbsp;L21,69.9
28072.Nos7524_1614,AFY47487.1,PFAM:&nbsp;Aminotransferase&nbsp;class&nbsp;I&nbsp;and&nbsp;II,69.8
28072.Nos7524_0086,AFY46012.1,PAS&nbsp;domain&nbsp;S-box,69.8
28072.Nos7524_0675,purD,Phosphoribosylamine--glycine&nbsp;ligase,69.8
28072.Nos7524_3279,AFY49076.1,"ABC-type&nbsp;Fe3+-hydroxamate&nbsp;transport&nbsp;system,&nbsp;periplasmic&nbsp;component",69.7
28072.Nos7524_3425,AFY49218.1,Magnesium-protoporphyrin&nbsp;IX&nbsp;monomethyl&nbsp;ester&nbsp;[oxidative]&nbsp;cyclase,69.6
28072.Nos7524_5010,AFY50735.1,PFAM:&nbsp;C-5&nbsp;cytosine-specific&nbsp;DNA&nbsp;methylase,69.6
28072.Nos7524_1324,AFY47205.1,PFAM:&nbsp;Glycosyl&nbsp;hydrolases&nbsp;family&nbsp;31,69.6
28072.Nos7524_0546,AFY46457.1,Protein&nbsp;PatA,69.6
28072.Nos7524_5179,AFY50903.1,PFAM:&nbsp;EAL&nbsp;domain,69.5
28072.Nos7524_0133,AFY46057.1,annotation&nbsp;not&nbsp;available,69.4
28072.Nos7524_4856,AFY50584.1,"ABC-type&nbsp;dipeptide&nbsp;transport&nbsp;system,&nbsp;periplasmic&nbsp;component",69.4
28072.Nos7524_5429,AFY51146.1,Permease&nbsp;component&nbsp;of&nbsp;ABC-type&nbsp;sugar&nbsp;transporter,69.3
28072.Nos7524_4171,AFY49937.1,PFAM:&nbsp;PBS&nbsp;lyase&nbsp;HEAT-like&nbsp;repeat,69.3
28072.Nos7524_2804,rplL,50S&nbsp;ribosomal&nbsp;protein&nbsp;L7/L12,69.2
28072.Nos7524_5359,AFY51078.1,Mg-protoporphyrin&nbsp;IX&nbsp;chelatase,69.2
28072.Nos7524_4175,AFY49941.1,PFAM:&nbsp;Phycobilisome&nbsp;Linker&nbsp;polypeptide,69.1
28072.Nos7524_0694,sat,Sulfate&nbsp;adenylyltransferase,69.1
28072.Nos7524_3675,AFY49461.1,"PFAM:&nbsp;Alanine&nbsp;dehydrogenase/PNT,&nbsp;C-terminal&nbsp;domain",69.1
28072.Nos7524_4536,AFY50285.1,PFAM:&nbsp;Glutaminase,69.0
28072.Nos7524_3150,AFY48953.1,PFAM:&nbsp;Response&nbsp;regulator&nbsp;receiver&nbsp;domain,69.0
28072.Nos7524_5283,AFY51006.1,"PFAM:&nbsp;Glyceraldehyde&nbsp;3-phosphate&nbsp;dehydrogenase,&nbsp;C-terminal&nbsp;domain",69.0
28072.Nos7524_0406,murE,"UDP-N-acetylmuramoyl-L-alanyl-D-glutamate--2,6-diaminopimelate&nbsp;ligase",69.0
28072.Nos7524_2534,AFY48373.1,PFAM:&nbsp;Domain&nbsp;of&nbsp;unknown&nbsp;function&nbsp;DUF140,69.0
28072.Nos7524_2432,AFY48274.1,Potassium-transporting&nbsp;ATPase&nbsp;potassium-binding&nbsp;subunit,68.9
28072.Nos7524_4109,AFY49879.1,"ABC-type&nbsp;branched-chain&nbsp;amino&nbsp;acid&nbsp;transport&nbsp;system,&nbsp;periplasmic&nbsp;component",68.9
28072.Nos7524_2376,AFY48218.1,Methylase&nbsp;involved&nbsp;in&nbsp;ubiquinone/menaquinone&nbsp;biosynthesis,68.9
28072.Nos7524_0001,dnaA,Chromosomal&nbsp;replication&nbsp;initiator&nbsp;protein&nbsp;DnaA,68.8
28072.Nos7524_1680,AFY47552.1,annotation&nbsp;not&nbsp;available,68.6
28072.Nos7524_5056,AFY50781.1,"Heterodisulfide&nbsp;reductase,&nbsp;subunit&nbsp;B",68.6
28072.Nos7524_1475,gltX,Glutamate--tRNA&nbsp;ligase,68.6
28072.Nos7524_2683,AFY48516.1,Dienelactone&nbsp;hydrolase-like&nbsp;enzyme,68.5
28072.Nos7524_4668,AFY50413.1,Cytochrome&nbsp;c&nbsp;oxidase&nbsp;subunit&nbsp;2,68.5
28072.Nos7524_2995,AFY48802.1,Transcriptional&nbsp;regulator/sugar&nbsp;kinase,68.4
28072.Nos7524_3299,AFY49096.1,"ABC-type&nbsp;Fe3+-hydroxamate&nbsp;transport&nbsp;system,&nbsp;periplasmic&nbsp;component",68.4
28072.Nos7524_3125,AFY48928.1,PAS&nbsp;domain&nbsp;S-box,68.4
28072.Nos7524_3624,rpsP,PFAM:&nbsp;Ribosomal&nbsp;protein&nbsp;S16,68.4
28072.Nos7524_4341,AFY50100.1,"Nitrate&nbsp;ABC&nbsp;transporter,&nbsp;permease&nbsp;protein",68.4
28072.Nos7524_3337,AFY49133.1,PFAM:&nbsp;Lumazine&nbsp;binding&nbsp;domain,68.3
28072.Nos7524_2438,AFY48280.1,Putative&nbsp;extracellular&nbsp;nuclease,68.2
28072.Nos7524_5087,dnaX,DNA&nbsp;polymerase&nbsp;III&nbsp;subunit&nbsp;gamma/tau,68.2
28072.Nos7524_3850,ispD,2-C-methyl-D-erythritol&nbsp;4-phosphate&nbsp;cytidylyltransferase,68.2
28072.Nos7524_0892,AFY46791.1,PFAM:&nbsp;Response&nbsp;regulator&nbsp;receiver&nbsp;domain,68.2
28072.Nos7524_4483,AFY50236.1,ATPase&nbsp;component&nbsp;of&nbsp;various&nbsp;ABC-type&nbsp;transport&nbsp;systems&nbsp;with&nbsp;duplicated&nbsp;ATPase&nbsp;domain,68.2
28072.Nos7524_0321,AFY46241.1,"PFAM:&nbsp;Protein&nbsp;of&nbsp;unknown&nbsp;function,&nbsp;DUF606",68.1
28072.Nos7524_2800,rplK,50S&nbsp;ribosomal&nbsp;protein&nbsp;L11,68.1
28072.Nos7524_5242,AFY50966.1,annotation&nbsp;not&nbsp;available,68.1
28072.Nos7524_3536,AFY49327.1,NAD&nbsp;kinase,68.0
28072.Nos7524_2443,AFY48285.1,"Molybdate&nbsp;ABC&nbsp;transporter,&nbsp;permease&nbsp;protein",68.0
28072.Nos7524_4180,AFY49946.1,PFAM:&nbsp;Phycobilisome&nbsp;Linker&nbsp;polypeptide,68.0
28072.Nos7524_1789,psaK,PFAM:&nbsp;Photosystem&nbsp;I&nbsp;psaG&nbsp;/&nbsp;psaK,68.0
28072.Nos7524_2634,AFY48468.1,PFAM:&nbsp;Response&nbsp;regulator&nbsp;receiver&nbsp;domain,67.9
28072.Nos7524_0971,ureF,Urease&nbsp;accessory&nbsp;protein&nbsp;UreF,67.9
28072.Nos7524_3432,purH,Bifunctional&nbsp;purine&nbsp;biosynthesis&nbsp;protein&nbsp;PurH,67.9
28072.Nos7524_2350,AFY48192.1,PFAM:&nbsp;Ribulose-phosphate&nbsp;3&nbsp;epimerase&nbsp;family,67.9
28072.Nos7524_4185,AFY49951.1,PFAM:&nbsp;Adenylate&nbsp;and&nbsp;Guanylate&nbsp;cyclase&nbsp;catalytic&nbsp;domain,67.8
28072.Nos7524_1633,AFY47506.1,Transcriptional&nbsp;regulator/sugar&nbsp;kinase,67.8
28072.Nos7524_4384,AFY50143.1,annotation&nbsp;not&nbsp;available,67.8
28072.Nos7524_2787,AFY48613.1,Parallel&nbsp;beta-helix&nbsp;repeat&nbsp;(Two&nbsp;copies),67.7
28072.Nos7524_1840,AFY47702.1,Pyruvate-flavodoxin&nbsp;oxidoreductase,67.7
28072.Nos7524_2959,pyrG,CTP&nbsp;synthase,67.7
28072.Nos7524_1668,AFY47540.1,PAS&nbsp;domain&nbsp;S-box,67.7
28072.Nos7524_0358,AFY46275.1,"ATP-grasp&nbsp;enzyme,&nbsp;D-alanine-D-alanine&nbsp;ligase",67.5
28072.Nos7524_0351,AFY46270.1,Inositol-1-monophosphatase,67.5
28072.Nos7524_0560,AFY46471.1,Dihydrolipoamide&nbsp;acetyltransferase&nbsp;component&nbsp;of&nbsp;pyruvate&nbsp;dehydrogenase&nbsp;complex,67.5
28072.Nos7524_2023,AFY47877.1,"PFAM:&nbsp;Glutathione&nbsp;S-transferase,&nbsp;N-terminal&nbsp;domain",67.5
28072.Nos7524_5423,AFY51140.1,"ABC-type&nbsp;sugar&nbsp;transport&nbsp;system,&nbsp;permease&nbsp;component",67.4
28072.Nos7524_4933,rps3,30S&nbsp;ribosomal&nbsp;protein&nbsp;S3,67.4
28072.Nos7524_5556,AFY51267.1,PFAM:&nbsp;Sucrose&nbsp;synthase,67.3
28072.Nos7524_4475,AFY50230.1,PFAM:&nbsp;CobN/Magnesium&nbsp;Chelatase,67.3
28072.Nos7524_0942,gcvT,Aminomethyltransferase,67.3
28072.Nos7524_0199,glyA,Serine&nbsp;hydroxymethyltransferase,67.2
28072.Nos7524_1813,AFY47678.1,Precorrin-4&nbsp;C11-methyltransferase,67.1
28072.Nos7524_1822,murD,UDP-N-acetylmuramoylalanine--D-glutamate&nbsp;ligase,67.1
28072.Nos7524_4652,AFY50397.1,PFAM:&nbsp;Lipoxygenase,67.0
28072.Nos7524_2883,AFY48700.1,PFAM:&nbsp;GAF&nbsp;domain,67.0
28072.Nos7524_2292,ligA,DNA&nbsp;ligase,67.0
28072.Nos7524_0906,AFY46805.1,PAS&nbsp;domain&nbsp;S-box,66.9
28072.Nos7524_2487,AFY48327.1,PAS&nbsp;domain&nbsp;S-box,66.7
28072.Nos7524_4239,AFY50000.1,LL-diaminopimelate&nbsp;aminotransferase,66.6
28072.Nos7524_3720,ndhA,NAD(P)H-quinone&nbsp;oxidoreductase&nbsp;subunit&nbsp;1,66.6
28072.Nos7524_2490,uppP,Undecaprenyl-diphosphatase,66.5
28072.Nos7524_1175,AFY47066.1,"Ni,Fe-hydrogenase&nbsp;I&nbsp;large&nbsp;subunit",66.4
28072.Nos7524_3254,AFY49052.1,PFAM:&nbsp;Phosphoribulokinase&nbsp;/&nbsp;Uridine&nbsp;kinase&nbsp;family,66.4
28072.Nos7524_3930,AFY49703.1,PFAM:&nbsp;ATP-grasp&nbsp;domain,66.3
28072.Nos7524_2130,AFY47980.1,"ABC-type&nbsp;polysaccharide/polyol&nbsp;phosphate&nbsp;transport&nbsp;system,&nbsp;ATPase&nbsp;component",66.3
28072.Nos7524_1312,AFY47193.1,Serine&nbsp;acetyltransferase,66.2
28072.Nos7524_3287,AFY49084.1,"ABC-type&nbsp;Fe3+-siderophore&nbsp;transport&nbsp;system,&nbsp;permease&nbsp;component",66.2
28072.Nos7524_2781,nusA,Transcription&nbsp;termination/antitermination&nbsp;protein&nbsp;NusA,66.2
28072.Nos7524_2377,hemH,Ferrochelatase,66.2
28072.Nos7524_3453,proC,Pyrroline-5-carboxylate&nbsp;reductase,66.2
28072.Nos7524_2486,AFY48326.1,EAL&nbsp;domain-containing&nbsp;protein,66.1
28072.Nos7524_3739,AFY49519.1,PAS&nbsp;domain&nbsp;S-box,66.0
28072.Nos7524_4486,lysS,Lysine--tRNA&nbsp;ligase,66.0
28072.Nos7524_4173,AFY49939.1,"Phycocyanin,&nbsp;beta&nbsp;subunit",65.9
28072.Nos7524_0197,AFY46119.1,CinA-like&nbsp;protein,65.8
28072.Nos7524_1857,AFY47718.1,PFAM:&nbsp;Delta-aminolevulinic&nbsp;acid&nbsp;dehydratase,65.7
28072.Nos7524_0597,AFY46507.1,PFAM:&nbsp;Phosphatidylethanolamine-binding&nbsp;protein,65.7
28072.Nos7524_3305,AFY49102.1,PFAM:&nbsp;Photosystem&nbsp;II&nbsp;protein,65.7
28072.Nos7524_0682,AFY46588.1,"Acetyltransferase,&nbsp;N-acetylglutamate&nbsp;synthase",65.6
28072.Nos7524_1372,AFY47252.1,PDK&nbsp;repeat-containing&nbsp;protein,65.6
28072.Nos7524_1805,AFY47671.1,"Response&nbsp;regulator&nbsp;with&nbsp;CheY-like&nbsp;receiver,&nbsp;AAA-type&nbsp;ATPase,&nbsp;and&nbsp;DNA-binding&nbsp;domains",65.5
28072.Nos7524_3961,AFY49734.1,"GDP-mannose&nbsp;4,6-dehydratase",65.4
28072.Nos7524_3258,AFY49056.1,RHS&nbsp;repeat-associated&nbsp;core&nbsp;domain&nbsp;protein,65.4
28072.Nos7524_3286,AFY49083.1,"ABC-type&nbsp;Fe3+-siderophore&nbsp;transport&nbsp;system,&nbsp;permease&nbsp;component",65.4
28072.Nos7524_2838,rpoC2,DNA-directed&nbsp;RNA&nbsp;polymerase&nbsp;subunit&nbsp;beta',65.4
28072.Nos7524_5349,AFY51068.1,"ABC-type&nbsp;dipeptide/oligopeptide/nickel&nbsp;transport&nbsp;system,&nbsp;permease&nbsp;component",65.4
28072.Nos7524_3447,pepA,Probable&nbsp;cytosol&nbsp;aminopeptidase,65.3
28072.Nos7524_4113,AFY49883.1,PFAM:&nbsp;ABC&nbsp;transporter,65.2
28072.Nos7524_1357,AFY47237.1,PFAM:&nbsp;KR&nbsp;domain,65.2
28072.Nos7524_0518,AFY46429.1,3'-phosphoadenosine&nbsp;5'-phosphosulfate&nbsp;(PAPS)&nbsp;3'-phosphatase,65.2
28072.Nos7524_5539,AFY51251.1,PFAM:&nbsp;Bacterial&nbsp;extracellular&nbsp;solute-binding&nbsp;protein,65.2
28072.Nos7524_4179,AFY49945.1,ADP-glucose&nbsp;pyrophosphorylase,65.1
28072.Nos7524_5165,AFY50889.1,ATP&nbsp;synthase&nbsp;epsilon&nbsp;chain,65.1
28072.Nos7524_3547,trpB,Tryptophan&nbsp;synthase&nbsp;beta&nbsp;chain,65.1
28072.Nos7524_0708,AFY46614.1,"Transcriptional&nbsp;regulator&nbsp;containing&nbsp;GAF,&nbsp;AAA-type&nbsp;ATPase,&nbsp;and&nbsp;DNA&nbsp;binding&nbsp;domains",65.1
28072.Nos7524_3949,AFY49722.1,Magnesium-protoporphyrin&nbsp;IX&nbsp;monomethyl&nbsp;ester&nbsp;[oxidative]&nbsp;cyclase,65.1
28072.Nos7524_4869,carB,"PFAM:&nbsp;Carbamoyl-phosphate&nbsp;synthase&nbsp;L&nbsp;chain,&nbsp;ATP&nbsp;binding&nbsp;domain",65.0
28072.Nos7524_3006,AFY48813.1,annotation&nbsp;not&nbsp;available,65.0
28072.Nos7524_4949,rpsM,30S&nbsp;ribosomal&nbsp;protein&nbsp;S13,65.0
28072.Nos7524_0783,argB,Acetylglutamate&nbsp;kinase,64.9
28072.Nos7524_5282,thiL,Thiamine-monophosphate&nbsp;kinase,64.8
28072.Nos7524_1821,glyS,PFAM:&nbsp;Glycyl-tRNA&nbsp;synthetase&nbsp;beta&nbsp;subunit,64.8
28072.Nos7524_4049,AFY49821.1,Histidine&nbsp;kinase&nbsp;with&nbsp;GAF&nbsp;domain,64.7
28072.Nos7524_3491,AFY49283.1,Beta-lactamase&nbsp;class&nbsp;A,64.7
28072.Nos7524_3529,AFY49321.1,Dihydrolipoyl&nbsp;dehydrogenase,64.6
28072.Nos7524_0446,AFY46360.1,PAS&nbsp;domain&nbsp;S-box,64.6
28072.Nos7524_4193,rpoZ,DNA-directed&nbsp;RNA&nbsp;polymerase&nbsp;subunit&nbsp;omega,64.6
28072.Nos7524_2289,AFY48132.1,PFAM:&nbsp;Aminotransferase&nbsp;class&nbsp;I&nbsp;and&nbsp;II,64.5
28072.Nos7524_4050,AFY49822.1,ATPase&nbsp;component&nbsp;of&nbsp;ABC-type&nbsp;sugar&nbsp;transporter,64.4
28072.Nos7524_2279,AFY48122.1,PFAM:&nbsp;GAF&nbsp;domain,64.3
28072.Nos7524_4572,AFY50320.1,Small&nbsp;ribosomal&nbsp;subunit&nbsp;biogenesis&nbsp;GTPase&nbsp;RsgA,64.3
28072.Nos7524_1257,AFY47139.1,Threonine--tRNA&nbsp;ligase,64.2
28072.Nos7524_5070,psbI,Photosystem&nbsp;II&nbsp;reaction&nbsp;center&nbsp;protein&nbsp;I,64.2
28072.Nos7524_3064,AFY48868.1,PFAM:&nbsp;UvrD/REP&nbsp;helicase,64.2
28072.Nos7524_1286,AFY47167.1,PDK&nbsp;repeat-containing&nbsp;protein,64.2
28072.Nos7524_4115,AFY49885.1,"ABC-type&nbsp;branched-chain&nbsp;amino&nbsp;acid&nbsp;transport&nbsp;systems,&nbsp;ATPase&nbsp;component",64.2
28072.Nos7524_4146,AFY49915.1,DMT(Drug/metabolite&nbsp;transporter)&nbsp;superfamily&nbsp;permease,64.1
28072.Nos7524_0111,AFY46035.1,annotation&nbsp;not&nbsp;available,64.1
28072.Nos7524_2277,AFY48120.1,PFAM:&nbsp;Response&nbsp;regulator&nbsp;receiver&nbsp;domain,64.0
28072.Nos7524_4272,pgi,PFAM:&nbsp;Phosphoglucose&nbsp;isomerase,64.0
28072.Nos7524_5094,AFY50819.1,"PFAM:&nbsp;Glutathione&nbsp;S-transferase,&nbsp;N-terminal&nbsp;domain",64.0
28072.Nos7524_5372,cysA,Sulfate/thiosulfate&nbsp;import&nbsp;ATP-binding&nbsp;protein&nbsp;CysA,63.9
28072.Nos7524_2833,rpsT,30S&nbsp;ribosomal&nbsp;protein&nbsp;S20,63.9
28072.Nos7524_1441,AFY47319.1,PFAM:&nbsp;Response&nbsp;regulator&nbsp;receiver&nbsp;domain,63.8
28072.Nos7524_2943,AFY48757.1,PFAM:&nbsp;Response&nbsp;regulator&nbsp;receiver&nbsp;domain,63.8
28072.Nos7524_1960,AFY47819.1,PFAM:&nbsp;Lipoxygenase,63.8
28072.Nos7524_5533,AFY51245.1,annotation&nbsp;not&nbsp;available,63.8
28072.Nos7524_1245,AFY47129.1,PFAM:&nbsp;4Fe-4S&nbsp;binding&nbsp;domain,63.7
28072.Nos7524_0548,AFY46459.1,Chemotaxis&nbsp;signal&nbsp;transduction&nbsp;protein,63.5
28072.Nos7524_0255,AFY46177.1,Serine-pyruvate&nbsp;aminotransferase/archaeal&nbsp;aspartate&nbsp;aminotransferase,63.3
28072.Nos7524_0740,AFY46646.1,PFAM:&nbsp;ABC&nbsp;transporter,63.3
28072.Nos7524_5028,AFY50753.1,3-oxoacyl-[acyl-carrier-protein]&nbsp;synthase&nbsp;2,63.3
28072.Nos7524_0396,mutL,DNA&nbsp;mismatch&nbsp;repair&nbsp;protein&nbsp;MutL,63.2
28072.Nos7524_1723,AFY47595.1,PFAM:&nbsp;Response&nbsp;regulator&nbsp;receiver&nbsp;domain,63.2
28072.Nos7524_4447,AFY50205.1,annotation&nbsp;not&nbsp;available,63.2
28072.Nos7524_3670,AFY49456.1,Cytochrome&nbsp;c&nbsp;oxidase&nbsp;subunit&nbsp;1,63.2
28072.Nos7524_4930,rpl2,50S&nbsp;ribosomal&nbsp;protein&nbsp;L2,63.0
28072.Nos7524_0628,AFY46538.1,PFAM:&nbsp;Gamma-glutamyltranspeptidase,63.0
28072.Nos7524_2434,AFY48276.1,Potassium-transporting&nbsp;ATPase&nbsp;KdpC&nbsp;subunit,63.0
28072.Nos7524_1642,AFY47515.1,PAS&nbsp;domain&nbsp;S-box,63.0
28072.Nos7524_0453,AFY46366.1,PFAM:&nbsp;6-pyruvoyl&nbsp;tetrahydropterin&nbsp;synthase,63.0
28072.Nos7524_4129,AFY49899.1,"ABC-type&nbsp;metal&nbsp;ion&nbsp;transport&nbsp;system,&nbsp;periplasmic&nbsp;component/surface&nbsp;adhesin",62.9
28072.Nos7524_1599,AFY47474.1,PFAM:&nbsp;Aldehyde&nbsp;dehydrogenase&nbsp;family,62.9
28072.Nos7524_0055,AFY45981.1,PsaD,62.9
28072.Nos7524_3041,AFY48848.1,PFAM:&nbsp;Protein&nbsp;kinase&nbsp;domain,62.8
28072.Nos7524_2477,AFY48317.1,PFAM:&nbsp;Major&nbsp;Facilitator&nbsp;Superfamily,62.8
28072.Nos7524_2635,AFY48469.1,Diguanylate&nbsp;cyclase&nbsp;(GGDEF)&nbsp;domain-containing&nbsp;protein,62.8
28072.Nos7524_2633,AFY48467.1,Putative&nbsp;transmembrane&nbsp;sensor&nbsp;domain&nbsp;protein,62.8
28072.Nos7524_4661,AFY50406.1,Cysteine&nbsp;synthase,62.8
28072.Nos7524_2933,AFY48747.1,Penicillin-binding&nbsp;protein&nbsp;2,62.8
28072.Nos7524_3541,AFY49332.1,PFAM:&nbsp;Response&nbsp;regulator&nbsp;receiver&nbsp;domain,62.7
28072.Nos7524_0590,AFY46500.1,Potassium-transporting&nbsp;ATPase&nbsp;ATP-binding&nbsp;subunit,62.7
28072.Nos7524_1995,AFY47852.1,"Aerobic-type&nbsp;carbon&nbsp;monoxide&nbsp;dehydrogenase,&nbsp;middle&nbsp;subunit&nbsp;CoxM/CutM-like&nbsp;protein",62.6
28072.Nos7524_3584,ftsZ,Cell&nbsp;division&nbsp;protein&nbsp;FtsZ,62.6
28072.Nos7524_4557,rpmI,PFAM:&nbsp;Ribosomal&nbsp;protein&nbsp;L35,62.5
28072.Nos7524_5143,tpiA,Triosephosphate&nbsp;isomerase,62.5
28072.Nos7524_3036,hisG,ATP&nbsp;phosphoribosyltransferase,62.5
28072.Nos7524_5413,glgB,"1,4-alpha-glucan&nbsp;branching&nbsp;enzyme&nbsp;GlgB",62.4
28072.Nos7524_1559,psb28,PFAM:&nbsp;Psb28&nbsp;protein,62.4
28072.Nos7524_2749,AFY48577.1,PFAM:&nbsp;ACT&nbsp;domain,62.4
28072.Nos7524_4851,AFY50579.1,Sec-independent&nbsp;protein&nbsp;translocase&nbsp;protein&nbsp;TatA,62.3
28072.Nos7524_3132,AFY48935.1,Formate&nbsp;acetyltransferase&nbsp;1,62.3
28072.Nos7524_3951,AFY49724.1,PFAM:&nbsp;Heme&nbsp;oxygenase,62.3
28072.Nos7524_4063,AFY49835.1,D-alanyl-D-alanine&nbsp;carboxypeptidase&nbsp;(Penicillin-binding&nbsp;protein&nbsp;4),62.2
28072.Nos7524_3301,AFY49098.1,PFAM:&nbsp;Photosystem&nbsp;II&nbsp;protein,62.2
28072.Nos7524_2997,AFY48804.1,"ABC-type&nbsp;dipeptide/oligopeptide/nickel&nbsp;transport&nbsp;system,&nbsp;permease&nbsp;component",62.2
28072.Nos7524_0391,AFY46306.1,PFAM:&nbsp;Radical&nbsp;SAM&nbsp;superfamily,62.2
28072.Nos7524_1795,AFY47661.1,PFAM:&nbsp;Precorrin-8X&nbsp;methylmutase,62.2
28072.Nos7524_1529,AFY47405.1,"ABC-type&nbsp;multidrug&nbsp;transport&nbsp;system,&nbsp;ATPase&nbsp;and&nbsp;permease&nbsp;component",62.2
28072.Nos7524_3883,AFY49657.1,PFAM:&nbsp;Predicted&nbsp;permease&nbsp;YjgP/YjgQ&nbsp;family,62.2
28072.Nos7524_1396,psaJ,Photosystem&nbsp;I&nbsp;reaction&nbsp;center&nbsp;subunit&nbsp;IX,62.1
28072.Nos7524_2811,AFY48632.1,Theronine&nbsp;dehydrogenase-like&nbsp;Zn-dependent&nbsp;dehydrogenase,62.1
28072.Nos7524_1320,zwf,Glucose-6-phosphate&nbsp;1-dehydrogenase,62.0
28072.Nos7524_0803,cbiN,Cobalt&nbsp;transport&nbsp;protein&nbsp;CbiN,62.0
28072.Nos7524_0845,AFY46747.1,PFAM:&nbsp;Response&nbsp;regulator&nbsp;receiver&nbsp;domain,62.0
28072.Nos7524_0836,AFY46738.1,Putative&nbsp;ATPase,61.9
28072.Nos7524_3477,AFY49269.1,Putative&nbsp;Rossmann&nbsp;fold&nbsp;nucleotide-binding&nbsp;protein,61.9
28072.Nos7524_2538,plsY,Glycerol-3-phosphate&nbsp;acyltransferase,61.9
28072.Nos7524_3016,AFY48823.1,Regulatory&nbsp;P&nbsp;domain&nbsp;of&nbsp;subtilisin-like&nbsp;proprotein&nbsp;convertases,61.9
28072.Nos7524_4956,rpmE,50S&nbsp;ribosomal&nbsp;protein&nbsp;L31,61.8
28072.Nos7524_1752,glyQ,PFAM:&nbsp;Glycyl-tRNA&nbsp;synthetase&nbsp;alpha&nbsp;subunit,61.6
28072.Nos7524_3746,folD,Bifunctional&nbsp;protein&nbsp;FolD,61.5
28072.Nos7524_2798,secE,Protein&nbsp;translocase&nbsp;subunit&nbsp;SecE,61.5
28072.Nos7524_4518,AFY50270.1,PFAM:&nbsp;ATP:corrinoid&nbsp;adenosyltransferase&nbsp;BtuR/CobO/CobP,61.4
28072.Nos7524_4595,AFY50343.1,PFAM:&nbsp;ATP:corrinoid&nbsp;adenosyltransferase&nbsp;BtuR/CobO/CobP,61.4
28072.Nos7524_2131,AFY47981.1,"ABC-type&nbsp;polysaccharide/polyol&nbsp;phosphate&nbsp;export&nbsp;systems,&nbsp;permease&nbsp;component",61.3
28072.Nos7524_3319,AFY49116.1,"Molybdopterin&nbsp;converting&nbsp;factor,&nbsp;large&nbsp;subunit",61.3
28072.Nos7524_1994,AFY47851.1,"Aerobic-type&nbsp;carbon&nbsp;monoxide&nbsp;dehydrogenase,&nbsp;large&nbsp;subunit&nbsp;CoxL/CutL-like&nbsp;protein",61.3
28072.Nos7524_1936,AFY47795.1,Histidine&nbsp;kinase,61.3
28072.Nos7524_2492,psbU,Photosystem&nbsp;II&nbsp;12&nbsp;kDa&nbsp;extrinsic&nbsp;protein,61.3
28072.Nos7524_4064,AFY49836.1,Putative&nbsp;Rossmann&nbsp;fold&nbsp;nucleotide-binding&nbsp;protein,61.3
28072.Nos7524_0323,AFY46243.1,PFAM:&nbsp;GAF&nbsp;domain,61.3
28072.Nos7524_1239,AFY47124.1,Nitrogen&nbsp;fixation&nbsp;protein&nbsp;NifU,61.2
28072.Nos7524_4674,AFY50419.1,PFAM:&nbsp;Protein&nbsp;kinase&nbsp;domain,61.2
28072.Nos7524_1067,AFY46961.1,"Nitrate&nbsp;ABC&nbsp;transporter,&nbsp;permease&nbsp;protein",61.2
28072.Nos7524_5223,ribBA,Riboflavin&nbsp;biosynthesis&nbsp;protein&nbsp;RibBA,61.2
28072.Nos7524_3427,AFY49220.1,PFAM:&nbsp;Heme&nbsp;oxygenase,61.1
28072.Nos7524_5055,AFY50780.1,annotation&nbsp;not&nbsp;available,61.1
28072.Nos7524_2554,recR,Recombination&nbsp;protein&nbsp;RecR,61.0
28072.Nos7524_3958,petB,Cytochrome&nbsp;b6,61.0
28072.Nos7524_4881,AFY50607.1,ATPase&nbsp;component&nbsp;of&nbsp;Mn/Zn&nbsp;ABC-type&nbsp;transporter,60.9
28072.Nos7524_5063,AFY50788.1,PFAM:&nbsp;C-5&nbsp;cytosine-specific&nbsp;DNA&nbsp;methylase,60.9
28072.Nos7524_5355,rpmA,PFAM:&nbsp;Ribosomal&nbsp;L27&nbsp;protein,60.8
28072.Nos7524_1755,AFY47622.1,PFAM:&nbsp;GGDEF&nbsp;domain,60.7
28072.Nos7524_3708,ruvC,Crossover&nbsp;junction&nbsp;endodeoxyribonuclease&nbsp;RuvC,60.7
28072.Nos7524_0859,cofH,FO&nbsp;synthase&nbsp;subunit&nbsp;2,60.6
28072.Nos7524_0788,ubiX,Flavin&nbsp;prenyltransferase&nbsp;UbiX,60.6
28072.Nos7524_4852,AFY50580.1,Cyanophycin&nbsp;synthetase,60.5
28072.Nos7524_4182,AFY49948.1,PFAM:&nbsp;Phycobilisome&nbsp;Linker&nbsp;polypeptide,60.5
28072.Nos7524_2281,AFY48124.1,Precorrin&nbsp;isomerase,60.5
28072.Nos7524_2407,AFY48249.1,Parallel&nbsp;beta-helix&nbsp;repeat&nbsp;(Two&nbsp;copies),60.5
28072.Nos7524_5240,AFY50964.1,Uncharacterized&nbsp;protein,60.5
28072.Nos7524_5317,AFY51039.1,ATP&nbsp;synthase&nbsp;subunit&nbsp;b',60.5
28072.Nos7524_1021,AFY46915.1,"PFAM:&nbsp;Transketolase,&nbsp;thiamine&nbsp;diphosphate&nbsp;binding&nbsp;domain",60.4
28072.Nos7524_4713,AFY50457.1,Phytoene&nbsp;desaturase,60.3
28072.Nos7524_2667,AFY48500.1,"PFAM:&nbsp;Acyl-CoA&nbsp;dehydrogenase,&nbsp;C-terminal&nbsp;domain",60.3
28072.Nos7524_1876,AFY47737.1,"PFAM:&nbsp;PEP-utilising&nbsp;enzyme,&nbsp;mobile&nbsp;domain",60.2
28072.Nos7524_2136,AFY47986.1,PAS&nbsp;domain&nbsp;S-box,60.2
28072.Nos7524_2415,leuS,Leucine--tRNA&nbsp;ligase,60.1
28072.Nos7524_3646,AFY49433.1,Chemotaxis&nbsp;signal&nbsp;transduction&nbsp;protein,60.1
28072.Nos7524_4078,AFY49849.1,"N-methylhydantoinase&nbsp;B/acetone&nbsp;carboxylase,&nbsp;alpha&nbsp;subunit",60.1
28072.Nos7524_3535,AFY49326.1,PFAM:&nbsp;Response&nbsp;regulator&nbsp;receiver&nbsp;domain,60.1
28072.Nos7524_2303,AFY48146.1,NADH:ubiquinone&nbsp;oxidoreductase&nbsp;chain&nbsp;I-like&nbsp;protein,60.0
28072.Nos7524_1066,AFY46960.1,annotation&nbsp;not&nbsp;available,60.0
28072.Nos7524_1601,rpmF,PFAM:&nbsp;Ribosomal&nbsp;L32p&nbsp;protein&nbsp;family,59.9
28072.Nos7524_5078,AFY50803.1,annotation&nbsp;not&nbsp;available,59.9
28072.Nos7524_4343,AFY50102.1,"Sulfite&nbsp;reductase,&nbsp;beta&nbsp;subunit&nbsp;(Hemoprotein)",59.9
28072.Nos7524_0496,AFY46407.1,"PFAM:&nbsp;Glutathione&nbsp;S-transferase,&nbsp;N-terminal&nbsp;domain",59.9
28072.Nos7524_2942,cheB,Chemotaxis&nbsp;response&nbsp;regulator&nbsp;protein-glutamate&nbsp;methylesterase,59.8
28072.Nos7524_0963,AFY46861.1,"Serine&nbsp;phosphatase&nbsp;RsbU,&nbsp;regulator&nbsp;of&nbsp;sigma&nbsp;subunit",59.7
28072.Nos7524_1565,AFY47440.1,Glycosidase,59.7
28072.Nos7524_3332,AFY49128.1,Branched-chain&nbsp;amino&nbsp;acid&nbsp;aminotransferase/4-amino-4-deoxychorismate&nbsp;lyase,59.7
28072.Nos7524_4814,AFY50551.1,PFAM:&nbsp;Aconitate&nbsp;B&nbsp;N-terminal&nbsp;domain,59.6
28072.Nos7524_4994,AFY50719.1,PFAM:&nbsp;Binding-protein-dependent&nbsp;transport&nbsp;system&nbsp;inner&nbsp;membrane&nbsp;component,59.6
28072.Nos7524_4098,AFY49868.1,PFAM:&nbsp;Bacterial&nbsp;pre-peptidase&nbsp;C-terminal&nbsp;domain,59.6
28072.Nos7524_5109,pdxH,Pyridoxine/pyridoxamine&nbsp;5'-phosphate&nbsp;oxidase,59.5
28072.Nos7524_2911,AFY48725.1,annotation&nbsp;not&nbsp;available,59.4
28072.Nos7524_3530,AFY49322.1,PFAM:&nbsp;Indole-3-glycerol&nbsp;phosphate&nbsp;synthase,59.4
28072.Nos7524_1354,AFY47234.1,PFAM:&nbsp;Fatty&nbsp;acid&nbsp;desaturase,59.4
28072.Nos7524_4470,AFY50225.1,ATPase&nbsp;component&nbsp;of&nbsp;various&nbsp;ABC-type&nbsp;transport&nbsp;systems&nbsp;with&nbsp;duplicated&nbsp;ATPase&nbsp;domain,59.4
28072.Nos7524_2890,AFY48706.1,"Cytochrome&nbsp;c,&nbsp;mono-and&nbsp;diheme&nbsp;variants&nbsp;family",59.3
28072.Nos7524_0550,AFY46461.1,Chemotaxis&nbsp;protein&nbsp;histidine&nbsp;kinase-like&nbsp;protein,59.3
28072.Nos7524_3558,pyrD,Dihydroorotate&nbsp;dehydrogenase&nbsp;(quinone),59.3
28072.Nos7524_1710,AFY47582.1,Membrane-associated&nbsp;phospholipid&nbsp;phosphatase,59.2
28072.Nos7524_3931,AFY49704.1,PFAM:&nbsp;CoA&nbsp;binding&nbsp;domain,59.1
28072.Nos7524_3500,AFY49292.1,PFAM:&nbsp;Glutamate/Leucine/Phenylalanine/Valine&nbsp;dehydrogenase,59.0
28072.Nos7524_3647,AFY49434.1,PFAM:&nbsp;Response&nbsp;regulator&nbsp;receiver&nbsp;domain,59.0
28072.Nos7524_0476,AFY46388.1,PFAM:&nbsp;Thymidylate&nbsp;synthase,59.0
28072.Nos7524_1002,AFY46896.1,PFAM:&nbsp;Phosphomannose&nbsp;isomerase&nbsp;type&nbsp;I,58.9
28072.Nos7524_0967,AFY46865.1,Histidine&nbsp;kinase,58.8
28072.Nos7524_5494,purT,Formate-dependent&nbsp;phosphoribosylglycinamide&nbsp;formyltransferase,58.8
28072.Nos7524_0254,xseA,Exodeoxyribonuclease&nbsp;7&nbsp;large&nbsp;subunit,58.6
28072.Nos7524_0217,recG,ATP-dependent&nbsp;DNA&nbsp;helicase&nbsp;RecG,58.6
28072.Nos7524_2499,AFY48339.1,"DNA/RNA&nbsp;helicase,&nbsp;superfamily&nbsp;II",58.6
28072.Nos7524_1325,AFY47206.1,Parallel&nbsp;beta-helix&nbsp;repeat&nbsp;(Two&nbsp;copies),58.6
28072.Nos7524_0806,AFY46711.1,"ABC-type&nbsp;Co2+&nbsp;transport&nbsp;system,&nbsp;permease&nbsp;component",58.5
28072.Nos7524_3607,AFY49397.1,PFAM:&nbsp;60Kd&nbsp;inner&nbsp;membrane&nbsp;protein,58.4
28072.Nos7524_2454,AFY48295.1,ATPase&nbsp;component&nbsp;of&nbsp;ABC-type&nbsp;sugar&nbsp;transporter,58.2
28072.Nos7524_0237,AFY46159.1,Diaminopimelate&nbsp;epimerase,58.2
28072.Nos7524_3483,AFY49275.1,"ABC-type&nbsp;sugar&nbsp;transport&nbsp;system,&nbsp;periplasmic&nbsp;component",58.1
28072.Nos7524_2867,AFY48684.1,"ABC-type&nbsp;sugar&nbsp;transport&nbsp;system,&nbsp;periplasmic&nbsp;component",58.1
28072.Nos7524_4798,AFY50536.1,PFAM:&nbsp;Polysaccharide&nbsp;biosynthesis/export&nbsp;protein,58.0
28072.Nos7524_5409,AFY51126.1,Cell&nbsp;division&nbsp;protein&nbsp;FtsI/penicillin-binding&nbsp;protein&nbsp;2,58.0
28072.Nos7524_5057,AFY50782.1,PFAM:&nbsp;Pyridine&nbsp;nucleotide-disulphide&nbsp;oxidoreductase,58.0
28072.Nos7524_4455,AFY50213.1,"Magnesium&nbsp;chelatase,&nbsp;H&nbsp;subunit",57.9
28072.Nos7524_2203,AFY48049.1,"PFAM:&nbsp;Glutathione&nbsp;S-transferase,&nbsp;N-terminal&nbsp;domain",57.9
28072.Nos7524_4330,ndhM,NAD(P)H-quinone&nbsp;oxidoreductase&nbsp;subunit&nbsp;M,57.9
28072.Nos7524_1583,AFY47458.1,"ATP-dependent&nbsp;DNA&nbsp;helicase,&nbsp;RecQ&nbsp;family",57.9
28072.Nos7524_1611,AFY47485.1,TIGRFAM:&nbsp;phosphate&nbsp;binding&nbsp;protein,57.8
28072.Nos7524_1003,AFY46897.1,PFAM:&nbsp;UvrD/REP&nbsp;helicase,57.8
28072.Nos7524_1303,petG,Cytochrome&nbsp;b6-f&nbsp;complex&nbsp;subunit&nbsp;5,57.8
28072.Nos7524_4053,AFY49825.1,PFAM:&nbsp;Isocitrate/isopropylmalate&nbsp;dehydrogenase,57.7
28072.Nos7524_3578,AFY49369.1,PFAM:&nbsp;Manganese-stabilising&nbsp;protein&nbsp;/&nbsp;photosystem&nbsp;II&nbsp;polypeptide,57.7
28072.Nos7524_4734,AFY50476.1,6-phosphogluconolactonase/glucosamine-6-phosphate&nbsp;isomerase/deaminase,57.7
28072.Nos7524_4162,AFY49928.1,PFAM:&nbsp;Response&nbsp;regulator&nbsp;receiver&nbsp;domain,57.7
28072.Nos7524_4939,rpl5,50S&nbsp;ribosomal&nbsp;protein&nbsp;L5,57.7
28072.Nos7524_3378,AFY49173.1,ATP-dependent&nbsp;Clp&nbsp;protease&nbsp;proteolytic&nbsp;subunit,57.6
28072.Nos7524_5335,AFY51054.1,PFAM:&nbsp;Phycobilisome&nbsp;protein,57.5
28072.Nos7524_0065,AFY45991.1,"ABC-type&nbsp;cobalamin/Fe3+-siderophore&nbsp;transport&nbsp;system,&nbsp;ATPase&nbsp;component",57.5
28072.Nos7524_0038,AFY45965.1,Histidine&nbsp;kinase,57.5
28072.Nos7524_0726,AFY46632.1,Hemolysin&nbsp;activation/secretion&nbsp;protein,57.5
28072.Nos7524_0555,AFY46466.1,ATP-dependent&nbsp;DNA&nbsp;helicase&nbsp;RecQ,57.4
28072.Nos7524_1438,AFY47316.1,PFAM:&nbsp;Indole-3-glycerol&nbsp;phosphate&nbsp;synthase,57.3
28072.Nos7524_1229,AFY47116.1,Nitrogenase&nbsp;protein&nbsp;alpha&nbsp;chain,57.3
28072.Nos7524_0108,AFY46032.1,Isoprenyl&nbsp;transferase,57.3
28072.Nos7524_4931,rpsS,30S&nbsp;ribosomal&nbsp;protein&nbsp;S19,57.3
28072.Nos7524_3798,AFY49577.1,annotation&nbsp;not&nbsp;available,57.3
28072.Nos7524_2645,AFY48479.1,PFAM:&nbsp;Binding-protein-dependent&nbsp;transport&nbsp;system&nbsp;inner&nbsp;membrane&nbsp;component,57.3
28072.Nos7524_2074,AFY47926.1,NADPH-protochlorophyllide&nbsp;oxidoreductase,57.2
28072.Nos7524_3732,gyrA,DNA&nbsp;gyrase&nbsp;subunit&nbsp;A,57.2
28072.Nos7524_3960,AFY49733.1,Anti-sigma&nbsp;regulatory&nbsp;factor&nbsp;(Ser/Thr&nbsp;protein&nbsp;kinase),57.2
28072.Nos7524_3946,AFY49719.1,PFAM:&nbsp;IstB-like&nbsp;ATP&nbsp;binding&nbsp;protein,57.2
28072.Nos7524_0457,AFY46370.1,Cysteine&nbsp;synthase,57.1
28072.Nos7524_0303,AFY46224.1,Site-determining&nbsp;protein,57.1
28072.Nos7524_2219,pyrR,Bifunctional&nbsp;protein&nbsp;PyrR,57.0
28072.Nos7524_1707,AFY47579.1,PFAM:&nbsp;Bacterial&nbsp;extracellular&nbsp;solute-binding&nbsp;protein,56.9
28072.Nos7524_0734,AFY46640.1,Putative&nbsp;enzyme&nbsp;of&nbsp;phosphonate&nbsp;metabolism,56.9
28072.Nos7524_4159,AFY49926.1,Uroporphyrin-III&nbsp;C-methyltransferase,56.9
28072.Nos7524_4621,AFY50369.1,PFAM:&nbsp;RHS&nbsp;Repeat,56.7
28072.Nos7524_5303,AFY51026.1,PFAM:&nbsp;Alcohol&nbsp;dehydrogenase&nbsp;GroES-like&nbsp;domain,56.7
28072.Nos7524_2436,AFY48278.1,"Uncharacterized&nbsp;protein,&nbsp;putative&nbsp;amidase",56.6
28072.Nos7524_4955,rps9,PFAM:&nbsp;Ribosomal&nbsp;protein&nbsp;S9/S16,56.6
28072.Nos7524_3446,plsX,Phosphate&nbsp;acyltransferase,56.6
28072.Nos7524_4526,pgk,PFAM:&nbsp;Phosphoglycerate&nbsp;kinase,56.6
28072.Nos7524_3489,rpiA,Ribose-5-phosphate&nbsp;isomerase&nbsp;A,56.5
28072.Nos7524_1029,panC/cmk,Bifunctional&nbsp;pantoate&nbsp;ligase/cytidylate&nbsp;kinase,56.5
28072.Nos7524_2125,AFY47975.1,"PFAM:&nbsp;NADH-Ubiquinone/plastoquinone&nbsp;(complex&nbsp;I),&nbsp;various&nbsp;chains",56.5
28072.Nos7524_3913,AFY49687.1,PFAM:&nbsp;Peptidase&nbsp;S26,56.4
28072.Nos7524_0944,gcvP,Glycine&nbsp;dehydrogenase&nbsp;(decarboxylating),56.3
28072.Nos7524_1516,trpA,Tryptophan&nbsp;synthase&nbsp;alpha&nbsp;chain,56.3
28072.Nos7524_0507,AFY46418.1,Phosphate&nbsp;transport&nbsp;system&nbsp;permease&nbsp;protein,56.3
28072.Nos7524_4181,AFY49947.1,PFAM:&nbsp;Phycobilisome&nbsp;Linker&nbsp;polypeptide,56.2
28072.Nos7524_5243,AFY50967.1,Polyketide&nbsp;synthase&nbsp;family&nbsp;protein,56.2
28072.Nos7524_1527,AFY47403.1,UDP-glucose-4-epimerase,56.2
28072.Nos7524_1322,AFY47203.1,PFAM:&nbsp;Aldehyde&nbsp;dehydrogenase&nbsp;family,56.2
28072.Nos7524_5316,atpF,ATP&nbsp;synthase&nbsp;subunit&nbsp;b,56.2
28072.Nos7524_1411,AFY47290.1,"Pyruvate/2-oxoglutarate&nbsp;dehydrogenase&nbsp;complex,&nbsp;dehydrogenase&nbsp;component&nbsp;beta&nbsp;subunit",56.1
28072.Nos7524_5352,AFY51071.1,PFAM:&nbsp;Glycosyl&nbsp;transferase&nbsp;family&nbsp;2,56.1
28072.Nos7524_5152,AFY50876.1,PFAM:&nbsp;EAL&nbsp;domain,56.1
28072.Nos7524_1974,AFY47832.1,Putative&nbsp;ATPase,56.0
28072.Nos7524_2721,sbcD,Nuclease&nbsp;SbcCD&nbsp;subunit&nbsp;D,56.0
28072.Nos7524_0349,hisZ,ATP&nbsp;phosphoribosyltransferase&nbsp;regulatory&nbsp;subunit,55.8
28072.Nos7524_0715,AFY46621.1,PFAM:&nbsp;Tryptophan&nbsp;halogenase,55.8
28072.Nos7524_4995,AFY50720.1,Periplasmic&nbsp;component&nbsp;of&nbsp;amino&nbsp;acid&nbsp;ABC-type&nbsp;transporter/signal&nbsp;transduction&nbsp;system,55.8
28072.Nos7524_0896,AFY46795.1,Magnesium-protoporphyrin&nbsp;IX&nbsp;monomethyl&nbsp;ester&nbsp;[oxidative]&nbsp;cyclase,55.7
28072.Nos7524_1597,ureC,Urease&nbsp;subunit&nbsp;alpha,55.7
28072.Nos7524_2600,AFY48435.1,Histidine&nbsp;kinase,55.6
28072.Nos7524_2000,AFY47857.1,3-isopropylmalate&nbsp;dehydratase&nbsp;small&nbsp;subunit,55.6
28072.Nos7524_2648,AFY48482.1,Phosphonates&nbsp;import&nbsp;ATP-binding&nbsp;protein&nbsp;PhnC,55.5
28072.Nos7524_2614,hisIE,Histidine&nbsp;biosynthesis&nbsp;bifunctional&nbsp;protein&nbsp;HisIE,55.5
28072.Nos7524_3700,AFY49481.1,PFAM:&nbsp;EAL&nbsp;domain,55.5
28072.Nos7524_0758,AFY46663.1,FAD/FMN-dependent&nbsp;dehydrogenase,55.5
28072.Nos7524_5048,AFY50773.1,PFAM:&nbsp;CBS&nbsp;domain,55.5
28072.Nos7524_2273,purK,N5-carboxyaminoimidazole&nbsp;ribonucleotide&nbsp;synthase,55.5
28072.Nos7524_0854,AFY46756.1,annotation&nbsp;not&nbsp;available,55.4
28072.Nos7524_2180,rpsN,30S&nbsp;ribosomal&nbsp;protein&nbsp;S14,55.4
28072.Nos7524_4172,AFY49938.1,PFAM:&nbsp;PBS&nbsp;lyase&nbsp;HEAT-like&nbsp;repeat,55.3
28072.Nos7524_3458,AFY49250.1,"Aminodeoxychorismate&nbsp;synthase,&nbsp;component&nbsp;I,&nbsp;clade&nbsp;2",55.2
28072.Nos7524_2956,uvrB,UvrABC&nbsp;system&nbsp;protein&nbsp;B,55.2
28072.Nos7524_3459,AFY49251.1,"ABC-type&nbsp;cobalt&nbsp;transport&nbsp;system,&nbsp;permease&nbsp;component&nbsp;CbiQ",55.1
28072.Nos7524_3625,ffh,Signal&nbsp;recognition&nbsp;particle&nbsp;protein,55.0
28072.Nos7524_3704,AFY49485.1,Dihydroorotase,55.0
28072.Nos7524_2801,rpl1,50S&nbsp;ribosomal&nbsp;protein&nbsp;L1,55.0
28072.Nos7524_4943,rps5,30S&nbsp;ribosomal&nbsp;protein&nbsp;S5,55.0
28072.Nos7524_1433,AFY47311.1,"ABC-type&nbsp;transport&nbsp;system&nbsp;involved&nbsp;in&nbsp;resistance&nbsp;to&nbsp;organic&nbsp;solvents,&nbsp;periplasmic&nbsp;component",55.0
28072.Nos7524_3073,AFY48876.1,Squalene-hopene&nbsp;cyclase,54.9
28072.Nos7524_1742,AFY47614.1,PFAM:&nbsp;Response&nbsp;regulator&nbsp;receiver&nbsp;domain,54.9
28072.Nos7524_0707,AFY46613.1,PFAM:&nbsp;Tryptophan&nbsp;halogenase,54.8
28072.Nos7524_5226,AFY50950.1,PAS&nbsp;domain&nbsp;S-box,54.8
28072.Nos7524_0337,AFY46256.1,Capsular&nbsp;exopolysaccharide&nbsp;biosynthesis&nbsp;protein,54.5
28072.Nos7524_2149,AFY47999.1,PFAM:&nbsp;DHHA1&nbsp;domain,54.5
28072.Nos7524_2913,AFY48727.1,Allophycocyanin&nbsp;alpha-B&nbsp;subunit&nbsp;apoprotein,54.4
28072.Nos7524_5250,AFY50973.1,"PFAM:&nbsp;Pyruvate&nbsp;kinase,&nbsp;barrel&nbsp;domain",54.4
28072.Nos7524_1329,AFY47210.1,Cysteine&nbsp;desulfurase&nbsp;IscS,54.3
28072.Nos7524_0239,AFY46161.1,PAS&nbsp;domain&nbsp;S-box,54.2
28072.Nos7524_2998,AFY48805.1,PFAM:&nbsp;Pyridine&nbsp;nucleotide-disulphide&nbsp;oxidoreductase,54.2
28072.Nos7524_2939,AFY48753.1,PFAM:&nbsp;HAMP&nbsp;domain,54.2
28072.Nos7524_2938,AFY48752.1,Methylase&nbsp;of&nbsp;chemotaxis&nbsp;methyl-accepting&nbsp;protein,54.1
28072.Nos7524_0976,AFY46874.1,PAS&nbsp;domain&nbsp;S-box,54.0
28072.Nos7524_3690,AFY49476.1,PFAM:&nbsp;Cytochrome&nbsp;oxidase&nbsp;subunit&nbsp;II,53.9
28072.Nos7524_0743,AFY46649.1,PFAM:&nbsp;Response&nbsp;regulator&nbsp;receiver&nbsp;domain,53.8
28072.Nos7524_3474,AFY49266.1,annotation&nbsp;not&nbsp;available,53.8
28072.Nos7524_3612,AFY49402.1,NAD/NADP&nbsp;transhydrogenase&nbsp;alpha&nbsp;subunit,53.7
28072.Nos7524_1162,AFY47053.1,Hydrogenase&nbsp;expression/formation&nbsp;protein&nbsp;HypE,53.7
28072.Nos7524_1988,AFY47845.1,PFAM:&nbsp;Response&nbsp;regulator&nbsp;receiver&nbsp;domain,53.6
28072.Nos7524_3445,fabH,3-oxoacyl-[acyl-carrier-protein]&nbsp;synthase&nbsp;3,53.6
28072.Nos7524_1950,AFY47809.1,ADP-forming&nbsp;acetyl&nbsp;coenzyme&nbsp;A&nbsp;synthetase,53.6
28072.Nos7524_0738,AFY46644.1,Putative&nbsp;enzyme&nbsp;of&nbsp;phosphonate&nbsp;metabolism,53.6
28072.Nos7524_1165,AFY47056.1,PFAM:&nbsp;HupF/HypC&nbsp;family,53.6
28072.Nos7524_2392,AFY48234.1,Regulatory&nbsp;P&nbsp;domain&nbsp;of&nbsp;subtilisin-like&nbsp;proprotein&nbsp;convertases,53.6
28072.Nos7524_5530,AFY51242.1,NAD(P)H-quinone&nbsp;oxidoreductase&nbsp;subunit&nbsp;I,53.6
28072.Nos7524_5464,frr,Ribosome-recycling&nbsp;factor,53.4
28072.Nos7524_4864,AFY50592.1,Phosphonates&nbsp;import&nbsp;ATP-binding&nbsp;protein&nbsp;PhnC,53.3
28072.Nos7524_2564,pdhA,Pyruvate&nbsp;dehydrogenase&nbsp;E1&nbsp;component&nbsp;subunit&nbsp;alpha,53.2
28072.Nos7524_4122,uvrA,UvrABC&nbsp;system&nbsp;protein&nbsp;A,53.2
28072.Nos7524_2549,ppc,Phosphoenolpyruvate&nbsp;carboxylase,53.2
28072.Nos7524_2604,AFY48438.1,PFAM:&nbsp;Photosystem&nbsp;I&nbsp;reaction&nbsp;centre&nbsp;subunit&nbsp;IX&nbsp;/&nbsp;PsaJ,53.2
28072.Nos7524_4342,AFY50101.1,annotation&nbsp;not&nbsp;available,53.1
28072.Nos7524_0968,ureG,Urease&nbsp;accessory&nbsp;protein&nbsp;UreG,53.1
28072.Nos7524_2258,AFY48102.1,Dihydrofolate&nbsp;reductase,53.1
28072.Nos7524_5058,AFY50783.1,annotation&nbsp;not&nbsp;available,53.1
28072.Nos7524_2916,purF,Amidophosphoribosyltransferase,53.1
28072.Nos7524_0592,AFY46502.1,Potassium-transporting&nbsp;ATPase&nbsp;KdpC&nbsp;subunit,53.1
28072.Nos7524_3778,AFY49558.1,Cytochrome&nbsp;c&nbsp;oxidase&nbsp;subunit&nbsp;2,53.1
28072.Nos7524_3354,ndk,Nucleoside&nbsp;diphosphate&nbsp;kinase,53.0
28072.Nos7524_1585,AFY47460.1,Diaminopimelate&nbsp;epimerase,52.9
28072.Nos7524_4555,AFY50303.1,Periplasmic&nbsp;component&nbsp;of&nbsp;amino&nbsp;acid&nbsp;ABC-type&nbsp;transporter/signal&nbsp;transduction&nbsp;system,52.9
28072.Nos7524_5480,AFY51196.1,Signal&nbsp;transduction&nbsp;histidine&nbsp;kinase,52.8
28072.Nos7524_4219,AFY49980.1,"PMT&nbsp;family&nbsp;glycosyltransferase,&nbsp;4-amino-4-deoxy-L-arabinose&nbsp;transferase",52.8
28072.Nos7524_2295,AFY48138.1,"Cytochrome&nbsp;c,&nbsp;mono-and&nbsp;diheme&nbsp;variants&nbsp;family",52.8
28072.Nos7524_0840,AFY46742.1,"PMT&nbsp;family&nbsp;glycosyltransferase,&nbsp;4-amino-4-deoxy-L-arabinose&nbsp;transferase",52.7
28072.Nos7524_0547,AFY46458.1,PFAM:&nbsp;Response&nbsp;regulator&nbsp;receiver&nbsp;domain,52.6
28072.Nos7524_4344,AFY50103.1,Rieske&nbsp;Fe-S&nbsp;protein,52.6
28072.Nos7524_1113,AFY47006.1,Thioredoxin&nbsp;reductase,52.6
28072.Nos7524_4556,rplT,50S&nbsp;ribosomal&nbsp;protein&nbsp;L20,52.5
28072.Nos7524_1919,AFY47778.1,"ABC-type&nbsp;polysaccharide/polyol&nbsp;phosphate&nbsp;transport&nbsp;system,&nbsp;ATPase&nbsp;component",52.4
28072.Nos7524_2941,AFY48755.1,Chemotaxis&nbsp;protein&nbsp;histidine&nbsp;kinase-like&nbsp;protein,52.4
28072.Nos7524_2616,AFY48450.1,PFAM:&nbsp;Response&nbsp;regulator&nbsp;receiver&nbsp;domain,52.2
28072.Nos7524_0905,AFY46804.1,PFAM:&nbsp;Response&nbsp;regulator&nbsp;receiver&nbsp;domain,52.2
28072.Nos7524_4409,AFY50168.1,Anti-sigma&nbsp;regulatory&nbsp;factor&nbsp;(Ser/Thr&nbsp;protein&nbsp;kinase),52.1
28072.Nos7524_0972,ureE,Urease&nbsp;accessory&nbsp;protein&nbsp;UreE,52.0
28072.Nos7524_5336,AFY51055.1,Allophycocyanin&nbsp;alpha&nbsp;subunit&nbsp;apoprotein,52.0
28072.Nos7524_0508,AFY46419.1,PFAM:&nbsp;Binding-protein-dependent&nbsp;transport&nbsp;system&nbsp;inner&nbsp;membrane&nbsp;component,52.0
28072.Nos7524_1397,AFY47277.1,PFAM:&nbsp;Photosystem&nbsp;I&nbsp;reaction&nbsp;centre&nbsp;subunit&nbsp;III,51.9
28072.Nos7524_3031,asd,Aspartate-semialdehyde&nbsp;dehydrogenase,51.9
28072.Nos7524_0360,AFY46277.1,Malto-oligosyltrehalose&nbsp;trehalohydrolase,51.9
28072.Nos7524_1724,AFY47596.1,PAS&nbsp;domain&nbsp;S-box,51.8
28072.Nos7524_0309,psaC,Photosystem&nbsp;I&nbsp;iron-sulfur&nbsp;center,51.7
28072.Nos7524_3691,AFY49477.1,"Cytochrome&nbsp;bd-type&nbsp;quinol&nbsp;oxidase,&nbsp;subunit&nbsp;1",51.7
28072.Nos7524_3008,AFY48815.1,PAS&nbsp;domain&nbsp;S-box,51.7
28072.Nos7524_4666,AFY50411.1,"Heme/copper-type&nbsp;cytochrome/quinol&nbsp;oxidase,&nbsp;subunit&nbsp;3",51.7
28072.Nos7524_2796,rplS,50S&nbsp;ribosomal&nbsp;protein&nbsp;L19,51.7
28072.Nos7524_4929,rplW,50S&nbsp;ribosomal&nbsp;protein&nbsp;L23,51.6
28072.Nos7524_3486,AFY49278.1,"PFAM:&nbsp;Glutathione&nbsp;S-transferase,&nbsp;N-terminal&nbsp;domain",51.6
28072.Nos7524_0203,rps6,30S&nbsp;ribosomal&nbsp;protein&nbsp;S6,51.6
28072.Nos7524_4882,AFY50608.1,"ABC-type&nbsp;metal&nbsp;ion&nbsp;transport&nbsp;system,&nbsp;periplasmic&nbsp;component/surface&nbsp;adhesin",51.4
28072.Nos7524_3965,AFY49738.1,Rhodanese-related&nbsp;sulfurtransferase,51.4
28072.Nos7524_5301,AFY51024.1,S-formylglutathione&nbsp;hydrolase,51.4
28072.Nos7524_2861,AFY48678.1,"Ca2+-binding&nbsp;protein,&nbsp;RTX&nbsp;toxin",51.4
28072.Nos7524_0415,AFY46330.1,PFAM:&nbsp;Response&nbsp;regulator&nbsp;receiver&nbsp;domain,51.4
28072.Nos7524_0302,minC,Probable&nbsp;septum&nbsp;site-determining&nbsp;protein&nbsp;MinC,51.3
28072.Nos7524_0433,AFY46348.1,Capsular&nbsp;exopolysaccharide&nbsp;biosynthesis&nbsp;protein,51.3
28072.Nos7524_0534,psb27,Photosystem&nbsp;II&nbsp;lipoprotein&nbsp;Psb27,51.3
28072.Nos7524_0010,AFY45939.1,PFAM:&nbsp;short&nbsp;chain&nbsp;dehydrogenase,51.3
28072.Nos7524_5278,AFY51001.1,Biotin&nbsp;carboxyl&nbsp;carrier&nbsp;protein&nbsp;of&nbsp;acetyl-CoA&nbsp;carboxylase,51.3
28072.Nos7524_0635,AFY46545.1,PFAM:&nbsp;Substrate&nbsp;binding&nbsp;domain&nbsp;of&nbsp;ABC-type&nbsp;glycine&nbsp;betaine&nbsp;transport&nbsp;system,51.3
28072.Nos7524_4045,AFY49817.1,PFAM:&nbsp;Aminotransferase&nbsp;class&nbsp;I&nbsp;and&nbsp;II,51.2
28072.Nos7524_4386,AFY50145.1,PFAM:&nbsp;HMGL-like,51.2
28072.Nos7524_4023,nadE,Glutamine-dependent&nbsp;NAD(+)&nbsp;synthetase,51.2
28072.Nos7524_0215,tsf,Elongation&nbsp;factor&nbsp;Ts,51.1
