326442.PSHAa2661,fbpC,"Iron(III)&nbsp;ABC&nbsp;transporter,&nbsp;ATP-binding&nbsp;protein",98.9
326442.PSHAa0874,secG,Protein-export&nbsp;membrane&nbsp;protein&nbsp;secG(General&nbsp;Secretory&nbsp;Pathway),98.9
326442.PSHAa2731,hslU,ATP-dependent&nbsp;protease&nbsp;ATPase&nbsp;subunit&nbsp;HslU,98.9
326442.PSHAa0249,porA,Thiol:disulfide&nbsp;interchange&nbsp;protein,98.9
326442.PSHAa0208,cysQ,"Likely&nbsp;to&nbsp;be&nbsp;PAP&nbsp;(3',5'&nbsp;adenosine&nbsp;diphosphate)&nbsp;3'&nbsp;phosphatase",98.9
326442.PSHAa0692,mutS,DNA&nbsp;mismatch&nbsp;repair&nbsp;protein&nbsp;MutS,98.8
326442.PSHAa1858,recB,RecBCD&nbsp;enzyme&nbsp;subunit&nbsp;RecB,98.8
326442.PSHAa2796,asnA,Aspartate--ammonia&nbsp;ligase,98.8
326442.PSHAa2553,ptsN,PTS&nbsp;family&nbsp;enzyme&nbsp;IIA,98.7
326442.PSHAa3000,PSHAa3000,Putative&nbsp;enzymatic&nbsp;protein,98.7
326442.PSHAa1810,plsX,Phosphate&nbsp;acyltransferase,98.7
326442.PSHAa2304,gcp,tRNA&nbsp;N6-adenosine&nbsp;threonylcarbamoyltransferase,98.7
326442.PSHAa0003,recF,DNA&nbsp;replication&nbsp;and&nbsp;repair&nbsp;protein&nbsp;RecF,98.6
326442.PSHAa2551,rpoN,RNA&nbsp;polymerase&nbsp;sigma-54&nbsp;factor,98.5
326442.PSHAa0074,folM,"Putative&nbsp;alternative&nbsp;dihydrofolate&nbsp;reductase,&nbsp;NAD(P)-binding&nbsp;domain",98.3
326442.PSHAa2976,PSHAa2976,Alkaline&nbsp;phosphatase,98.3
326442.PSHAa1613,PSHAa1613,"Putative&nbsp;ABC-type&nbsp;transport&nbsp;system,&nbsp;permease&nbsp;component",98.3
326442.PSHAa0190,PSHAa0190,Glycerol&nbsp;kinase,98.2
326442.PSHAa0526,PSHAa0526,Putative&nbsp;glutathione&nbsp;S-transferase,98.2
326442.PSHAa2807,rpsD,30S&nbsp;ribosomal&nbsp;protein&nbsp;S4,98.2
326442.PSHAa2793,spoT,"Bifunctional:&nbsp;(P)ppGpp&nbsp;synthetase&nbsp;II&nbsp;guanosine-3',5'-bis&nbsp;pyrophosphate&nbsp;3'-pyrophosphohydrolase",98.2
326442.PSHAa2297,PSHAa2297,Putative&nbsp;ATP-binding&nbsp;component&nbsp;of&nbsp;ABC&nbsp;transport&nbsp;system,98.0
326442.PSHAa0902,PSHAa0902,"Putative&nbsp;acyl&nbsp;CoA:acetate/3-ketoacid&nbsp;CoA&nbsp;transferase,&nbsp;beta&nbsp;subunit",98.0
326442.PSHAa0159,PSHAa0159,Aconitate&nbsp;hydratase,97.9
326442.PSHAa0774,flgG,Flagellar&nbsp;basal-body&nbsp;rod&nbsp;protein&nbsp;FlgG,97.7
326442.PSHAa1006,PSHAa1006,Putative&nbsp;NADH&nbsp;dehydrogenase,97.6
326442.PSHAa2809,rpsM,30S&nbsp;ribosomal&nbsp;protein&nbsp;S13,97.6
326442.PSHAa0844,bamE,Outer&nbsp;membrane&nbsp;protein&nbsp;assembly&nbsp;factor&nbsp;BamE,97.6
326442.PSHAa1844,PSHAa1844,"Putative&nbsp;Cbb3-type&nbsp;cytochrome&nbsp;oxidase,&nbsp;subunit&nbsp;3",97.4
326442.PSHAa2388,PSHAa2388,Putative&nbsp;cytosol&nbsp;aminopeptidase,97.4
326442.PSHAa0126,PSHAa0126,"Putative&nbsp;hydrolase,&nbsp;contains&nbsp;a&nbsp;phosphatase-like&nbsp;domain",97.3
326442.PSHAa0180,dapA,4-hydroxy-tetrahydrodipicolinate&nbsp;synthase,97.3
326442.PSHAa1843,PSHAa1843,"Putative&nbsp;Cbb3-type&nbsp;cytochrome&nbsp;oxidase,&nbsp;cytochrome&nbsp;c&nbsp;subunit",97.2
326442.PSHAa1964,rnhA,Ribonuclease&nbsp;H,97.2
326442.PSHAa1460,PSHAa1460,Putative&nbsp;3-oxoacyl-(Acyl-carrier&nbsp;protein)&nbsp;reductase,97.1
326442.PSHAb0490,hisH,"IGPS&nbsp;catalyzes&nbsp;the&nbsp;conversion&nbsp;of&nbsp;PRFAR&nbsp;and&nbsp;glutamine&nbsp;to&nbsp;IGP,&nbsp;AICAR&nbsp;and&nbsp;glutamate.&nbsp;The&nbsp;HisH&nbsp;subunit&nbsp;provides&nbsp;the&nbsp;glutamine&nbsp;amidotransferase&nbsp;activity&nbsp;that&nbsp;produces&nbsp;the&nbsp;ammonia&nbsp;necessary&nbsp;to&nbsp;HisF&nbsp;for&nbsp;the&nbsp;synthesis&nbsp;of&nbsp;IGP&nbsp;and&nbsp;AICAR",97.1
326442.PSHAa2369,thiL,Thiamine-monophosphate&nbsp;kinase,97.0
326442.PSHAa1902,ihfA,Integration&nbsp;host&nbsp;factor&nbsp;subunit&nbsp;alpha,96.8
326442.PSHAa0731,lepB,Signal&nbsp;peptidase&nbsp;I,96.8
326442.PSHAa2930,PSHAa2930,Sec-independent&nbsp;protein&nbsp;translocase&nbsp;protein&nbsp;TatB,96.7
326442.PSHAa0539,oadA,"Oxaloacetate&nbsp;decarboxylase,&nbsp;alpha&nbsp;subunit",96.6
326442.PSHAa2977,PSHAa2977,Secreted&nbsp;alkaline&nbsp;phosphatase,96.5
326442.PSHAb0463,ilvH,Acetolactate&nbsp;synthase&nbsp;isozyme&nbsp;III&nbsp;small&nbsp;subunit,96.4
326442.PSHAa0163,glnG,"Response&nbsp;regulator&nbsp;in&nbsp;two-component&nbsp;regulatory&nbsp;system&nbsp;with&nbsp;GlnL,&nbsp;nitrogen&nbsp;regulation&nbsp;(EBP&nbsp;family)",96.3
326442.PSHAa1058,prfA,Peptide&nbsp;chain&nbsp;release&nbsp;factor&nbsp;1,96.3
326442.PSHAa2820,rplN,50S&nbsp;ribosomal&nbsp;protein&nbsp;L14,96.3
326442.PSHAa0734,recO,DNA&nbsp;repair&nbsp;protein&nbsp;RecO,96.2
326442.PSHAa0366,gpmM,"2,3-bisphosphoglycerate-independent&nbsp;phosphoglycerate&nbsp;mutase",96.1
326442.PSHAb0068,hmuT,Putative&nbsp;Hemin-binding&nbsp;periplasmic&nbsp;ABC-transport&nbsp;system&nbsp;protein,96.1
326442.PSHAa2048,pspB,"Regulatory&nbsp;gene&nbsp;for&nbsp;expression&nbsp;of&nbsp;the&nbsp;psp&nbsp;operon&nbsp;with&nbsp;PspC,&nbsp;phage&nbsp;shock&nbsp;protein",96.1
326442.PSHAb0551,PSHAb0551,Glycerol&nbsp;kinase,96.0
326442.PSHAb0500,PSHAb0500,Putative&nbsp;alkaline&nbsp;phosphatase,96.0
326442.PSHAa0698,acs,Acetyl-coenzyme&nbsp;A&nbsp;synthetase,96.0
326442.PSHAa2733,PSHAa2733,Putative&nbsp;methyl-accepting&nbsp;chemotaxis&nbsp;protein,95.9
326442.PSHAa1319,dcd,dCTP&nbsp;deaminase,95.9
326442.PSHAa2052,sapB,"Peptide&nbsp;transport&nbsp;protein&nbsp;(ABC&nbsp;superfamily,&nbsp;membrane)",95.8
326442.PSHAa2273,PSHAa2273,Putative&nbsp;acrB/acrD/acrF&nbsp;acriflavin&nbsp;resistance&nbsp;family&nbsp;protein,95.7
326442.PSHAa1030,rlpB,LPS-assembly&nbsp;lipoprotein&nbsp;LptE,95.7
326442.PSHAa2994,glmS,Glutamine--fructose-6-phosphate&nbsp;aminotransferase&nbsp;[isomerizing],95.7
326442.PSHAa0655,prfC,Peptide&nbsp;chain&nbsp;release&nbsp;factor&nbsp;3,95.6
326442.PSHAb0407,PSHAb0407,Putative&nbsp;3-oxoacyl-(Acyl-carrier-protein)&nbsp;synthase,95.5
326442.PSHAa2786,PSHAa2786,Diacylglycerol&nbsp;kinase,95.5
326442.PSHAa0154,cysJ,Sulfite&nbsp;reductase&nbsp;[NADPH]&nbsp;flavoprotein&nbsp;alpha-component,95.4
326442.PSHAa2074,accD,Acetyl-coenzyme&nbsp;A&nbsp;carboxylase&nbsp;carboxyl&nbsp;transferase&nbsp;subunit&nbsp;beta,95.3
326442.PSHAa0312,phoU,Phosphate-specific&nbsp;transport&nbsp;system&nbsp;accessory&nbsp;protein&nbsp;PhoU,95.3
326442.PSHAa1442,PSHAa1442,Putative&nbsp;allophanate&nbsp;hydrolase,95.2
326442.PSHAa0005,glyQ,Glycine--tRNA&nbsp;ligase&nbsp;alpha&nbsp;subunit,95.1
326442.PSHAa2439,rplI,50S&nbsp;ribosomal&nbsp;protein&nbsp;L9,94.9
326442.PSHAa2562,PSHAa2562,"Putative&nbsp;ABC&nbsp;transporter,&nbsp;periplasmic&nbsp;substrate-binding&nbsp;protein",94.9
326442.PSHAa0942,ffh,Signal&nbsp;recognition&nbsp;particle&nbsp;protein,94.9
326442.PSHAa2730,hslV,ATP-dependent&nbsp;protease&nbsp;subunit&nbsp;HslV,94.9
326442.PSHAa2424,holC,"DNA&nbsp;polymerase&nbsp;III,&nbsp;chi&nbsp;subunit",94.9
326442.PSHAa1201,PSHAa1201,"Putative&nbsp;DnaX,&nbsp;DNA&nbsp;polymerase&nbsp;III,&nbsp;gamma/tau&nbsp;subunits",94.9
326442.PSHAa1250,PSHAa1250,Aspartokinase,94.8
326442.PSHAa2506,murD,UDP-N-acetylmuramoylalanine--D-glutamate&nbsp;ligase,94.8
326442.PSHAa0599,PSHAa0599,Putative&nbsp;phosphate&nbsp;ABC&nbsp;transporter,94.7
326442.PSHAa0790,flaM,Putative&nbsp;Sigma-54&nbsp;dependent&nbsp;response&nbsp;regulator&nbsp;regulation&nbsp;of&nbsp;polar&nbsp;flagellae&nbsp;expression,94.6
326442.PSHAb0066,hmuV,Hemin&nbsp;import&nbsp;ATP-binding&nbsp;protein&nbsp;HmuV,94.6
326442.PSHAa2499,ftsZ,Cell&nbsp;division&nbsp;protein&nbsp;FtsZ,94.5
326442.PSHAa2846,PSHAa2846,Arginine&nbsp;decarboxylase,94.4
326442.PSHAa0728,rseB,"Putative&nbsp;anti&nbsp;sigma&nbsp;E&nbsp;(Sigma&nbsp;24)&nbsp;factor,&nbsp;negative&nbsp;regulator",94.2
326442.PSHAa2034,pyrH,Uridylate&nbsp;kinase,94.1
326442.PSHAa0596,PSHAa0596,"Putative&nbsp;fructose-1,6-bisphosphate&nbsp;aldolase&nbsp;class&nbsp;II",94.1
326442.PSHAa0749,thyA,Thymidylate&nbsp;synthase,94.1
326442.PSHAa1590,PSHAa1590,"6-oxohexanoate&nbsp;dehydrogenase,&nbsp;succinate-semialdehyde&nbsp;dehydrogenase&nbsp;[NADP+]",94.1
326442.PSHAa2725,maeB,Putative&nbsp;NADP-dependent&nbsp;malic&nbsp;enzyme&nbsp;(NADP-dependent&nbsp;malic&nbsp;oxidoreductase&nbsp;(N-terminal),94.1
326442.PSHAa0977,PSHAa0977,Putative&nbsp;oxidoreductase,94.1
326442.PSHAa0892,PSHAa0892,"Putative&nbsp;electron&nbsp;acceptor&nbsp;reductase/NADH&nbsp;oxidase,&nbsp;FAD&nbsp;binding,&nbsp;iron-sulfur&nbsp;cluster&nbsp;binding&nbsp;site",94.1
326442.PSHAb0557,ppsA,Phosphoenolpyruvate&nbsp;synthase,94.0
326442.PSHAb0316,udp,Uridine&nbsp;phosphorylase,94.0
326442.PSHAa1091,PSHAa1091,Lactoylglutathione&nbsp;lyase,94.0
326442.PSHAa0571,PSHAa0571,Putative&nbsp;alginate&nbsp;lyase,93.9
326442.PSHAa0795,fliI,Flagellum-specific&nbsp;ATP&nbsp;synthase,93.9
326442.PSHAa2222,PSHAa2222,Putative&nbsp;B12-dependent&nbsp;homocysteine-N5-methyltetrahydrofolate&nbsp;transmethylase&nbsp;(C&nbsp;terminal),93.9
326442.PSHAa0824,ccmC,Heme&nbsp;exporter&nbsp;protein&nbsp;C,93.8
326442.PSHAa2757,polA,DNA&nbsp;polymerase&nbsp;I,93.6
326442.PSHAa2264,putA,Bifunctional&nbsp;protein&nbsp;PutA,93.6
326442.PSHAa0023,def,Peptide&nbsp;deformylase,93.5
326442.PSHAa2849,envZ,Evidence&nbsp;2a&nbsp;:&nbsp;Function&nbsp;of&nbsp;homologous&nbsp;gene&nbsp;experimentally&nbsp;demonstrated&nbsp;in&nbsp;an&nbsp;other&nbsp;organism,93.5
326442.PSHAa1606,bioD,ATP-dependent&nbsp;dethiobiotin&nbsp;synthetase&nbsp;BioD,93.4
326442.PSHAa0976,PSHAa0976,Putative&nbsp;amino&nbsp;acid&nbsp;dehydrogenase&nbsp;with&nbsp;NAD(P)-binding&nbsp;domain&nbsp;and&nbsp;ferridoxin-like&nbsp;domain,93.3
326442.PSHAa1025,mrdA,"Peptidoglycan&nbsp;D,D-transpeptidase&nbsp;MrdA",93.3
326442.PSHAa2770,ilvM,"Acetolactate&nbsp;synthase&nbsp;II,&nbsp;small&nbsp;subunit",93.3
326442.PSHAa0759,PSHAa0759,Putative&nbsp;peroxiredoxin/glutaredoxin&nbsp;family&nbsp;protein,93.3
326442.PSHAa2440,rpsR,30S&nbsp;ribosomal&nbsp;protein&nbsp;S18,93.3
326442.PSHAa2509,murE,"UDP-N-acetylmuramoyl-L-alanyl-D-glutamate--2,6-diaminopimelate&nbsp;ligase",93.3
326442.PSHAa2279,PSHAa2279,2-dehydropantoate&nbsp;2-reductase,93.3
326442.PSHAa0550,arcB,Aerobic&nbsp;respiration&nbsp;control&nbsp;sensor&nbsp;protein,93.2
326442.PSHAa0687,surE,5'-nucleotidase&nbsp;SurE,93.2
326442.PSHAa0391,aceE,Pyruvate&nbsp;dehydrogenase&nbsp;E1&nbsp;component,93.1
326442.PSHAa1028,nadD,Probable&nbsp;nicotinate-nucleotide&nbsp;adenylyltransferase,93.0
326442.PSHAa0828,ccmG,Thiol:disulfide&nbsp;interchange&nbsp;protein&nbsp;dsbE&nbsp;(Cytochrome&nbsp;c&nbsp;biogenesis&nbsp;protein&nbsp;ccmG),92.9
326442.PSHAb0493,hisD,Histidinol&nbsp;dehydrogenase,92.9
326442.PSHAa1777,rsmF,Ribosomal&nbsp;RNA&nbsp;small&nbsp;subunit&nbsp;methyltransferase&nbsp;F,92.8
326442.PSHAa0196,astD,N-succinylglutamate&nbsp;5-semialdehyde&nbsp;dehydrogenase&nbsp;1,92.8
326442.PSHAa0649,guaA,GMP&nbsp;synthase&nbsp;[glutamine-hydrolyzing],92.8
326442.PSHAa1634,pgm,Phosphoglucomutase,92.8
326442.PSHAb0536,umuC,Component&nbsp;of&nbsp;DNA&nbsp;polymerase&nbsp;V&nbsp;with&nbsp;UmuD,92.7
326442.PSHAa2869,PSHAa2869,Cytochrome&nbsp;c&nbsp;oxidase&nbsp;subunit&nbsp;III,92.7
326442.PSHAa0671,tktA,Transketolase,92.7
326442.PSHAa2054,sapD,"Peptide&nbsp;transport&nbsp;protein&nbsp;(ABC&nbsp;superfamily,&nbsp;atp_bind)",92.7
326442.PSHAa2656,rplU,50S&nbsp;ribosomal&nbsp;protein&nbsp;L21,92.7
326442.PSHAb0317,PSHAb0317,Putative&nbsp;manganese&nbsp;binding&nbsp;agmatinase&nbsp;(SpeB),92.6
326442.PSHAa2039,PSHAa2039,"2,3,4,5-tetrahydropyridine-2,6-dicarboxylate&nbsp;N-succinyltransferase",92.6
326442.PSHAa2559,talB,Transaldolase,92.6
326442.PSHAa2662,fbpB,"Iron(III)&nbsp;ABC&nbsp;transporter,&nbsp;permease&nbsp;protein",92.6
326442.PSHAa1591,uhpA,Evidence&nbsp;2a&nbsp;:&nbsp;Function&nbsp;of&nbsp;homologous&nbsp;gene&nbsp;experimentally&nbsp;demonstrated&nbsp;in&nbsp;an&nbsp;other&nbsp;organism,92.5
326442.PSHAa2483,PSHAa2483,Putative&nbsp;glycerophosphodiester&nbsp;phosphodiesterase,92.4
326442.PSHAa0608,pepB,"Aminopeptidase&nbsp;B,&nbsp;a&nbsp;cysteinylglycinase",92.4
326442.PSHAa0877,PSHAa0877,Putative&nbsp;steroid&nbsp;degradation&nbsp;protein,92.3
326442.PSHAa0220,rplJ,50S&nbsp;ribosomal&nbsp;protein&nbsp;L10,92.2
326442.PSHAa2814,rplR,50S&nbsp;ribosomal&nbsp;protein&nbsp;L18,92.2
326442.PSHAa1676,pepN,"Aminopeptidase&nbsp;N,&nbsp;a&nbsp;cysteinylglycinase",92.2
326442.PSHAa1057,hemA,Glutamyl-tRNA&nbsp;reductase,92.1
326442.PSHAa1088,PSHAa1088,Uncharacterized&nbsp;protein,92.0
326442.PSHAa2296,PSHAa2296,Transport&nbsp;permease&nbsp;protein,92.0
326442.PSHAa0259,groL,60&nbsp;kDa&nbsp;chaperonin,92.0
326442.PSHAa0271,hfq,RNA-binding&nbsp;protein&nbsp;Hfq,91.9
326442.PSHAa2815,rplF,50S&nbsp;ribosomal&nbsp;protein&nbsp;L6,91.8
326442.PSHAa1129,PSHAa1129,"Putative&nbsp;transport&nbsp;protein&nbsp;(ABC&nbsp;superfamily,&nbsp;atp_bind&nbsp;and&nbsp;membrane)",91.8
326442.PSHAa1076,speB,Agmatinase,91.8
326442.PSHAa2474,gcvH,Glycine&nbsp;cleavage&nbsp;system&nbsp;H&nbsp;protein,91.8
326442.PSHAa0147,rplB,50S&nbsp;ribosomal&nbsp;protein&nbsp;L2,91.8
326442.PSHAa2137,PSHAa2137,Uncharacterized&nbsp;protein,91.7
326442.PSHAb0492,hisC,Histidinol&nbsp;phosphate&nbsp;aminotransferase,91.4
326442.PSHAa2204,PSHAa2204,Putative&nbsp;hydrolase,91.4
326442.PSHAa2374,ribD,Riboflavin&nbsp;biosynthesis&nbsp;protein&nbsp;RibD,91.3
326442.PSHAa1926,PSHAa1926,Putative&nbsp;NTP&nbsp;pyrophosphatase,91.2
326442.PSHAb0019,PSHAb0019,Putative&nbsp;dinucleotide-utilizing&nbsp;enzyme,91.1
326442.PSHAa0487,rsgA,Small&nbsp;ribosomal&nbsp;subunit&nbsp;biogenesis&nbsp;GTPase&nbsp;RsgA,91.1
326442.PSHAa0954,PSHAa0954,Putative&nbsp;response&nbsp;regulator,91.1
326442.PSHAa3010,atpA,ATP&nbsp;synthase&nbsp;subunit&nbsp;alpha,91.1
326442.PSHAa0398,PSHAa0398,Putative&nbsp;polysaccharide&nbsp;export&nbsp;family,91.0
326442.PSHAa2230,cyoB,Evidence&nbsp;2a&nbsp;:&nbsp;Function&nbsp;of&nbsp;homologous&nbsp;gene&nbsp;experimentally&nbsp;demonstrated&nbsp;in&nbsp;an&nbsp;other&nbsp;organism,90.9
326442.PSHAa1758,ureB,Urease&nbsp;subunit&nbsp;beta,90.8
326442.PSHAb0302,PSHAb0302,Putative&nbsp;aminopeptidase,90.8
326442.PSHAa2379,thrA,Bifunctional&nbsp;aspartokinase/homoserine&nbsp;dehydrogenase&nbsp;I,90.7
326442.PSHAa2288,argG,Argininosuccinate&nbsp;synthase,90.7
326442.PSHAb0427,PSHAb0427,Arginine&nbsp;N-succinyltransferase,90.6
326442.PSHAa0485,thiF,Putative&nbsp;adenylyltransferase&nbsp;thiamine&nbsp;biosynthesis&nbsp;protein,90.6
326442.PSHAa1446,atoA,"Succinyl-CoA&nbsp;transferase,&nbsp;beta&nbsp;subunit",90.5
326442.PSHAa1397,infC,Translation&nbsp;initiation&nbsp;factor&nbsp;IF-3,90.5
326442.PSHAa2256,mrcB,Penicillin-binding&nbsp;protein&nbsp;1B,90.5
326442.PSHAa2280,thiI,tRNA&nbsp;sulfurtransferase,90.5
326442.PSHAa1292,trpG,Anthranilate&nbsp;synthase&nbsp;component&nbsp;II&nbsp;(Glutamine&nbsp;amido-transferase),90.4
326442.PSHAb0556,ydiJ,Putative&nbsp;Fe-S&nbsp;oxidoreductase,90.4
326442.PSHAa0534,csrA,Translational&nbsp;regulator&nbsp;CsrA,90.4
326442.PSHAa0808,flhG,Site-determining&nbsp;protein,90.3
326442.PSHAa2680,mreD,Rod&nbsp;shape-determining&nbsp;protein&nbsp;MreD,90.3
326442.PSHAa1253,PSHAa1253,Glutathione&nbsp;peroxidase,90.2
326442.PSHAb0142,ndk,Nucleoside&nbsp;diphosphate&nbsp;kinase,90.2
326442.PSHAa2723,metB,"Cystathionine&nbsp;gamma-synthase,&nbsp;PLP-dependent",90.2
326442.PSHAa1857,recD,RecBCD&nbsp;enzyme&nbsp;subunit&nbsp;RecD,90.1
326442.PSHAa0551,arcA,Aerobic&nbsp;respiration&nbsp;control&nbsp;protein&nbsp;arcA&nbsp;(Dye&nbsp;resistance&nbsp;protein),90.1
326442.PSHAa2291,argC,N-acetyl-gamma-glutamyl-phosphate&nbsp;reductase,90.1
326442.PSHAa0936,PSHAa0936,Putative&nbsp;aerotaxis&nbsp;sensor&nbsp;receptor&nbsp;(Aer-like),90.0
326442.PSHAa2818,rplE,50S&nbsp;ribosomal&nbsp;protein&nbsp;L5,90.0
326442.PSHAa3014,atpB,ATP&nbsp;synthase&nbsp;subunit&nbsp;a,89.9
326442.PSHAa2817,rpsN,30S&nbsp;ribosomal&nbsp;protein&nbsp;S14,89.8
326442.PSHAa1963,dnaQ,DNA&nbsp;polymerase&nbsp;III&nbsp;subunit&nbsp;epsilon,89.8
326442.PSHAa1488,yhdH,"Putative&nbsp;dehydrogenase,&nbsp;NAD(P)-binding&nbsp;domain&nbsp;and&nbsp;GroES-like&nbsp;domain",89.8
326442.PSHAb0289,PSHAb0289,Putative&nbsp;two-component&nbsp;hybrid&nbsp;sensor&nbsp;and&nbsp;regulator,89.7
326442.PSHAb0127,gltB,"Glutamate&nbsp;synthase,&nbsp;large&nbsp;subunit,&nbsp;GOGAT",89.7
326442.PSHAa2475,gcvT,Aminomethyltransferase,89.7
326442.PSHAa1649,sdhA,Succinate&nbsp;dehydrogenase&nbsp;flavoprotein&nbsp;subunit,89.7
326442.PSHAa2372,PSHAa2372,"3,4-dihydroxy-2-butanone&nbsp;4-phosphate&nbsp;synthase",89.5
326442.PSHAa0006,glyS,Glycine--tRNA&nbsp;ligase&nbsp;beta&nbsp;subunit,89.5
326442.PSHAb0549,fbp3,"Fructose-1,6-bisphosphatase&nbsp;class&nbsp;1&nbsp;3",89.5
326442.PSHAa1288,trpA,Tryptophan&nbsp;synthase&nbsp;alpha&nbsp;chain,89.4
326442.PSHAa1368,PSHAa1368,Glyceraldehyde-3-phosphate&nbsp;dehydrogenase,89.3
326442.PSHAa1918,cysK,Cysteine&nbsp;synthase,89.1
326442.PSHAa0953,PSHAa0953,Anti-sigma&nbsp;factor&nbsp;antagonist,89.1
326442.PSHAa0792,fliF,Flagellar&nbsp;M-ring&nbsp;protein,89.1
326442.PSHAb0413,PSHAb0413,Ferredoxin,89.0
326442.PSHAa0997,infB,Translation&nbsp;initiation&nbsp;factor&nbsp;IF-2,89.0
326442.PSHAa1762,ureG,Urease&nbsp;accessory&nbsp;protein&nbsp;UreG,89.0
326442.PSHAa0794,fliH,Putative&nbsp;flagellar&nbsp;biosynthesis&nbsp;export&nbsp;of&nbsp;flagellar&nbsp;proteins,88.9
326442.PSHAa0343,purD,Phosphoribosylamine--glycine&nbsp;ligase,88.9
326442.PSHAa2541,PSHAa2541,"Putative&nbsp;ABC-type&nbsp;transport&nbsp;system,&nbsp;auxiliary&nbsp;component",88.7
326442.PSHAa0320,yajC,"Putative&nbsp;preprotein&nbsp;translocase&nbsp;IISP&nbsp;family,&nbsp;membrane&nbsp;subunit",88.7
326442.PSHAa2228,cyoD,Cytochrome&nbsp;o&nbsp;ubiquinol&nbsp;oxidase&nbsp;protein&nbsp;(Ubiquinol&nbsp;oxidase&nbsp;chain&nbsp;D),88.7
326442.PSHAa1734,ribC,Riboflavin&nbsp;synthase,88.6
326442.PSHAa2300,uppP1,Undecaprenyl-diphosphatase&nbsp;1,88.6
326442.PSHAa0996,nusA,Transcription&nbsp;termination/antitermination&nbsp;protein&nbsp;NusA,88.4
326442.PSHAa3008,atpD,ATP&nbsp;synthase&nbsp;subunit&nbsp;beta,88.4
326442.PSHAa0813,cheB,Chemotaxis&nbsp;response&nbsp;regulator&nbsp;protein-glutamate&nbsp;methylesterase,88.4
326442.PSHAa0518,lysS,Lysine--tRNA&nbsp;ligase,88.3
326442.PSHAa1687,PSHAa1687,Sulfurtransferase,88.2
326442.PSHAa0148,rpsS,30S&nbsp;ribosomal&nbsp;protein&nbsp;S19,88.1
326442.PSHAa2532,rplM,50S&nbsp;ribosomal&nbsp;protein&nbsp;L13,88.0
326442.PSHAa1648,sdhB,"Succinate&nbsp;dehydrogenase,&nbsp;Fe-S&nbsp;protein",88.0
326442.PSHAb0307,PSHAb0307,Putative&nbsp;DNA-binding&nbsp;response&nbsp;regulator,87.9
326442.PSHAa1990,PSHAa1990,DNA&nbsp;polymerase,87.7
326442.PSHAa2047,PSHAa2047,"Transcriptional&nbsp;activator&nbsp;of&nbsp;the&nbsp;psp&nbsp;operon&nbsp;with&nbsp;PspB,&nbsp;phage&nbsp;shock&nbsp;protein",87.7
326442.PSHAb0357,dnaK,Chaperone&nbsp;protein&nbsp;DnaK,87.7
326442.PSHAa2489,PSHAa2489,Putative&nbsp;glutathione&nbsp;S-transferase&nbsp;enzyme&nbsp;with&nbsp;thioredoxin-like&nbsp;domain,87.6
326442.PSHAb0498,PSHAb0498,Putative&nbsp;protease,87.6
326442.PSHAa1398,rpmI,50S&nbsp;ribosomal&nbsp;protein&nbsp;L35,87.6
326442.PSHAa0931,glnB,Regulatory&nbsp;protein&nbsp;(P-II)&nbsp;for&nbsp;nitrogen&nbsp;assimilation&nbsp;by&nbsp;glutamine&nbsp;synthetase&nbsp;(ATase),87.5
326442.PSHAa0533,PSHAa0533,Aspartokinase,87.5
326442.PSHAa2364,xseB,Exodeoxyribonuclease&nbsp;7&nbsp;small&nbsp;subunit,87.4
326442.PSHAa0062,PSHAa0062,Glutathione&nbsp;peroxidase,87.4
326442.PSHAa2033,frr,Ribosome-recycling&nbsp;factor,87.4
326442.PSHAa0459,sseA,Putative&nbsp;3-mercaptopyruvate&nbsp;sulfurtransferase,87.3
326442.PSHAa2508,murF,UDP-N-acetylmuramoyl-tripeptide--D-alanyl-D-alanine&nbsp;ligase,87.3
326442.PSHAa0944,rpsP,30S&nbsp;ribosomal&nbsp;protein&nbsp;S16,87.3
326442.PSHAa1966,gloB,Hydroxyacylglutathione&nbsp;hydrolase,87.2
326442.PSHAa2655,rpmA,50S&nbsp;ribosomal&nbsp;protein&nbsp;L27,87.1
326442.PSHAa0266,accC,Biotin&nbsp;carboxylase&nbsp;(A&nbsp;subunit&nbsp;of&nbsp;acetyl-CoA&nbsp;carboxylase)(ACC),87.0
326442.PSHAa2847,speE,Polyamine&nbsp;aminopropyltransferase,86.9
326442.PSHAa2287,argHA,Argininosuccinate&nbsp;lyase,86.9
326442.PSHAa3013,atpE,ATP&nbsp;synthase&nbsp;subunit&nbsp;c,86.9
326442.PSHAa0672,ppnP,Pyrimidine/purine&nbsp;nucleoside&nbsp;phosphorylase,86.9
326442.PSHAa0004,gyrB,DNA&nbsp;gyrase&nbsp;subunit&nbsp;B,86.8
326442.PSHAb0418,betA,Choline&nbsp;dehydrogenase,86.8
326442.PSHAa2387,PSHAa2387,Putative&nbsp;chemotaxis&nbsp;sensory&nbsp;protein,86.6
326442.PSHAa2462,mdtI,Putative&nbsp;multidrug&nbsp;transport&nbsp;protein&nbsp;(SmR&nbsp;superfamily),86.5
326442.PSHAa0089,PSHAa0089,Putative&nbsp;enzyme&nbsp;with&nbsp;a&nbsp;phosphatase-like&nbsp;domain,86.5
326442.PSHAa1802,holB,Putative&nbsp;DNA&nbsp;polymerase&nbsp;III&nbsp;delta'&nbsp;subunit,86.4
326442.PSHAa1443,PSHAa1443,Uncharacterized&nbsp;protein,86.3
326442.PSHAa0872,glmM,Phosphoglucosamine&nbsp;mutase,86.2
326442.PSHAa0275,purA,Adenylosuccinate&nbsp;synthetase&nbsp;1,86.2
326442.PSHAb0410,PSHAb0410,Putative&nbsp;3-oxoacyl-[acyl-carrier-protein]&nbsp;synthase&nbsp;II&nbsp;(FabF-like),86.1
326442.PSHAa2811,rplO,50S&nbsp;ribosomal&nbsp;protein&nbsp;L15,86.0
326442.PSHAa0122,PSHAa0122,DNA&nbsp;helicase,86.0
326442.PSHAa1491,fabA,3-hydroxydecanoyl-[acyl-carrier-protein]&nbsp;dehydratase,86.0
326442.PSHAa1770,galT,Galactose-1-phosphate&nbsp;uridylyltransferase,85.8
326442.PSHAa2900,rsd,"Stationary-phase&nbsp;regulator&nbsp;of&nbsp;sigma&nbsp;D,&nbsp;the&nbsp;major&nbsp;sigma&nbsp;subunit&nbsp;of&nbsp;RNA&nbsp;polymerase",85.7
326442.PSHAa2239,nqrC,Na(+)-translocating&nbsp;NADH-quinone&nbsp;reductase&nbsp;subunit&nbsp;C,85.7
326442.PSHAa0742,eno,Enolase,85.7
326442.PSHAa0782,PSHAa0782,Flagellin,85.7
326442.PSHAa1377,PSHAa1377,D-alanine--D-alanine&nbsp;ligase,85.6
326442.PSHAa2773,PSHAa2773,Diacylglycerol&nbsp;kinase,85.5
326442.PSHAa1875,ruvB,Holliday&nbsp;junction&nbsp;ATP-dependent&nbsp;DNA&nbsp;helicase&nbsp;RuvB,85.5
326442.PSHAa0602,panB,3-methyl-2-oxobutanoate&nbsp;hydroxymethyltransferase,85.5
326442.PSHAa1874,tolQ,Evidence&nbsp;2a&nbsp;:&nbsp;Function&nbsp;of&nbsp;homologous&nbsp;gene&nbsp;experimentally&nbsp;demonstrated&nbsp;in&nbsp;an&nbsp;other&nbsp;organism,85.5
326442.PSHAa1029,holA,"Putative&nbsp;DNA&nbsp;polymerase&nbsp;III,&nbsp;delta&nbsp;subunit,&nbsp;probably&nbsp;ATP&nbsp;hydrolase",85.5
326442.PSHAa2213,PSHAa2213,S-(hydroxymethyl)glutathione&nbsp;dehydrogenase,85.4
326442.PSHAa2227,cyoE,Protoheme&nbsp;IX&nbsp;farnesyltransferase&nbsp;1,85.4
326442.PSHAa2883,norR,Transcriptional&nbsp;regulator&nbsp;of&nbsp;anaerobic&nbsp;NO&nbsp;reduction&nbsp;and&nbsp;detoxification&nbsp;(EBP&nbsp;family),85.4
326442.PSHAa0595,pgk,Phosphoglycerate&nbsp;kinase,85.3
326442.PSHAa1454,PSHAa1454,Acetyl-CoA&nbsp;acetyltransferase&nbsp;with&nbsp;thiolase&nbsp;domain,85.3
326442.PSHAa0399,bhbD,3-hydroxybutyryl-CoA&nbsp;dehydrogenase&nbsp;(Beta-hydroxybutyryl-CoA&nbsp;dehydrogenase)&nbsp;(BHBD),85.2
326442.PSHAa2293,PSHAa2293,Putative&nbsp;cysteine&nbsp;sulfinic&nbsp;acid&nbsp;decarboxylase,85.1
326442.PSHAa2771,ilvG,Acetolactate&nbsp;synthase,85.0
326442.PSHAa1811,rpmF,50S&nbsp;ribosomal&nbsp;protein&nbsp;L32,85.0
326442.PSHAa1774,prpC,Citrate&nbsp;synthase,84.9
326442.PSHAa3022,yidC,Membrane&nbsp;protein&nbsp;insertase&nbsp;YidC,84.9
326442.PSHAa0598,phoR,Phosphate&nbsp;regulon&nbsp;sensor&nbsp;protein&nbsp;phoR,84.8
326442.PSHAa0781,fliC,Flagellin,84.7
326442.PSHAb0304,fabH,3-oxoacyl-[acyl-carrier-protein]&nbsp;synthase&nbsp;3,84.7
326442.PSHAa1167,bcd,Leucine&nbsp;dehydrogenase,84.6
326442.PSHAa2134,PSHAa2134,Putative&nbsp;AMP-binding&nbsp;enzyme,84.6
326442.PSHAa1761,ureF,Urease&nbsp;accessory&nbsp;protein&nbsp;UreF,84.5
326442.PSHAa0029,hemF,Oxygen-dependent&nbsp;coproporphyrinogen-III&nbsp;oxidase,84.5
326442.PSHAa1392,gdhA,Glutamate&nbsp;dehydrogenase,84.4
326442.PSHAb0338,hmgA,Evidence&nbsp;2a&nbsp;:&nbsp;Function&nbsp;of&nbsp;homologous&nbsp;gene&nbsp;experimentally&nbsp;demonstrated&nbsp;in&nbsp;an&nbsp;other&nbsp;organism,84.4
326442.PSHAa1418,nrdA,Ribonucleoside-diphosphate&nbsp;reductase,84.4
326442.PSHAa0922,algZ,Putative&nbsp;alginate&nbsp;biosynthesis&nbsp;protein,84.3
326442.PSHAa0827,ccmF,Cytochrome&nbsp;c-type&nbsp;biogenesis&nbsp;protein&nbsp;ccmF,84.2
326442.PSHAa1744,PSHAa1744,Putative&nbsp;4-hydroxy-2-oxoglutarate&nbsp;aldolase&nbsp;/&nbsp;2-dehydro-3-deoxyphosphogluconate&nbsp;aldolase,84.0
326442.PSHAa1742,fbp2,"Fructose-1,6-bisphosphatase&nbsp;class&nbsp;1&nbsp;2",83.9
326442.PSHAb0477,PSHAb0477,"Putative&nbsp;cystathionine&nbsp;gamma-synthase&nbsp;or&nbsp;beta-lyase,&nbsp;PLP-dependent",83.6
326442.PSHAa2943,PSHAa2943,"Putative&nbsp;succinyl-CoA&nbsp;transferase,&nbsp;alpha&nbsp;subunit",83.6
326442.PSHAb0502,fadD,"Acyl-CoA&nbsp;synthetase&nbsp;(Long-chain-fatty-acid-CoA&nbsp;ligase),&nbsp;acyl-adenylate&nbsp;activating&nbsp;enzyme",83.5
326442.PSHAb0261,betC,Putative&nbsp;choline&nbsp;dehydrogenase,83.4
326442.PSHAa2813,rpsE,30S&nbsp;ribosomal&nbsp;protein&nbsp;S5,83.2
326442.PSHAa0388,ampD,N-acetyl-anhydromuramyl-L-alanine&nbsp;amidase,83.2
326442.PSHAa1455,PSHAa1455,Methylmalonate-semialdehyde&nbsp;dehydrogenase,83.1
326442.PSHAa0150,rpsC,30S&nbsp;ribosomal&nbsp;protein&nbsp;S3,83.1
326442.PSHAa2500,ftsA,Cell&nbsp;division&nbsp;protein&nbsp;FtsA,83.0
326442.PSHAa1429,pyrF,Orotidine&nbsp;5'-phosphate&nbsp;decarboxylase,82.9
326442.PSHAb0401,PSHAb0401,Histidine&nbsp;ammonia-lyase&nbsp;(HutT-like),82.7
326442.PSHAa2865,cyoE2,Protoheme&nbsp;IX&nbsp;farnesyltransferase&nbsp;2,82.7
326442.PSHAa0213,cysG,Siroheme&nbsp;synthase,82.7
326442.PSHAa1440,asnB,Asparagine&nbsp;synthetase&nbsp;B[glutamine-hydrolyzing],82.7
326442.PSHAa2026,lpxD,UDP-3-O-acylglucosamine&nbsp;N-acyltransferase,82.7
326442.PSHAa2413,tyrS,Tyrosine--tRNA&nbsp;ligase&nbsp;1,82.7
326442.PSHAa1447,PSHAa1447,"Succinyl-CoA&nbsp;transferase,&nbsp;subunit&nbsp;A",82.7
326442.PSHAa0184,acnB,Aconitate&nbsp;hydratase&nbsp;B,82.6
326442.PSHAa0766,cheV,Chemotaxis&nbsp;protein,82.6
326442.PSHAb0099,PSHAb0099,Cysteine&nbsp;desulfurase&nbsp;(ThiI)&nbsp;(Transpersulfidase)&nbsp;(NifS&nbsp;protein&nbsp;homolog),82.6
326442.PSHAa3026,rpmH,50S&nbsp;ribosomal&nbsp;protein&nbsp;L34,82.3
326442.PSHAa2531,rpsI,30S&nbsp;ribosomal&nbsp;protein&nbsp;S9,82.3
326442.PSHAa1290,trpCF,Multifunctional&nbsp;fusion&nbsp;protein,82.3
326442.PSHAa2806,rpoA,DNA-directed&nbsp;RNA&nbsp;polymerase&nbsp;subunit&nbsp;alpha,82.2
326442.PSHAa1222,grpE,Protein&nbsp;GrpE,82.1
326442.PSHAa1425,rpsA,30S&nbsp;ribosomal&nbsp;protein&nbsp;S1,82.0
326442.PSHAa2133,tesH,3-ketosteroid-delta1-dehydrogenase,82.0
326442.PSHAa0529,ribA,GTP&nbsp;cyclohydrolase&nbsp;II,81.9
326442.PSHAa2850,ompR,Evidence&nbsp;2a&nbsp;:&nbsp;Function&nbsp;of&nbsp;homologous&nbsp;gene&nbsp;experimentally&nbsp;demonstrated&nbsp;in&nbsp;an&nbsp;other&nbsp;organism,81.9
326442.PSHAb0065,nagZ,Beta-hexosaminidase&nbsp;A&nbsp;(N-acetyl-beta-glucosaminidase)&nbsp;(Beta-N-acetylhexosaminidase)&nbsp;(Chitobiase),81.8
326442.PSHAa1781,PSHAa1781,Putative&nbsp;polysaccharide&nbsp;export-related&nbsp;protein,81.8
326442.PSHAa0151,rplP,50S&nbsp;ribosomal&nbsp;protein&nbsp;L16,81.8
326442.PSHAa1274,PSHAa1274,Deoxyguanosinetriphosphate&nbsp;triphosphohydrolase-like&nbsp;protein,81.7
326442.PSHAa0949,tyrA,T-protein,81.6
326442.PSHAa0384,ppdD,Putative&nbsp;prepilin&nbsp;peptidase&nbsp;dependent&nbsp;protein&nbsp;D,81.6
326442.PSHAa1612,PSHAa1612,"Putative&nbsp;ABC-type&nbsp;transport&nbsp;system,&nbsp;periplasmic&nbsp;component",81.4
326442.PSHAa0918,ileS,Isoleucine--tRNA&nbsp;ligase,81.4
326442.PSHAa2447,nemA,"N-ethylmaleimide&nbsp;reductase,&nbsp;FMN-linked",81.4
326442.PSHAa2600,yqgE,UPF0301&nbsp;protein&nbsp;PSHAa2600,81.4
326442.PSHAa3009,atpG,ATP&nbsp;synthase&nbsp;gamma&nbsp;chain,81.3
326442.PSHAb0484,PSHAb0484,Putative&nbsp;GGDEF&nbsp;sensory&nbsp;box&nbsp;protein,81.3
326442.PSHAb0505,minE,Cell&nbsp;division&nbsp;topological&nbsp;specificity&nbsp;factor,81.1
326442.PSHAa1106,PSHAa1106,Putative&nbsp;membrane&nbsp;protein,81.0
326442.PSHAa0740,mazG,"Nucleoside&nbsp;triphosphate&nbsp;pyrophosphohydrolase,&nbsp;non-specific",81.0
326442.PSHAa2528,PSHAa2528,"Ubiquinol-cytochrome&nbsp;c&nbsp;reductase,&nbsp;cytochrome&nbsp;c1",81.0
326442.PSHAa1773,PSHAa1773,Aconitate&nbsp;hydratase&nbsp;1,80.8
326442.PSHAa0248,dsbA,Thiol:disulfide&nbsp;interchange&nbsp;protein,80.8
326442.PSHAa0726,rpoE,Evidence&nbsp;2a&nbsp;:&nbsp;Function&nbsp;of&nbsp;homologous&nbsp;gene&nbsp;experimentally&nbsp;demonstrated&nbsp;in&nbsp;an&nbsp;other&nbsp;organism,80.7
326442.PSHAa2637,apaH,Diadenosine&nbsp;tetraphosphatase&nbsp;(Ap4A&nbsp;hydrolase),80.7
326442.PSHAa2942,PSHAa2942,"Putative&nbsp;succinyl-CoA&nbsp;transferase,&nbsp;beta&nbsp;subunit",80.5
326442.PSHAb0390,PSHAb0390,Putative&nbsp;dihydrodipicolinate&nbsp;synthase&nbsp;(DapA-like),80.5
326442.PSHAa0010,fadA,3-ketoacyl-CoA&nbsp;thiolase,80.3
326442.PSHAa2298,PSHAa2298,Putative&nbsp;aromatic&nbsp;acid&nbsp;decarboxylase,80.2
326442.PSHAa3019,mnmG,tRNA&nbsp;uridine&nbsp;5-carboxymethylaminomethyl&nbsp;modification&nbsp;enzyme&nbsp;MnmG,80.1
326442.PSHAa0818,cheW,Purine-binding&nbsp;chemotaxis&nbsp;protein,80.1
326442.PSHAa2653,folA,Dihydrofolate&nbsp;reductase,80.1
326442.PSHAa0189,PSHAa0189,Glycerol-3-phosphate&nbsp;dehydrogenase,79.9
326442.PSHAa2021,cydD,"Cysteine&nbsp;transport&nbsp;(Export)&nbsp;protein&nbsp;(ABC&nbsp;superfamily,&nbsp;membrane&nbsp;(N-terminal),&nbsp;atp_bind&nbsp;(C-terminal))",79.7
326442.PSHAa2681,mreC,Cell&nbsp;shape-determining&nbsp;protein&nbsp;MreC,79.4
326442.PSHAa1806,fabF,3-oxoacyl-[acyl-carrier-protein]&nbsp;synthase&nbsp;2,79.4
326442.PSHAa0224,rpsL,30S&nbsp;ribosomal&nbsp;protein&nbsp;S12,79.3
326442.PSHAa1718,PSHAa1718,Alanine&nbsp;dehydrogenase,79.3
326442.PSHAa2240,nqrB,Na(+)-translocating&nbsp;NADH-quinone&nbsp;reductase&nbsp;subunit&nbsp;B,79.1
326442.PSHAa2153,PSHAa2153,Putative&nbsp;dehydrogenase,79.0
326442.PSHAa1399,rplT,50S&nbsp;ribosomal&nbsp;protein&nbsp;L20,79.0
326442.PSHAa0800,fliN,Flagellar&nbsp;motor&nbsp;switch&nbsp;protein&nbsp;FliN,78.9
326442.PSHAb0409,PSHAb0409,Putative&nbsp;3-oxoacyl-[acyl-carrier-protein]&nbsp;reductase&nbsp;(FabG-like),78.9
326442.PSHAa0764,flgM,Putative&nbsp;negative&nbsp;regulator&nbsp;of&nbsp;flagellin&nbsp;synthesis,78.9
326442.PSHAa2301,PSHAa2301,Putative&nbsp;phosphokinase,78.9
326442.PSHAa0913,PSHAa0913,Putative&nbsp;chemotaxis&nbsp;protein&nbsp;(CheY-like),78.9
326442.PSHAa0195,astA,Arginine&nbsp;N-succinyltransferase,78.8
326442.PSHAa0219,rplA,50S&nbsp;ribosomal&nbsp;protein&nbsp;L1,78.8
326442.PSHAb0291,PSHAb0291,Putative&nbsp;ADA&nbsp;regulatory&nbsp;protein&nbsp;(Regulatory&nbsp;protein&nbsp;of&nbsp;adaptative&nbsp;response),78.8
326442.PSHAa1996,PSHAa1996,Uncharacterized&nbsp;protein,78.7
326442.PSHAb0374,PSHAb0374,Acyl-coenzyme&nbsp;A&nbsp;dehydrogenase&nbsp;(ACDH),78.6
326442.PSHAa1808,PSHAa1808,3-oxoacyl-[acyl-carrier-protein]&nbsp;reductase,78.6
326442.PSHAb0017,PSHAb0017,Putative&nbsp;Glutathione&nbsp;S-transferase&nbsp;family&nbsp;protein,78.5
326442.PSHAa2572,recQ,ATP-dependent&nbsp;DNA&nbsp;helicase,78.4
326442.PSHAa0217,nusG,Transcription&nbsp;termination/antitermination&nbsp;protein&nbsp;NusG,78.3
326442.PSHAa2826,PSHAa2826,Putative&nbsp;substate-binding&nbsp;protein&nbsp;involved&nbsp;in&nbsp;drug&nbsp;resistance,78.2
326442.PSHAa1406,pykA,Pyruvate&nbsp;kinase,78.1
326442.PSHAa2642,rpmB,50S&nbsp;ribosomal&nbsp;protein&nbsp;L28,78.1
326442.PSHAa2740,hutH,Histidine&nbsp;ammonia-lyase,78.0
326442.PSHAa2619,PSHAa2619,2-hydroxyacid&nbsp;dehydrogenase&nbsp;family&nbsp;protein,78.0
326442.PSHAa2715,aroK,Shikimate&nbsp;kinase,78.0
326442.PSHAa0393,lpd,Dihydrolipoyl&nbsp;dehydrogenase,77.9
326442.PSHAa1417,nrdB,"Ribonucleoside-diphosphate&nbsp;reductase&nbsp;1,&nbsp;beta&nbsp;subunit",77.9
326442.PSHAa2294,PSHAa2294,Putative&nbsp;orphan&nbsp;protein&nbsp;putative&nbsp;EAL&nbsp;domain,77.9
326442.PSHAa1948,purN,Phosphoribosylglycinamide&nbsp;formyltransferase,77.7
326442.PSHAa2435,dnaB,Replicative&nbsp;DNA&nbsp;helicase,77.7
326442.PSHAa0492,PSHAa0492,Uncharacterized&nbsp;protein,77.7
326442.PSHAa0917,ribF,Riboflavin&nbsp;biosynthesis&nbsp;protein,77.7
326442.PSHAa2682,mreB,Rod&nbsp;shape-determining&nbsp;protein,77.6
326442.PSHAa2722,metL,Bifunctional:&nbsp;aspartokinase&nbsp;II&nbsp;(N-terminal),77.6
326442.PSHAa0515,dsbC,Thiol:disulfide&nbsp;interchange&nbsp;protein,77.6
326442.PSHAa0990,deaD,ATP-dependent&nbsp;RNA&nbsp;helicase&nbsp;DeaD,77.5
326442.PSHAb0157,nagA,N-acetylgalactosamine-6-phosphate&nbsp;deacetylase,77.3
326442.PSHAa1083,ligA,DNA&nbsp;ligase,77.2
326442.PSHAa0908,PSHAa0908,Putative&nbsp;acetyl-CoA&nbsp;C-acetyltransferase,77.2
326442.PSHAb0121,PSHAb0121,Putative&nbsp;Methyl-accepting&nbsp;or&nbsp;sensory&nbsp;transducer&nbsp;chemotaxis&nbsp;protein,77.2
326442.PSHAa2873,lexA,Transcriptional&nbsp;repressor&nbsp;for&nbsp;SOS&nbsp;response,77.1
326442.PSHAa2236,nrqF,Na(+)-translocating&nbsp;NADH-quinone&nbsp;reductase&nbsp;subunit&nbsp;F,77.1
326442.PSHAa0642,PSHAa0642,Putative&nbsp;orphan&nbsp;protein,77.1
326442.PSHAa0222,rpoB,DNA-directed&nbsp;RNA&nbsp;polymerase&nbsp;subunit&nbsp;beta,77.1
326442.PSHAa1470,metE,5-methyltetrahydropteroyltriglutamate-homocysteine&nbsp;S-methyltransferase,77.0
326442.PSHAb0324,acrB,Efflux&nbsp;pump&nbsp;membrane&nbsp;transporter,77.0
326442.PSHAa1448,hmgcL,Hydroxymethylglutaryl-CoA&nbsp;lyase&nbsp;(HMG-CoA&nbsp;lyase)&nbsp;(HL)&nbsp;(3-hydroxy-3-methylglutarate-CoA&nbsp;lyase),77.0
326442.PSHAa2721,mrcA,Evidence&nbsp;2a&nbsp;:&nbsp;Function&nbsp;of&nbsp;homologous&nbsp;gene&nbsp;experimentally&nbsp;demonstrated&nbsp;in&nbsp;an&nbsp;other&nbsp;organism,77.0
326442.PSHAa0383,PSHAa0383,Putative&nbsp;Pilus&nbsp;biogenesis&nbsp;protein&nbsp;tapA,76.9
326442.PSHAa0357,rpoH,RNA&nbsp;polymerase&nbsp;sigma&nbsp;factor&nbsp;RpoH,76.8
326442.PSHAa0463,fbp,"Fructose-1,6-bisphosphatase&nbsp;class&nbsp;1&nbsp;1",76.8
326442.PSHAa1385,PSHAa1385,S-formylglutathione&nbsp;hydrolase,76.6
326442.PSHAa1720,trxB,Thioredoxin&nbsp;reductase,76.6
326442.PSHAb0507,minC,Probable&nbsp;septum&nbsp;site-determining&nbsp;protein&nbsp;MinC,76.6
326442.PSHAa0739,relA,(P)ppGpp&nbsp;synthetase&nbsp;I&nbsp;(GTP&nbsp;pyrophosphokinase),76.4
326442.PSHAa0966,fadI,3-ketoacyl-CoA&nbsp;thiolase,76.4
326442.PSHAa0192,pabA,Putative&nbsp;glutamine&nbsp;amidotransferase&nbsp;putatively&nbsp;involved&nbsp;in&nbsp;paraminobenzoate&nbsp;biosynthesis,76.4
326442.PSHAa0769,flgB,Flagellar&nbsp;basal&nbsp;body&nbsp;rod&nbsp;protein&nbsp;FlgB,76.2
326442.PSHAa0375,cpxR,Transcriptional&nbsp;regulatory&nbsp;protein&nbsp;CpxR,76.2
326442.PSHAa0146,rplW,50S&nbsp;ribosomal&nbsp;protein&nbsp;L23,76.1
326442.PSHAa0228,pck,Phosphoenolpyruvate&nbsp;carboxykinase&nbsp;(ATP),76.0
326442.PSHAa2658,mdh,Malate&nbsp;dehydrogenase,76.0
326442.PSHAa2402,PSHAa2402,Succinate-semialdehyde&nbsp;dehydrogenase,76.0
326442.PSHAa1592,uhpB,"Sensory&nbsp;histidine&nbsp;kinase&nbsp;in&nbsp;two-component&nbsp;regulatory&nbsp;system&nbsp;with&nbsp;UhpA,&nbsp;regulates&nbsp;uhpT&nbsp;expression",75.9
326442.PSHAa2714,aroB,3-dehydroquinate&nbsp;synthase,75.8
326442.PSHAa0812,cheA,Chemotaxis&nbsp;protein&nbsp;cheA,75.7
326442.PSHAa1426,ihfB,Integration&nbsp;host&nbsp;factor&nbsp;subunit&nbsp;beta,75.7
326442.PSHAa0829,ccmH,Cytochrome&nbsp;c-type&nbsp;biogenesis&nbsp;protein,75.6
326442.PSHAa2196,baeS,Putative&nbsp;sensory&nbsp;transduction&nbsp;histidine&nbsp;kinase&nbsp;in&nbsp;two-component&nbsp;regulatory&nbsp;system&nbsp;with&nbsp;baeR,75.4
326442.PSHAa1125,bamC,Outer&nbsp;membrane&nbsp;protein&nbsp;assembly&nbsp;factor&nbsp;BamC,75.3
326442.PSHAa0073,folE,GTP&nbsp;cyclohydrolase&nbsp;1,75.3
326442.PSHAa2726,rpmE,50S&nbsp;ribosomal&nbsp;protein&nbsp;L31,75.2
326442.PSHAb0082,deoD,Purine&nbsp;nucleoside&nbsp;phosphorylase&nbsp;DeoD-type,75.2
326442.PSHAa0873,tpiA,Triosephosphate&nbsp;isomerase,75.1
326442.PSHAa0906,PSHAa0906,Putative&nbsp;isovaleryl-CoA&nbsp;dehydrogenase,75.0
326442.PSHAa1860,phoD,Putative&nbsp;alkaline&nbsp;phosphatase&nbsp;D&nbsp;(APaseD),75.0
326442.PSHAa1670,PSHAa1670,Putative&nbsp;glutamate&nbsp;dehydrogenase,75.0
326442.PSHAa1424,cmk,Cytidylate&nbsp;kinase,74.8
326442.PSHAa1031,leuS,Leucine--tRNA&nbsp;ligase,74.8
326442.PSHAa1904,pheS,Phenylalanine--tRNA&nbsp;ligase&nbsp;alpha&nbsp;subunit,74.8
326442.PSHAb0345,ushA,Protein&nbsp;ushA,74.8
326442.PSHAa1630,dbT,Dihydrolipoamide&nbsp;acetyltransferase&nbsp;component&nbsp;of&nbsp;pyruvate&nbsp;dehydrogenase&nbsp;complex,74.7
326442.PSHAa0223,rpoC,DNA-directed&nbsp;RNA&nbsp;polymerase&nbsp;subunit&nbsp;beta',74.7
326442.PSHAb0389,PSHAb0389,Putative&nbsp;orphan&nbsp;protein,74.7
326442.PSHAa1759,ureC,Urease&nbsp;subunit&nbsp;alpha,74.7
326442.PSHAa0810,cheY,Chemotaxis&nbsp;protein&nbsp;cheY,74.6
326442.PSHAa2237,nqrE,Na(+)-translocating&nbsp;NADH-quinone&nbsp;reductase&nbsp;subunit&nbsp;E,74.6
326442.PSHAa0811,cheZ,Protein&nbsp;phosphatase&nbsp;CheZ,74.6
326442.PSHAa1809,fabD,Malonyl&nbsp;CoA-acyl&nbsp;carrier&nbsp;protein&nbsp;transacylase,74.6
326442.PSHAa2025,fabZ,3-hydroxyacyl-[acyl-carrier-protein]&nbsp;dehydratase&nbsp;FabZ,74.6
326442.PSHAa1686,PSHAa1686,Uncharacterized&nbsp;protein,74.5
326442.PSHAa2229,cyoC,Cytochrome&nbsp;o&nbsp;ubiquinol&nbsp;oxidase&nbsp;subunit&nbsp;III&nbsp;(Ubiquinol&nbsp;oxidase&nbsp;chain&nbsp;C),74.3
326442.PSHAb0107,PSHAb0107,Glutamate--cysteine&nbsp;ligase,74.3
326442.PSHAa0903,PSHAa0903,Putative&nbsp;enoyl-CoA&nbsp;hydratase,74.3
326442.PSHAa2238,nqrD,Na(+)-translocating&nbsp;NADH-quinone&nbsp;reductase&nbsp;subunit&nbsp;D,74.2
326442.PSHAa1866,nadA,Quinolinate&nbsp;synthase&nbsp;A,74.2
326442.PSHAb0013,PSHAb0013,Sensor&nbsp;protein,74.0
326442.PSHAa2423,pepA,Probable&nbsp;cytosol&nbsp;aminopeptidase,74.0
326442.PSHAa2709,gph,"Phosphoglycolate&nbsp;phosphatase,&nbsp;contains&nbsp;a&nbsp;phosphatase-like&nbsp;domain",74.0
326442.PSHAa1651,sdhC,"Putative&nbsp;succinate&nbsp;dehydrogenase,&nbsp;hydrophobic&nbsp;subunit,&nbsp;cytochrome&nbsp;b556&nbsp;with&nbsp;sdhD",73.9
326442.PSHAb0169,PSHAb0169,Putative&nbsp;two&nbsp;domain&nbsp;protein:&nbsp;response&nbsp;regulator&nbsp;receiver&nbsp;domain&nbsp;protein,73.8
326442.PSHAa0522,PSHAa0522,Uncharacterized&nbsp;protein,73.7
326442.PSHAa2857,bioH,Putative&nbsp;enzyme&nbsp;in&nbsp;pimeloyl-CoA&nbsp;(Biotin)&nbsp;synthesis&nbsp;with&nbsp;alpha/beta-hydrolase&nbsp;domain,73.6
326442.PSHAa0822,ccmA,Heme-transporting&nbsp;ATPase,73.6
326442.PSHAa2544,PSHAa2544,"Putative&nbsp;transport&nbsp;protein&nbsp;(ABC&nbsp;superfamily,&nbsp;atp-binding)",73.5
326442.PSHAa1760,ureE,Urease&nbsp;accessory&nbsp;protein&nbsp;UreE,73.5
326442.PSHAa2872,PSHAa2872,Cytochrome&nbsp;c&nbsp;oxidase&nbsp;subunit&nbsp;2,73.4
326442.PSHAa2419,PSHAa2419,Uncharacterized&nbsp;protein,73.4
326442.PSHAb0528,PSHAb0528,Aspartate-semialdehyde&nbsp;dehydrogenase,73.4
326442.PSHAa0370,gpsA,Glycerol-3-phosphate&nbsp;dehydrogenase&nbsp;[NAD(P)+],73.3
326442.PSHAa0093,lysA,Diaminopimelate&nbsp;decarboxylase,73.3
326442.PSHAa1390,lolE,Putative&nbsp;lipoprotein&nbsp;releasing&nbsp;system&nbsp;transmembrane&nbsp;protein,73.3
326442.PSHAa1421,gyrA,DNA&nbsp;gyrase&nbsp;subunit&nbsp;A,73.2
326442.PSHAa2290,argB,Acetylglutamate&nbsp;kinase&nbsp;(NAG&nbsp;kinase)&nbsp;(AGK)&nbsp;(N-acetyl-L-glutamate&nbsp;5-phosphotransferase),73.1
326442.PSHAa0454,purC,Phosphoribosylaminoimidazole-succinocarboxamide&nbsp;synthase,73.1
326442.PSHAa2633,surA,Chaperone&nbsp;SurA,73.0
326442.PSHAa0152,rpmC,50S&nbsp;ribosomal&nbsp;protein&nbsp;L29,72.9
326442.PSHAa1601,PSHAa1601,Lactoylglutathione&nbsp;lyase,72.9
326442.PSHAa2880,hmp,Evidence&nbsp;2a&nbsp;:&nbsp;Function&nbsp;of&nbsp;homologous&nbsp;gene&nbsp;experimentally&nbsp;demonstrated&nbsp;in&nbsp;an&nbsp;other&nbsp;organism,72.9
326442.PSHAa0956,aspC,Aspartate&nbsp;aminotransferase&nbsp;(Transaminase&nbsp;A)&nbsp;(ASPAT),72.7
326442.PSHAa2015,dnaE,DNA-directed&nbsp;DNA&nbsp;polymerase,72.6
326442.PSHAa0772,flgE,Flagellar&nbsp;hook&nbsp;protein&nbsp;FlgE,72.4
326442.PSHAa0947,rplS,50S&nbsp;ribosomal&nbsp;protein&nbsp;L19,72.3
326442.PSHAa1484,PSHAa1484,Probable&nbsp;cytosol&nbsp;aminopeptidase,72.3
326442.PSHAa1449,PSHAa1449,Urea&nbsp;carboxylase&nbsp;(Alpha&nbsp;subunit),72.3
326442.PSHAa0212,cysD,Sulfate&nbsp;adenylyltransferase&nbsp;subunit&nbsp;2,72.3
326442.PSHAa0040,PSHAa0040,Polyamine&nbsp;aminopropyltransferase,72.2
326442.PSHAb0097,PSHAb0097,Putative&nbsp;enzyme&nbsp;protein,72.2
326442.PSHAa1632,BckdhA,Evidence&nbsp;2a&nbsp;:&nbsp;Function&nbsp;of&nbsp;homologous&nbsp;gene&nbsp;experimentally&nbsp;demonstrated&nbsp;in&nbsp;an&nbsp;other&nbsp;organism,72.2
326442.PSHAb0358,dnaJ,Chaperone&nbsp;protein&nbsp;DnaJ,72.1
326442.PSHAa2893,leuB,3-isopropylmalate&nbsp;dehydrogenase,72.1
326442.PSHAa0309,pstC,"Putative&nbsp;phosphate&nbsp;ABC&nbsp;transporter,&nbsp;permease&nbsp;protein",72.1
326442.PSHAa1388,lolC,"Transport&nbsp;protein&nbsp;of&nbsp;outer&nbsp;membrane&nbsp;lipoproteins&nbsp;(ABC&nbsp;superfamily,&nbsp;membrane)",71.9
326442.PSHAa1625,PSHAa1625,"Putative&nbsp;ABC-type&nbsp;Na+&nbsp;efflux&nbsp;pump,&nbsp;permease&nbsp;component",71.9
326442.PSHAa0778,flgK,Putative&nbsp;flagellar&nbsp;hook-associated,71.9
326442.PSHAa0937,PSHAa0937,Glutamate--cysteine&nbsp;ligase,71.8
326442.PSHAa0216,secE,Protein&nbsp;translocase&nbsp;subunit&nbsp;SecE,71.7
326442.PSHAa0374,PSHAa0374,Putative&nbsp;sensor&nbsp;histidine&nbsp;kinase&nbsp;protein,71.7
326442.PSHAa0787,PSHAa0787,Putative&nbsp;flagellar&nbsp;regulatory&nbsp;protein&nbsp;A&nbsp;(Polar&nbsp;flagellae),71.6
326442.PSHAa2195,baeR,Transcriptional&nbsp;regulatory&nbsp;protein&nbsp;in&nbsp;two-component&nbsp;regulatory&nbsp;system&nbsp;with&nbsp;baeS,71.6
326442.PSHAa1351,PSHAa1351,Alpha-glucosidase,71.6
326442.PSHAa0265,accB,Biotin&nbsp;carboxyl&nbsp;carrier&nbsp;protein&nbsp;of&nbsp;acetyl-CoA&nbsp;carboxylase,71.5
326442.PSHAa1053,rplY,50S&nbsp;ribosomal&nbsp;protein&nbsp;L25,71.4
326442.PSHAa1228,carA,Carbamoyl-phosphate&nbsp;synthase&nbsp;small&nbsp;chain,71.3
326442.PSHAa2487,PSHAa2487,Glutathione&nbsp;peroxidase,71.3
326442.PSHAa1380,PSHAa1380,Uncharacterized&nbsp;protein,71.3
326442.PSHAa2497,PSHAa2497,"Putative&nbsp;enzyme&nbsp;with&nbsp;a&nbsp;phosphatase-like&nbsp;domain,&nbsp;HAD-superfamily&nbsp;hydrolase&nbsp;domain",71.3
326442.PSHAa0967,fadJ,Fatty&nbsp;acid&nbsp;oxidation&nbsp;complex&nbsp;subunit&nbsp;alpha,71.2
326442.PSHAa1369,PSHAa1369,Uncharacterized&nbsp;protein,71.2
326442.PSHAa2480,rnr,Ribonuclease&nbsp;R,71.0
326442.PSHAa2891,leuD,3-isopropylmalate&nbsp;dehydratase&nbsp;small&nbsp;subunit,71.0
326442.PSHAa2816,rpsH,30S&nbsp;ribosomal&nbsp;protein&nbsp;S8,71.0
326442.PSHAa2002,ygfH,Propionyl-CoA:succinate-CoA&nbsp;transferase,71.0
326442.PSHAa3020,mioC,"FMN-binding&nbsp;protein,&nbsp;required&nbsp;for&nbsp;biotin&nbsp;synthase&nbsp;activity&nbsp;insertion&nbsp;of&nbsp;sulfur&nbsp;into&nbsp;desthiobiotin",70.9
326442.PSHAa0145,rplD,50S&nbsp;ribosomal&nbsp;protein&nbsp;L4,70.9
326442.PSHAa1451,PSHAa1451,Beta&nbsp;subunit&nbsp;of&nbsp;a&nbsp;coenzyme&nbsp;A&nbsp;carboxylases&nbsp;family&nbsp;protein,70.9
326442.PSHAa1871,tolB,Protein&nbsp;TolB,70.9
326442.PSHAa2421,PSHAa2421,Putative&nbsp;membrane&nbsp;protein,70.8
326442.PSHAa2749,hemN,Coproporphyrinogen-III&nbsp;oxidase,70.8
326442.PSHAa0166,glnA,Glutamine&nbsp;synthetase,70.8
326442.PSHAa0648,guaB,Inosine-5'-monophosphate&nbsp;dehydrogenase,70.7
326442.PSHAa0746,ptsP,Evidence&nbsp;2b&nbsp;:&nbsp;Function&nbsp;of&nbsp;strongly&nbsp;homologous&nbsp;gene,70.7
326442.PSHAa2848,PSHAa2848,Alpha-glucosidase,70.7
326442.PSHAa2585,parC,DNA&nbsp;topoisomerase&nbsp;4&nbsp;subunit&nbsp;A,70.7
326442.PSHAa1093,PSHAa1093,"Fructose-bisphosphate&nbsp;aldolase,&nbsp;class&nbsp;II",70.7
326442.PSHAa1283,phoP,Response&nbsp;regulator&nbsp;in&nbsp;two-component&nbsp;regulatory&nbsp;system&nbsp;with&nbsp;PhoQ,70.7
326442.PSHAa2335,glsA,Glutaminase,70.6
326442.PSHAa2707,uvrA,UvrABC&nbsp;system&nbsp;protein&nbsp;A,70.5
326442.PSHAa2827,PSHAa2827,"Putative&nbsp;ABC&nbsp;transporter,&nbsp;ATP-binding&nbsp;protein",70.5
326442.PSHAa2768,ilvA,L-threonine&nbsp;dehydratase,70.5
326442.PSHAa2577,rimK,Probable&nbsp;alpha-L-glutamate&nbsp;ligase,70.5
326442.PSHAa2892,leuC,3-isopropylmalate&nbsp;dehydratase&nbsp;large&nbsp;subunit,70.4
326442.PSHAa0112,rho,Transcription&nbsp;termination&nbsp;factor&nbsp;Rho,70.4
326442.PSHAa0932,ecfD,Outer&nbsp;membrane&nbsp;protein&nbsp;assembly&nbsp;factor&nbsp;BamD,70.4
326442.PSHAa2422,PSHAa2422,Putative&nbsp;membrane&nbsp;protein,70.2
326442.PSHAa1573,purE,N5-carboxyaminoimidazole&nbsp;ribonucleotide&nbsp;mutase,70.2
326442.PSHAa0279,proB1,Glutamate&nbsp;5-kinase&nbsp;1,70.2
326442.PSHAa1877,ruvC,Crossover&nbsp;junction&nbsp;endodeoxyribonuclease&nbsp;RuvC,70.2
326442.PSHAa0905,PSHAa0905,Putative&nbsp;enoyl-CoA&nbsp;hydratase,70.1
