414684.RC1_0501,RC1_0501,"Sensor&nbsp;histidine&nbsp;kinase,&nbsp;putative",98.9
414684.RC1_2675,aroB,3-dehydroquinate&nbsp;synthase,98.9
414684.RC1_1016,RC1_1016,annotation&nbsp;not&nbsp;available,98.7
414684.RC1_3063,dnaN,Beta&nbsp;sliding&nbsp;clamp,98.6
414684.RC1_0401,ivd2,Isovaleryl-CoA&nbsp;dehydrogenase,98.6
414684.RC1_2646,lysC,annotation&nbsp;not&nbsp;available,98.6
414684.RC1_1609,RC1_1609,N-acetylmuramoyl-L-alanine&nbsp;amidase,98.5
414684.RC1_2578,RC1_2578,annotation&nbsp;not&nbsp;available,98.5
414684.RC1_2871,RC1_2871,Phosphoenolpyruvate-protein&nbsp;phosphotransferase,98.4
414684.RC1_1187,RC1_1187,"NADH&nbsp;dehydrogenase,&nbsp;putative",98.4
414684.RC1_1953,pepN,"Aminopeptidase&nbsp;N,&nbsp;PepN,&nbsp;putative",98.4
414684.RC1_1898,proC,Pyrroline-5-carboxylate&nbsp;reductase,98.3
414684.RC1_1443,RC1_1443,"ABC&nbsp;transporter,&nbsp;permease&nbsp;protein,&nbsp;putative",98.3
414684.RC1_3481,RC1_3481,Identified&nbsp;by&nbsp;match&nbsp;to&nbsp;protein&nbsp;family&nbsp;HMM&nbsp;PF05128&nbsp;match&nbsp;to&nbsp;protein&nbsp;family&nbsp;HMM&nbsp;TIGR01620,98.3
414684.RC1_1053,uvrA,UvrABC&nbsp;system&nbsp;protein&nbsp;A,98.3
414684.RC1_3123,aapJ,General&nbsp;L-amino&nbsp;acid-binding&nbsp;periplasmic&nbsp;protein&nbsp;AapJ,98.2
414684.RC1_0343,cheW2,Chemotaxis&nbsp;signal&nbsp;transduction&nbsp;protein&nbsp;CheW,98.1
414684.RC1_3659,gcvPB,[synonyms]&nbsp;glycine&nbsp;dehydrogenase&nbsp;[decarboxylating]&nbsp;subunit&nbsp;2&nbsp;Glycine&nbsp;decarboxylase&nbsp;subunit&nbsp;2&nbsp;identified&nbsp;by&nbsp;match&nbsp;to&nbsp;protein&nbsp;family&nbsp;HMM&nbsp;PF01523,98.1
414684.RC1_3452,panE,2-dehydropantoate&nbsp;2-reductase,98.0
414684.RC1_2281,rpmH,50S&nbsp;ribosomal&nbsp;protein&nbsp;L34,98.0
414684.RC1_2989,nadA,Quinolinate&nbsp;synthase&nbsp;A,97.9
414684.RC1_2912,infB,Translation&nbsp;initiation&nbsp;factor&nbsp;IF-2,97.9
414684.RC1_2204,ffh,Signal&nbsp;recognition&nbsp;particle&nbsp;protein,97.9
414684.RC1_1888,moaD,Molybdopterin&nbsp;synthase&nbsp;sulfur&nbsp;carrier&nbsp;subunit,97.9
414684.RC1_3371,RC1_3371,Identified&nbsp;by&nbsp;match&nbsp;to&nbsp;protein&nbsp;family&nbsp;HMM&nbsp;PF00072&nbsp;match&nbsp;to&nbsp;protein&nbsp;family&nbsp;HMM&nbsp;PF00512&nbsp;match&nbsp;to&nbsp;protein&nbsp;family&nbsp;HMM&nbsp;PF00989&nbsp;match&nbsp;to&nbsp;protein&nbsp;family&nbsp;HMM&nbsp;PF01590&nbsp;match&nbsp;to&nbsp;protein&nbsp;family&nbsp;HMM&nbsp;PF02518&nbsp;match&nbsp;to&nbsp;protein&nbsp;family&nbsp;HMM&nbsp;TIGR00229,97.8
414684.RC1_2746,glgA,Glycogen&nbsp;synthase,97.8
414684.RC1_3266,RC1_3266,Phosphate-specific&nbsp;transport&nbsp;system&nbsp;accessory&nbsp;protein&nbsp;PhoU,97.8
414684.RC1_2825,chvI,Transcriptional&nbsp;regulatory&nbsp;protein&nbsp;ChvI,97.7
414684.RC1_3867,cysA,Sulfate/thiosulfate&nbsp;import&nbsp;ATP-binding&nbsp;protein&nbsp;CysA,97.7
414684.RC1_2244,atpH,ATP&nbsp;synthase&nbsp;subunit&nbsp;delta,97.7
414684.RC1_3166,RC1_3166,Identified&nbsp;by&nbsp;match&nbsp;to&nbsp;protein&nbsp;family&nbsp;HMM&nbsp;PF01381&nbsp;match&nbsp;to&nbsp;protein&nbsp;family&nbsp;HMM&nbsp;PF06114,97.7
414684.RC1_3559,RC1_3559,"Sensor&nbsp;histidine&nbsp;kinase,&nbsp;putative",97.6
414684.RC1_0715,rpsS,30S&nbsp;ribosomal&nbsp;protein&nbsp;S19,97.6
414684.RC1_2279,merA,"Mercuric&nbsp;reductase,&nbsp;putative",97.6
414684.RC1_3988,RC1_3988,"Glucose-1-phosphate&nbsp;cytidylyltransferase,&nbsp;putative",97.6
414684.RC1_2722,RC1_2722,Non-motile&nbsp;and&nbsp;phage-resistance&nbsp;protein,97.6
414684.RC1_0719,rpmC,50S&nbsp;ribosomal&nbsp;protein&nbsp;L29,97.5
414684.RC1_2162,RC1_2162,Gamma-glutamyltransferase,97.5
414684.RC1_1041,yajC,Preprotein&nbsp;translocase&nbsp;subunit&nbsp;YajC.FUNCTION:&nbsp;Not&nbsp;known&nbsp;may&nbsp;be&nbsp;immunogenic&nbsp;membrane&nbsp;protein&nbsp;as&nbsp;one&nbsp;homolog&nbsp;elicits&nbsp;an&nbsp;immunogenic&nbsp;response&nbsp;in&nbsp;mice,97.4
414684.RC1_0515,RC1_0515,"1,4-alpha-glucan&nbsp;branching&nbsp;enzyme&nbsp;GlgB",97.3
414684.RC1_2859,RC1_2859,Chaperone&nbsp;protein&nbsp;DnaJ,97.2
414684.RC1_0290,RC1_0290,Phosphodiesterase,97.2
414684.RC1_0476,RC1_0476,annotation&nbsp;not&nbsp;available,97.1
414684.RC1_1503,RC1_1503,annotation&nbsp;not&nbsp;available,97.1
414684.RC1_3281,RC1_3281,Identified&nbsp;by&nbsp;match&nbsp;to&nbsp;protein&nbsp;family&nbsp;HMM&nbsp;PF00005,97.0
414684.RC1_1227,nuoN,NADH-quinone&nbsp;oxidoreductase&nbsp;subunit&nbsp;N,97.0
414684.RC1_1907,ctc,50S&nbsp;ribosomal&nbsp;protein&nbsp;L25,97.0
414684.RC1_2405,RC1_2405,annotation&nbsp;not&nbsp;available,97.0
414684.RC1_0267,glpK,Glycerol&nbsp;kinase,96.9
414684.RC1_2483,polA,DNA&nbsp;polymerase&nbsp;I,96.9
414684.RC1_0287,RC1_0287,annotation&nbsp;not&nbsp;available,96.9
414684.RC1_4080,RC1_4080,Malate&nbsp;dehydrogenase,96.9
414684.RC1_4067,cbbT,Transketolase,96.9
414684.RC1_1360,RC1_1360,"Penicillin&nbsp;acylase&nbsp;II,&nbsp;putative",96.8
414684.RC1_3632,ctaB,Protoheme&nbsp;IX&nbsp;farnesyltransferase,96.7
414684.RC1_0475,RC1_0475,annotation&nbsp;not&nbsp;available,96.7
414684.RC1_1340,ribD,Riboflavin&nbsp;biosynthesis&nbsp;protein&nbsp;RibD,96.7
414684.RC1_2187,sucC,Succinate--CoA&nbsp;ligase&nbsp;[ADP-forming]&nbsp;subunit&nbsp;beta,96.6
414684.RC1_0726,rplF,50S&nbsp;ribosomal&nbsp;protein&nbsp;L6,96.6
414684.RC1_1009,RC1_1009,MotA,96.5
414684.RC1_1147,metC,annotation&nbsp;not&nbsp;available,96.5
414684.RC1_1574,rpsR,30S&nbsp;ribosomal&nbsp;protein&nbsp;S18,96.5
414684.RC1_3874,cobC,[Synonyms]&nbsp;L-threonine-O-3-phosphate&nbsp;decarboxylase&nbsp;identified&nbsp;by&nbsp;match&nbsp;to&nbsp;protein&nbsp;family&nbsp;HMM&nbsp;PF04055&nbsp;match&nbsp;to&nbsp;protein&nbsp;family&nbsp;HMM&nbsp;PF06969,96.4
414684.RC1_0813,RC1_0813,Identified&nbsp;by&nbsp;match&nbsp;to&nbsp;protein&nbsp;family&nbsp;HMM&nbsp;PF00310,96.4
414684.RC1_3197,RC1_3197,"NADH-ubiquinone&nbsp;oxidoreductase&nbsp;subunit,&nbsp;putative",96.4
414684.RC1_0677,RC1_0677,Sec-independent&nbsp;protein&nbsp;translocase&nbsp;protein&nbsp;TatA,96.2
414684.RC1_3741,RC1_3741,"Iron&nbsp;ABC&nbsp;transporter,&nbsp;ATP-binding&nbsp;protein,&nbsp;putative",96.2
414684.RC1_2815,RC1_2815,Identified&nbsp;by&nbsp;match&nbsp;to&nbsp;protein&nbsp;family&nbsp;HMM&nbsp;PF03372&nbsp;match&nbsp;to&nbsp;protein&nbsp;family&nbsp;HMM&nbsp;TIGR00195&nbsp;match&nbsp;to&nbsp;protein&nbsp;family&nbsp;HMM&nbsp;TIGR00633,96.2
414684.RC1_0993,yycF,Transcriptional&nbsp;regulatory&nbsp;protein&nbsp;YycF,96.2
414684.RC1_0377,RC1_0377,[synonyms]&nbsp;Hydroxymethylglutaryl-CoA&nbsp;lyase&nbsp;HMG-CoA&nbsp;lyase&nbsp;identified&nbsp;by&nbsp;match&nbsp;to&nbsp;protein&nbsp;family&nbsp;HMM&nbsp;PF00231,96.1
414684.RC1_3723,RC1_3723,annotation&nbsp;not&nbsp;available,96.1
414684.RC1_0315,RC1_0315,Iron(III)&nbsp;dicitrate&nbsp;transport&nbsp;ATP-binding&nbsp;protein&nbsp;FecE,96.1
414684.RC1_2805,RC1_2805,"Carboxymethylenebutenolidase,&nbsp;putative",96.1
414684.RC1_3691,nifA,annotation&nbsp;not&nbsp;available,96.0
414684.RC1_3119,bhbA,annotation&nbsp;not&nbsp;available,95.9
414684.RC1_0390,mccB,[synonyms]&nbsp;3-Methylcrotonyl-CoA&nbsp;carboxylase&nbsp;non-biotin-containing&nbsp;subunit,95.9
414684.RC1_3965,gpmA,"2,3-bisphosphoglycerate-dependent&nbsp;phosphoglycerate&nbsp;mutase",95.9
414684.RC1_0975,gltX1,Glutamate--tRNA&nbsp;ligase&nbsp;1,95.9
414684.RC1_0924,RC1_0924,"ABC&nbsp;transporter&nbsp;substrate&nbsp;binding&nbsp;protein,&nbsp;putative",95.8
414684.RC1_2810,gidA,tRNA&nbsp;uridine&nbsp;5-carboxymethylaminomethyl&nbsp;modification&nbsp;enzyme&nbsp;MnmG,95.8
414684.RC1_2163,RC1_2163,annotation&nbsp;not&nbsp;available,95.8
414684.RC1_1831,livH,High-affinity&nbsp;branched-chain&nbsp;amino&nbsp;acid&nbsp;transport&nbsp;system&nbsp;permease&nbsp;protein&nbsp;LivH,95.7
414684.RC1_2446,ppc,Phosphoenolpyruvate&nbsp;carboxylase,95.6
414684.RC1_1544,ppk,Polyphosphate&nbsp;kinase,95.6
414684.RC1_2887,RC1_2887,"Glycerophosphoryl&nbsp;diester&nbsp;phosphodiesterase,&nbsp;putative",95.6
414684.RC1_1440,RC1_1440,"Lipoprotein,&nbsp;putative",95.6
414684.RC1_3533,RC1_3533,Acetyl-CoA&nbsp;carboxylase&nbsp;carboxyltransferase,95.5
414684.RC1_1205,frr,Ribosome-recycling&nbsp;factor,95.5
414684.RC1_2541,regB,Sensor&nbsp;histidine&nbsp;kinase&nbsp;RegB,95.5
414684.RC1_0156,RC1_0156,"tRNA&nbsp;and&nbsp;rRNA&nbsp;cytosine-C5-methylase,&nbsp;putative",95.5
414684.RC1_1780,torR,TorCAD&nbsp;operon&nbsp;transcriptional&nbsp;regulatory&nbsp;protein&nbsp;TorR,95.5
414684.RC1_2210,rplS,50S&nbsp;ribosomal&nbsp;protein&nbsp;L19,95.5
414684.RC1_3352,RC1_3352,annotation&nbsp;not&nbsp;available,95.5
414684.RC1_1968,mreB,Rod&nbsp;shape-determining&nbsp;protein&nbsp;MreB&nbsp;(Actin-like&nbsp;ATPase&nbsp;domain),95.4
414684.RC1_0217,RC1_0217,Flagellar&nbsp;basal-body&nbsp;rod&nbsp;protein&nbsp;FlgF,95.4
414684.RC1_3348,RC1_3348,annotation&nbsp;not&nbsp;available,95.3
414684.RC1_3224,ppr,Bacteriophytochrome&nbsp;Ppr&nbsp;(Contains&nbsp;PYP&nbsp;domain),95.3
414684.RC1_2665,argJ,Arginine&nbsp;biosynthesis&nbsp;bifunctional&nbsp;protein&nbsp;ArgJ,95.3
414684.RC1_0725,rpsH,30S&nbsp;ribosomal&nbsp;protein&nbsp;S8,95.3
414684.RC1_1642,RC1_1642,Contains&nbsp;TIGR01730&nbsp;identified&nbsp;by&nbsp;match&nbsp;to&nbsp;protein&nbsp;family&nbsp;HMM&nbsp;PF03710,95.2
414684.RC1_1348,RC1_1348,Enoyl-CoA&nbsp;hydratase,95.2
414684.RC1_3958,RC1_3958,"Integral&nbsp;membrane&nbsp;protein,&nbsp;putative",95.1
414684.RC1_0369,RC1_0369,"ATP&nbsp;synthase&nbsp;F1,&nbsp;gamma&nbsp;subunit",95.1
414684.RC1_3683,nifH,Nitrogenase&nbsp;iron&nbsp;protein,95.0
414684.RC1_0684,RC1_0684,annotation&nbsp;not&nbsp;available,95.0
414684.RC1_2439,RC1_2439,Macrolide&nbsp;export&nbsp;ATP-binding/permease&nbsp;protein&nbsp;MacB,94.9
414684.RC1_1445,apt,Adenine&nbsp;phosphoribosyltransferase,94.8
414684.RC1_3510,RC1_3510,ATP&nbsp;synthase&nbsp;subunit&nbsp;a,94.8
414684.RC1_2819,thrS,Threonine--tRNA&nbsp;ligase,94.8
414684.RC1_1199,ompH,Outer&nbsp;membrane&nbsp;protein&nbsp;OmpH,94.8
414684.RC1_0846,RC1_0846,annotation&nbsp;not&nbsp;available,94.8
414684.RC1_3264,pstA,Phosphate&nbsp;transport&nbsp;system&nbsp;permease&nbsp;protein&nbsp;PstA,94.7
414684.RC1_1037,RC1_1037,Peptidoglycan-binding&nbsp;LysM,94.7
414684.RC1_1805,ruvB,Holliday&nbsp;junction&nbsp;ATP-dependent&nbsp;DNA&nbsp;helicase&nbsp;RuvB,94.6
414684.RC1_1885,uvrC,UvrABC&nbsp;system&nbsp;protein&nbsp;C,94.6
414684.RC1_2219,modA,"Molybdate-binding&nbsp;periplasmic&nbsp;protein,&nbsp;putative",94.5
414684.RC1_0958,nadE,Glutamine-dependent&nbsp;NAD(+)&nbsp;synthetase,94.5
414684.RC1_0354,RC1_0354,"Methyl-accepting&nbsp;chemotaxis&nbsp;sensory&nbsp;transducer,&nbsp;putative",94.4
414684.RC1_3693,nifV,Most&nbsp;NifV-type&nbsp;homocitrate&nbsp;synthases&nbsp;are&nbsp;encoded&nbsp;within&nbsp;operons&nbsp;for&nbsp;nitrogen&nbsp;fixation,94.4
414684.RC1_4115,RC1_4115,Glutamyl-tRNA&nbsp;synthetase&nbsp;GltX,94.4
414684.RC1_1793,thiD,[synonyms]&nbsp;HMP-phosphate&nbsp;kinase&nbsp;HMP-P&nbsp;kinase&nbsp;identified&nbsp;by&nbsp;match&nbsp;to&nbsp;protein&nbsp;family&nbsp;HMM&nbsp;PF00208&nbsp;match&nbsp;to&nbsp;protein&nbsp;family&nbsp;HMM&nbsp;PF02812,94.4
414684.RC1_1384,RC1_1384,Identified&nbsp;by&nbsp;match&nbsp;to&nbsp;protein&nbsp;family&nbsp;HMM&nbsp;PF00072,94.3
414684.RC1_1669,glyQ,"PF02091&nbsp;TIGR00388:&nbsp;glycyl-tRNA&nbsp;synthetase,&nbsp;alpha&nbsp;subunit",94.3
414684.RC1_2960,rph,Ribonuclease&nbsp;PH,94.3
414684.RC1_1173,kaiC,"Circadian&nbsp;clock&nbsp;protein&nbsp;kinase&nbsp;KaiC,&nbsp;putative",94.2
414684.RC1_1697,algC,Phosphomannomutase,94.2
414684.RC1_1560,gmk,Guanylate&nbsp;kinase,94.2
414684.RC1_3101,thiS,Thiamine&nbsp;biosynthesis&nbsp;protein&nbsp;ThiS,94.2
414684.RC1_1585,purF,Amidophosphoribosyltransferase,94.0
414684.RC1_3238,hutH,annotation&nbsp;not&nbsp;available,94.0
414684.RC1_1424,cheYIII,"Chemotaxis&nbsp;protein&nbsp;cheYIII,&nbsp;putative",93.9
414684.RC1_3749,RC1_3749,Efflux&nbsp;pump&nbsp;membrane&nbsp;transporter,93.9
414684.RC1_2036,RC1_2036,DNA&nbsp;helicase,93.7
414684.RC1_1578,alr,Alanine&nbsp;racemase,93.7
414684.RC1_0899,recA,Protein&nbsp;RecA,93.7
414684.RC1_0366,RC1_0366,ATP&nbsp;synthase&nbsp;subunit&nbsp;c,93.7
414684.RC1_3070,yagR,"Xanthine&nbsp;dehydrogenase&nbsp;yagR&nbsp;molybdenum-binding&nbsp;subunit,&nbsp;putative",93.5
414684.RC1_1235,nuoF,NADH-quinone&nbsp;oxidoreductase&nbsp;subunit&nbsp;F,93.5
414684.RC1_1167,RC1_1167,D-alanyl-D-alanine&nbsp;carboxypeptidase,93.5
414684.RC1_1276,fixG,Nitrogen&nbsp;fixation&nbsp;protein&nbsp;fixG,93.5
414684.RC1_2784,dapC,annotation&nbsp;not&nbsp;available,93.5
414684.RC1_1011,tatA,Sec-independent&nbsp;protein&nbsp;translocase&nbsp;protein&nbsp;TatA,93.4
414684.RC1_3861,hmuV,Hemin&nbsp;import&nbsp;ATP-binding&nbsp;protein&nbsp;HmuV,93.4
414684.RC1_1357,RC1_1357,Lysine,93.4
414684.RC1_1525,RC1_1525,Dihydroorotase-like&nbsp;protein,93.4
414684.RC1_1543,RC1_1543,Ppx,93.4
414684.RC1_1744,RC1_1744,3-ketoacyl-CoA&nbsp;thiolase,93.3
414684.RC1_1074,coxM,Carbon&nbsp;monoxide&nbsp;dehydrogenase&nbsp;medium&nbsp;chain,93.3
414684.RC1_0456,napD,NapD&nbsp;protein,93.1
414684.RC1_1567,holC,"DNA&nbsp;polymerase&nbsp;III,&nbsp;chi&nbsp;subunit,&nbsp;HolC,&nbsp;putative",93.1
414684.RC1_0735,rpoA,DNA-directed&nbsp;RNA&nbsp;polymerase&nbsp;subunit&nbsp;alpha,93.1
414684.RC1_0281,RC1_0281,AcrB,93.0
414684.RC1_0519,glgE,"Alpha-1,4-glucan:maltose-1-phosphate&nbsp;maltosyltransferase",93.0
414684.RC1_1191,gltX2,Glutamate--tRNA&nbsp;ligase&nbsp;2,92.9
414684.RC1_0269,adhC,Also&nbsp;called&nbsp;S-(hydroxymethyl)glutathione&nbsp;dehydrogenase&nbsp;and&nbsp;Glutathione-dependent&nbsp;formaldehyde&nbsp;dehydrogenase,92.9
414684.RC1_0623,RC1_0623,N-acetylmuramoyl-L-alanine&nbsp;amidase,92.8
414684.RC1_2452,RC1_2452,annotation&nbsp;not&nbsp;available,92.8
414684.RC1_2759,RC1_2759,Identified&nbsp;by&nbsp;match&nbsp;to&nbsp;protein&nbsp;family&nbsp;HMM&nbsp;PF00529,92.8
414684.RC1_1507,RC1_1507,annotation&nbsp;not&nbsp;available,92.7
414684.RC1_2910,nusA,Transcription&nbsp;termination/antitermination&nbsp;protein&nbsp;NusA,92.7
414684.RC1_1022,xth,Exodeoxyribonuclease&nbsp;III,92.7
414684.RC1_0904,cyaA,Adenylate&nbsp;cyclase&nbsp;1,92.6
414684.RC1_2237,RC1_2237,Peroxisomal&nbsp;NADH&nbsp;pyrophosphatase,92.6
414684.RC1_2112,bchL,Light-independent&nbsp;protochlorophyllide&nbsp;reductase&nbsp;iron-sulfur&nbsp;ATP-binding&nbsp;protein,92.6
414684.RC1_1615,RC1_1615,"DnaJ&nbsp;family,&nbsp;molecular&nbsp;chaperone,&nbsp;putative",92.5
414684.RC1_3962,leuB,3-isopropylmalate&nbsp;dehydrogenase,92.5
414684.RC1_1775,RC1_1775,"Thiamine&nbsp;pyrophosphate&nbsp;enzyme,&nbsp;putative",92.4
414684.RC1_3020,ccmF,Cytochrome&nbsp;c-type&nbsp;biogenesis&nbsp;protein&nbsp;CcmF,92.3
414684.RC1_3746,adeS,"Two&nbsp;component&nbsp;sensor&nbsp;histidine&nbsp;kinase&nbsp;AdeS,&nbsp;putative",92.3
414684.RC1_2081,bchI,Mg-protoporphyrin&nbsp;IX&nbsp;chelatase,92.2
414684.RC1_1466,puuA,[synonyms]&nbsp;Gamma-Glu-Put&nbsp;synthetase&nbsp;Glutamate--putrescine&nbsp;ligase&nbsp;identified&nbsp;by&nbsp;match&nbsp;to&nbsp;protein&nbsp;family&nbsp;HMM&nbsp;PF02633,92.1
414684.RC1_2462,troD,Zinc&nbsp;transport&nbsp;system&nbsp;membrane&nbsp;protein&nbsp;TroD,92.1
414684.RC1_3715,RC1_3715,"FAD&nbsp;dependent&nbsp;oxidoreductase,&nbsp;putative",92.1
414684.RC1_0312,RC1_0312,"Periplasmic&nbsp;binding&nbsp;protein,&nbsp;putative",92.0
414684.RC1_1417,hyfF,Hydrogenase-4&nbsp;membrane&nbsp;subunit&nbsp;F,92.0
414684.RC1_3131,RC1_3131,Gamma-glutamyltransferase,92.0
414684.RC1_2128,mcp3,annotation&nbsp;not&nbsp;available,91.9
414684.RC1_0720,rpsQ,30S&nbsp;ribosomal&nbsp;protein&nbsp;S17,91.9
414684.RC1_1852,pfkA,ATP-dependent&nbsp;6-phosphofructokinase,91.9
414684.RC1_1752,RC1_1752,Cell&nbsp;cycle&nbsp;transcriptional&nbsp;regulator&nbsp;CtrA,91.9
414684.RC1_1579,RC1_1579,"ABC&nbsp;transporter&nbsp;permease&nbsp;protein,&nbsp;putative",91.8
414684.RC1_0239,cbbL2,Ribulose&nbsp;bisphosphate&nbsp;carboxylase&nbsp;large&nbsp;chain,91.8
414684.RC1_3368,oppF,Oligopeptide&nbsp;transport&nbsp;ATP-binding&nbsp;protein&nbsp;Op&nbsp;PF,91.8
414684.RC1_0615,murD,UDP-N-acetylmuramoylalanine--D-glutamate&nbsp;ligase,91.8
414684.RC1_1447,RC1_1447,"ABC&nbsp;transporter,&nbsp;periplasmic&nbsp;substrate-binding&nbsp;protein,&nbsp;putative",91.8
414684.RC1_1577,dnaB,Replicative&nbsp;DNA&nbsp;helicase,91.8
414684.RC1_1149,sseA,Sulfurtransferase,91.8
414684.RC1_3732,malK,Maltose,91.7
414684.RC1_3126,aapP,General&nbsp;L-amino&nbsp;acid&nbsp;transport&nbsp;ATP-binding&nbsp;protein&nbsp;AapP,91.7
414684.RC1_0212,RC1_0212,Flagellar&nbsp;basal&nbsp;body&nbsp;protein,91.7
414684.RC1_3769,RC1_3769,"Transketolase,&nbsp;putative",91.6
414684.RC1_0026,RC1_0026,Phosphodiesterase,91.6
414684.RC1_1865,fumC,Fumarate&nbsp;hydratase&nbsp;class&nbsp;II,91.6
414684.RC1_3360,purC,Phosphoribosylaminoimidazole-succinocarboxamide&nbsp;synthase,91.5
414684.RC1_1975,ilvI,Acetolactate&nbsp;synthase,91.5
414684.RC1_2829,trpB,Tryptophan&nbsp;synthase&nbsp;beta&nbsp;chain,91.5
414684.RC1_0412,pccA,annotation&nbsp;not&nbsp;available,91.5
414684.RC1_1234,nuoG,NADH-quinone&nbsp;oxidoreductase,91.5
414684.RC1_2407,RC1_2407,Uncharacterized&nbsp;protein,91.5
414684.RC1_0122,pdhD,Dihydrolipoyl&nbsp;dehydrogenase,91.5
414684.RC1_1913,proA,Gamma-glutamyl&nbsp;phosphate&nbsp;reductase,91.4
414684.RC1_2306,dnaX,DNA&nbsp;polymerase&nbsp;III&nbsp;subunit&nbsp;gamma/tau,91.4
414684.RC1_1843,prpE,Propionate--CoA&nbsp;ligase,91.4
414684.RC1_1824,thiE,Thiamine-phosphate&nbsp;synthase,91.4
414684.RC1_3343,hppD,annotation&nbsp;not&nbsp;available,91.4
414684.RC1_2771,RC1_2771,"Penicillin&nbsp;acylase&nbsp;II,&nbsp;putative",91.3
414684.RC1_4051,emrB,annotation&nbsp;not&nbsp;available,91.3
414684.RC1_3202,RC1_3202,"ABC&nbsp;transporter,&nbsp;ATP-binding&nbsp;protein,&nbsp;putative",91.3
414684.RC1_3155,RC1_3155,annotation&nbsp;not&nbsp;available,91.3
414684.RC1_1850,purE,N5-carboxyaminoimidazole&nbsp;ribonucleotide&nbsp;mutase,91.3
414684.RC1_2886,argG,annotation&nbsp;not&nbsp;available,91.3
414684.RC1_3664,mrpA,Na(+)/H(+)&nbsp;antiporter&nbsp;subunit&nbsp;A,91.2
414684.RC1_1231,nuoJ,"[Synonyms]&nbsp;NADH&nbsp;dehydrogenase&nbsp;I,&nbsp;chain&nbsp;J&nbsp;identified&nbsp;by&nbsp;match&nbsp;to&nbsp;protein&nbsp;family&nbsp;HMM&nbsp;PF04140",91.1
414684.RC1_2766,ppa,Inorganic&nbsp;pyrophosphatase,91.1
414684.RC1_2827,RC1_2827,Non-motile&nbsp;and&nbsp;phage-resistance&nbsp;protein,91.1
414684.RC1_3859,hmuT,"Hemin-binding&nbsp;periplasmic&nbsp;protein&nbsp;HmuT,&nbsp;putative",91.1
414684.RC1_0246,RC1_0246,Alkaline&nbsp;phosphatase&nbsp;D,91.1
414684.RC1_2809,trmE,tRNA&nbsp;modification&nbsp;GTPase&nbsp;MnmE,91.0
414684.RC1_1452,puuC,annotation&nbsp;not&nbsp;available,91.0
414684.RC1_4072,rfbD,dTDP-4-dehydrorhamnose&nbsp;reductase,90.9
414684.RC1_0721,rplN,50S&nbsp;ribosomal&nbsp;protein&nbsp;L14,90.9
414684.RC1_3162,dapB,4-hydroxy-tetrahydrodipicolinate&nbsp;reductase,90.9
414684.RC1_3057,dnaA,Chromosomal&nbsp;replication&nbsp;initiator&nbsp;protein&nbsp;DnaA,90.8
414684.RC1_4032,RC1_4032,UDP-glucose&nbsp;4-epimerase,90.8
414684.RC1_1554,ndk,Nucleoside&nbsp;diphosphate&nbsp;kinase,90.8
414684.RC1_2348,rsmB,Ribosomal&nbsp;RNA&nbsp;small&nbsp;subunit&nbsp;methyltransferase&nbsp;B,90.8
414684.RC1_0756,RC1_0756,Predicted&nbsp;permease&nbsp;YjgP,90.8
414684.RC1_1836,RC1_1836,Also&nbsp;called&nbsp;methyl-accepting&nbsp;chemotaxis&nbsp;receptor,90.7
414684.RC1_2283,yidC,Membrane&nbsp;protein&nbsp;insertase&nbsp;YidC,90.7
414684.RC1_0105,trpG,"Anthranilate&nbsp;synthase&nbsp;component&nbsp;II,&nbsp;putative",90.6
414684.RC1_0313,RC1_0313,"Hemin&nbsp;transport&nbsp;system&nbsp;permease&nbsp;protein,&nbsp;HmuU",90.5
414684.RC1_0128,ntrB,Nitrogen&nbsp;regulation&nbsp;protein&nbsp;NtrB,90.4
414684.RC1_3885,RC1_3885,Contains&nbsp;TIGR01730&nbsp;identified&nbsp;by&nbsp;match&nbsp;to&nbsp;protein&nbsp;family&nbsp;HMM&nbsp;PF00581,90.3
414684.RC1_2589,secB,Protein-export&nbsp;protein&nbsp;SecB,90.3
414684.RC1_0892,RC1_0892,Flagellar&nbsp;hook-basal&nbsp;body&nbsp;complex&nbsp;protein&nbsp;FliE,90.2
414684.RC1_3942,sdhB,Succinate&nbsp;dehydrogenase&nbsp;iron-sulfur&nbsp;subunit,90.1
414684.RC1_2647,ubiG,Ubiquinone&nbsp;biosynthesis&nbsp;O-methyltransferase,90.1
414684.RC1_0929,accB,Biotin&nbsp;carboxyl&nbsp;carrier&nbsp;protein&nbsp;of&nbsp;acetyl-CoA&nbsp;carboxylase,90.1
414684.RC1_2440,RC1_2440,"Outer&nbsp;membrane&nbsp;efflux&nbsp;lipoprotein,&nbsp;NodT&nbsp;family&nbsp;protein",90.1
414684.RC1_3298,hisA,1-(5-phosphoribosyl)-5-[(5-phosphoribosylamino)methylideneamino]&nbsp;imidazole-4-carboxamide&nbsp;isomerase,90.1
414684.RC1_2146,RC1_2146,Response&nbsp;regulator&nbsp;receiver&nbsp;domain&nbsp;protein,90.0
414684.RC1_0214,RC1_0214,Chemotaxis&nbsp;MotA&nbsp;protein,90.0
414684.RC1_1371,parE,DNA&nbsp;topoisomerase&nbsp;4&nbsp;subunit&nbsp;B,90.0
414684.RC1_0416,cioB,"Ubiquinol&nbsp;oxidase&nbsp;subunit&nbsp;II,&nbsp;cyanide&nbsp;insensitive",89.9
414684.RC1_2592,glnD,Bifunctional&nbsp;uridylyltransferase/uridylyl-removing&nbsp;enzyme,89.9
414684.RC1_2590,metZ,O-succinylhomoserine&nbsp;sulfhydrylase,89.9
414684.RC1_0693,ACI98125.1,TIGR00485&nbsp;PF00009:&nbsp;Elongation&nbsp;factor&nbsp;Tu&nbsp;GTP&nbsp;binding&nbsp;domain,89.8
414684.RC1_0847,RC1_0847,OmpA&nbsp;family&nbsp;protein&nbsp;(Probable&nbsp;proton&nbsp;motor&nbsp;MotY),89.8
414684.RC1_1528,topA,DNA&nbsp;topoisomerase&nbsp;1,89.7
414684.RC1_3364,oppB,Oligopeptide&nbsp;transport&nbsp;system&nbsp;permease&nbsp;protein&nbsp;OppB,89.7
414684.RC1_2517,RC1_2517,Identified&nbsp;by&nbsp;match&nbsp;to&nbsp;protein&nbsp;family&nbsp;HMM&nbsp;PF00275&nbsp;match&nbsp;to&nbsp;protein&nbsp;family&nbsp;HMM&nbsp;TIGR01356,89.6
414684.RC1_3365,oppC,Oligopeptide&nbsp;transport&nbsp;system&nbsp;permease&nbsp;protein&nbsp;OppC,89.6
414684.RC1_0439,ahpC,Alkyl&nbsp;hydroperoxide&nbsp;reductase&nbsp;C,89.6
414684.RC1_0459,napC,Cytochrome&nbsp;c-type&nbsp;protein,89.6
414684.RC1_1465,RC1_1465,"Glutamine&nbsp;synthetase,&nbsp;putative",89.5
414684.RC1_0955,RC1_0955,Chemotaxis&nbsp;protein&nbsp;CheY,89.5
414684.RC1_3682,nifD,(Nitrogenase&nbsp;component&nbsp;I&nbsp;)&nbsp;identified&nbsp;by&nbsp;match&nbsp;to&nbsp;protein&nbsp;family&nbsp;HMM&nbsp;PF04024,89.4
414684.RC1_2352,purH,Bifunctional&nbsp;purine&nbsp;biosynthesis&nbsp;protein&nbsp;PurH,89.4
414684.RC1_2096,bchZ,annotation&nbsp;not&nbsp;available,89.4
414684.RC1_1552,purN,Phosphoribosylglycinamide&nbsp;formyltransferase,89.4
414684.RC1_1886,pgsA,annotation&nbsp;not&nbsp;available,89.4
414684.RC1_2792,RC1_2792,Endonuclease,89.4
414684.RC1_0445,proB,Glutamate&nbsp;5-kinase,89.3
414684.RC1_1481,parC,DNA&nbsp;topoisomerase&nbsp;4&nbsp;subunit&nbsp;A,89.3
414684.RC1_3177,RC1_3177,annotation&nbsp;not&nbsp;available,89.3
414684.RC1_0884,RC1_0884,"Chemotaxis&nbsp;MotB&nbsp;protein,&nbsp;putative",89.3
414684.RC1_1055,RC1_1055,Single-stranded&nbsp;DNA-binding&nbsp;protein,89.2
414684.RC1_1277,ccoP,Cbb3-type&nbsp;cytochrome&nbsp;c&nbsp;oxidase&nbsp;subunit,89.2
414684.RC1_3146,RC1_3146,"5-amino-6-(5-phosphoribosylamino)uracil&nbsp;reductase,&nbsp;putative",89.2
414684.RC1_1001,RC1_1001,"Sensor&nbsp;histidine&nbsp;kinase,&nbsp;putative",89.1
414684.RC1_0109,trpE,Anthranilate&nbsp;synthase&nbsp;component&nbsp;1,89.1
414684.RC1_2551,leuS,Leucine--tRNA&nbsp;ligase,89.1
414684.RC1_2836,trx,Thioredoxin,89.1
414684.RC1_3570,RC1_3570,Also&nbsp;called&nbsp;methyl-accepting&nbsp;chemotaxis&nbsp;receptor,89.1
414684.RC1_0161,RC1_0161,"Glutamyl-tRNA(Gln)&nbsp;amidotransferase&nbsp;subunit&nbsp;A,&nbsp;putative",89.1
414684.RC1_2086,crtB,annotation&nbsp;not&nbsp;available,89.0
414684.RC1_3006,RC1_3006,Non-motile&nbsp;and&nbsp;phage-resistance&nbsp;protein,88.9
414684.RC1_0637,dsbD,"Thiol:disulfide&nbsp;interchange&nbsp;protein&nbsp;DsbD,&nbsp;putative",88.9
414684.RC1_1033,tatC,Sec-independent&nbsp;protein&nbsp;translocase&nbsp;protein&nbsp;TatC,88.8
414684.RC1_2878,gshB,annotation&nbsp;not&nbsp;available,88.7
414684.RC1_0457,napA,Periplasmic&nbsp;nitrate&nbsp;reductase,88.7
414684.RC1_3717,bluB,"Cob(II)yrinic&nbsp;acid&nbsp;a,c-diamide&nbsp;reductase,&nbsp;putative",88.7
414684.RC1_1049,RC1_1049,"Leucine-,&nbsp;isoleucine-,&nbsp;valine-,&nbsp;threonine-,&nbsp;and&nbsp;alanine-binding&nbsp;protein",88.7
414684.RC1_1169,metG,Methionine--tRNA&nbsp;ligase,88.7
414684.RC1_0819,RC1_0819,Transport&nbsp;permease&nbsp;protein,88.6
414684.RC1_2870,ptsH,"Phosphocarrier&nbsp;proteinhPr,&nbsp;putative",88.5
414684.RC1_0195,RC1_0195,Flagellar&nbsp;hook-basal&nbsp;body&nbsp;complex&nbsp;protein&nbsp;FliE,88.5
414684.RC1_0747,RC1_0747,annotation&nbsp;not&nbsp;available,88.4
414684.RC1_0478,RC1_0478,Cysteine&nbsp;desulfurase,88.3
414684.RC1_2449,RC1_2449,Identified&nbsp;by&nbsp;match&nbsp;to&nbsp;protein&nbsp;family&nbsp;HMM&nbsp;PF00183&nbsp;match&nbsp;to&nbsp;protein&nbsp;family&nbsp;HMM&nbsp;PF02518,88.3
414684.RC1_2153,rpmJ,50S&nbsp;ribosomal&nbsp;protein&nbsp;L36,88.3
414684.RC1_1388,RC1_1388,Flagellar&nbsp;basal-body&nbsp;rod&nbsp;protein&nbsp;FlgG,88.3
414684.RC1_3730,malF,"Maltose&nbsp;transport&nbsp;system&nbsp;permease&nbsp;protein&nbsp;malF,&nbsp;putative",88.2
414684.RC1_3658,gcvPA,Probable&nbsp;glycine&nbsp;dehydrogenase&nbsp;(decarboxylating)&nbsp;subunit&nbsp;1,88.2
414684.RC1_2374,folE,annotation&nbsp;not&nbsp;available,88.2
414684.RC1_3941,sdhA,annotation&nbsp;not&nbsp;available,88.2
414684.RC1_1343,rpiB,Ribose&nbsp;5-phosphate&nbsp;isomerase&nbsp;B,88.1
414684.RC1_0191,RC1_0191,Flagellar&nbsp;biosynthesis&nbsp;protein&nbsp;FlhA,88.1
414684.RC1_3866,cysW,"Sulfate&nbsp;ABC&nbsp;transporter,&nbsp;permease&nbsp;protein&nbsp;CysW",88.1
414684.RC1_1759,RC1_1759,annotation&nbsp;not&nbsp;available,88.1
414684.RC1_0342,cheB2,Chemotaxis&nbsp;response&nbsp;regulator&nbsp;protein-glutamate&nbsp;methylesterase,88.0
414684.RC1_0381,mccA,[synonyms]&nbsp;3-methylcrotonyl-CoA&nbsp;carboxylase&nbsp;biotin-containing&nbsp;subunit&nbsp;identified&nbsp;by&nbsp;match&nbsp;to&nbsp;protein&nbsp;family&nbsp;HMM&nbsp;PF00682,88.0
414684.RC1_2053,RC1_2053,"Toluene&nbsp;tolerance&nbsp;transporter,&nbsp;putative",88.0
414684.RC1_3267,phoB,Phosphate&nbsp;regulon&nbsp;transcriptional&nbsp;regulatory&nbsp;protein&nbsp;PhoB,88.0
414684.RC1_1333,hppA,K(+)-insensitive&nbsp;pyrophosphate-energized&nbsp;proton&nbsp;pump,88.0
414684.RC1_1641,RC1_1641,annotation&nbsp;not&nbsp;available,88.0
414684.RC1_1755,cheB,Chemotaxis&nbsp;response&nbsp;regulator&nbsp;protein-glutamate&nbsp;methylesterase&nbsp;of&nbsp;group&nbsp;2&nbsp;operon,87.9
414684.RC1_0894,RC1_0894,Flagellar&nbsp;biosynthetic&nbsp;protein&nbsp;FliR,87.9
414684.RC1_3205,ptsN,"PTS&nbsp;IIA-like&nbsp;nitrogen-regulatory&nbsp;protein&nbsp;PtsN,&nbsp;putative",87.9
414684.RC1_1894,RC1_1894,"Sensor&nbsp;histidine&nbsp;kinase,&nbsp;putative",87.9
414684.RC1_3125,aapM,annotation&nbsp;not&nbsp;available,87.9
414684.RC1_1381,RC1_1381,Iron-containing&nbsp;alcohol&nbsp;dehydrogenase,87.8
414684.RC1_2460,troB,annotation&nbsp;not&nbsp;available,87.7
414684.RC1_2542,regA,Photosynthetic&nbsp;apparatus&nbsp;regulatory&nbsp;protein&nbsp;RegA,87.7
414684.RC1_0792,RC1_0792,Chemotaxis&nbsp;MotA&nbsp;protein,87.7
414684.RC1_1248,RC1_1248,ATP-dependent&nbsp;Clp&nbsp;protease&nbsp;proteolytic&nbsp;subunit,87.6
414684.RC1_0226,RC1_0226,"Biotin&nbsp;dependent&nbsp;acyl-CoA&nbsp;carboxylase,&nbsp;putative",87.6
414684.RC1_1216,proS,Proline--tRNA&nbsp;ligase,87.6
414684.RC1_1595,cbbZC,Phosphoglycolate&nbsp;phosphatase,87.6
414684.RC1_0056,RC1_0056,annotation&nbsp;not&nbsp;available,87.6
414684.RC1_1751,RC1_1751,H+-transporting&nbsp;two-sector&nbsp;ATPase&nbsp;FliI,87.6
414684.RC1_2330,pepB,"Leucyl&nbsp;aminopeptidase&nbsp;PepB,&nbsp;putative",87.5
414684.RC1_1206,pyrH,Uridylate&nbsp;kinase,87.5
414684.RC1_0695,secE,Protein&nbsp;translocase&nbsp;subunit&nbsp;SecE,87.4
414684.RC1_2094,bchX,Chlorophyllide&nbsp;reductase&nbsp;iron&nbsp;protein&nbsp;subunit&nbsp;X,87.4
414684.RC1_3503,minC,Probable&nbsp;septum&nbsp;site-determining&nbsp;protein&nbsp;MinC,87.4
414684.RC1_1018,RC1_1018,annotation&nbsp;not&nbsp;available,87.4
414684.RC1_3054,RC1_3054,Enoyl-CoA&nbsp;hydratase,87.2
414684.RC1_3017,ccmE,Cytochrome&nbsp;c-type&nbsp;biogenesis&nbsp;protein&nbsp;CcmE,87.1
414684.RC1_0746,RC1_0746,NAD&nbsp;dependent&nbsp;epimerase,87.1
414684.RC1_4061,cbbL1,Ribulose&nbsp;bisphosphate&nbsp;carboxylase&nbsp;large&nbsp;chain,87.1
414684.RC1_0182,RC1_0182,Flagellar&nbsp;motor&nbsp;switch&nbsp;protein&nbsp;FliN,87.1
414684.RC1_4028,RC1_4028,"dTDP-D-glucose&nbsp;4,6-dehydratase,&nbsp;putative",86.9
414684.RC1_4071,purT,Formate-dependent&nbsp;phosphoribosylglycinamide&nbsp;formyltransferase,86.9
414684.RC1_1762,moaA,"GTP&nbsp;3',8-cyclase",86.8
414684.RC1_3881,RC1_3881,"Diguanylate&nbsp;cyclase,&nbsp;putative",86.8
414684.RC1_3342,RC1_3342,annotation&nbsp;not&nbsp;available,86.7
414684.RC1_1328,plsX,Phosphate&nbsp;acyltransferase,86.6
414684.RC1_2990,nadB,L-aspartate&nbsp;oxidase,86.6
414684.RC1_2670,accA,Acetyl-coenzyme&nbsp;A&nbsp;carboxylase&nbsp;carboxyl&nbsp;transferase&nbsp;subunit&nbsp;alpha,86.5
414684.RC1_3446,RC1_3446,Identified&nbsp;by&nbsp;match&nbsp;to&nbsp;protein&nbsp;family&nbsp;HMM&nbsp;PF06938,86.5
414684.RC1_0446,obg,GTPase&nbsp;Obg,86.5
414684.RC1_3047,cysK,Cysteine&nbsp;synthase&nbsp;A,86.4
414684.RC1_3878,RC1_3878,Protein-glutamate&nbsp;methylesterase,86.4
414684.RC1_3949,phbB,Acetoacetyl-CoA&nbsp;reductase,86.3
414684.RC1_0448,rplU,50S&nbsp;ribosomal&nbsp;protein&nbsp;L21,86.3
414684.RC1_2179,cysI,annotation&nbsp;not&nbsp;available,86.3
414684.RC1_0686,RC1_0686,annotation&nbsp;not&nbsp;available,86.2
414684.RC1_2255,talC,Probable&nbsp;transaldolase,86.2
414684.RC1_1459,potG,Spermidine/putrescine&nbsp;import&nbsp;ATP-binding&nbsp;protein&nbsp;PotA,86.2
414684.RC1_3805,prpC,[synonyms]&nbsp;Citrate&nbsp;synt&nbsp;Hase&nbsp;II,86.2
414684.RC1_0130,ntrY,Nitrogen&nbsp;regulation&nbsp;protein&nbsp;NtrY,86.2
414684.RC1_3363,acnA,Aconitate&nbsp;hydratase,86.1
414684.RC1_1758,cheAY,Chemotaxis&nbsp;protein&nbsp;CheA&nbsp;(C&nbsp;terminus&nbsp;homologous&nbsp;to&nbsp;cheY),86.1
414684.RC1_2933,ribA,GTP&nbsp;cyclohydrolase-2,86.1
414684.RC1_0502,nhaP,annotation&nbsp;not&nbsp;available,86.1
414684.RC1_4103,argH,Argininosuccinate&nbsp;lyase,86.1
414684.RC1_2660,grxC,Glutaredoxin,86.1
414684.RC1_1747,RC1_1747,"1,4-alpha-glucan&nbsp;branching&nbsp;enzyme&nbsp;GlgB",86.1
414684.RC1_3196,uppP,Undecaprenyl-diphosphatase,86.0
414684.RC1_1826,RC1_1826,"Chemotaxis&nbsp;MotB&nbsp;protein,&nbsp;putative",86.0
414684.RC1_3763,lafA,Flagellin,86.0
414684.RC1_3661,RC1_3661,"Aminotransferase,&nbsp;classes&nbsp;I&nbsp;and&nbsp;II",86.0
414684.RC1_0869,prfC,Peptide&nbsp;chain&nbsp;release&nbsp;factor&nbsp;3,85.9
414684.RC1_0197,RC1_0197,Flagellar&nbsp;basal&nbsp;body&nbsp;rod&nbsp;protein&nbsp;FlgB,85.9
414684.RC1_2269,RC1_2269,Response&nbsp;regulator&nbsp;receiver&nbsp;domain&nbsp;protein,85.9
414684.RC1_3419,RC1_3419,Family&nbsp;also&nbsp;contains&nbsp;tRNA&nbsp;nucleotidyltransferase&nbsp;protein,85.9
414684.RC1_3265,pstB,Phosphate&nbsp;import&nbsp;ATP-binding&nbsp;protein&nbsp;PstB,85.9
414684.RC1_2801,aroE,Shikimate&nbsp;dehydrogenase&nbsp;(NADP(+)),85.9
414684.RC1_0322,RC1_0322,Cobalamin&nbsp;biosynthesis&nbsp;protein&nbsp;CobD,85.9
414684.RC1_2505,RC1_2505,annotation&nbsp;not&nbsp;available,85.9
414684.RC1_1257,glnB,Nitrogen&nbsp;regulatory&nbsp;protein&nbsp;P-II,85.8
414684.RC1_2783,glnZ,Nitrogen&nbsp;regulatory&nbsp;protein&nbsp;pZ,85.8
414684.RC1_3922,RC1_3922,"Cytochrome&nbsp;C6,&nbsp;putative",85.7
414684.RC1_2035,RC1_2035,"Methyl-accepting&nbsp;chemotaxis&nbsp;protein,&nbsp;putative",85.7
414684.RC1_0562,RC1_0562,Histone&nbsp;deacetylase,85.7
414684.RC1_3459,RC1_3459,Response&nbsp;regulator&nbsp;receiver&nbsp;domain&nbsp;protein,85.6
414684.RC1_0335,RC1_0335,Histidine&nbsp;kinase,85.6
414684.RC1_0573,RC1_0573,"Branched-chain-amino-acid&nbsp;aminotransferase,&nbsp;putative",85.5
414684.RC1_2113,bchH,Mg-protoporphyrin&nbsp;IX&nbsp;chelatase&nbsp;subunit&nbsp;H&nbsp;identified&nbsp;by&nbsp;match&nbsp;to&nbsp;protein&nbsp;family&nbsp;HMM&nbsp;TIGR01202,85.4
414684.RC1_0240,ccbS2,"Ribulose&nbsp;bisphosphate&nbsp;carboxylase,&nbsp;small&nbsp;subunit",85.4
414684.RC1_3758,RC1_3758,Flagellar&nbsp;basal&nbsp;body&nbsp;protein,85.4
414684.RC1_0455,napF,Ferredoxin-type&nbsp;protein&nbsp;Na&nbsp;PF,85.3
414684.RC1_4029,gmd,"GDP-mannose&nbsp;4,6-dehydratase",85.3
414684.RC1_3740,RC1_3740,Identified&nbsp;by&nbsp;match&nbsp;to&nbsp;protein&nbsp;family&nbsp;HMM&nbsp;PF01968&nbsp;match&nbsp;to&nbsp;protein&nbsp;family&nbsp;HMM&nbsp;PF05378,85.3
414684.RC1_1499,RC1_1499,Guanosine&nbsp;polyphosphate&nbsp;phosphohydrolase,85.3
414684.RC1_1210,dnaE,DNA-directed&nbsp;DNA&nbsp;polymerase,85.3
414684.RC1_0701,rpoB,DNA-directed&nbsp;RNA&nbsp;polymerase&nbsp;subunit&nbsp;beta,85.2
414684.RC1_2798,hemE,Uroporphyrinogen&nbsp;decarboxylase,85.2
414684.RC1_1059,gyrA,DNA&nbsp;gyrase&nbsp;subunit&nbsp;A,85.2
414684.RC1_2259,lpdA,annotation&nbsp;not&nbsp;available,85.2
414684.RC1_2710,RC1_2710,annotation&nbsp;not&nbsp;available,85.1
414684.RC1_0119,pdhA,Pyruvate&nbsp;dehydrogenase&nbsp;E1&nbsp;component&nbsp;subunit&nbsp;alpha,85.1
414684.RC1_0675,RC1_0675,"Secretion&nbsp;protein&nbsp;from&nbsp;the&nbsp;HlyD&nbsp;family.Contains&nbsp;TIGR01730:&nbsp;efflux&nbsp;transporter,&nbsp;RND&nbsp;family,&nbsp;MFP&nbsp;subunit",85.1
414684.RC1_2102,c552,Cytochrome&nbsp;c2&nbsp;iso-2&nbsp;(C552),85.1
414684.RC1_1032,tatB,Sec-independent&nbsp;protein&nbsp;translocase&nbsp;protein&nbsp;TatB,85.1
414684.RC1_3506,RC1_3506,annotation&nbsp;not&nbsp;available,85.0
414684.RC1_2178,RC1_2178,Identified&nbsp;by&nbsp;match&nbsp;to&nbsp;protein&nbsp;family&nbsp;HMM&nbsp;PF01627,85.0
414684.RC1_1464,RC1_1464,Sensor&nbsp;histidine&nbsp;kinase,85.0
414684.RC1_0489,RC1_0489,annotation&nbsp;not&nbsp;available,85.0
414684.RC1_2486,ihfB,Integration&nbsp;host&nbsp;factor&nbsp;subunit&nbsp;beta,85.0
414684.RC1_1042,secD,Protein&nbsp;translocase&nbsp;subunit&nbsp;SecD,85.0
414684.RC1_4068,cbbA,"Fructose-1,6-bisphosphate&nbsp;aldolase/sedoheptulose-1,7-bisphosphate&nbsp;aldolase",84.9
414684.RC1_0872,RC1_0872,annotation&nbsp;not&nbsp;available,84.9
414684.RC1_2848,RC1_2848,Regulatory&nbsp;protein&nbsp;RecX,84.9
414684.RC1_2745,glgC,Glucose-1-phosphate&nbsp;adenylyltransferase,84.8
414684.RC1_2543,rfbP,"Undecaprenyl-phosphate&nbsp;galactose&nbsp;phosphotransferase,&nbsp;putative",84.7
414684.RC1_0362,RC1_0362,"ATP&nbsp;synthase&nbsp;F1,&nbsp;epsilon&nbsp;subunit",84.6
414684.RC1_0628,RC1_0628,5-oxoprolinase,84.5
414684.RC1_0896,RC1_0896,Cell&nbsp;cycle&nbsp;histidine&nbsp;kinase&nbsp;CckA,84.4
414684.RC1_0601,ligA,DNA&nbsp;ligase,84.4
414684.RC1_0265,glpD,Glycerol-3-phosphate&nbsp;dehydrogenase,84.3
414684.RC1_0491,sufD,annotation&nbsp;not&nbsp;available,84.3
414684.RC1_3761,RC1_3761,HAP1&nbsp;first&nbsp;hook-filament&nbsp;junction&nbsp;protein&nbsp;cell&nbsp;exterior,84.3
414684.RC1_3783,RC1_3783,annotation&nbsp;not&nbsp;available,84.2
414684.RC1_0477,RC1_0477,Also&nbsp;called&nbsp;methyl-accepting&nbsp;chemotaxis&nbsp;protein,84.2
414684.RC1_3948,RC1_3948,annotation&nbsp;not&nbsp;available,84.1
414684.RC1_3366,oppD,Oligopeptide&nbsp;transport&nbsp;ATP-binding&nbsp;protein&nbsp;OppD,84.0
414684.RC1_0117,eno,Enolase,84.0
414684.RC1_2056,RC1_2056,annotation&nbsp;not&nbsp;available,84.0
414684.RC1_2847,cstS1,CstS1,83.8
414684.RC1_1533,divK,Cell&nbsp;division&nbsp;response&nbsp;regulator&nbsp;protein&nbsp;DivK,83.8
414684.RC1_2263,sucB,Dihydrolipoyllysine-residue&nbsp;succinyltransferase&nbsp;component&nbsp;of&nbsp;2-oxoglutarate&nbsp;dehydrogenase&nbsp;complex,83.7
414684.RC1_0727,rplR,50S&nbsp;ribosomal&nbsp;protein&nbsp;L18,83.6
414684.RC1_4073,RC1_4073,"dTDP-4-dehydrorhamnose&nbsp;3,5-epimerase",83.6
414684.RC1_0155,guaB,Inosine-5'-monophosphate&nbsp;dehydrogenase,83.5
414684.RC1_3015,ccmC,Heme&nbsp;exporter&nbsp;protein&nbsp;C,83.5
414684.RC1_1891,RC1_1891,Branched-chain-amino-acid&nbsp;aminotransferase,83.5
414684.RC1_1398,RC1_1398,Basal-body&nbsp;rod&nbsp;modification&nbsp;protein&nbsp;FlgD,83.5
414684.RC1_3927,amn,AMP&nbsp;nucleosidase,83.5
414684.RC1_0702,rpoC,DNA-directed&nbsp;RNA&nbsp;polymerase&nbsp;subunit&nbsp;beta',83.4
414684.RC1_3024,RC1_3024,Also&nbsp;called&nbsp;methyl-accepting&nbsp;chemotaxis&nbsp;receptor,83.4
414684.RC1_2216,RC1_2216,Molybdenum&nbsp;import&nbsp;ATP-binding&nbsp;protein&nbsp;ModC,83.4
414684.RC1_2362,gcp,tRNA&nbsp;N6-adenosine&nbsp;threonylcarbamoyltransferase,83.2
414684.RC1_1889,moaE,[synonyms]&nbsp;MPT&nbsp;synt&nbsp;Hase&nbsp;subunit&nbsp;2&nbsp;Molybdopterin&nbsp;synt&nbsp;Hase&nbsp;subunit&nbsp;2&nbsp;Molybdenum&nbsp;cofactor&nbsp;biosynthesis&nbsp;protein&nbsp;E&nbsp;Molybdopterin-converting&nbsp;factor&nbsp;large&nbsp;subunit,83.2
414684.RC1_0897,RC1_0897,Also&nbsp;called&nbsp;methyl-accepting&nbsp;chemotaxis&nbsp;receptor,83.2
414684.RC1_3827,cynT,Carbonic&nbsp;anhydrase,83.1
414684.RC1_3824,RC1_3824,Also&nbsp;called&nbsp;methyl-accepting&nbsp;chemotaxis&nbsp;receptor,83.1
414684.RC1_0218,RC1_0218,Flagellar&nbsp;basal-body&nbsp;rod&nbsp;protein&nbsp;FlgG,83.1
414684.RC1_2373,RC1_2373,Has&nbsp;several&nbsp;uncharecterized&nbsp;protein&nbsp;secretion&nbsp;chaperonine&nbsp;homologs,83.1
414684.RC1_2288,argB,Acetylglutamate&nbsp;kinase,83.1
414684.RC1_3244,RC1_3244,annotation&nbsp;not&nbsp;available,83.0
414684.RC1_1890,RC1_1890,Non-motile&nbsp;and&nbsp;phage-resistance&nbsp;protein,83.0
414684.RC1_3021,ccmG,Part&nbsp;of&nbsp;the&nbsp;cytochrome&nbsp;c-type&nbsp;biogenesis&nbsp;protein&nbsp;cluster[synonym]&nbsp;thiol:disulfide&nbsp;interchange&nbsp;protein&nbsp;CycY&nbsp;identified&nbsp;by&nbsp;match&nbsp;to&nbsp;protein&nbsp;family&nbsp;HMM&nbsp;PF01022,83.0
414684.RC1_1415,hyfI,Hydrogenase&nbsp;4&nbsp;Fe-S&nbsp;subunit&nbsp;identified&nbsp;by&nbsp;match&nbsp;to&nbsp;protein&nbsp;family&nbsp;HMM&nbsp;PF06627,83.0
414684.RC1_2270,RC1_2270,Glycogen&nbsp;debranching&nbsp;enzyme&nbsp;GlgX,83.0
414684.RC1_1806,ruvA,Holliday&nbsp;junction&nbsp;ATP-dependent&nbsp;DNA&nbsp;helicase&nbsp;RuvA,82.9
414684.RC1_4059,RC1_4059,Also&nbsp;called&nbsp;methyl-accepting&nbsp;chemotaxis&nbsp;receptor,82.9
414684.RC1_2198,RC1_2198,Serine&nbsp;acetyltransferase,82.8
414684.RC1_1012,RC1_1012,Multifunctional&nbsp;fusion&nbsp;protein,82.8
414684.RC1_1025,argS,Arginine--tRNA&nbsp;ligase,82.7
414684.RC1_1980,RC1_1980,Periplasmic&nbsp;serine&nbsp;endoprotease&nbsp;DegP-like,82.7
414684.RC1_3500,panB,3-methyl-2-oxobutanoate&nbsp;hydroxymethyltransferase,82.6
414684.RC1_0409,RC1_0409,Identified&nbsp;by&nbsp;match&nbsp;to&nbsp;protein&nbsp;family&nbsp;HMM&nbsp;PF00571&nbsp;match&nbsp;to&nbsp;protein&nbsp;family&nbsp;HMM&nbsp;PF01769&nbsp;match&nbsp;to&nbsp;protein&nbsp;family&nbsp;HMM&nbsp;PF03448&nbsp;match&nbsp;to&nbsp;protein&nbsp;family&nbsp;HMM&nbsp;TIGR00400,82.5
414684.RC1_0295,RC1_0295,"Methyl-accepting&nbsp;chemotaxis&nbsp;protein,&nbsp;putative",82.5
414684.RC1_3709,RC1_3709,annotation&nbsp;not&nbsp;available,82.4
414684.RC1_0996,RC1_0996,5-aminolevulinate&nbsp;synthase,82.4
414684.RC1_0397,RC1_0397,Acetyl-CoA&nbsp;acetyltransferase,82.4
414684.RC1_3685,mopB,Molybdenum-pterin&nbsp;binding&nbsp;protein&nbsp;MopB,82.4
414684.RC1_1492,RC1_1492,"Diguanylate&nbsp;cyclase,&nbsp;putative",82.4
414684.RC1_2707,hisJ,Histidine-binding&nbsp;periplasmic&nbsp;protein,82.4
414684.RC1_3923,RC1_3923,"Diguanylate&nbsp;cyclase,&nbsp;putative",82.3
414684.RC1_0418,pccB,annotation&nbsp;not&nbsp;available,82.3
414684.RC1_0547,RC1_0547,Peroxisomal&nbsp;bifunctional&nbsp;enzyme,82.2
414684.RC1_0895,RC1_0895,Flagellar&nbsp;biosynthetic&nbsp;protein&nbsp;FlhB,82.2
414684.RC1_4119,coq7,"2-nonaprenyl-3-methyl-6-methoxy-1,4-benzoquinol&nbsp;hydroxylase",82.2
414684.RC1_3009,RC1_3009,Lysine,82.2
414684.RC1_2692,paaG,Enoyl-CoA&nbsp;hydratase,82.2
414684.RC1_0943,RC1_0943,"The&nbsp;GLUG&nbsp;motif&nbsp;domain&nbsp;protein,&nbsp;putative",82.2
414684.RC1_3094,pyrF,Orotidine&nbsp;5'-phosphate&nbsp;decarboxylase,82.1
414684.RC1_0405,dme,NAD-dependent&nbsp;malic&nbsp;enzyme,82.1
414684.RC1_1622,tyrS,Tyrosine--tRNA&nbsp;ligase,82.1
414684.RC1_1763,nadK,NAD&nbsp;kinase,82.0
414684.RC1_0710,rpsJ,30S&nbsp;ribosomal&nbsp;protein&nbsp;S10,82.0
414684.RC1_0266,RC1_0266,annotation&nbsp;not&nbsp;available,82.0
414684.RC1_2425,htpG,Chaperone&nbsp;protein&nbsp;HtpG,81.9
414684.RC1_2172,kat,Catalase,81.9
414684.RC1_1024,dgt,annotation&nbsp;not&nbsp;available,81.9
414684.RC1_1748,malQ,4-alpha-glucanotransferase,81.9
414684.RC1_0711,rplC,50S&nbsp;ribosomal&nbsp;protein&nbsp;L3,81.9
414684.RC1_0933,RC1_0933,Aminotransferase,81.8
414684.RC1_0113,secG,"Preprotein&nbsp;translocase,&nbsp;SecG&nbsp;subunit,&nbsp;putative",81.8
414684.RC1_3696,fixB,"Electron&nbsp;transfer&nbsp;flavoprotein,&nbsp;alpha&nbsp;subunit,&nbsp;FixB&nbsp;(Essential&nbsp;for&nbsp;nitrogen&nbsp;fixation)",81.7
414684.RC1_3055,rpsT,30S&nbsp;ribosomal&nbsp;protein&nbsp;S20,81.6
414684.RC1_2242,RC1_2242,ATP&nbsp;synthase&nbsp;gamma&nbsp;chain,81.6
414684.RC1_2683,tmk,Thymidylate&nbsp;kinase,81.6
414684.RC1_3666,mrpC,Na(+)/H(+)&nbsp;antiporter&nbsp;subunit&nbsp;C,81.6
414684.RC1_3201,RC1_3201,Identified&nbsp;by&nbsp;match&nbsp;to&nbsp;protein&nbsp;family&nbsp;HMM&nbsp;PF02152&nbsp;match&nbsp;to&nbsp;protein&nbsp;family&nbsp;HMM&nbsp;TIGR00525&nbsp;match&nbsp;to&nbsp;protein&nbsp;family&nbsp;HMM&nbsp;TIGR00526,81.6
414684.RC1_3016,ccmD,Heme&nbsp;exporter&nbsp;protein&nbsp;D,81.5
414684.RC1_2858,RC1_2858,Chaperone&nbsp;protein&nbsp;DnaK,81.5
414684.RC1_0205,flaB,Flagellin,81.5
414684.RC1_2224,RC1_2224,Identified&nbsp;by&nbsp;match&nbsp;to&nbsp;protein&nbsp;family&nbsp;HMM&nbsp;PF00583,81.5
414684.RC1_2218,modB,Molybdenum&nbsp;transport&nbsp;system&nbsp;permease&nbsp;protein&nbsp;modB,81.4
414684.RC1_1278,ccoQ,"Cytochrome&nbsp;c&nbsp;oxidase,&nbsp;&nbsp;identified&nbsp;by&nbsp;match&nbsp;to&nbsp;protein&nbsp;family&nbsp;HMM&nbsp;PF01336",81.4
414684.RC1_1240,nuoA,NADH-quinone&nbsp;oxidoreductase&nbsp;subunit&nbsp;A,81.3
414684.RC1_3673,lcfA,Long-chain-fatty-acid--CoA&nbsp;ligase,81.2
414684.RC1_3309,RC1_3309,annotation&nbsp;not&nbsp;available,81.2
414684.RC1_2105,acsF,Aerobic&nbsp;magnesium-protoporphyrin&nbsp;IX&nbsp;monomethyl&nbsp;ester&nbsp;[oxidative]&nbsp;cyclase,81.2
414684.RC1_1390,RC1_1390,Flagellar&nbsp;L-ring&nbsp;protein,81.2
414684.RC1_1756,RC1_1756,Chemotaxis&nbsp;protein&nbsp;CheY,81.1
414684.RC1_2738,gpt,Xanthine&nbsp;phosphoribosyltransferase,81.1
414684.RC1_0380,ptr,annotation&nbsp;not&nbsp;available,81.0
414684.RC1_2261,RC1_2261,Also&nbsp;called&nbsp;methyl-accepting&nbsp;chemotaxis&nbsp;receptor,80.9
414684.RC1_2098,pufA,"Light-Harvesting&nbsp;I&nbsp;Complex,&nbsp;alpha&nbsp;subunit",80.9
414684.RC1_1517,gatC,Aspartyl/glutamyl-tRNA(Asn/Gln)&nbsp;amidotransferase&nbsp;subunit&nbsp;C,80.8
414684.RC1_1450,RC1_1450,annotation&nbsp;not&nbsp;available,80.8
414684.RC1_2099,pufL,Photosynthetic&nbsp;reaction&nbsp;center&nbsp;L&nbsp;subunit,80.8
414684.RC1_3955,RC1_3955,Uracil&nbsp;DNA&nbsp;glycosylase&nbsp;superfamily,80.8
414684.RC1_1198,lpxD,UDP-3-O-acylglucosamine&nbsp;N-acyltransferase,80.7
414684.RC1_2533,RC1_2533,"Succinoglycan&nbsp;biosynthesis&nbsp;transport&nbsp;protein&nbsp;ExoP,&nbsp;putative",80.7
414684.RC1_1050,RC1_1050,"Leucine-,&nbsp;isoleucine-,&nbsp;valine-,&nbsp;threonine-,&nbsp;and&nbsp;alanine-binding&nbsp;protein",80.7
414684.RC1_3441,RC1_3441,annotation&nbsp;not&nbsp;available,80.6
414684.RC1_1367,RC1_1367,Identified&nbsp;by&nbsp;match&nbsp;to&nbsp;protein&nbsp;family&nbsp;HMM&nbsp;PF00781,80.6
414684.RC1_3260,tme,NADP-dependent&nbsp;malic&nbsp;enzyme,80.6
414684.RC1_1008,RC1_1008,Chemotaxis&nbsp;MotB&nbsp;protein,80.6
414684.RC1_3781,RC1_3781,Asparagine&nbsp;synthase&nbsp;(Glutamine-hydrolyzing),80.5
414684.RC1_4094,RC1_4094,Ribonucleoside-diphosphate&nbsp;reductase,80.4
414684.RC1_2613,RC1_2613,annotation&nbsp;not&nbsp;available,80.4
414684.RC1_1410,RC1_1410,annotation&nbsp;not&nbsp;available,80.4
414684.RC1_1339,ribE,annotation&nbsp;not&nbsp;available,80.3
414684.RC1_3406,RC1_3406,annotation&nbsp;not&nbsp;available,80.3
414684.RC1_4056,RC1_4056,annotation&nbsp;not&nbsp;available,80.3
414684.RC1_2645,fabK,annotation&nbsp;not&nbsp;available,80.3
414684.RC1_0995,secF,Protein-export&nbsp;membrane&nbsp;protein&nbsp;SecF,80.3
414684.RC1_2461,troC,Zinc&nbsp;transport&nbsp;system&nbsp;membrane&nbsp;protein&nbsp;TroC,80.2
414684.RC1_2293,dapE,Succinyl-diaminopimelate&nbsp;desuccinylase,80.2
414684.RC1_1338,ribAB,"3,4-dihydroxy-2-butanone&nbsp;4-phosphate&nbsp;synthase",80.1
414684.RC1_2074,pntAA,[Synonyms]&nbsp;Pyridine&nbsp;nucleotide&nbsp;transhydrogenase&nbsp;subunit&nbsp;alpha&nbsp;1&nbsp;Nicotinamide&nbsp;nucleotide&nbsp;transhydrogenase&nbsp;subunit&nbsp;alpha&nbsp;1&nbsp;Proton-translocating&nbsp;transhydrogenase&nbsp;component&nbsp;1&nbsp;identified&nbsp;by&nbsp;match&nbsp;to&nbsp;protein&nbsp;family&nbsp;HMM&nbsp;PF05494,80.1
414684.RC1_2156,RC1_2156,Periplasmic&nbsp;serine&nbsp;endoprotease&nbsp;DegP-like,80.0
414684.RC1_1647,infA,Translation&nbsp;initiation&nbsp;factor&nbsp;IF-1,80.0
414684.RC1_1273,fixS,"Appears&nbsp;to&nbsp;have&nbsp;same&nbsp;function&nbsp;with&nbsp;Nitrogen&nbsp;fixation&nbsp;protein&nbsp;fixS,also&nbsp;part&nbsp;of&nbsp;the&nbsp;fix&nbsp;GHIS&nbsp;cluster",80.0
414684.RC1_3835,RC1_3835,Protein&nbsp;TonB,79.9
414684.RC1_3499,RC1_3499,annotation&nbsp;not&nbsp;available,79.9
414684.RC1_3027,RC1_3027,annotation&nbsp;not&nbsp;available,79.9
414684.RC1_2917,rpsO,30S&nbsp;ribosomal&nbsp;protein&nbsp;S15,79.8
414684.RC1_3239,calB,annotation&nbsp;not&nbsp;available,79.8
414684.RC1_3350,RC1_3350,annotation&nbsp;not&nbsp;available,79.7
414684.RC1_2616,RC1_2616,"Adenylate&nbsp;cyclase,&nbsp;putative",79.6
414684.RC1_3544,RC1_3544,annotation&nbsp;not&nbsp;available,79.6
414684.RC1_3361,purS,Phosphoribosylformylglycinamidine&nbsp;synthase&nbsp;subunit&nbsp;PurS,79.6
414684.RC1_1258,glnA,annotation&nbsp;not&nbsp;available,79.6
414684.RC1_3631,ctaD,Cytochrome&nbsp;c&nbsp;oxidase&nbsp;subunit&nbsp;1,79.3
414684.RC1_2264,sucA,"2-oxoglutarate&nbsp;dehydrogenase,&nbsp;E1&nbsp;component",79.3
414684.RC1_3592,pgi,Glucose-6-phosphate&nbsp;isomerase,79.3
414684.RC1_1575,rplI,50S&nbsp;ribosomal&nbsp;protein&nbsp;L9,79.3
414684.RC1_2609,RC1_2609,annotation&nbsp;not&nbsp;available,79.2
414684.RC1_2438,macA,Macrolide-specific&nbsp;efflux&nbsp;protein&nbsp;MacA,79.1
414684.RC1_4049,nodT,annotation&nbsp;not&nbsp;available,79.1
414684.RC1_1332,RC1_1332,SmpA,79.1
414684.RC1_0114,pyrG,CTP&nbsp;synthase,79.1
414684.RC1_1027,RC1_1027,annotation&nbsp;not&nbsp;available,79.1
414684.RC1_3972,guaA,GMP&nbsp;synthase&nbsp;[glutamine-hydrolyzing],79.1
414684.RC1_1172,RC1_1172,Sensor&nbsp;histidine&nbsp;kinase,79.0
414684.RC1_2133,cheY3,CheY3,79.0
414684.RC1_3515,otsA,Trehalose-6-phosphate&nbsp;synthase,79.0
414684.RC1_1387,RC1_1387,Flagellar&nbsp;basal-body&nbsp;rod&nbsp;protein&nbsp;FlgF,78.9
414684.RC1_0095,RC1_0095,annotation&nbsp;not&nbsp;available,78.8
414684.RC1_1046,RC1_1046,Squalene,78.8
414684.RC1_0350,RC1_0350,Response&nbsp;regulator&nbsp;receiver&nbsp;domain&nbsp;protein&nbsp;REC,78.8
414684.RC1_1035,RC1_1035,5'-nucleotidase&nbsp;SurE,78.7
414684.RC1_3065,gyrB,DNA&nbsp;gyrase&nbsp;subunit&nbsp;B,78.7
414684.RC1_2709,RC1_2709,"Amino&nbsp;acid&nbsp;ABC&nbsp;transporter,&nbsp;permease&nbsp;protein",78.7
414684.RC1_0153,RC1_0153,"Phosphatase,&nbsp;Ppx",78.6
414684.RC1_1229,nuoL,"[synonyms]&nbsp;NADH&nbsp;dehydrogenase&nbsp;I,&nbsp;chain&nbsp;L&nbsp;identified&nbsp;by&nbsp;match&nbsp;to&nbsp;protein&nbsp;family&nbsp;HMM&nbsp;PF00587&nbsp;match&nbsp;to&nbsp;protein&nbsp;family&nbsp;HMM&nbsp;PF03129&nbsp;match&nbsp;to&nbsp;protein&nbsp;family&nbsp;HMM&nbsp;TIGR00409",78.6
414684.RC1_1833,livG,High-affinity&nbsp;branched-chain&nbsp;amino&nbsp;acid&nbsp;transport&nbsp;ATP-binding&nbsp;protein&nbsp;LivG,78.6
414684.RC1_0310,RC1_0310,annotation&nbsp;not&nbsp;available,78.6
414684.RC1_1418,hyfE,annotation&nbsp;not&nbsp;available,78.5
414684.RC1_1402,RC1_1402,PQQ&nbsp;enzyme&nbsp;repeat&nbsp;family&nbsp;protein,78.5
414684.RC1_2329,RC1_2329,"Glutathione&nbsp;S-transferase,&nbsp;putative",78.5
414684.RC1_2350,rpe,Ribulose-phosphate&nbsp;3-epimerase,78.4
414684.RC1_1799,omp16,Outer&nbsp;membrane&nbsp;lipoprotein&nbsp;omp16,78.4
414684.RC1_2319,RC1_2319,Also&nbsp;called&nbsp;methyl-accepting&nbsp;chemotaxis&nbsp;receptor,78.4
414684.RC1_0808,RC1_0808,5'-nucleotidase&nbsp;SurE,78.3
414684.RC1_3347,glmS,annotation&nbsp;not&nbsp;available,78.3
414684.RC1_0289,glpQ,Glycerophosphoryl&nbsp;diester&nbsp;phosphodiesterase,78.3
414684.RC1_0716,rplV,50S&nbsp;ribosomal&nbsp;protein&nbsp;L22,78.3
414684.RC1_2243,RC1_2243,ATP&nbsp;synthase&nbsp;subunit&nbsp;alpha,78.3
414684.RC1_2363,hemC,Porphobilinogen&nbsp;deaminase,78.2
414684.RC1_0913,RC1_0913,Cytokinin&nbsp;riboside&nbsp;5'-monophosphate&nbsp;phosphoribohydrolase,78.1
414684.RC1_3011,ccmA,Cytochrome&nbsp;c&nbsp;biogenesis&nbsp;ATP-binding&nbsp;export&nbsp;protein&nbsp;CcmA,78.1
414684.RC1_3263,pstC,Phosphate&nbsp;transport&nbsp;system&nbsp;permease&nbsp;protein,78.1
414684.RC1_2553,holA,"DNA&nbsp;polymerase&nbsp;III,&nbsp;delta&nbsp;subunit,&nbsp;putative",78.1
414684.RC1_0891,RC1_0891,Flagellar&nbsp;basal-body&nbsp;rod&nbsp;protein&nbsp;FlgC,78.1
414684.RC1_1619,RC1_1619,Serine&nbsp;acetyltransferase,78.1
414684.RC1_0642,mtnN,5'-methylthioadenosine/S-adenosylhomocysteine&nbsp;nucleosidase,78.0
414684.RC1_2676,aroK,Shikimate&nbsp;kinase,78.0
414684.RC1_2318,pheT,Phenylalanine--tRNA&nbsp;ligase&nbsp;beta&nbsp;subunit,78.0
414684.RC1_3531,RC1_3531,GB&nbsp;PF02785:&nbsp;Biotin&nbsp;carboxylase&nbsp;C-terminal&nbsp;domain,78.0
414684.RC1_3050,moeB,Molybdopterin&nbsp;biosynthesis&nbsp;protein&nbsp;MoeB,78.0
414684.RC1_1076,coxS,Carbon&nbsp;monoxide&nbsp;dehydrogenase&nbsp;small&nbsp;chain,78.0
414684.RC1_3585,ileS,Isoleucine--tRNA&nbsp;ligase,77.9
414684.RC1_2252,priA,Primosomal&nbsp;protein&nbsp;N',77.9
414684.RC1_1531,rpmG,annotation&nbsp;not&nbsp;available,77.8
414684.RC1_0722,rplX,50S&nbsp;ribosomal&nbsp;protein&nbsp;L24,77.7
414684.RC1_2002,thyA,Thymidylate&nbsp;synthase,77.7
414684.RC1_1341,nrdR,Transcriptional&nbsp;repressor&nbsp;NrdR,77.7
414684.RC1_0493,sufB,FeS&nbsp;assembly&nbsp;protein&nbsp;SufB,77.7
414684.RC1_1031,RC1_1031,Sec-independent&nbsp;protein&nbsp;translocase&nbsp;protein&nbsp;TatA,77.7
414684.RC1_0220,RC1_0220,Flagellar&nbsp;L-ring&nbsp;protein,77.7
414684.RC1_3650,RC1_3650,annotation&nbsp;not&nbsp;available,77.6
414684.RC1_1753,RC1_1753,"Pyridine&nbsp;nucleotide-disulphide&nbsp;oxidoreductase,&nbsp;putative",77.6
414684.RC1_3630,ctaC,Cytochrome&nbsp;c&nbsp;oxidase&nbsp;subunit&nbsp;2,77.6
414684.RC1_0700,rplL,50S&nbsp;ribosomal&nbsp;protein&nbsp;L7/L12,77.5
414684.RC1_2604,RC1_2604,"Helicase,&nbsp;UvrD",77.5
414684.RC1_1650,hisD,Histidinol&nbsp;dehydrogenase,77.5
414684.RC1_3460,RC1_3460,"N-acetylmuramoyl-L-alanine&nbsp;amidase,&nbsp;putative",77.4
414684.RC1_2475,argF,Ornithine&nbsp;carbamoyltransferase,77.3
414684.RC1_3022,ccmH,Cytochrome&nbsp;c-type&nbsp;biogenesis&nbsp;protein,77.3
414684.RC1_3448,RC1_3448,annotation&nbsp;not&nbsp;available,77.3
414684.RC1_1310,RC1_1310,annotation&nbsp;not&nbsp;available,77.2
414684.RC1_1314,rplM,50S&nbsp;ribosomal&nbsp;protein&nbsp;L13,77.2
414684.RC1_1429,RC1_1429,Contains&nbsp;TIGR01730&nbsp;identified&nbsp;by&nbsp;match&nbsp;to&nbsp;protein&nbsp;family&nbsp;HMM&nbsp;PF01979&nbsp;match&nbsp;to&nbsp;protein&nbsp;family&nbsp;HMM&nbsp;TIGR00221,77.1
414684.RC1_0989,purQ,Phosphoribosylformylglycinamidine&nbsp;synthase&nbsp;subunit&nbsp;PurQ,77.0
414684.RC1_1419,hyfC,annotation&nbsp;not&nbsp;available,76.9
414684.RC1_0523,RC1_0523,annotation&nbsp;not&nbsp;available,76.9
414684.RC1_1781,putA,Bifunctional&nbsp;protein&nbsp;PutA,76.9
414684.RC1_3236,hutU,Urocanate&nbsp;hydratase,76.7
414684.RC1_1237,nuoD,NADH-quinone&nbsp;oxidoreductase&nbsp;subunit&nbsp;D,76.6
414684.RC1_3440,RC1_3440,annotation&nbsp;not&nbsp;available,76.6
414684.RC1_2225,RC1_2225,RNA&nbsp;polymerase&nbsp;sigma&nbsp;factor,76.5
414684.RC1_4027,RC1_4027,"Asparagine&nbsp;synthase&nbsp;(Glutamine-hydrolyzing),&nbsp;putative",76.4
414684.RC1_0882,RC1_0882,annotation&nbsp;not&nbsp;available,76.3
414684.RC1_3961,leuD,3-isopropylmalate&nbsp;dehydratase&nbsp;small&nbsp;subunit,76.3
414684.RC1_0661,RC1_0661,"Protein&nbsp;TonB,&nbsp;putative",76.3
414684.RC1_3635,coxC,Cytochrome&nbsp;c&nbsp;oxidase&nbsp;polypeptide&nbsp;III&nbsp;identified&nbsp;by&nbsp;match&nbsp;to&nbsp;protein&nbsp;family&nbsp;HMM&nbsp;PF01212,76.3
414684.RC1_2097,pufB,"Light-Harvesting&nbsp;I&nbsp;Complex,&nbsp;beta&nbsp;subunit",76.2
414684.RC1_0706,rpsL,30S&nbsp;ribosomal&nbsp;protein&nbsp;S12,76.2
414684.RC1_2195,ftsY,Signal&nbsp;recognition&nbsp;particle&nbsp;receptor&nbsp;FtsY,76.1
414684.RC1_3140,rpmB,annotation&nbsp;not&nbsp;available,76.1
414684.RC1_3780,RC1_3780,"Glucose-1-phosphate&nbsp;cytidylyltransferase,&nbsp;putative",76.1
414684.RC1_3731,malG,"Maltose&nbsp;transport&nbsp;system&nbsp;permease&nbsp;protein&nbsp;malG,&nbsp;putative",76.0
414684.RC1_2700,RC1_2700,"Penicillin-binding&nbsp;protein,&nbsp;1A&nbsp;family",76.0
414684.RC1_3933,asd,Aspartate-semialdehyde&nbsp;dehydrogenase,75.9
414684.RC1_3511,RC1_3511,ATP&nbsp;synthase&nbsp;subunit&nbsp;c,75.9
414684.RC1_3865,cysT,Sulfate&nbsp;transport&nbsp;system&nbsp;permease&nbsp;protein&nbsp;CysT,75.8
414684.RC1_0301,rpFG,Response&nbsp;regulator&nbsp;R&nbsp;PFG,75.8
414684.RC1_4054,gltR,DNA-binding&nbsp;response&nbsp;regulator,75.7
414684.RC1_3550,RC1_3550,PAP2&nbsp;superfamily,75.7
414684.RC1_1822,fbaB,"Fructose-bisphosphate&nbsp;aldolase,&nbsp;class&nbsp;I",75.6
414684.RC1_3167,ilvA,Threonine&nbsp;dehydratase,75.6
414684.RC1_1438,hrpB,"ATP-dependent&nbsp;helicase&nbsp;protein,&nbsp;putative",75.6
414684.RC1_1230,nuoK,NADH-quinone&nbsp;oxidoreductase&nbsp;subunit&nbsp;K,75.6
414684.RC1_2401,RC1_2401,annotation&nbsp;not&nbsp;available,75.6
414684.RC1_2586,RC1_2586,"Gene&nbsp;symbol&nbsp;synonym&nbsp;Alternate&nbsp;names:&nbsp;Glycerol&nbsp;metabolism&nbsp;activator,&nbsp;protein&nbsp;agmR,&nbsp;positive&nbsp;regulator&nbsp;AgmR",75.5
414684.RC1_3033,RC1_3033,annotation&nbsp;not&nbsp;available,75.4
414684.RC1_3159,znuB,High-affinity&nbsp;zinc&nbsp;uptake&nbsp;system&nbsp;membrane&nbsp;protein&nbsp;ZnuB,75.4
414684.RC1_0099,RC1_0099,annotation&nbsp;not&nbsp;available,75.3
414684.RC1_1358,betB,Betaine&nbsp;aldehyde&nbsp;dehydrogenase,75.3
414684.RC1_2313,rplT,50S&nbsp;ribosomal&nbsp;protein&nbsp;L20,75.3
414684.RC1_2298,RC1_2298,Peptide&nbsp;deformylase,75.3
414684.RC1_2100,pufM,Reaction&nbsp;center&nbsp;protein&nbsp;M&nbsp;chain,75.2
414684.RC1_0635,RC1_0635,Thioredoxin&nbsp;reductase,75.1
414684.RC1_3767,RC1_3767,annotation&nbsp;not&nbsp;available,75.0
414684.RC1_1179,RC1_1179,Also&nbsp;called&nbsp;methyl-accepting&nbsp;chemotaxis&nbsp;receptor,75.0
414684.RC1_0733,rpsM,30S&nbsp;ribosomal&nbsp;protein&nbsp;S13,75.0
414684.RC1_0319,nrdD,Anaerobic&nbsp;ribonucleoside-triphosphate&nbsp;reductase,74.8
414684.RC1_2181,cysH,Phosphoadenylyl-sulfate&nbsp;reductase&nbsp;(thioredoxin),74.8
414684.RC1_2262,rpFC,Identified&nbsp;by&nbsp;match&nbsp;to&nbsp;protein&nbsp;family&nbsp;HMM&nbsp;PF00231&nbsp;match&nbsp;to&nbsp;protein&nbsp;family&nbsp;HMM&nbsp;TIGR01146,74.8
414684.RC1_0132,trkA,"K+&nbsp;transport&nbsp;systems,&nbsp;NAD-binding&nbsp;component",74.7
414684.RC1_2199,RC1_2199,Identified&nbsp;by&nbsp;match&nbsp;to&nbsp;protein&nbsp;family&nbsp;HMM&nbsp;PF06073,74.6
414684.RC1_2704,ctaA,Heme&nbsp;A&nbsp;synthase,74.6
414684.RC1_3160,znuC,Zinc&nbsp;import&nbsp;ATP-binding&nbsp;protein&nbsp;ZnuC,74.6
414684.RC1_3860,RC1_3860,"Hemin&nbsp;transport&nbsp;system&nbsp;permease&nbsp;protein&nbsp;HmuU,&nbsp;putative",74.6
414684.RC1_3656,gcvT,Glycine&nbsp;cleavage&nbsp;system&nbsp;T&nbsp;protein,74.5
414684.RC1_3665,mrpB,Na(+)/H(+)&nbsp;antiporter&nbsp;subunit&nbsp;B,74.5
414684.RC1_1200,bamA,Outer&nbsp;membrane&nbsp;protein&nbsp;assembly&nbsp;factor&nbsp;BamA,74.4
414684.RC1_3713,huyB,annotation&nbsp;not&nbsp;available,74.4
414684.RC1_3168,RC1_3168,Diguanylate&nbsp;phosphodiesterase&nbsp;(EAL)&nbsp;domain&nbsp;protein,74.3
414684.RC1_2268,treY,Malto-oligosyltrehalose&nbsp;synthase,74.3
414684.RC1_3012,ccmB,Heme&nbsp;exporter&nbsp;protein&nbsp;B,74.3
414684.RC1_1189,lexA,LexA&nbsp;repressor,74.3
414684.RC1_1214,RC1_1214,Lipoprotein-releasing&nbsp;system&nbsp;ATP-binding&nbsp;protein&nbsp;LolD,74.2
414684.RC1_2240,RC1_2240,ATP&nbsp;synthase&nbsp;epsilon&nbsp;chain,74.2
414684.RC1_1743,fadJ,Fatty&nbsp;acid&nbsp;oxidation&nbsp;complex&nbsp;alpha&nbsp;subunit,74.1
414684.RC1_1838,rpmE,50S&nbsp;ribosomal&nbsp;protein&nbsp;L31,74.1
414684.RC1_1989,folA,Dihydrofolate&nbsp;reductase,74.0
414684.RC1_2007,dnaG,DNA&nbsp;primase,74.0
414684.RC1_2515,RC1_2515,Identified&nbsp;by&nbsp;match&nbsp;to&nbsp;protein&nbsp;family&nbsp;HMM&nbsp;PF04014,74.0
414684.RC1_0898,RC1_0898,Also&nbsp;called&nbsp;methyl-accepting&nbsp;chemotaxis&nbsp;receptor,74.0
414684.RC1_0219,RC1_0219,Flagella&nbsp;basal&nbsp;body&nbsp;P-ring&nbsp;formation&nbsp;protein&nbsp;FlgA,73.9
414684.RC1_0707,rpsG,30S&nbsp;ribosomal&nbsp;protein&nbsp;S7,73.9
414684.RC1_0270,RC1_0270,"C4-dicarboxylate&nbsp;transport&nbsp;sensor&nbsp;protein&nbsp;DctB,&nbsp;putative",73.8
414684.RC1_1442,metN,D-methionine&nbsp;transport&nbsp;ATP-binding&nbsp;protein&nbsp;MetN,73.8
414684.RC1_1197,fabZ,3-hydroxyacyl-[acyl-carrier-protein]&nbsp;dehydratase&nbsp;FabZ,73.8
414684.RC1_3398,RC1_3398,2-hydroxyacid&nbsp;dehydrogenase,73.7
414684.RC1_0957,RC1_0957,"Sensory&nbsp;box-containing&nbsp;diguanylate&nbsp;cyclase,&nbsp;putative",73.7
414684.RC1_3296,hisH,Imidazole&nbsp;glycerol&nbsp;phosphate&nbsp;synthase&nbsp;subunit&nbsp;HisH,73.7
414684.RC1_1534,dinB,DNA&nbsp;polymerase&nbsp;IV,73.7
414684.RC1_3512,atpF2,ATP&nbsp;synthase&nbsp;subunit&nbsp;b&nbsp;2,73.6
414684.RC1_0435,kdpB,Potassium-transporting&nbsp;ATPase&nbsp;ATP-binding&nbsp;subunit,73.4
414684.RC1_0184,RC1_0184,Flagellar&nbsp;M-ring&nbsp;protein,73.4
414684.RC1_3957,RC1_3957,"Exported&nbsp;protein,&nbsp;putative",73.3
414684.RC1_1973,ilvC,Ketol-acid&nbsp;reductoisomerase&nbsp;(NADP(+)),73.3
414684.RC1_2833,accD,Acetyl-coenzyme&nbsp;A&nbsp;carboxylase&nbsp;carboxyl&nbsp;transferase&nbsp;subunit&nbsp;beta,73.3
414684.RC1_0134,RC1_0134,"HAD-superfamily&nbsp;hydrolase,&nbsp;subfamily&nbsp;IA",73.2
414684.RC1_0713,rplW,50S&nbsp;ribosomal&nbsp;protein&nbsp;L23,73.1
414684.RC1_4093,RC1_4093,Also&nbsp;called&nbsp;methyl-accepting&nbsp;chemotaxis&nbsp;receptor,73.1
414684.RC1_2667,secA,Protein&nbsp;translocase&nbsp;subunit&nbsp;SecA,73.0
414684.RC1_3358,RC1_3358,"Diguanylate&nbsp;cyclase/phosphodiesterase&nbsp;with&nbsp;PAS/PAC&nbsp;sensor,&nbsp;putative",73.0
414684.RC1_4014,RC1_4014,NAD&nbsp;dependent&nbsp;epimerase,73.0
414684.RC1_4015,RC1_4015,Uncharacterized&nbsp;protein,73.0
414684.RC1_0662,RC1_0662,annotation&nbsp;not&nbsp;available,73.0
414684.RC1_3058,RC1_3058,Histidine&nbsp;protein&nbsp;kinase&nbsp;DivJ,73.0
414684.RC1_1389,RC1_1389,"Flagella&nbsp;basal&nbsp;body&nbsp;P-ring&nbsp;formation&nbsp;protein&nbsp;FlgA,&nbsp;putative",73.0
414684.RC1_0297,RC1_0297,"Methyl-accepting&nbsp;chemotaxis&nbsp;protein,&nbsp;putative",72.9
414684.RC1_3921,RC1_3921,"Amine&nbsp;oxidase,&nbsp;flavin-containing",72.8
414684.RC1_0451,mobA,Molybdenum&nbsp;cofactor&nbsp;guanylyltransferase,72.8
414684.RC1_1986,RC1_1986,Cystathionine&nbsp;gamma-synthase&nbsp;(CGS)&nbsp;(O-succinylhomoserine(Thiol)-lyase),72.8
414684.RC1_2130,cheR3,Chemotaxis&nbsp;protein&nbsp;methyltransferase,72.7
414684.RC1_1463,RC1_1463,annotation&nbsp;not&nbsp;available,72.6
414684.RC1_1304,glpX,annotation&nbsp;not&nbsp;available,72.6
414684.RC1_0341,RC1_0341,"HEAT&nbsp;repeat-containing&nbsp;PBS&nbsp;lyase,&nbsp;putative",72.6
414684.RC1_1420,hyfB,annotation&nbsp;not&nbsp;available,72.6
414684.RC1_0795,RC1_0795,Flagellar&nbsp;M-ring&nbsp;protein,72.6
414684.RC1_0361,RC1_0361,ATP&nbsp;synthase&nbsp;subunit&nbsp;beta,72.6
414684.RC1_0988,purL,Phosphoribosylformylglycinamidine&nbsp;synthase&nbsp;subunit&nbsp;PurL,72.6
414684.RC1_2148,glcF,"Glycolate&nbsp;oxidase,&nbsp;iron-sulfur&nbsp;subunit",72.5
414684.RC1_3185,moaB,Molybdenum&nbsp;cofactor&nbsp;biosynthesis&nbsp;protein&nbsp;B,72.5
414684.RC1_1668,glyS,"PF02092&nbsp;TIGR00211:&nbsp;glycyl-tRNA&nbsp;synthetase,&nbsp;beta&nbsp;subunit",72.5
414684.RC1_1215,RC1_1215,"Lipoprotein&nbsp;releasing&nbsp;system,&nbsp;transmembrane&nbsp;protein,&nbsp;LolC",72.5
414684.RC1_2073,pntAB,[Synonyms]&nbsp;Pyridine&nbsp;nucleotide&nbsp;transhydrogenase&nbsp;subunit&nbsp;alpha&nbsp;2&nbsp;Nicotinamide&nbsp;nucleotide&nbsp;transhydrogenase&nbsp;subunit&nbsp;alpha&nbsp;2&nbsp;Proton-translocating&nbsp;transhydrogenase&nbsp;component&nbsp;2&nbsp;identified&nbsp;by&nbsp;match&nbsp;to&nbsp;protein&nbsp;family&nbsp;HMM&nbsp;PF04333,72.4
414684.RC1_0194,RC1_0194,Flagellar&nbsp;biosynthetic&nbsp;protein&nbsp;FliQ,72.4
414684.RC1_3043,dut,Deoxyuridine&nbsp;5'-triphosphate&nbsp;nucleotidohydrolase,72.4
414684.RC1_0732,adk,Adenylate&nbsp;kinase,72.4
414684.RC1_3864,sbp,Identified&nbsp;by&nbsp;match&nbsp;to&nbsp;protein&nbsp;family&nbsp;HMM&nbsp;PF00015&nbsp;match&nbsp;to&nbsp;protein&nbsp;family&nbsp;HMM&nbsp;PF00672,72.4
414684.RC1_0230,RC1_0230,Glycogen&nbsp;debranching&nbsp;enzyme&nbsp;GlgX,72.3
414684.RC1_0183,RC1_0183,"Flagellar&nbsp;assembly&nbsp;protein&nbsp;FliH,&nbsp;putative",72.3
414684.RC1_2222,fdxA,Ferredoxin,72.3
414684.RC1_2794,RC1_2794,Transcription&nbsp;termination&nbsp;factor&nbsp;Rho,72.2
414684.RC1_0365,RC1_0365,ATP&nbsp;synthase&nbsp;subunit&nbsp;a,72.1
414684.RC1_0714,rplB,50S&nbsp;ribosomal&nbsp;protein&nbsp;L2,72.1
414684.RC1_4036,RC1_4036,"Cytochrome&nbsp;D&nbsp;ubiquinol&nbsp;oxidase,&nbsp;subunit&nbsp;I",72.1
414684.RC1_0285,RC1_0285,"Quinol&nbsp;oxidase,&nbsp;subunit&nbsp;II,&nbsp;putative",72.1
414684.RC1_2177,cysG,Siroheme&nbsp;synthase,72.1
414684.RC1_3204,yfiA,Ribosome&nbsp;hibernation&nbsp;promoting&nbsp;factor,72.1
414684.RC1_1660,RC1_1660,UDP-glucose&nbsp;4-epimerase,72.0
414684.RC1_3041,RC1_3041,Flagellar&nbsp;basal-body&nbsp;rod&nbsp;protein&nbsp;FlgC,72.0
414684.RC1_1834,livF,High-affinity&nbsp;branched-chain&nbsp;amino&nbsp;acid&nbsp;transport&nbsp;ATP-binding&nbsp;protein&nbsp;LivF,71.9
414684.RC1_0500,chvl,Transcriptional&nbsp;regulatory&nbsp;protein&nbsp;ChvI,71.9
414684.RC1_2169,RC1_2169,RNA&nbsp;polymerase&nbsp;sigma-32&nbsp;factor,71.9
414684.RC1_0663,RC1_0663,"Hemin&nbsp;transport&nbsp;system&nbsp;permease&nbsp;protein,&nbsp;HmuU",71.9
414684.RC1_1361,RC1_1361,Chemotaxis&nbsp;MotB&nbsp;protein,71.9
414684.RC1_0104,trpD,Anthranilate&nbsp;phosphoribosyltransferase,71.8
414684.RC1_2970,RC1_2970,annotation&nbsp;not&nbsp;available,71.8
414684.RC1_0029,gatB,Aspartyl/glutamyl-tRNA(Asn/Gln)&nbsp;amidotransferase&nbsp;subunit&nbsp;B,71.8
414684.RC1_2642,RC1_2642,Identified&nbsp;by&nbsp;match&nbsp;to&nbsp;protein&nbsp;family&nbsp;HMM&nbsp;PF01832,71.8
414684.RC1_3102,thiO,Glycine&nbsp;oxidase&nbsp;ThiO,71.8
414684.RC1_1943,tdk,annotation&nbsp;not&nbsp;available,71.8
414684.RC1_0433,kdpD,Sensor&nbsp;protein&nbsp;KdpD,71.7
414684.RC1_0368,RC1_0368,ATP&nbsp;synthase&nbsp;subunit&nbsp;alpha,71.7
414684.RC1_1589,gor,Glutathione-disulfide&nbsp;reductase,71.7
414684.RC1_1565,RC1_1565,annotation&nbsp;not&nbsp;available,71.6
414684.RC1_3502,minD,Identified&nbsp;by&nbsp;match&nbsp;to&nbsp;protein&nbsp;family&nbsp;HMM&nbsp;PF05960,71.6
414684.RC1_0731,secY,Protein&nbsp;translocase&nbsp;subunit&nbsp;SecY,71.6
414684.RC1_3899,acrE,Acriflavine&nbsp;resistance&nbsp;protein&nbsp;E,71.6
414684.RC1_0969,RC1_0969,EF&nbsp;hand&nbsp;domain&nbsp;protein,71.6
414684.RC1_0698,rplA,50S&nbsp;ribosomal&nbsp;protein&nbsp;L1,71.5
414684.RC1_3007,RC1_3007,Aminotransferase,71.5
414684.RC1_3124,aapQ,General&nbsp;L-amino&nbsp;acid&nbsp;transport&nbsp;system&nbsp;permease&nbsp;protein&nbsp;AapQ,71.5
414684.RC1_1326,ihfA,Integration&nbsp;host&nbsp;factor&nbsp;subunit&nbsp;alpha,71.5
414684.RC1_1549,RC1_1549,"CDP-alcohol&nbsp;phosphatidyltransferase,&nbsp;putative",71.4
414684.RC1_1168,holB,annotation&nbsp;not&nbsp;available,71.4
414684.RC1_1458,potH,Putrescine&nbsp;transport&nbsp;system&nbsp;permease&nbsp;protein&nbsp;PotH,71.4
414684.RC1_4035,cydB,"Cytochrome&nbsp;D&nbsp;ubiquinol&nbsp;oxidase,&nbsp;subunit&nbsp;II",71.3
414684.RC1_0137,purU,Formyltetrahydrofolate&nbsp;deformylase,71.3
414684.RC1_1017,RC1_1017,annotation&nbsp;not&nbsp;available,71.3
414684.RC1_3803,RC1_3803,Histidine&nbsp;protein&nbsp;kinase&nbsp;DivJ&nbsp;(Or&nbsp;putative&nbsp;bacteriophytochrome),71.2
414684.RC1_0172,manC,Mannose-1-phosphate&nbsp;guanylyltransferase,71.2
414684.RC1_3573,RC1_3573,Dihydroorotase,71.2
414684.RC1_0198,RC1_0198,H+-transporting&nbsp;two-sector&nbsp;ATPase&nbsp;FliI,71.2
414684.RC1_2367,RC1_2367,Cobalamin&nbsp;biosynthesis&nbsp;protein&nbsp;CobD,71.1
414684.RC1_2211,RC1_2211,Periplasmic&nbsp;oligopeptide-binding&nbsp;protein,71.1
414684.RC1_0672,RC1_0672,Flagellar&nbsp;motor&nbsp;switch&nbsp;protein&nbsp;FliG,71.0
414684.RC1_2082,bchD,Mg-protoporphyrin&nbsp;IX&nbsp;chelatase,71.0
414684.RC1_2304,recR,Recombination&nbsp;protein&nbsp;RecR,70.9
414684.RC1_3915,RC1_3915,annotation&nbsp;not&nbsp;available,70.7
414684.RC1_0103,trpC,annotation&nbsp;not&nbsp;available,70.7
414684.RC1_1880,aatA,Aminotransferase,70.7
414684.RC1_1412,otsB,Trehalose&nbsp;6-phosphate&nbsp;phosphatase,70.7
414684.RC1_3299,hisF,Imidazole&nbsp;glycerol&nbsp;phosphate&nbsp;synthase&nbsp;subunit&nbsp;HisF,70.7
414684.RC1_4006,RC1_4006,Succinoglycan&nbsp;biosynthesis&nbsp;transport&nbsp;protein&nbsp;ExoP,70.6
414684.RC1_0540,RC1_0540,"Methyl-accepting&nbsp;chemotaxis&nbsp;protein,&nbsp;putative",70.6
414684.RC1_0650,RC1_0650,Enoyl-[acyl-carrier-protein]&nbsp;reductase&nbsp;[NADH],70.6
414684.RC1_2564,RC1_2564,"Efflux&nbsp;transporter,&nbsp;RND&nbsp;family,&nbsp;MFP&nbsp;subunit,&nbsp;putative",70.5
414684.RC1_1529,rnr,Ribonuclease&nbsp;R,70.5
414684.RC1_0482,fdxB,[Synonyms]&nbsp;ferredoxin&nbsp;2[4Fe-4S]&nbsp;III&nbsp;identified&nbsp;by&nbsp;match&nbsp;to&nbsp;protein&nbsp;family&nbsp;HMM&nbsp;PF00015&nbsp;match&nbsp;to&nbsp;protein&nbsp;family&nbsp;HMM&nbsp;PF00672,70.4
414684.RC1_3497,RC1_3497,annotation&nbsp;not&nbsp;available,70.3
414684.RC1_1446,RC1_1446,"ABC&nbsp;transporter,&nbsp;ATP-binding&nbsp;protein,&nbsp;putative",70.3
414684.RC1_2226,cyaB,Adenylate&nbsp;cyclase&nbsp;2,70.3
414684.RC1_0810,RC1_0810,Uncharacterized&nbsp;protein,70.1
