439497.RR11_2922,rpsF,30S&nbsp;ribosomal&nbsp;protein&nbsp;S6,98.9
439497.RR11_2970,RR11_2970,8-amino-7-oxononanoate&nbsp;synthase,98.9
439497.RR11_3162,pyrC,Dihydroorotase,98.9
439497.RR11_531,aroQ,3-dehydroquinate&nbsp;dehydratase,98.8
439497.RR11_2720,RR11_2720,Molybdopterin&nbsp;binding&nbsp;domain&nbsp;protein,98.8
439497.RR11_246,RR11_246,"Helix-turn-helix,&nbsp;type&nbsp;11&nbsp;domain&nbsp;protein",98.8
439497.RR11_251,soxZ,Sulfur&nbsp;oxidation&nbsp;Z&nbsp;protein,98.8
439497.RR11_1229,hyi,[G]&nbsp;COG1082&nbsp;Sugar&nbsp;phosphate&nbsp;isomerases/epimerases,98.8
439497.RR11_1712,RR11_1712,Spermidine/putrescine&nbsp;import&nbsp;ATP-binding&nbsp;protein&nbsp;PotA,98.7
439497.RR11_3152,RR11_3152,Diguanylate&nbsp;cyclase,98.7
439497.RR11_2863,def_1,Peptide&nbsp;deformylase,98.7
439497.RR11_1610,RR11_1610,Glyoxalase/bleomycin&nbsp;resistance&nbsp;protein/dioxygenase,98.6
439497.RR11_3220,mutL,DNA&nbsp;mismatch&nbsp;repair&nbsp;protein&nbsp;MutL,98.6
439497.RR11_1009,RR11_1009,"[T]&nbsp;COG2114&nbsp;Adenylate&nbsp;cyclase,&nbsp;family&nbsp;3&nbsp;(some&nbsp;proteins&nbsp;contain&nbsp;HAMP&nbsp;domain)",98.5
439497.RR11_265,RR11_265,"Proton-translocating&nbsp;NADH-quinone&nbsp;oxidoreductase,&nbsp;chain&nbsp;L&nbsp;subfamily",98.5
439497.RR11_141,RR11_141,[NT]&nbsp;COG0840&nbsp;Methyl-accepting&nbsp;chemotaxis&nbsp;protein,98.5
439497.RR11_3422,RR11_3422,PAP2&nbsp;superfamily&nbsp;protein,98.5
439497.RR11_385,RR11_385,"Oligo-1,6-glucosidase",98.5
439497.RR11_3053,amn,AMP&nbsp;nucleosidase,98.5
439497.RR11_358,RR11_358,[E]&nbsp;COG0347&nbsp;Nitrogen&nbsp;regulatory&nbsp;protein&nbsp;PII,98.4
439497.RR11_1280,tilS,tRNA(Ile)-lysidine&nbsp;synthase,98.4
439497.RR11_2151,recR,Recombination&nbsp;protein&nbsp;RecR,98.4
439497.RR11_1955,RR11_1955,Binding-protein-dependent&nbsp;transport&nbsp;systems&nbsp;inner&nbsp;membrane&nbsp;component,98.4
439497.RR11_2524,rafA,[G]&nbsp;COG3345&nbsp;Alpha-galactosidase,98.4
439497.RR11_1033,ilvN,"Acetolactate&nbsp;synthase,&nbsp;small&nbsp;subunit",98.3
439497.RR11_1786,RR11_1786,[O]&nbsp;COG0544&nbsp;FKBP-type&nbsp;peptidyl-prolyl&nbsp;cis-trans&nbsp;isomerase&nbsp;(trigger&nbsp;factor),98.3
439497.RR11_875,RR11_875,Sensory&nbsp;box&nbsp;histidine&nbsp;kinase/response&nbsp;regulator,98.3
439497.RR11_416,choV,"Choline&nbsp;ABC&nbsp;transporter,&nbsp;ATP-binding&nbsp;protein",98.3
439497.RR11_3134,RR11_3134,Short-chain&nbsp;dehydrogenase/reductase&nbsp;SDR,98.3
439497.RR11_1651,pcaC,4-carboxymuconolactone&nbsp;decarboxylase,98.2
439497.RR11_1118,RR11_1118,NAD-dependent&nbsp;epimerase/dehydratase,98.2
439497.RR11_2864,RR11_2864,[NT]&nbsp;COG0840&nbsp;Methyl-accepting&nbsp;chemotaxis&nbsp;protein,98.2
439497.RR11_2638,uppS,Isoprenyl&nbsp;transferase,98.1
439497.RR11_369,RR11_369,[I]&nbsp;COG0365&nbsp;Acyl-coenzyme&nbsp;A&nbsp;synthetases/AMP-(fatty)&nbsp;acid&nbsp;ligases,98.0
439497.RR11_1630,RR11_1630,"[EP]&nbsp;COG0601&nbsp;ABC-type&nbsp;dipeptide/oligopeptide/nickel&nbsp;transport&nbsp;systems,&nbsp;permease&nbsp;components",98.0
439497.RR11_1031,RR11_1031,Uncharacterized&nbsp;protein,97.9
439497.RR11_193,trpD,Anthranilate&nbsp;phosphoribosyltransferase,97.9
439497.RR11_186,RR11_186,[IQR]&nbsp;COG1028&nbsp;Dehydrogenases&nbsp;with&nbsp;different&nbsp;specificities&nbsp;(related&nbsp;to&nbsp;short-chain&nbsp;alcohol&nbsp;dehydrogenases),97.9
439497.RR11_2495,RR11_2495,Sporulation&nbsp;related,97.9
439497.RR11_616,RR11_616,Soluble&nbsp;pyridine&nbsp;nucleotide&nbsp;transhydrogenase&nbsp;(STH)(NAD(P)(+)&nbsp;transhydrogenase&nbsp;[B-specific]),97.8
439497.RR11_1673,plsX,Phosphate&nbsp;acyltransferase,97.8
439497.RR11_2030,RR11_2030,"Transcriptional&nbsp;regulator,&nbsp;LuxR&nbsp;family/hydrolase,&nbsp;alpha/beta&nbsp;fold&nbsp;family,&nbsp;putative",97.8
439497.RR11_2352,RR11_2352,Histidine&nbsp;kinase,97.8
439497.RR11_2785,dmsC,[R]&nbsp;COG3302&nbsp;DMSO&nbsp;reductase&nbsp;anchor&nbsp;subunit,97.7
439497.RR11_2380,RR11_2380,"Peptidase&nbsp;M56,&nbsp;BlaR1",97.7
439497.RR11_3185,metK,S-adenosylmethionine&nbsp;synthase,97.7
439497.RR11_1289,RR11_1289,[T]&nbsp;COG2172&nbsp;Anti-sigma&nbsp;regulatory&nbsp;factor&nbsp;(Ser/Thr&nbsp;protein&nbsp;kinase),97.7
439497.RR11_2887,RR11_2887,Deoxyguanosinetriphosphate&nbsp;triphosphohydrolase-like&nbsp;protein,97.7
439497.RR11_2575,RR11_2575,"Zinc/manganese/iron&nbsp;ABC&nbsp;transporter,&nbsp;permease&nbsp;protein",97.6
439497.RR11_3011,priA,Primosomal&nbsp;protein&nbsp;N',97.6
439497.RR11_2508,hemD,[H]&nbsp;COG1587&nbsp;Uroporphyrinogen-III&nbsp;synthase,97.5
439497.RR11_345,RR11_345,"Alcohol&nbsp;dehydrogenase,&nbsp;zinc-binding",97.5
439497.RR11_1348,kpsE,"Capsular&nbsp;polysaccharide&nbsp;export&nbsp;inner-membrane&nbsp;protein,&nbsp;BexC/CtrB/KpsE&nbsp;family",97.5
439497.RR11_1450,citE,[G]&nbsp;COG2301&nbsp;Citrate&nbsp;lyase&nbsp;beta&nbsp;subunit,97.5
439497.RR11_3631,RR11_3631,Histidine&nbsp;kinase,97.5
439497.RR11_3027,ooxA,Opine&nbsp;oxidase&nbsp;subunit&nbsp;A,97.3
439497.RR11_147,RR11_147,"Transcriptional&nbsp;regulator,&nbsp;GntR&nbsp;family",97.3
439497.RR11_2259,tsf,Elongation&nbsp;factor&nbsp;Ts,97.3
439497.RR11_606,argG,[E]&nbsp;COG0137&nbsp;Argininosuccinate&nbsp;synthase,97.3
439497.RR11_3648,RR11_3648,"Glutathione-dependent&nbsp;formaldehyde-activating,&nbsp;GFA",97.2
439497.RR11_731,RR11_731,"ABC&nbsp;transporter,&nbsp;ATP-binding&nbsp;protein",97.2
439497.RR11_255,RR11_255,DctQ,97.1
439497.RR11_2503,RR11_2503,[Q]&nbsp;COG2977&nbsp;Phosphopantetheinyl&nbsp;transferase&nbsp;component&nbsp;of&nbsp;siderophore&nbsp;synthetase,97.1
439497.RR11_2828,metF_2,"[E]&nbsp;COG0685&nbsp;5,10-methylenetetrahydrofolate&nbsp;reductase",97.1
439497.RR11_102,ordL,Oxidoreductase,97.1
439497.RR11_1801,RR11_1801,[E]&nbsp;COG0620&nbsp;Methionine&nbsp;synthase&nbsp;II&nbsp;(cobalamin-independent),97.1
439497.RR11_918,RR11_918,[TK]&nbsp;COG0745&nbsp;Response&nbsp;regulators&nbsp;consisting&nbsp;of&nbsp;a&nbsp;CheY-like&nbsp;receiver&nbsp;domain&nbsp;and&nbsp;a&nbsp;winged-helix&nbsp;DNA-binding&nbsp;domain,97.0
439497.RR11_245,galE,UDP-glucose&nbsp;4-epimerase,97.0
439497.RR11_1890,purL,Phosphoribosylformylglycinamidine&nbsp;synthase&nbsp;subunit&nbsp;PurL,97.0
439497.RR11_120,RR11_120,"Aldose&nbsp;1-epimerase,&nbsp;putative",96.9
439497.RR11_232,ribD,Riboflavin&nbsp;biosynthesis&nbsp;protein&nbsp;RibD,96.9
439497.RR11_2578,RR11_2578,[NT]&nbsp;COG0840&nbsp;Methyl-accepting&nbsp;chemotaxis&nbsp;protein,96.9
439497.RR11_1108,prfC,Peptide&nbsp;chain&nbsp;release&nbsp;factor&nbsp;3,96.9
439497.RR11_678,RR11_678,[I]&nbsp;COG1960&nbsp;Acyl-CoA&nbsp;dehydrogenases,96.9
439497.RR11_1930,RR11_1930,[I]&nbsp;COG1024&nbsp;Enoyl-CoA&nbsp;hydratase/carnithine&nbsp;racemase,96.8
439497.RR11_732,tyrS,Tyrosine--tRNA&nbsp;ligase,96.8
439497.RR11_654,RR11_654,Flagellar&nbsp;motor&nbsp;protein,96.8
439497.RR11_1748,aspS,Aspartate--tRNA(Asp/Asn)&nbsp;ligase,96.8
439497.RR11_3535,RR11_3535,[C]&nbsp;COG2857&nbsp;Cytochrome&nbsp;c1,96.8
439497.RR11_278,RR11_278,"ATPase,&nbsp;histidine&nbsp;kinase-,&nbsp;DNA&nbsp;gyrase&nbsp;B-,&nbsp;and&nbsp;HSP90-like&nbsp;domain&nbsp;protein",96.7
439497.RR11_1770,rsgA,Small&nbsp;ribosomal&nbsp;subunit&nbsp;biogenesis&nbsp;GTPase&nbsp;RsgA,96.7
439497.RR11_2535,sufB,FeS&nbsp;assembly&nbsp;protein&nbsp;SufB,96.6
439497.RR11_1282,tal,Probable&nbsp;transaldolase,96.6
439497.RR11_707,RR11_707,Phosphoserine&nbsp;aminotransferase,96.4
439497.RR11_765,phnD,"[P]&nbsp;COG3221&nbsp;ABC-type&nbsp;phosphate/phosphonate&nbsp;transport&nbsp;system,&nbsp;periplasmic&nbsp;component",96.4
439497.RR11_3420,RR11_3420,"Aminotransferase,&nbsp;class&nbsp;V",96.4
439497.RR11_3114,RR11_3114,"Glycosyl&nbsp;transferase,&nbsp;group&nbsp;1",96.4
439497.RR11_3350,mutY,A/G-specific&nbsp;adenine&nbsp;glycosylase,96.4
439497.RR11_2677,msrP,Protein-methionine-sulfoxide&nbsp;reductase&nbsp;catalytic&nbsp;subunit&nbsp;MsrP,96.3
439497.RR11_1051,pyrF,[F]&nbsp;COG0284&nbsp;Orotidine-5'-phosphate&nbsp;decarboxylase,96.3
439497.RR11_779,RR11_779,Acetyltransferase&nbsp;component&nbsp;of&nbsp;pyruvate&nbsp;dehydrogenase&nbsp;complex,96.2
439497.RR11_3097,RR11_3097,"Cytochrome&nbsp;c,&nbsp;class&nbsp;I",96.2
439497.RR11_2096,RR11_2096,Methyltransferase&nbsp;type&nbsp;11,96.2
439497.RR11_1633,RR11_1633,[F]&nbsp;COG0044&nbsp;Dihydroorotase&nbsp;and&nbsp;related&nbsp;cyclic&nbsp;amidohydrolases,96.1
439497.RR11_285,RR11_285,[O]&nbsp;COG1076&nbsp;DnaJ-domain-containing&nbsp;proteins&nbsp;1,96.0
439497.RR11_422,uvrC,UvrABC&nbsp;system&nbsp;protein&nbsp;C,96.0
439497.RR11_3303,tkt,Transketolase,96.0
439497.RR11_258,RR11_258,[E]&nbsp;COG0075&nbsp;Serine-pyruvate&nbsp;aminotransferase/archaeal&nbsp;aspartate&nbsp;aminotransferase,96.0
439497.RR11_2826,tyrB,[E]&nbsp;COG1448&nbsp;Aspartate/tyrosine/aromatic&nbsp;aminotransferase,95.9
439497.RR11_568,pgpA,Phosphatidylglycerophosphatase&nbsp;A,95.9
439497.RR11_1164,RR11_1164,Uncharacterized&nbsp;protein,95.9
439497.RR11_1422,RR11_1422,[O]&nbsp;COG0625&nbsp;Glutathione&nbsp;S-transferase,95.8
439497.RR11_771,ccmB,Heme&nbsp;exporter&nbsp;protein&nbsp;B,95.8
439497.RR11_2670,purB,Adenylosuccinate&nbsp;lyase,95.8
439497.RR11_624,RR11_624,Short-chain&nbsp;dehydrogenase/reductase&nbsp;SDR,95.7
439497.RR11_1053,RR11_1053,[M]&nbsp;COG0768&nbsp;Cell&nbsp;division&nbsp;protein&nbsp;FtsI/penicillin-binding&nbsp;protein&nbsp;2,95.7
439497.RR11_3441,dnaB,Replicative&nbsp;DNA&nbsp;helicase,95.7
439497.RR11_280,rnr,Ribonuclease&nbsp;R,95.7
439497.RR11_1225,RR11_1225,Short-chain&nbsp;dehydrogenase/reductase&nbsp;SDR,95.6
439497.RR11_1632,clpS,ATP-dependent&nbsp;Clp&nbsp;protease&nbsp;adapter&nbsp;protein&nbsp;ClpS,95.6
439497.RR11_2946,RR11_2946,"[E]&nbsp;COG1174&nbsp;ABC-type&nbsp;proline/glycine&nbsp;betaine&nbsp;transport&nbsp;systems,&nbsp;permease&nbsp;component",95.6
439497.RR11_1271,moaA_1,Molybdenum&nbsp;cofactor&nbsp;biosynthesis&nbsp;protein&nbsp;A,95.6
439497.RR11_821,paaJ,"Phenylacetate-CoA&nbsp;oxygenase,&nbsp;PaaJ&nbsp;subunit",95.6
439497.RR11_1430,RR11_1430,4-diphosphocytidyl-2C-methyl-D-erythritol&nbsp;synthase,95.4
439497.RR11_146,RR11_146,ABC-3,95.4
439497.RR11_1400,RR11_1400,Nitrogen&nbsp;regulation&nbsp;protein&nbsp;NtrB,95.4
439497.RR11_3621,dinP,DNA&nbsp;polymerase&nbsp;IV,95.4
439497.RR11_745,glyS,"[J]&nbsp;COG0751&nbsp;Glycyl-tRNA&nbsp;synthetase,&nbsp;beta&nbsp;subunit",95.4
439497.RR11_976,RR11_976,"Lipoprotein&nbsp;releasing&nbsp;system,&nbsp;transmembrane&nbsp;protein,&nbsp;LolC/E&nbsp;family",95.3
439497.RR11_221,RR11_221,Phosphoglycerate&nbsp;mutase,95.3
439497.RR11_2475,RR11_2475,Rhodanese&nbsp;domain&nbsp;protein,95.3
439497.RR11_1189,RR11_1189,Inner-membrane&nbsp;translocator,95.3
439497.RR11_1442,RR11_1442,"N-acetylmuramoyl-L-alanine&nbsp;amidase,&nbsp;family&nbsp;3",95.2
439497.RR11_808,RR11_808,"tRNA&nbsp;synthetase,&nbsp;class&nbsp;II",95.2
439497.RR11_1456,RR11_1456,Short-chain&nbsp;dehydrogenase/reductase&nbsp;SDR,95.1
439497.RR11_463,asd,Aspartate-semialdehyde&nbsp;dehydrogenase,95.1
439497.RR11_2934,serB,[E]&nbsp;COG0560&nbsp;Phosphoserine&nbsp;phosphatase,95.0
439497.RR11_2704,glyA_1,[E]&nbsp;COG0112&nbsp;Glycine/serine&nbsp;hydroxymethyltransferase,95.0
439497.RR11_730,RR11_730,"Response&nbsp;regulator,&nbsp;putative",95.0
439497.RR11_1499,rpsD,30S&nbsp;ribosomal&nbsp;protein&nbsp;S4,95.0
439497.RR11_1866,RR11_1866,"[EP]&nbsp;COG0601&nbsp;ABC-type&nbsp;dipeptide/oligopeptide/nickel&nbsp;transport&nbsp;systems,&nbsp;permease&nbsp;components",95.0
439497.RR11_3346,RR11_3346,[Q]&nbsp;COG2124&nbsp;Cytochrome&nbsp;P450,94.8
439497.RR11_3555,RR11_3555,"Oxidoreductase,&nbsp;zinc-binding&nbsp;dehydrogenase&nbsp;family",94.8
439497.RR11_1798,cobS_2,"Cobaltochelatase,&nbsp;CobS&nbsp;subunit",94.8
439497.RR11_1158,arcB,"[E]&nbsp;COG2423&nbsp;Predicted&nbsp;ornithine&nbsp;cyclodeaminase,&nbsp;mu-crystallin&nbsp;homolog",94.8
439497.RR11_2555,RR11_2555,Uncharacterized&nbsp;protein,94.8
439497.RR11_325,RR11_325,Molybdopterin&nbsp;oxidoreductase&nbsp;Fe4S4&nbsp;domain&nbsp;family&nbsp;protein,94.8
439497.RR11_3257,RR11_3257,Phosphonate&nbsp;C-P&nbsp;lyase&nbsp;system&nbsp;protein&nbsp;PhnH,94.7
439497.RR11_2802,prfA,Peptide&nbsp;chain&nbsp;release&nbsp;factor&nbsp;1,94.7
439497.RR11_2682,bioD,ATP-dependent&nbsp;dethiobiotin&nbsp;synthetase&nbsp;BioD,94.7
439497.RR11_3489,RR11_3489,[HC]&nbsp;COG0654&nbsp;2-polyprenyl-6-methoxyphenol&nbsp;hydroxylase&nbsp;and&nbsp;related&nbsp;FAD-dependent&nbsp;oxidoreductases,94.7
439497.RR11_2098,RR11_2098,"Cell&nbsp;shape&nbsp;determining&nbsp;protein,&nbsp;MreB/Mrl&nbsp;family",94.7
439497.RR11_2619,RR11_2619,[O]&nbsp;COG0625&nbsp;Glutathione&nbsp;S-transferase,94.7
439497.RR11_1431,RR11_1431,Uncharacterized&nbsp;protein,94.6
439497.RR11_888,hisB,[E]&nbsp;COG0131&nbsp;Imidazoleglycerol-phosphate&nbsp;dehydratase,94.6
439497.RR11_2636,lpxC,UDP-3-O-acyl-N-acetylglucosamine&nbsp;deacetylase,94.6
439497.RR11_884,RR11_884,"HAD-superfamily&nbsp;hydrolase&nbsp;subfamily&nbsp;IA,&nbsp;variant&nbsp;3",94.5
439497.RR11_814,rplA,50S&nbsp;ribosomal&nbsp;protein&nbsp;L1,94.5
439497.RR11_669,RR11_669,"Sugar&nbsp;ABC&nbsp;transporter,&nbsp;permease&nbsp;protein",94.5
439497.RR11_2940,RR11_2940,"Peptide/opine/nickel&nbsp;uptake&nbsp;family&nbsp;ABC&nbsp;transporter,&nbsp;periplasmic&nbsp;substrate-binding&nbsp;protein",94.4
439497.RR11_3494,rpsJ,30S&nbsp;ribosomal&nbsp;protein&nbsp;S10,94.4
439497.RR11_3339,pheS,[J]&nbsp;COG2024&nbsp;Phenylalanyl-tRNA&nbsp;synthetase&nbsp;alpha&nbsp;subunit&nbsp;(archaeal&nbsp;type),94.4
439497.RR11_2416,RR11_2416,"DNA-binding&nbsp;response&nbsp;regulator,&nbsp;LuxR&nbsp;family",94.4
439497.RR11_156,RR11_156,Peptidoglycan&nbsp;binding&nbsp;domain&nbsp;protein,94.4
439497.RR11_882,RR11_882,"[E]&nbsp;COG0765&nbsp;ABC-type&nbsp;amino&nbsp;acid&nbsp;transport&nbsp;system,&nbsp;permease&nbsp;component",94.4
439497.RR11_1991,carB,Carbamoyl-phosphate&nbsp;synthase&nbsp;large&nbsp;chain,94.3
439497.RR11_1661,ccoP,Cbb3-type&nbsp;cytochrome&nbsp;c&nbsp;oxidase&nbsp;subunit,94.3
439497.RR11_220,RR11_220,ROK&nbsp;domain&nbsp;protein,94.3
439497.RR11_957,RR11_957,"Transcriptional&nbsp;regulator,&nbsp;GntR&nbsp;family",94.3
439497.RR11_57,cheD,Protein-glutamine&nbsp;glutaminase,94.3
439497.RR11_2490,glcD,"Glycolate&nbsp;oxidase,&nbsp;subunit&nbsp;GlcD",94.3
439497.RR11_2774,RR11_2774,"Extracellular&nbsp;solute-binding&nbsp;protein,&nbsp;family&nbsp;5",94.3
439497.RR11_3079,RR11_3079,"[L]&nbsp;COG1466&nbsp;DNA&nbsp;polymerase&nbsp;III,&nbsp;delta&nbsp;subunit",94.2
439497.RR11_2488,argH,Argininosuccinate&nbsp;lyase,94.1
439497.RR11_1863,glyA_2,Serine&nbsp;hydroxymethyltransferase,94.1
439497.RR11_1305,RR11_1305,Ketoglutarate&nbsp;semialdehyde&nbsp;dehydrogenase,94.0
439497.RR11_932,proB,Glutamate&nbsp;5-kinase,94.0
439497.RR11_2860,phoB,Phosphate&nbsp;regulon&nbsp;transcriptional&nbsp;regulatory&nbsp;protein&nbsp;PhoB,94.0
439497.RR11_1312,RR11_1312,[E]&nbsp;COG1104&nbsp;Cysteine&nbsp;sulfinate&nbsp;desulfinase/cysteine&nbsp;desulfurase&nbsp;and&nbsp;related&nbsp;enzymes,94.0
439497.RR11_1011,frcA,"ABC&nbsp;transporter,&nbsp;nucleotide&nbsp;binding/ATPase&nbsp;protein&nbsp;(Sugar)",93.9
439497.RR11_405,rpiB,[G]&nbsp;COG0698&nbsp;Ribose&nbsp;5-phosphate&nbsp;isomerase&nbsp;RpiB,93.9
439497.RR11_924,sucD,Succinate--CoA&nbsp;ligase&nbsp;[ADP-forming]&nbsp;subunit&nbsp;alpha,93.8
439497.RR11_3458,RR11_3458,[R]&nbsp;COG0795&nbsp;Predicted&nbsp;permeases,93.8
439497.RR11_2191,addA,Double-strand&nbsp;break&nbsp;repair&nbsp;helicase&nbsp;AddA,93.7
439497.RR11_2307,RR11_2307,"Oxidoreductase,&nbsp;molybdopterin-binding",93.6
439497.RR11_1519,RR11_1519,Binding-protein-dependent&nbsp;transport&nbsp;systems&nbsp;inner&nbsp;membrane&nbsp;component,93.6
439497.RR11_19,RR11_19,Extracellular&nbsp;ligand-binding&nbsp;receptor,93.6
439497.RR11_1207,RR11_1207,"[G]&nbsp;COG1175&nbsp;ABC-type&nbsp;sugar&nbsp;transport&nbsp;systems,&nbsp;permease&nbsp;components",93.6
439497.RR11_1572,RR11_1572,[NT]&nbsp;COG0840&nbsp;Methyl-accepting&nbsp;chemotaxis&nbsp;protein,93.5
439497.RR11_1840,RR11_1840,[IQR]&nbsp;COG1028&nbsp;Dehydrogenases&nbsp;with&nbsp;different&nbsp;specificities&nbsp;(related&nbsp;to&nbsp;short-chain&nbsp;alcohol&nbsp;dehydrogenases),93.5
439497.RR11_380,RR11_380,Alanyl-transfer&nbsp;RNA&nbsp;synthetase&nbsp;domain&nbsp;protein,93.5
439497.RR11_397,RR11_397,Amidohydrolase&nbsp;3,93.5
439497.RR11_1895,RR11_1895,Histidine&nbsp;kinase,93.4
439497.RR11_8,hmuT,"Hemin&nbsp;ABC&nbsp;transporter,&nbsp;periplasmic&nbsp;hemin-binding&nbsp;protein",93.4
439497.RR11_2909,clpX,ATP-dependent&nbsp;Clp&nbsp;protease&nbsp;ATP-binding&nbsp;subunit&nbsp;ClpX,93.4
439497.RR11_89,RR11_89,TonB&nbsp;family&nbsp;C-terminal&nbsp;domain&nbsp;protein,93.3
439497.RR11_1397,RR11_1397,"Branched-chain&nbsp;amino&nbsp;acid&nbsp;ABC&nbsp;transporter,&nbsp;permease&nbsp;protein",93.2
439497.RR11_394,lpcC,Lipopolysaccharide&nbsp;core&nbsp;biosynthesis&nbsp;mannosyltransferase,93.2
439497.RR11_1479,rplV,50S&nbsp;ribosomal&nbsp;protein&nbsp;L22,93.2
439497.RR11_1521,RR11_1521,OmpA/MotB,93.2
439497.RR11_1665,RR11_1665,Ferric&nbsp;cations&nbsp;import&nbsp;ATP-binding&nbsp;protein&nbsp;FbpC&nbsp;2,93.1
439497.RR11_2700,RR11_2700,Uncharacterized&nbsp;protein,93.0
439497.RR11_1095,RR11_1095,KR&nbsp;domain&nbsp;family&nbsp;protein,93.0
439497.RR11_1565,RR11_1565,Tetratricopeptide&nbsp;TPR_2,93.0
439497.RR11_1347,kpsT,Capsular&nbsp;polysaccharide&nbsp;export&nbsp;ATP-binding&nbsp;protein,93.0
439497.RR11_946,RR11_946,"Zinc/manganese/iron&nbsp;ABC&nbsp;transporter,&nbsp;permease&nbsp;protein",92.9
439497.RR11_874,aatA,[E]&nbsp;COG0436&nbsp;Aspartate/tyrosine/aromatic&nbsp;aminotransferase,92.8
439497.RR11_349,regB,"[T]&nbsp;COG3852&nbsp;Signal&nbsp;transduction&nbsp;histidine&nbsp;kinase,&nbsp;nitrogen&nbsp;specific",92.8
439497.RR11_2695,RR11_2695,[QR]&nbsp;COG0500&nbsp;SAM-dependent&nbsp;methyltransferases,92.8
439497.RR11_1584,ruvB,Holliday&nbsp;junction&nbsp;ATP-dependent&nbsp;DNA&nbsp;helicase&nbsp;RuvB,92.7
439497.RR11_95,RR11_95,Acetolactate&nbsp;synthase&nbsp;large&nbsp;subunit,92.7
439497.RR11_2448,mmsB_2,[G]&nbsp;COG1023&nbsp;Predicted&nbsp;6-phosphogluconate&nbsp;dehydrogenase,92.7
439497.RR11_3580,RR11_3580,"D-isomer&nbsp;specific&nbsp;2-hydroxyacid&nbsp;dehydrogenase,&nbsp;NAD-binding",92.6
439497.RR11_1514,RR11_1514,"[C]&nbsp;COG2080&nbsp;Aerobic-type&nbsp;carbon&nbsp;monoxide&nbsp;dehydrogenase,&nbsp;small&nbsp;subunit&nbsp;CoxS/CutS&nbsp;homologs",92.6
439497.RR11_1648,rplR,50S&nbsp;ribosomal&nbsp;protein&nbsp;L18,92.6
439497.RR11_1909,murF,UDP-N-acetylmuramoyl-tripeptide--D-alanyl-D-alanine&nbsp;ligase,92.5
439497.RR11_3148,RR11_3148,Binding-protein-dependent&nbsp;transport&nbsp;systems&nbsp;inner&nbsp;membrane&nbsp;component,92.5
439497.RR11_185,purE,N5-carboxyaminoimidazole&nbsp;ribonucleotide&nbsp;mutase,92.5
439497.RR11_33,RR11_33,UDP-galactose-lipid&nbsp;carrier&nbsp;transferase,92.5
439497.RR11_491,RR11_491,[K]&nbsp;COG1609&nbsp;Transcriptional&nbsp;regulators,92.4
439497.RR11_1902,RR11_1902,Tetratricopeptide&nbsp;repeat&nbsp;domain&nbsp;protein,92.4
439497.RR11_139,znuC,Zinc&nbsp;import&nbsp;ATP-binding&nbsp;protein&nbsp;ZnuC,92.4
439497.RR11_2389,aldY_1,[C]&nbsp;COG1012&nbsp;NAD-dependent&nbsp;aldehyde&nbsp;dehydrogenases,92.4
439497.RR11_3112,RR11_3112,"[G]&nbsp;COG1175&nbsp;ABC-type&nbsp;sugar&nbsp;transport&nbsp;systems,&nbsp;permease&nbsp;components",92.4
439497.RR11_554,RR11_554,PfkB,92.4
439497.RR11_657,RR11_657,Phenylacetic&nbsp;acid&nbsp;catabolic&nbsp;family&nbsp;protein,92.4
439497.RR11_2366,RR11_2366,Methyltransferase,92.3
439497.RR11_663,mcpA_1,[NT]&nbsp;COG0840&nbsp;Methyl-accepting&nbsp;chemotaxis&nbsp;protein,92.3
439497.RR11_947,cheB_1,Protein-glutamate&nbsp;methylesterase,92.3
439497.RR11_1487,RR11_1487,Von&nbsp;Willebrand&nbsp;factor&nbsp;type&nbsp;A&nbsp;domain&nbsp;protein,92.3
439497.RR11_1790,purQ,Phosphoribosylformylglycinamidine&nbsp;synthase&nbsp;subunit&nbsp;PurQ,92.2
439497.RR11_699,secF,Protein-export&nbsp;membrane&nbsp;protein&nbsp;SecF,92.2
439497.RR11_816,deoC,Deoxyribose-phosphate&nbsp;aldolase,92.1
439497.RR11_3503,mccB,[I]&nbsp;COG0777&nbsp;Acetyl-CoA&nbsp;carboxylase&nbsp;beta&nbsp;subunit,92.0
439497.RR11_233,RR11_233,3-ketoacyl-(Acyl-carrier-protein)&nbsp;reductase,92.0
439497.RR11_2527,RR11_2527,[NT]&nbsp;COG0840&nbsp;Methyl-accepting&nbsp;chemotaxis&nbsp;protein,92.0
439497.RR11_1071,pmtA,Phosphatidylethanolamine&nbsp;N-methyltransferase,91.9
439497.RR11_898,RR11_898,FAD&nbsp;dependent&nbsp;oxidoreductase,91.9
439497.RR11_1849,RR11_1849,[TK]&nbsp;COG0745&nbsp;Response&nbsp;regulators&nbsp;consisting&nbsp;of&nbsp;a&nbsp;CheY-like&nbsp;receiver&nbsp;domain&nbsp;and&nbsp;a&nbsp;winged-helix&nbsp;DNA-binding&nbsp;domain,91.9
439497.RR11_862,RR11_862,D-alanine&nbsp;aminotransferase,91.9
439497.RR11_3619,RR11_3619,Acetyltransferase&nbsp;or&nbsp;hydrolase,91.8
439497.RR11_2340,deoD,Purine&nbsp;nucleoside&nbsp;phosphorylase&nbsp;DeoD-type,91.8
439497.RR11_334,RR11_334,Uba/thif-type&nbsp;NAD/fad&nbsp;binding&nbsp;fold&nbsp;protein,91.7
439497.RR11_2756,ribA,GTP&nbsp;cyclohydrolase-2,91.6
439497.RR11_3331,idhA_2,[R]&nbsp;COG0673&nbsp;Predicted&nbsp;dehydrogenases&nbsp;and&nbsp;related&nbsp;proteins,91.5
439497.RR11_1810,RR11_1810,[EM]&nbsp;COG0329&nbsp;Dihydrodipicolinate&nbsp;synthase/N-acetylneuraminate&nbsp;lyase,91.5
439497.RR11_2430,RR11_2430,"Two&nbsp;component&nbsp;transcriptional&nbsp;regulator,&nbsp;winged&nbsp;helix&nbsp;family",91.5
439497.RR11_103,RR11_103,[M]&nbsp;COG1596&nbsp;Periplasmic&nbsp;protein&nbsp;involved&nbsp;in&nbsp;polysaccharide&nbsp;export,91.4
439497.RR11_2264,soxD,[C]&nbsp;COG3474&nbsp;Cytochrome&nbsp;c2,91.4
439497.RR11_3563,apt,Adenine&nbsp;phosphoribosyltransferase,91.4
439497.RR11_2988,pccB_2,"[I]&nbsp;COG4799&nbsp;Acetyl-CoA&nbsp;carboxylase,&nbsp;carboxyltransferase&nbsp;component&nbsp;(subunits&nbsp;alpha&nbsp;and&nbsp;beta)",91.4
439497.RR11_1307,RR11_1307,[I]&nbsp;COG1960&nbsp;Acyl-CoA&nbsp;dehydrogenases,91.4
439497.RR11_2926,argB,Acetylglutamate&nbsp;kinase,91.4
439497.RR11_2727,RR11_2727,"Aminotransferase,&nbsp;class&nbsp;I&nbsp;and&nbsp;II",91.4
439497.RR11_537,RR11_537,[FP]&nbsp;COG0248&nbsp;Exopolyphosphatase,91.3
439497.RR11_2132,RR11_2132,Surface&nbsp;antigen,91.3
439497.RR11_2473,ccmE,Cytochrome&nbsp;c-type&nbsp;biogenesis&nbsp;protein&nbsp;CcmE,91.3
439497.RR11_2365,RR11_2365,Peroxisomal&nbsp;bifunctional&nbsp;enzyme,91.3
439497.RR11_2795,rplJ,50S&nbsp;ribosomal&nbsp;protein&nbsp;L10,91.2
439497.RR11_2198,acnA,Aconitate&nbsp;hydratase,91.2
439497.RR11_214,soxC,Sulfur&nbsp;oxidation&nbsp;molybdopterin&nbsp;C&nbsp;protein,91.2
439497.RR11_697,RR11_697,MaoC&nbsp;domain&nbsp;protein,91.1
439497.RR11_1590,RR11_1590,annotation&nbsp;not&nbsp;available,91.1
439497.RR11_1199,idhA_1,[R]&nbsp;COG0673&nbsp;Predicted&nbsp;dehydrogenases&nbsp;and&nbsp;related&nbsp;proteins,91.0
439497.RR11_2899,RR11_2899,Hydantoinase/oxoprolinase,91.0
439497.RR11_87,RR11_87,"Oligopeptide/dipeptide&nbsp;ABC&nbsp;transporter,&nbsp;permease&nbsp;protein",91.0
439497.RR11_3612,RR11_3612,Aminoglycoside&nbsp;phosphotransferase,90.9
439497.RR11_1485,RR11_1485,[I]&nbsp;COG0183&nbsp;Acetyl-CoA&nbsp;acetyltransferase,90.9
439497.RR11_3375,prfB,Peptide&nbsp;chain&nbsp;release&nbsp;factor&nbsp;2,90.9
439497.RR11_3135,RR11_3135,[E]&nbsp;COG4583&nbsp;Sarcosine&nbsp;oxidase&nbsp;gamma&nbsp;subunit,90.9
439497.RR11_420,RR11_420,"Transcriptional&nbsp;regulator,&nbsp;MerR&nbsp;family",90.9
439497.RR11_1626,hpt,[R]&nbsp;COG2236&nbsp;Predicted&nbsp;phosphoribosyltransferases,90.9
439497.RR11_998,RR11_998,"RNA&nbsp;methyltransferase,&nbsp;TrmH&nbsp;family,&nbsp;group&nbsp;3",90.8
439497.RR11_2867,rpsA,30S&nbsp;ribosomal&nbsp;protein&nbsp;S1,90.8
439497.RR11_1775,xsc,Sulfoacetaldehyde&nbsp;acetyltransferase,90.7
439497.RR11_2489,paaK,Phenylacetic&nbsp;acid&nbsp;degradation&nbsp;oxidoreductase&nbsp;PaaK,90.7
439497.RR11_803,RR11_803,"Extracellular&nbsp;solute-binding&nbsp;protein,&nbsp;family&nbsp;1",90.6
439497.RR11_1114,bhbD,[I]&nbsp;COG1250&nbsp;3-hydroxyacyl-CoA&nbsp;dehydrogenase,90.6
439497.RR11_3393,RR11_3393,Glutamyl-Q&nbsp;tRNA(Asp)&nbsp;synthetase,90.6
439497.RR11_1343,RR11_1343,"Aldehyde&nbsp;oxidase&nbsp;and&nbsp;xanthine&nbsp;dehydrogenase,&nbsp;molybdopterin&nbsp;binding",90.6
439497.RR11_2208,RR11_2208,Short-chain&nbsp;dehydrogenase/reductase&nbsp;SDR,90.6
439497.RR11_412,RR11_412,RelA/SpoT&nbsp;family&nbsp;protein,90.5
439497.RR11_21,RR11_21,NADH/ubiquinone/plastoquinone,90.5
439497.RR11_3630,RR11_3630,HhH-GPD,90.5
439497.RR11_2109,thiS,[H]&nbsp;COG2104&nbsp;Sulfur&nbsp;transfer&nbsp;protein&nbsp;involved&nbsp;in&nbsp;thiamine&nbsp;biosynthesis,90.4
439497.RR11_1578,alkK,[IQ]&nbsp;COG0318&nbsp;Acyl-CoA&nbsp;synthetases&nbsp;(AMP-forming)/AMP-acid&nbsp;ligases&nbsp;II,90.3
439497.RR11_1341,RR11_1341,Ribose&nbsp;import&nbsp;ATP-binding&nbsp;protein&nbsp;RbsA,90.3
439497.RR11_2654,RR11_2654,Sensor&nbsp;histidine&nbsp;kinase/response&nbsp;regulator,90.3
439497.RR11_1150,RR11_1150,Hypothetical&nbsp;oxidoreductase,90.3
439497.RR11_2572,ureD,Urease&nbsp;accessory&nbsp;protein&nbsp;UreD,90.2
439497.RR11_633,RR11_633,Adenylate/guanylate&nbsp;cyclase,90.1
439497.RR11_3127,RR11_3127,Nodulation&nbsp;protein&nbsp;E,90.1
439497.RR11_919,RR11_919,[T]&nbsp;COG0642&nbsp;Signal&nbsp;transduction&nbsp;histidine&nbsp;kinase,90.1
439497.RR11_1287,garD,[G]&nbsp;COG2721&nbsp;Altronate&nbsp;dehydratase,90.0
439497.RR11_1938,RR11_1938,"[E]&nbsp;COG1410&nbsp;Methionine&nbsp;synthase&nbsp;I,&nbsp;cobalamin-binding&nbsp;domain",90.0
439497.RR11_1201,RR11_1201,"ATPase,&nbsp;histidine&nbsp;kinase-,&nbsp;DNA&nbsp;gyrase&nbsp;B-,&nbsp;and&nbsp;HSP90-like&nbsp;domain&nbsp;protein",90.0
439497.RR11_2684,RR11_2684,Uncharacterized&nbsp;protein,89.9
439497.RR11_417,gstA,[O]&nbsp;COG0625&nbsp;Glutathione&nbsp;S-transferase,89.9
439497.RR11_2622,cyaF,"[T]&nbsp;COG2114&nbsp;Adenylate&nbsp;cyclase,&nbsp;family&nbsp;3&nbsp;(some&nbsp;proteins&nbsp;contain&nbsp;HAMP&nbsp;domain)",89.9
439497.RR11_3113,hutG,[E]&nbsp;COG3741&nbsp;N-formylglutamate&nbsp;amidohydrolase,89.9
439497.RR11_1627,RR11_1627,"4Fe-4S&nbsp;ferredoxin,&nbsp;iron-sulfur&nbsp;binding",89.8
439497.RR11_3291,etf,Electrotransfer&nbsp;ubiquinone&nbsp;oxidoreductase&nbsp;protein,89.8
439497.RR11_3524,RR11_3524,[T]&nbsp;COG4191&nbsp;Signal&nbsp;transduction&nbsp;histidine&nbsp;kinase&nbsp;regulating&nbsp;C4-dicarboxylate&nbsp;transport&nbsp;system,89.7
439497.RR11_3607,RR11_3607,annotation&nbsp;not&nbsp;available,89.7
439497.RR11_1680,RR11_1680,"[E]&nbsp;COG0559&nbsp;Branched-chain&nbsp;amino&nbsp;acid&nbsp;ABC-type&nbsp;transport&nbsp;system,&nbsp;permease&nbsp;components",89.7
439497.RR11_2852,sucA,"[C]&nbsp;COG1071&nbsp;Pyruvate/2-oxoglutarate&nbsp;dehydrogenase&nbsp;complex,&nbsp;dehydrogenase&nbsp;(E1)&nbsp;component,&nbsp;eukaryotic&nbsp;type,&nbsp;alpha&nbsp;subunit",89.6
439497.RR11_1100,nusA,Transcription&nbsp;termination/antitermination&nbsp;protein&nbsp;NusA,89.6
439497.RR11_2652,RR11_2652,"Lipoprotein,&nbsp;SmpA/OmlA&nbsp;family",89.5
439497.RR11_596,RR11_596,[C]&nbsp;COG2864&nbsp;Cytochrome&nbsp;b&nbsp;subunit&nbsp;of&nbsp;formate&nbsp;dehydrogenase,89.5
439497.RR11_433,RR11_433,"Branched-chain&nbsp;amino&nbsp;acid&nbsp;ABC&nbsp;transporter,&nbsp;ATP-binding&nbsp;protein",89.5
439497.RR11_2003,RR11_2003,[E]&nbsp;COG0031&nbsp;Cysteine&nbsp;synthase,89.5
439497.RR11_1155,RR11_1155,"[E]&nbsp;COG0683&nbsp;ABC-type&nbsp;branched-chain&nbsp;amino&nbsp;acid&nbsp;transport&nbsp;systems,&nbsp;periplasmic&nbsp;component",89.4
439497.RR11_714,nagA,N-acetylglucosamine-6-phosphate&nbsp;deacetylase,89.4
439497.RR11_2460,RR11_2460,"[EP]&nbsp;COG1173&nbsp;ABC-type&nbsp;dipeptide/oligopeptide/nickel&nbsp;transport&nbsp;systems,&nbsp;permease&nbsp;components",89.4
439497.RR11_3001,RR11_3001,Short-chain&nbsp;dehydrogenase/reductase&nbsp;SDR,89.4
439497.RR11_2796,ureG,Urease&nbsp;accessory&nbsp;protein&nbsp;UreG,89.4
439497.RR11_1995,deaD,Cold-shock&nbsp;deAd-box&nbsp;protein&nbsp;a,89.4
439497.RR11_3656,RR11_3656,3-beta&nbsp;hydroxysteroid&nbsp;dehydrogenase/isomerase,89.3
439497.RR11_362,nuoM,[C]&nbsp;COG1008&nbsp;NADH:ubiquinone&nbsp;oxidoreductase&nbsp;subunit&nbsp;4&nbsp;(chain&nbsp;M),89.3
439497.RR11_1226,RR11_1226,"[O]&nbsp;COG0425&nbsp;Predicted&nbsp;redox&nbsp;protein,&nbsp;regulator&nbsp;of&nbsp;disulfide&nbsp;bond&nbsp;formation",89.3
439497.RR11_3365,RR11_3365,"ABC&nbsp;transporter,&nbsp;ATP-binding&nbsp;protein",89.3
439497.RR11_2358,urtE,"Urea&nbsp;ABC&nbsp;transporter,&nbsp;ATP-binding&nbsp;protein&nbsp;UrtE",89.3
439497.RR11_995,RR11_995,[NT]&nbsp;COG0840&nbsp;Methyl-accepting&nbsp;chemotaxis&nbsp;protein,89.3
439497.RR11_639,gloB,Hydroxyacylglutathione&nbsp;hydrolase,89.2
439497.RR11_752,RR11_752,Oligopeptide/dipeptide&nbsp;transporter&nbsp;domain&nbsp;family&nbsp;protein,89.2
439497.RR11_327,RR11_327,PQQ&nbsp;enzyme&nbsp;repeat&nbsp;family&nbsp;protein,89.2
439497.RR11_2070,RR11_2070,ABC&nbsp;transporter&nbsp;component,89.2
439497.RR11_1074,ureB,Urease&nbsp;subunit&nbsp;beta,89.2
439497.RR11_1778,gor,Glutathione-disulfide&nbsp;reductase,89.1
439497.RR11_3267,moeA,[H]&nbsp;COG0303&nbsp;Molybdopterin&nbsp;biosynthesis&nbsp;enzyme,89.1
439497.RR11_3238,RR11_3238,Decarboxylase&nbsp;family&nbsp;protein,89.1
439497.RR11_2587,RR11_2587,Periplasmic&nbsp;sensor&nbsp;hybrid&nbsp;histidine&nbsp;kinase,89.1
439497.RR11_2468,RR11_2468,"RND&nbsp;transporter,&nbsp;HAE1/HME&nbsp;family,&nbsp;permease&nbsp;protein",89.1
439497.RR11_3141,RR11_3141,[I]&nbsp;COG0204&nbsp;1-acyl-sn-glycerol-3-phosphate&nbsp;acyltransferase,89.1
439497.RR11_3464,mmsB_1,[G]&nbsp;COG0362&nbsp;6-phosphogluconate&nbsp;dehydrogenase,89.1
439497.RR11_587,ccoO,"[C]&nbsp;COG2993&nbsp;Cbb3-type&nbsp;cytochrome&nbsp;oxidase,&nbsp;cytochrome&nbsp;c&nbsp;subunit",89.1
439497.RR11_1492,RR11_1492,annotation&nbsp;not&nbsp;available,89.0
439497.RR11_1042,pckA,Phosphoenolpyruvate&nbsp;carboxykinase&nbsp;(ATP),89.0
439497.RR11_374,RR11_374,annotation&nbsp;not&nbsp;available,89.0
439497.RR11_728,RR11_728,[L]&nbsp;COG0350&nbsp;Methylated&nbsp;DNA-protein&nbsp;cysteine&nbsp;methyltransferase,89.0
439497.RR11_2462,RR11_2462,Cyclic&nbsp;nucleotide-binding&nbsp;protein,89.0
439497.RR11_2168,flgC,Flagellar&nbsp;basal-body&nbsp;rod&nbsp;protein&nbsp;FlgC,88.9
439497.RR11_2238,RR11_2238,[C]&nbsp;COG1012&nbsp;NAD-dependent&nbsp;aldehyde&nbsp;dehydrogenases,88.9
439497.RR11_376,dnaN,Beta&nbsp;sliding&nbsp;clamp,88.8
439497.RR11_3415,purF,Amidophosphoribosyltransferase,88.8
439497.RR11_2076,RR11_2076,Sensor&nbsp;histidine&nbsp;kinase,88.8
439497.RR11_3100,uppP,Undecaprenyl-diphosphatase,88.8
439497.RR11_1749,RR11_1749,[G]&nbsp;COG2723&nbsp;Beta-glucosidase/6-phospho-beta-glucosidase/beta-&nbsp;galactosidase,88.7
439497.RR11_172,RR11_172,[M]&nbsp;COG2951&nbsp;Membrane-bound&nbsp;lytic&nbsp;murein&nbsp;transglycosylase&nbsp;B,88.7
439497.RR11_1542,rpsR,30S&nbsp;ribosomal&nbsp;protein&nbsp;S18,88.7
439497.RR11_3525,flgG,[N]&nbsp;COG1558&nbsp;Flagellar&nbsp;basal&nbsp;body&nbsp;rod&nbsp;protein,88.6
439497.RR11_2271,RR11_2271,"[EP]&nbsp;COG1173&nbsp;ABC-type&nbsp;dipeptide/oligopeptide/nickel&nbsp;transport&nbsp;systems,&nbsp;permease&nbsp;components",88.6
439497.RR11_7,RR11_7,"Polar&nbsp;amino&nbsp;acid&nbsp;uptake&nbsp;family&nbsp;ABC&nbsp;transporter,&nbsp;permease&nbsp;protein",88.6
439497.RR11_2882,RR11_2882,[C]&nbsp;COG0584&nbsp;Glycerophosphoryl&nbsp;diester&nbsp;phosphodiesterase,88.6
439497.RR11_2255,aroE,[E]&nbsp;COG0169&nbsp;Shikimate&nbsp;5-dehydrogenase,88.5
439497.RR11_3360,cobT_1,Nicotinate-nucleotide--dimethylbenzimidazole&nbsp;phosphoribosyltransferase,88.5
439497.RR11_1306,RR11_1306,ABC&nbsp;transporter&nbsp;substrate&nbsp;binding&nbsp;protein,88.4
439497.RR11_3585,leuS,Leucine--tRNA&nbsp;ligase,88.4
439497.RR11_984,RR11_984,"Sarcosine&nbsp;oxidase,&nbsp;delta&nbsp;subunit,&nbsp;heterotetrameric",88.4
439497.RR11_2157,ctaA,Heme&nbsp;A&nbsp;synthase,88.4
439497.RR11_47,lipA_2,Lipoyl&nbsp;synthase,88.3
439497.RR11_1351,RR11_1351,Inner-membrane&nbsp;translocator,88.3
439497.RR11_1372,RR11_1372,"[R]&nbsp;COG4666&nbsp;TRAP-type&nbsp;uncharacterized&nbsp;transport&nbsp;system,&nbsp;fused&nbsp;permease&nbsp;components",88.3
439497.RR11_1573,RR11_1573,[S]&nbsp;COG3904&nbsp;Predicted&nbsp;periplasmic&nbsp;protein,88.3
439497.RR11_3269,rpsB,[J]&nbsp;COG0052&nbsp;Ribosomal&nbsp;protein&nbsp;S2,88.3
439497.RR11_3310,RR11_3310,Twin-arginine&nbsp;translocation&nbsp;pathway&nbsp;signal,88.2
439497.RR11_2329,phnC,Phosphonates&nbsp;import&nbsp;ATP-binding&nbsp;protein&nbsp;PhnC,88.2
439497.RR11_3573,RR11_3573,DoxX,88.2
439497.RR11_693,sdhB,"[C]&nbsp;COG0479&nbsp;Succinate&nbsp;dehydrogenase/fumarate&nbsp;reductase,&nbsp;Fe-S&nbsp;protein&nbsp;subunit",88.2
439497.RR11_2561,trpC,[E]&nbsp;COG0134&nbsp;Indole-3-glycerol&nbsp;phosphate&nbsp;synthase,88.2
439497.RR11_398,xseA,Exodeoxyribonuclease&nbsp;7&nbsp;large&nbsp;subunit,88.2
439497.RR11_93,RR11_93,Inner-membrane&nbsp;translocator,88.2
439497.RR11_580,RR11_580,Uncharacterized&nbsp;protein,88.1
439497.RR11_2973,RR11_2973,Amidohydrolase&nbsp;family&nbsp;protein,88.0
439497.RR11_1908,RR11_1908,"2',3'-cyclic-nucleotide&nbsp;2'-phosphodiesterase",88.0
439497.RR11_1631,RR11_1631,Branched-chain-amino-acid&nbsp;aminotransferase,88.0
439497.RR11_1062,RR11_1062,"NADH-ubiquinone&nbsp;oxidoreductase,&nbsp;chain&nbsp;4l",87.9
439497.RR11_1195,rplM,50S&nbsp;ribosomal&nbsp;protein&nbsp;L13,87.9
439497.RR11_2726,RR11_2726,Membrane&nbsp;protein,87.9
439497.RR11_54,RR11_54,Negative&nbsp;regulator&nbsp;of&nbsp;sigma-B,87.9
439497.RR11_2350,RR11_2350,Glutamate&nbsp;synthase&nbsp;small&nbsp;chain,87.9
439497.RR11_819,tadA,tRNA-specific&nbsp;adenosine&nbsp;deaminase,87.9
439497.RR11_3206,RR11_3206,"[I]&nbsp;COG2185&nbsp;Methylmalonyl-CoA&nbsp;mutase,&nbsp;C-terminal&nbsp;domain/subunit&nbsp;(cobalamin-binding)",87.8
439497.RR11_2580,yajC,[U]&nbsp;COG1862&nbsp;Preprotein&nbsp;translocase&nbsp;subunit&nbsp;YajC,87.8
439497.RR11_1974,RR11_1974,"Transcriptional&nbsp;regulator,&nbsp;LacI&nbsp;family",87.8
439497.RR11_2084,purK,N5-carboxyaminoimidazole&nbsp;ribonucleotide&nbsp;synthase,87.7
439497.RR11_2820,RR11_2820,"Metal-dependent&nbsp;phosphohydrolase,&nbsp;HD&nbsp;subdomain",87.7
439497.RR11_2858,gyrB,DNA&nbsp;gyrase&nbsp;subunit&nbsp;B,87.7
439497.RR11_249,RR11_249,Phosphoadenylyl-sulfate&nbsp;reductase&nbsp;(thioredoxin),87.6
439497.RR11_1234,mst,[P]&nbsp;COG2897&nbsp;Rhodanese-related&nbsp;sulfurtransferase,87.6
439497.RR11_3383,RR11_3383,[U]&nbsp;COG4961&nbsp;Flp&nbsp;pilus&nbsp;assembly&nbsp;protein&nbsp;TadG,87.6
439497.RR11_700,lysS,Lysine--tRNA&nbsp;ligase,87.6
439497.RR11_727,hfq,RNA-binding&nbsp;protein&nbsp;Hfq,87.6
439497.RR11_1488,RR11_1488,[T]&nbsp;COG0642&nbsp;Signal&nbsp;transduction&nbsp;histidine&nbsp;kinase,87.6
439497.RR11_3380,RR11_3380,"Extracellular&nbsp;solute-binding&nbsp;protein,&nbsp;family&nbsp;3",87.6
439497.RR11_2501,thiQ,Thiamine&nbsp;import&nbsp;ATP-binding&nbsp;protein&nbsp;ThiQ,87.5
439497.RR11_3520,pyrE,Orotate&nbsp;phosphoribosyltransferase,87.5
439497.RR11_1401,dehII,"Haloacid&nbsp;dehalogenase,&nbsp;type&nbsp;II",87.5
439497.RR11_2843,ilvB,Acetolactate&nbsp;synthase,87.5
439497.RR11_3076,RR11_3076,Histidinol-phosphate&nbsp;aminotransferase,87.5
439497.RR11_1608,RR11_1608,NAD-dependent&nbsp;epimerase/dehydratase,87.5
439497.RR11_2961,RR11_2961,Zinc-type&nbsp;alcohol&nbsp;dehydrogenase-like&nbsp;protein,87.5
439497.RR11_2718,RR11_2718,"RNA&nbsp;polymerase,&nbsp;sigma&nbsp;32&nbsp;subunit,&nbsp;RpoH",87.4
439497.RR11_928,rpsS,30S&nbsp;ribosomal&nbsp;protein&nbsp;S19,87.4
439497.RR11_1730,RR11_1730,OsmC&nbsp;family&nbsp;protein,87.4
439497.RR11_194,rplC,50S&nbsp;ribosomal&nbsp;protein&nbsp;L3,87.4
439497.RR11_687,pepN,[E]&nbsp;COG0308&nbsp;Aminopeptidase&nbsp;N,87.4
439497.RR11_3442,glk,Glucokinase,87.3
439497.RR11_1258,RR11_1258,Poly-beta-hydroxybutyrate&nbsp;polymerase,87.3
439497.RR11_82,gcvH_2,Glycine&nbsp;cleavage&nbsp;system&nbsp;H&nbsp;protein,87.3
439497.RR11_659,RR11_659,Hydroxydechloroatrazine&nbsp;ethylaminohydrolase,87.2
439497.RR11_2757,RR11_2757,"Transcriptional&nbsp;repressor,&nbsp;CopY&nbsp;family",87.1
439497.RR11_2798,RR11_2798,"Aldehyde&nbsp;dehydrogenase,&nbsp;thermostable",87.1
439497.RR11_243,RR11_243,"3-ketoacyl-CoA&nbsp;thiolase&nbsp;1,&nbsp;peroxisomal",87.1
439497.RR11_100,RR11_100,"Oligopeptide/dipeptide&nbsp;ABC&nbsp;transporter,&nbsp;permease&nbsp;protein",87.1
439497.RR11_389,lpxD,UDP-3-O-3-hydroxymyristoyl&nbsp;glucosamine&nbsp;N-acyltransferase,87.1
439497.RR11_3437,RR11_3437,50S&nbsp;ribosomal&nbsp;protein&nbsp;L25,87.0
439497.RR11_1637,RR11_1637,[H]&nbsp;COG0352&nbsp;Thiamine&nbsp;monophosphate&nbsp;synthase,87.0
439497.RR11_981,gmk,Guanylate&nbsp;kinase,87.0
439497.RR11_1996,RR11_1996,Short-chain&nbsp;dehydrogenase/reductase&nbsp;SDR,86.9
439497.RR11_2833,RR11_2833,Glyoxalase/bleomycin&nbsp;resistance&nbsp;protein/dioxygenase,86.9
439497.RR11_2465,htrA,"[O]&nbsp;COG0265&nbsp;Trypsin-like&nbsp;serine&nbsp;proteases,&nbsp;typically&nbsp;periplasmic,&nbsp;contain&nbsp;C-terminal&nbsp;PDZ&nbsp;domain",86.9
439497.RR11_457,RR11_457,[E]&nbsp;COG0287&nbsp;Prephenate&nbsp;dehydrogenase,86.9
439497.RR11_781,fadE,[I]&nbsp;COG1960&nbsp;Acyl-CoA&nbsp;dehydrogenases,86.8
439497.RR11_1963,gyaR,Glyoxylate&nbsp;reductase,86.8
439497.RR11_2193,rpsN,30S&nbsp;ribosomal&nbsp;protein&nbsp;S14,86.8
439497.RR11_2009,RR11_2009,Aldehyde&nbsp;dehydrogenase&nbsp;family&nbsp;protein,86.8
439497.RR11_1406,RR11_1406,"[P]&nbsp;COG0226&nbsp;ABC-type&nbsp;phosphate&nbsp;transport&nbsp;system,&nbsp;periplasmic&nbsp;component",86.8
439497.RR11_1328,RR11_1328,"[E]&nbsp;COG0683&nbsp;ABC-type&nbsp;branched-chain&nbsp;amino&nbsp;acid&nbsp;transport&nbsp;systems,&nbsp;periplasmic&nbsp;component",86.7
439497.RR11_986,RR11_986,[M]&nbsp;COG0768&nbsp;Cell&nbsp;division&nbsp;protein&nbsp;FtsI/penicillin-binding&nbsp;protein&nbsp;2,86.7
439497.RR11_2456,gatC,Aspartyl/glutamyl-tRNA(Asn/Gln)&nbsp;amidotransferase&nbsp;subunit&nbsp;C,86.7
439497.RR11_1606,moaB,Molybdenum&nbsp;cofactor&nbsp;biosynthesis&nbsp;protein&nbsp;B,86.7
439497.RR11_2533,eda,Khg/kdpg&nbsp;aldolase,86.7
439497.RR11_1010,thiO,[E]&nbsp;COG0665&nbsp;Glycine/D-amino&nbsp;acid&nbsp;oxidases&nbsp;(deaminating),86.7
439497.RR11_1561,rpsK,30S&nbsp;ribosomal&nbsp;protein&nbsp;S11,86.6
439497.RR11_929,RR11_929,Polyprenyl&nbsp;synthetase,86.6
439497.RR11_2420,ttuD,Hydroxypyruvate&nbsp;reductase,86.6
439497.RR11_1993,RR11_1993,"D-amino&nbsp;acid&nbsp;dehydrogenase&nbsp;small&nbsp;subunit,&nbsp;putative",86.6
439497.RR11_3416,RR11_3416,Peroxisomal&nbsp;NADH&nbsp;pyrophosphatase&nbsp;nudt12,86.6
439497.RR11_2754,merA_2,Mercuric&nbsp;reductase,86.5
439497.RR11_1725,lldD_2,L-lactate&nbsp;dehydrogenase,86.5
439497.RR11_3107,RR11_3107,annotation&nbsp;not&nbsp;available,86.5
439497.RR11_1109,frk_1,Fructokinase,86.4
439497.RR11_2051,lpdA_1,"[C]&nbsp;COG1249&nbsp;Pyruvate/2-oxoglutarate&nbsp;dehydrogenase&nbsp;complex,&nbsp;dihydrolipoamide&nbsp;dehydrogenase&nbsp;(E3)&nbsp;component,&nbsp;and&nbsp;related&nbsp;enzymes",86.4
439497.RR11_3163,trpB,Tryptophan&nbsp;synthase&nbsp;beta&nbsp;chain,86.3
439497.RR11_2268,hemH,Ferrochelatase,86.3
439497.RR11_1570,RR11_1570,Uncharacterized&nbsp;protein,86.2
439497.RR11_1281,RR11_1281,C4-dicarboxylate&nbsp;transport&nbsp;sensor&nbsp;protein,86.2
439497.RR11_3662,metG,Methionine--tRNA&nbsp;ligase,86.2
439497.RR11_346,RR11_346,AAA&nbsp;ATPase,86.2
439497.RR11_3255,murG,Undecaprenyl-PP-MurNAc-pentapeptide-UDPGlcNAc&nbsp;GlcNAc&nbsp;transferase,86.2
439497.RR11_122,RR11_122,"Aldehyde&nbsp;oxidase&nbsp;and&nbsp;xanthine&nbsp;dehydrogenase,&nbsp;molybdopterin&nbsp;binding&nbsp;domain&nbsp;protein",86.1
439497.RR11_1402,RR11_1402,"Pyridine&nbsp;nucleotide-disulphide&nbsp;oxidoreductase&nbsp;/&nbsp;selenide,&nbsp;water&nbsp;dikinase",86.1
439497.RR11_1015,RR11_1015,"Sugar&nbsp;ABC&nbsp;transporter,&nbsp;permease&nbsp;protein",86.1
439497.RR11_2207,RR11_2207,[T]&nbsp;COG3706&nbsp;Response&nbsp;regulator&nbsp;containing&nbsp;a&nbsp;CheY-like&nbsp;receiver&nbsp;domain&nbsp;and&nbsp;a&nbsp;GGDEF&nbsp;domain,86.0
439497.RR11_1295,RR11_1295,[S]&nbsp;COG0599&nbsp;Uncharacterized&nbsp;homolog&nbsp;of&nbsp;gamma-carboxymuconolactone&nbsp;decarboxylase&nbsp;subunit,86.0
439497.RR11_1471,tdh,L-threonine&nbsp;3-dehydrogenase,86.0
439497.RR11_1760,RR11_1760,[Q]&nbsp;COG3321&nbsp;Polyketide&nbsp;synthase&nbsp;modules&nbsp;and&nbsp;related&nbsp;proteins,85.9
439497.RR11_3034,dacC,[M]&nbsp;COG1686&nbsp;D-alanyl-D-alanine&nbsp;carboxypeptidase,85.9
439497.RR11_3546,RR11_3546,[U]&nbsp;COG0201&nbsp;Preprotein&nbsp;translocase&nbsp;subunit&nbsp;SecY,85.9
439497.RR11_592,sdhA,"[C]&nbsp;COG1053&nbsp;Succinate&nbsp;dehydrogenase/fumarate&nbsp;reductase,&nbsp;flavoprotein&nbsp;subunit",85.9
439497.RR11_1660,RR11_1660,Deoxyribose-phosphate&nbsp;aldolase/phospho-2-dehydro-3-deoxyheptonate&nbsp;aldolase,85.8
439497.RR11_2615,RR11_2615,Glycine&nbsp;cleavage&nbsp;T-protein&nbsp;(Aminomethyl&nbsp;transferase),85.8
439497.RR11_2675,RR11_2675,"Glycosyl&nbsp;transferase,&nbsp;group&nbsp;1",85.8
439497.RR11_1976,hisI,Phosphoribosyl-AMP&nbsp;cyclohydrolase,85.7
439497.RR11_2052,RR11_2052,Mandelate&nbsp;racemase/muconate&nbsp;lactonizing&nbsp;enzyme&nbsp;family&nbsp;protein,85.7
439497.RR11_3125,ilvDch,Dihydroxy-acid&nbsp;dehydratase&nbsp;protein,85.7
439497.RR11_1148,fdx,[C]&nbsp;COG0633&nbsp;Ferredoxin,85.7
439497.RR11_746,RR11_746,AMP-binding&nbsp;enzyme&nbsp;domain&nbsp;protein,85.6
439497.RR11_2750,rbsK,Ribokinase,85.6
439497.RR11_2850,luxR,Autoinducer-binding&nbsp;transcriptional&nbsp;regulator&nbsp;LuxR,85.6
439497.RR11_967,RR11_967,[E]&nbsp;COG0334&nbsp;Glutamate&nbsp;dehydrogenase/leucine&nbsp;dehydrogenase,85.6
439497.RR11_501,carA,Carbamoyl-phosphate&nbsp;synthase&nbsp;small&nbsp;chain,85.5
439497.RR11_717,RR11_717,"[E]&nbsp;COG1174&nbsp;ABC-type&nbsp;proline/glycine&nbsp;betaine&nbsp;transport&nbsp;systems,&nbsp;permease&nbsp;component",85.5
439497.RR11_2633,RR11_2633,[IQ]&nbsp;COG0236&nbsp;Acyl&nbsp;carrier&nbsp;protein,85.5
439497.RR11_3055,rplQ,[J]&nbsp;COG0203&nbsp;Ribosomal&nbsp;protein&nbsp;L17,85.5
439497.RR11_2805,RR11_2805,Creatinase,85.4
439497.RR11_182,RR11_182,[OU]&nbsp;COG0740&nbsp;Protease&nbsp;subunit&nbsp;of&nbsp;ATP-dependent&nbsp;Clp&nbsp;proteases,85.4
439497.RR11_2472,RR11_2472,"Oxidoreductase,&nbsp;FAD/FMN-binding&nbsp;family",85.4
439497.RR11_2428,nrdR,Transcriptional&nbsp;repressor&nbsp;NrdR,85.4
439497.RR11_690,ureA_1,Urease&nbsp;subunit&nbsp;gamma,85.4
439497.RR11_800,RR11_800,"Chaperone,&nbsp;TorD&nbsp;family",85.4
439497.RR11_164,RR11_164,annotation&nbsp;not&nbsp;available,85.4
439497.RR11_302,argJ,Arginine&nbsp;biosynthesis&nbsp;bifunctional&nbsp;protein&nbsp;ArgJ,85.4
439497.RR11_1510,RR11_1510,NAD&nbsp;dependent&nbsp;epimerase/dehydratase&nbsp;family&nbsp;protein,85.3
439497.RR11_1157,RR11_1157,ThiJ/PfpI&nbsp;family&nbsp;protein,85.3
439497.RR11_1177,accA,Acetyl-coenzyme&nbsp;A&nbsp;carboxylase&nbsp;carboxyl&nbsp;transferase&nbsp;subunit&nbsp;alpha,85.3
439497.RR11_3404,yidC,Membrane&nbsp;protein&nbsp;insertase&nbsp;YidC,85.2
439497.RR11_2466,RR11_2466,"Peptide/opine/nickel&nbsp;uptake&nbsp;family&nbsp;ABC&nbsp;transporter,&nbsp;ATP-binding&nbsp;protein",85.2
439497.RR11_576,RR11_576,"[EP]&nbsp;COG0601&nbsp;ABC-type&nbsp;dipeptide/oligopeptide/nickel&nbsp;transport&nbsp;systems,&nbsp;permease&nbsp;components",85.2
439497.RR11_2333,fabI,Enoyl-[acyl-carrier-protein]&nbsp;reductase&nbsp;[NADH],85.2
439497.RR11_2623,zwf_2,Glucose-6-phosphate&nbsp;1-dehydrogenase,85.1
439497.RR11_3000,rplU,50S&nbsp;ribosomal&nbsp;protein&nbsp;L21,85.0
439497.RR11_2639,RR11_2639,Fmu,85.0
439497.RR11_582,ugpC,Sn-glycerol-3-phosphate&nbsp;import&nbsp;ATP-binding&nbsp;protein&nbsp;UgpC,85.0
439497.RR11_3309,RR11_3309,NOL1/NOP2/sun&nbsp;family&nbsp;protein,85.0
439497.RR11_1979,rpmB,[J]&nbsp;COG0227&nbsp;Ribosomal&nbsp;protein&nbsp;L28,85.0
439497.RR11_1901,RR11_1901,Trimethylamine&nbsp;methyltransferase,85.0
439497.RR11_2974,RR11_2974,OmpA/MotB,85.0
439497.RR11_2411,RR11_2411,"[T]&nbsp;COG2204&nbsp;Response&nbsp;regulator&nbsp;containing&nbsp;CheY-like&nbsp;receiver,&nbsp;AAA-type&nbsp;ATPase,&nbsp;and&nbsp;DNA-binding&nbsp;domains",85.0
439497.RR11_259,RR11_259,Indoleacetamide&nbsp;hydrolase,84.9
439497.RR11_2697,cbiQ,"[P]&nbsp;COG0619&nbsp;ABC-type&nbsp;cobalt&nbsp;transport&nbsp;system,&nbsp;permease&nbsp;component&nbsp;CbiQ&nbsp;and&nbsp;related&nbsp;transporters",84.8
439497.RR11_1468,RR11_1468,Cobalamin&nbsp;(Vitamin&nbsp;B12)&nbsp;biosynthesis&nbsp;CbiM&nbsp;protein,84.8
439497.RR11_2584,RR11_2584,[NT]&nbsp;COG0840&nbsp;Methyl-accepting&nbsp;chemotaxis&nbsp;protein,84.8
439497.RR11_2512,acpP,Acyl&nbsp;carrier&nbsp;protein,84.7
439497.RR11_2869,RR11_2869,Uncharacterized&nbsp;protein,84.7
439497.RR11_2951,RR11_2951,[S]&nbsp;COG0599&nbsp;Uncharacterized&nbsp;homolog&nbsp;of&nbsp;gamma-carboxymuconolactone&nbsp;decarboxylase&nbsp;subunit,84.6
439497.RR11_1377,RR11_1377,"Peptide/nickel/opine&nbsp;uptake&nbsp;family&nbsp;ABC&nbsp;transporter,&nbsp;periplasmic&nbsp;substrate-binding&nbsp;protein",84.6
439497.RR11_1344,RR11_1344,Nitrogen&nbsp;regulatory&nbsp;protein&nbsp;P-II,84.6
439497.RR11_1688,rpiA,Ribose-5-phosphate&nbsp;isomerase&nbsp;A,84.6
439497.RR11_3398,ihfA,Integration&nbsp;host&nbsp;factor&nbsp;subunit&nbsp;alpha,84.6
439497.RR11_2642,RR11_2642,Amidohydrolase&nbsp;family&nbsp;protein,84.5
439497.RR11_3277,RR11_3277,Phosphate&nbsp;acetyltransferase,84.5
439497.RR11_3049,RR11_3049,NADPH-dependent&nbsp;fmn&nbsp;reductase&nbsp;domain&nbsp;protein,84.4
439497.RR11_2761,tsaD,tRNA&nbsp;N6-adenosine&nbsp;threonylcarbamoyltransferase,84.4
439497.RR11_868,RR11_868,Diguanylate&nbsp;cyclase/phosphodiesterase,84.4
439497.RR11_607,guaB,Inosine-5'-monophosphate&nbsp;dehydrogenase,84.3
439497.RR11_136,RR11_136,"[E]&nbsp;COG4597&nbsp;ABC-type&nbsp;amino&nbsp;acid&nbsp;transport&nbsp;system,&nbsp;permease&nbsp;component",84.3
439497.RR11_2258,RR11_2258,"UDP-N-acetylglucosamine--peptide&nbsp;N-acetylglucosaminyltransferase&nbsp;110kDa&nbsp;subunit,&nbsp;putative",84.3
439497.RR11_2900,aroK,Shikimate&nbsp;kinase,84.3
439497.RR11_159,modB,"Molybdate&nbsp;ABC&nbsp;transporter,&nbsp;permease&nbsp;protein",84.3
439497.RR11_1101,RR11_1101,Glycine&nbsp;cleavage&nbsp;T-protein&nbsp;(Aminomethyl&nbsp;transferase),84.3
439497.RR11_520,guaD,[FR]&nbsp;COG0402&nbsp;Cytosine&nbsp;deaminase&nbsp;and&nbsp;related&nbsp;metal-dependent&nbsp;hydrolases,84.3
439497.RR11_2534,folA,Dihydrofolate&nbsp;reductase,84.2
439497.RR11_1900,RR11_1900,Xylose&nbsp;isomerase&nbsp;domain&nbsp;protein&nbsp;TIM&nbsp;barrel,84.2
439497.RR11_1084,RR11_1084,Amidase,84.2
439497.RR11_2445,sucC,Succinate--CoA&nbsp;ligase&nbsp;[ADP-forming]&nbsp;subunit&nbsp;beta,84.2
439497.RR11_3495,RR11_3495,"[G]&nbsp;COG1638&nbsp;TRAP-type&nbsp;C4-dicarboxylate&nbsp;transport&nbsp;system,&nbsp;periplasmic&nbsp;component",84.1
439497.RR11_1697,RR11_1697,Inner-membrane&nbsp;translocator,84.0
439497.RR11_1202,RR11_1202,Aldehyde&nbsp;dehydrogenase&nbsp;(NAD)&nbsp;family&nbsp;protein,84.0
439497.RR11_1624,RR11_1624,Malonyl-CoA&nbsp;synthase,84.0
439497.RR11_3254,RR11_3254,[J]&nbsp;COG0154&nbsp;Asp-tRNAAsn/Glu-tRNAGln&nbsp;amidotransferase&nbsp;A&nbsp;subunit&nbsp;and&nbsp;related&nbsp;amidases,84.0
439497.RR11_3510,RR11_3510,annotation&nbsp;not&nbsp;available,83.9
439497.RR11_627,RR11_627,"Two&nbsp;component,&nbsp;sigma54&nbsp;specific,&nbsp;transcriptional&nbsp;regulator,&nbsp;Fis&nbsp;family",83.9
439497.RR11_2482,RR11_2482,Binding-protein-dependent&nbsp;transport&nbsp;systems&nbsp;inner&nbsp;membrane&nbsp;component,83.9
439497.RR11_3356,RR11_3356,[T]&nbsp;COG2198&nbsp;FOG:&nbsp;HPt&nbsp;domain,83.9
439497.RR11_1926,RR11_1926,annotation&nbsp;not&nbsp;available,83.8
439497.RR11_3547,RR11_3547,"Trap&nbsp;transporter&nbsp;solute&nbsp;receptor,&nbsp;taxi&nbsp;family",83.8
439497.RR11_304,cysE,Serine&nbsp;acetyltransferase,83.8
439497.RR11_2131,rhlE_2,[LKJ]&nbsp;COG0513&nbsp;Superfamily&nbsp;II&nbsp;DNA&nbsp;and&nbsp;RNA&nbsp;helicases,83.8
439497.RR11_1966,potI,"Putrescine&nbsp;ABC&nbsp;transporter,&nbsp;permease&nbsp;protein",83.8
439497.RR11_3616,RR11_3616,Inner-membrane&nbsp;translocator,83.7
439497.RR11_2834,RR11_2834,Trap&nbsp;dicarboxylate&nbsp;transporter-dctp&nbsp;subunit,83.7
439497.RR11_2808,glcF,"Glycolate&nbsp;oxidase,&nbsp;iron-sulfur&nbsp;subunit",83.7
439497.RR11_2938,cobD_1,Cobalamin&nbsp;biosynthesis&nbsp;protein&nbsp;CobD,83.6
439497.RR11_2409,RR11_2409,[T]&nbsp;COG0642&nbsp;Signal&nbsp;transduction&nbsp;histidine&nbsp;kinase,83.6
439497.RR11_3532,RR11_3532,[N]&nbsp;COG1815&nbsp;Flagellar&nbsp;basal&nbsp;body&nbsp;protein,83.6
439497.RR11_578,recQ,[LKJ]&nbsp;COG0513&nbsp;Superfamily&nbsp;II&nbsp;DNA&nbsp;and&nbsp;RNA&nbsp;helicases,83.6
439497.RR11_2175,RR11_2175,"Twin-arginine&nbsp;translocation&nbsp;pathway&nbsp;signal,&nbsp;putative",83.6
439497.RR11_2402,RR11_2402,Vitamin&nbsp;B12-dependent&nbsp;ribonucleotide&nbsp;reductase,83.6
439497.RR11_1756,RR11_1756,Twin-arginine&nbsp;translocation&nbsp;pathway&nbsp;signal,83.5
439497.RR11_2667,RR11_2667,3-hydroxyisobutyrate&nbsp;dehydrogenase&nbsp;family&nbsp;protein,83.5
439497.RR11_1418,gcvP_1,Glycine&nbsp;dehydrogenase&nbsp;(decarboxylating),83.5
439497.RR11_390,RR11_390,Na+/H+&nbsp;antiporter&nbsp;family&nbsp;domain&nbsp;protein,83.5
439497.RR11_3633,groL,60&nbsp;kDa&nbsp;chaperonin,83.5
439497.RR11_709,rocF,Arginase,83.5
439497.RR11_3172,glcB,Malate&nbsp;synthase&nbsp;G,83.5
439497.RR11_3210,nadE,Glutamine-dependent&nbsp;NAD(+)&nbsp;synthetase,83.4
439497.RR11_2602,RR11_2602,"[H]&nbsp;COG4139&nbsp;ABC-type&nbsp;cobalamin&nbsp;transport&nbsp;system,&nbsp;permease&nbsp;component",83.4
439497.RR11_2690,RR11_2690,"[E]&nbsp;COG2423&nbsp;Predicted&nbsp;ornithine&nbsp;cyclodeaminase,&nbsp;mu-crystallin&nbsp;homolog",83.4
439497.RR11_2094,RR11_2094,General&nbsp;stress&nbsp;protein&nbsp;69,83.4
439497.RR11_2978,RR11_2978,Phosphonate&nbsp;uptake&nbsp;transporter,83.3
439497.RR11_1166,badA,Benzoate-coenzyme&nbsp;A&nbsp;ligase,83.2
439497.RR11_1615,RR11_1615,annotation&nbsp;not&nbsp;available,83.2
439497.RR11_1609,RR11_1609,dITP/XTP&nbsp;pyrophosphatase,83.2
439497.RR11_2286,glmS_2,Glucosamine-6-phosphate&nbsp;deaminase,83.2
439497.RR11_1383,RR11_1383,CbiM,83.2
439497.RR11_1813,kbl,2-amino-3-ketobutyrate&nbsp;coenzyme&nbsp;A&nbsp;ligase,83.1
439497.RR11_3081,rpoA,DNA-directed&nbsp;RNA&nbsp;polymerase&nbsp;subunit&nbsp;alpha,83.0
439497.RR11_3216,nuoG,NADH-quinone&nbsp;oxidoreductase,83.0
439497.RR11_1567,topA,DNA&nbsp;topoisomerase&nbsp;1,82.9
439497.RR11_333,infA,Translation&nbsp;initiation&nbsp;factor&nbsp;IF-1,82.9
439497.RR11_866,RR11_866,Dehydrogenase&nbsp;E1&nbsp;component&nbsp;family&nbsp;protein,82.9
439497.RR11_1582,RR11_1582,CDP-diacylglycerol--serine&nbsp;O-phosphatidyltransferase,82.9
439497.RR11_2373,RR11_2373,"Aldehyde&nbsp;oxidase&nbsp;and&nbsp;xanthine&nbsp;dehydrogenase,&nbsp;molybdopterin&nbsp;binding&nbsp;domain,&nbsp;putative",82.9
439497.RR11_3382,RR11_3382,"ABC&nbsp;transporter,&nbsp;periplasmic&nbsp;substrate-binding&nbsp;protein",82.8
439497.RR11_1839,RR11_1839,"Phosphate&nbsp;acetyl/butyryl&nbsp;transferase&nbsp;subfamily,&nbsp;putative",82.8
439497.RR11_1156,gidA,tRNA&nbsp;uridine&nbsp;5-carboxymethylaminomethyl&nbsp;modification&nbsp;enzyme&nbsp;MnmG,82.7
439497.RR11_504,RR11_504,"Extracellular&nbsp;solute-binding&nbsp;protein,&nbsp;family&nbsp;1",82.7
439497.RR11_1291,secE,Protein&nbsp;translocase&nbsp;subunit&nbsp;SecE,82.7
439497.RR11_1967,tdk,[F]&nbsp;COG1435&nbsp;Thymidine&nbsp;kinase,82.7
439497.RR11_2237,RR11_2237,[I]&nbsp;COG1960&nbsp;Acyl-CoA&nbsp;dehydrogenases,82.7
439497.RR11_1842,yfmJ,[CR]&nbsp;COG0604&nbsp;NADPH:quinone&nbsp;reductase&nbsp;and&nbsp;related&nbsp;Zn-dependent&nbsp;oxidoreductases,82.6
439497.RR11_3618,RR11_3618,"Peptide/nickel/opine&nbsp;uptake&nbsp;family&nbsp;ABC&nbsp;transporter,&nbsp;ATP-binding&nbsp;protein",82.6
439497.RR11_2628,RR11_2628,Fructose-bisphosphate&nbsp;aldolase&nbsp;class-I,82.6
439497.RR11_505,RR11_505,"[C]&nbsp;COG2025&nbsp;Electron&nbsp;transfer&nbsp;flavoprotein,&nbsp;alpha&nbsp;subunit",82.6
439497.RR11_1173,RR11_1173,Exopolysaccharide&nbsp;biosynthesis&nbsp;domain&nbsp;protein,82.5
439497.RR11_2050,RR11_2050,[T]&nbsp;COG2202&nbsp;FOG:&nbsp;PAS/PAC&nbsp;domain,82.5
439497.RR11_3426,tatB,Sec-independent&nbsp;protein&nbsp;translocase&nbsp;protein&nbsp;TatB,82.5
439497.RR11_64,RR11_64,CheW&nbsp;protein,82.4
439497.RR11_2625,fdhB,"Formate&nbsp;dehydrogenase,&nbsp;beta&nbsp;subunit",82.4
439497.RR11_2764,RR11_2764,"Two&nbsp;component&nbsp;transcriptional&nbsp;regulator,&nbsp;LuxR&nbsp;family",82.4
439497.RR11_863,rfbF,Glucose-1-phosphate&nbsp;cytidylyltransferase,82.4
439497.RR11_2335,hisC,[E]&nbsp;COG0436&nbsp;Aspartate/tyrosine/aromatic&nbsp;aminotransferase,82.3
439497.RR11_1407,tatA,Sec-independent&nbsp;protein&nbsp;translocase&nbsp;protein&nbsp;TatA,82.3
439497.RR11_2427,dnaJ,Chaperone&nbsp;protein&nbsp;DnaJ,82.3
439497.RR11_804,ribH,"6,7-dimethyl-8-ribityllumazine&nbsp;synthase",82.3
439497.RR11_88,RR11_88,[E]&nbsp;COG1984&nbsp;Allophanate&nbsp;hydrolase&nbsp;subunit&nbsp;2,82.3
439497.RR11_480,clpA,ATP-dependent&nbsp;Clp&nbsp;protease&nbsp;ATP-binding&nbsp;subunit&nbsp;ClpA,82.3
439497.RR11_75,RR11_75,"Transcriptional&nbsp;regulator,&nbsp;MerR&nbsp;family",82.3
439497.RR11_2713,RR11_2713,"Methyl-accepting&nbsp;chemotaxis&nbsp;sensory&nbsp;transducer,&nbsp;putative",82.3
439497.RR11_1533,thiE,Thiamine-phosphate&nbsp;synthase,82.2
439497.RR11_686,RR11_686,[T]&nbsp;COG1366&nbsp;Anti-anti-sigma&nbsp;regulatory&nbsp;factor&nbsp;(antagonist&nbsp;of&nbsp;anti-sigma&nbsp;factor),82.2
439497.RR11_584,rpsI,[J]&nbsp;COG0103&nbsp;Ribosomal&nbsp;protein&nbsp;S9,82.2
439497.RR11_2997,atpE,ATP&nbsp;synthase&nbsp;subunit&nbsp;c,82.2
439497.RR11_1340,RR11_1340,[T]&nbsp;COG3706&nbsp;Response&nbsp;regulator&nbsp;containing&nbsp;a&nbsp;CheY-like&nbsp;receiver&nbsp;domain&nbsp;and&nbsp;a&nbsp;GGDEF&nbsp;domain,82.1
439497.RR11_135,RR11_135,"Oligopeptide/dipeptide&nbsp;ABC&nbsp;transporter,&nbsp;ATP-binding&nbsp;protein",82.0
439497.RR11_2082,RR11_2082,Uncharacterized&nbsp;protein,82.0
439497.RR11_248,RR11_248,Uncharacterized&nbsp;protein,82.0
439497.RR11_2372,RR11_2372,"Bacterial&nbsp;extracellular&nbsp;solute-binding&nbsp;protein,&nbsp;family&nbsp;7",82.0
439497.RR11_3102,RR11_3102,Phosphotransferase&nbsp;family&nbsp;protein,82.0
439497.RR11_2252,RR11_2252,"HAD-superfamily&nbsp;hydrolase,&nbsp;subfamily&nbsp;IA,&nbsp;variant&nbsp;1",82.0
439497.RR11_3456,dnaG,DNA&nbsp;primase,81.9
439497.RR11_291,RR11_291,"Phosphate&nbsp;acetyl/butyryl&nbsp;transferase&nbsp;subfamily,&nbsp;putative",81.9
439497.RR11_855,RR11_855,annotation&nbsp;not&nbsp;available,81.9
439497.RR11_2839,proA,Gamma-glutamyl&nbsp;phosphate&nbsp;reductase,81.9
439497.RR11_2311,RR11_2311,Short-chain&nbsp;dehydrogenase/reductase&nbsp;SDR,81.9
439497.RR11_964,RR11_964,[IQ]&nbsp;COG0318&nbsp;Acyl-CoA&nbsp;synthetases&nbsp;(AMP-forming)/AMP-acid&nbsp;ligases&nbsp;II,81.8
439497.RR11_3410,mdeA,Methionine&nbsp;gamma-lyase,81.8
439497.RR11_2573,RR11_2573,[NT]&nbsp;COG0840&nbsp;Methyl-accepting&nbsp;chemotaxis&nbsp;protein,81.8
439497.RR11_716,RR11_716,Binding-protein-dependent&nbsp;transport&nbsp;systems&nbsp;inner&nbsp;membrane&nbsp;component,81.7
439497.RR11_1896,RR11_1896,Diguanylate&nbsp;cyclase/phosphodiesterase,81.7
439497.RR11_2952,RR11_2952,Cytochrome&nbsp;b,81.7
439497.RR11_2505,RR11_2505,annotation&nbsp;not&nbsp;available,81.7
439497.RR11_2221,rnhA,Ribonuclease&nbsp;H,81.6
439497.RR11_2655,gltX_1,Glutamate--tRNA&nbsp;ligase,81.6
439497.RR11_3151,RR11_3151,Ferric&nbsp;cations&nbsp;import&nbsp;ATP-binding&nbsp;protein&nbsp;FbpC,81.6
439497.RR11_1797,RR11_1797,ATP&nbsp;synthase&nbsp;subunit&nbsp;b,81.5
439497.RR11_3553,kdtA,[M]&nbsp;COG1519&nbsp;3-deoxy-D-manno-octulosonic-acid&nbsp;transferase,81.4
439497.RR11_2405,RR11_2405,"Iron&nbsp;compound&nbsp;ABC&nbsp;transporter,&nbsp;ATP-binding&nbsp;protein",81.4
439497.RR11_878,folE2,GTP&nbsp;cyclohydrolase&nbsp;FolE2,81.4
439497.RR11_1826,nusB,Transcription&nbsp;antitermination&nbsp;protein&nbsp;NusB,81.4
439497.RR11_292,RR11_292,[T]&nbsp;COG0642&nbsp;Signal&nbsp;transduction&nbsp;histidine&nbsp;kinase,81.3
439497.RR11_2692,RR11_2692,"ATPase,&nbsp;histidine&nbsp;kinase-,&nbsp;DNA&nbsp;gyrase&nbsp;B-,&nbsp;and&nbsp;HSP90-like&nbsp;domain&nbsp;protein",81.3
439497.RR11_2927,purD,Phosphoribosylamine--glycine&nbsp;ligase,81.3
439497.RR11_3549,sdhC,"[C]&nbsp;COG2009&nbsp;Succinate&nbsp;dehydrogenase/fumarate&nbsp;reductase,&nbsp;cytochrome&nbsp;b&nbsp;subunit",81.3
439497.RR11_1304,RR11_1304,"Isocitrate&nbsp;dehydrogenase,&nbsp;NADP-dependent",81.2
439497.RR11_650,RR11_650,"PEP-utilizing&nbsp;enzyme,&nbsp;TIM&nbsp;barrel&nbsp;domain&nbsp;protein",81.2
439497.RR11_2651,RR11_2651,5-nucleotidase,81.2
439497.RR11_2186,RR11_2186,"RND&nbsp;transporter,&nbsp;HAE1/HME&nbsp;family,&nbsp;permease&nbsp;protein",81.1
439497.RR11_231,hutH,[E]&nbsp;COG2986&nbsp;Histidine&nbsp;ammonia-lyase,81.1
439497.RR11_2732,RR11_2732,"HAD-superfamily&nbsp;hydrolase&nbsp;subfamily&nbsp;IA,&nbsp;variant&nbsp;3",81.1
439497.RR11_3177,cmk,[F]&nbsp;COG1102&nbsp;Cytidylate&nbsp;kinase,81.0
439497.RR11_3577,gltA,Citrate&nbsp;synthase,81.0
439497.RR11_921,RR11_921,Basic&nbsp;membrane&nbsp;lipoprotein,81.0
439497.RR11_643,RR11_643,"4Fe-4S&nbsp;ferredoxin,&nbsp;iron-sulfur&nbsp;binding",80.9
439497.RR11_3389,RR11_3389,Glycine&nbsp;cleavage&nbsp;T-protein&nbsp;(Aminomethyl&nbsp;transferase),80.9
439497.RR11_3485,lldD_1,[C]&nbsp;COG1304&nbsp;L-lactate&nbsp;dehydrogenase&nbsp;(FMN-dependent)&nbsp;and&nbsp;related&nbsp;alpha-hydroxy&nbsp;acid&nbsp;dehydrogenases,80.9
439497.RR11_3498,RR11_3498,"Sarcosine&nbsp;oxidase,&nbsp;delta&nbsp;subunit,&nbsp;heterotetrameric",80.9
439497.RR11_2413,RR11_2413,[E]&nbsp;COG1605&nbsp;Chorismate&nbsp;mutase,80.8
439497.RR11_2966,ileS,Isoleucine--tRNA&nbsp;ligase,80.8
439497.RR11_3477,RR11_3477,"Aminotransferase,&nbsp;class&nbsp;III&nbsp;family",80.8
439497.RR11_1080,ssuD,Methanesulfonate&nbsp;sulfonatase,80.8
439497.RR11_2106,ftsY,Signal&nbsp;recognition&nbsp;particle&nbsp;receptor&nbsp;FtsY,80.8
439497.RR11_611,hisA,1-(5-phosphoribosyl)-5-[(5-phosphoribosylamino)methylideneamino]&nbsp;imidazole-4-carboxamide&nbsp;isomerase,80.8
439497.RR11_2464,RR11_2464,"Trap&nbsp;transporter,&nbsp;dctm&nbsp;subunit",80.8
439497.RR11_1055,RR11_1055,[IQR]&nbsp;COG1028&nbsp;Dehydrogenases&nbsp;with&nbsp;different&nbsp;specificities&nbsp;(related&nbsp;to&nbsp;short-chain&nbsp;alcohol&nbsp;dehydrogenases),80.7
439497.RR11_1829,RR11_1829,Tetratricopeptide&nbsp;TPR_2,80.7
439497.RR11_2772,RR11_2772,"ABC&nbsp;transporter,&nbsp;ATP-binding&nbsp;protein",80.7
439497.RR11_722,RR11_722,"Pyrroline-5-carboxylate&nbsp;reductase,&nbsp;putative",80.7
439497.RR11_2247,RR11_2247,Pyrimidine&nbsp;5'-nucleotidase,80.6
439497.RR11_459,thyA,Thymidylate&nbsp;synthase,80.6
439497.RR11_2398,RR11_2398,[I]&nbsp;COG1960&nbsp;Acyl-CoA&nbsp;dehydrogenases,80.6
439497.RR11_3286,prsA,Ribose-phosphate&nbsp;pyrophosphokinase,80.4
439497.RR11_896,RR11_896,"[C]&nbsp;COG1294&nbsp;Cytochrome&nbsp;bd-type&nbsp;quinol&nbsp;oxidase,&nbsp;subunit&nbsp;2",80.4
439497.RR11_2529,cdsA,Phosphatidate&nbsp;cytidylyltransferase,80.3
439497.RR11_1815,coaBC,Coenzyme&nbsp;A&nbsp;biosynthesis&nbsp;bifunctional&nbsp;protein&nbsp;CoaBC,80.3
439497.RR11_1336,nifS,[E]&nbsp;COG0520&nbsp;Selenocysteine&nbsp;lyase,80.3
439497.RR11_1806,RR11_1806,[R]&nbsp;COG1011&nbsp;Predicted&nbsp;hydrolase&nbsp;(HAD&nbsp;superfamily),80.2
439497.RR11_950,grpE,Protein&nbsp;GrpE,80.2
439497.RR11_260,RR11_260,ABC&nbsp;transporter&nbsp;ATP-binding&nbsp;protein,80.2
439497.RR11_1139,rplP,50S&nbsp;ribosomal&nbsp;protein&nbsp;L16,80.2
439497.RR11_131,RR11_131,ROK&nbsp;domain&nbsp;protein,80.2
439497.RR11_1623,gap_3,[G]&nbsp;COG0057&nbsp;Glyceraldehyde-3-phosphate&nbsp;dehydrogenase/erythrose-4-phosphate&nbsp;dehydrogenase,80.2
439497.RR11_510,hpaE,5-carboxymethyl-2-hydroxymuconate&nbsp;semialdehyde&nbsp;dehydrogenase,80.1
439497.RR11_2538,RR11_2538,Putative&nbsp;transmembrane&nbsp;component&nbsp;of&nbsp;transporter,80.1
439497.RR11_113,gcvP_2,Glycine&nbsp;dehydrogenase&nbsp;(decarboxylating),80.1
439497.RR11_1998,RR11_1998,"[T]&nbsp;COG2114&nbsp;Adenylate&nbsp;cyclase,&nbsp;family&nbsp;3&nbsp;(some&nbsp;proteins&nbsp;contain&nbsp;HAMP&nbsp;domain)",80.0
439497.RR11_799,RR11_799,Inositol-1-monophosphatase,80.0
439497.RR11_109,RR11_109,"Oligopeptide/dipeptide&nbsp;ABC&nbsp;transporter,&nbsp;ATP-binding&nbsp;protein",80.0
439497.RR11_1807,nuoI,NADH-quinone&nbsp;oxidoreductase&nbsp;subunit&nbsp;I,80.0
439497.RR11_1038,RR11_1038,[M]&nbsp;COG2951&nbsp;Membrane-bound&nbsp;lytic&nbsp;murein&nbsp;transglycosylase&nbsp;B,80.0
439497.RR11_1529,RR11_1529,Alkaline&nbsp;phosphatase&nbsp;synthesis&nbsp;sensor&nbsp;protein&nbsp;PhoR,80.0
439497.RR11_1003,hisF,Imidazole&nbsp;glycerol&nbsp;phosphate&nbsp;synthase&nbsp;subunit&nbsp;HisF,79.9
439497.RR11_775,bluB,"Cob(II)yrinic&nbsp;acid&nbsp;a,c-diamide&nbsp;reductase",79.9
439497.RR11_507,soxB,Sulfur&nbsp;oxidation&nbsp;B&nbsp;protein,79.9
439497.RR11_142,RR11_142,Glycine&nbsp;cleavage&nbsp;T-protein&nbsp;(Aminomethyl&nbsp;transferase),79.8
439497.RR11_710,ychF,Ribosome-binding&nbsp;ATPase&nbsp;YchF,79.7
439497.RR11_2954,RR11_2954,2Fe-2S&nbsp;iron-sulfur&nbsp;cluster&nbsp;binding&nbsp;domain&nbsp;protein,79.7
439497.RR11_1545,mtgA,Biosynthetic&nbsp;peptidoglycan&nbsp;transglycosylase,79.7
439497.RR11_2868,RR11_2868,Iron-sulfur&nbsp;cluster-binding&nbsp;protein,79.6
439497.RR11_715,ftsE,Cell&nbsp;division&nbsp;ATP-binding&nbsp;protein&nbsp;FtsE,79.6
439497.RR11_581,RR11_581,"Bacterial&nbsp;extracellular&nbsp;solute-binding&nbsp;protein,&nbsp;putative",79.6
439497.RR11_3490,RR11_3490,"Periplasmic&nbsp;protein&nbsp;thiol:disulfide&nbsp;oxidoreductase,&nbsp;DsbE&nbsp;subfamily",79.5
439497.RR11_3609,acpS,Holo-[acyl-carrier-protein]&nbsp;synthase,79.5
439497.RR11_2637,nuoB,NADH-quinone&nbsp;oxidoreductase&nbsp;subunit&nbsp;B,79.4
439497.RR11_990,RR11_990,"Iron&nbsp;compound&nbsp;ABC&nbsp;transporter,&nbsp;iron&nbsp;compound-binding&nbsp;protein",79.4
439497.RR11_542,gph,[R]&nbsp;COG0546&nbsp;Predicted&nbsp;phosphatases,79.4
439497.RR11_2972,aroB,3-dehydroquinate&nbsp;synthase,79.4
439497.RR11_3421,nusG,Transcription&nbsp;termination/antitermination&nbsp;protein&nbsp;NusG,79.4
439497.RR11_2469,RR11_2469,Inositol-1-monophosphatase,79.4
439497.RR11_2304,RR11_2304,"[E]&nbsp;COG0683&nbsp;ABC-type&nbsp;branched-chain&nbsp;amino&nbsp;acid&nbsp;transport&nbsp;systems,&nbsp;periplasmic&nbsp;component",79.4
439497.RR11_3070,nagZ,Beta-N-acetylhexosaminidase,79.3
439497.RR11_3474,RR11_3474,"[G]&nbsp;COG2893&nbsp;Phosphotransferase&nbsp;system,&nbsp;mannose/fructose-specific&nbsp;component&nbsp;IIA",79.3
439497.RR11_148,RR11_148,"Polar&nbsp;amino&nbsp;acid&nbsp;uptake&nbsp;family&nbsp;ABC&nbsp;transporter,&nbsp;periplasmic&nbsp;substrate-binding&nbsp;protein",79.3
439497.RR11_805,RR11_805,"[E]&nbsp;COG0559&nbsp;Branched-chain&nbsp;amino&nbsp;acid&nbsp;ABC-type&nbsp;transport&nbsp;system,&nbsp;permease&nbsp;components",79.2
439497.RR11_2476,hpf,Ribosome&nbsp;hibernation&nbsp;promoting&nbsp;factor,79.2
439497.RR11_3626,RR11_3626,[R]&nbsp;COG1064&nbsp;Zn-dependent&nbsp;alcohol&nbsp;dehydrogenases,79.2
439497.RR11_484,RR11_484,Succinate-semialdehyde&nbsp;dehydrogenase&nbsp;(NADP+),79.2
439497.RR11_2980,argF,Ornithine&nbsp;carbamoyltransferase,79.2
439497.RR11_2582,RR11_2582,Amidohydrolase&nbsp;family&nbsp;protein,79.1
439497.RR11_2895,glpK,Glycerol&nbsp;kinase,79.1
439497.RR11_2162,RR11_2162,"Transcriptional&nbsp;regulator,&nbsp;BadM/Rrf2&nbsp;family",79.1
439497.RR11_2497,RR11_2497,4-amino-4-deoxychorismate&nbsp;lyase,79.1
439497.RR11_1975,RR11_1975,[I]&nbsp;COG1024&nbsp;Enoyl-CoA&nbsp;hydratase/carnithine&nbsp;racemase,79.0
439497.RR11_1032,amaB,N-carbamoyl-beta-alanine&nbsp;amidohydrolase&nbsp;protein,79.0
439497.RR11_317,RR11_317,Tyrosine&nbsp;decarboxylase&nbsp;1,79.0
439497.RR11_2393,RR11_2393,[P]&nbsp;COG3626&nbsp;Uncharacterized&nbsp;enzyme&nbsp;of&nbsp;phosphonate&nbsp;metabolism,79.0
439497.RR11_2367,RR11_2367,"Two&nbsp;component,&nbsp;sigma54&nbsp;specific,&nbsp;transcriptional&nbsp;regulator,&nbsp;Fis&nbsp;family",79.0
439497.RR11_1097,RR11_1097,"Transcriptional&nbsp;regulator,&nbsp;XRE&nbsp;family",79.0
439497.RR11_1388,RR11_1388,[Q]&nbsp;COG2124&nbsp;Cytochrome&nbsp;P450,79.0
439497.RR11_996,flgE,[N]&nbsp;COG4786&nbsp;Flagellar&nbsp;basal&nbsp;body&nbsp;rod&nbsp;protein,79.0
439497.RR11_1408,xth_1,[L]&nbsp;COG0708&nbsp;Exonuclease&nbsp;III,78.9
439497.RR11_1082,RR11_1082,Metallo-beta-lactamase&nbsp;family&nbsp;protein,78.9
439497.RR11_2809,rpoD,RNA&nbsp;polymerase&nbsp;sigma&nbsp;factor&nbsp;RpoD,78.9
439497.RR11_630,fliI,Flagellum-specific&nbsp;ATP&nbsp;synthase,78.9
439497.RR11_1523,RR11_1523,Uncharacterized&nbsp;protein,78.9
439497.RR11_681,RR11_681,"Peptide/opine/nickel&nbsp;uptake&nbsp;family&nbsp;ABC&nbsp;transporter,&nbsp;permease&nbsp;protein",78.7
439497.RR11_3601,RR11_3601,"Phosphonate&nbsp;C-P&nbsp;lyase&nbsp;system,&nbsp;PhnK",78.7
439497.RR11_744,nuoH,NADH-quinone&nbsp;oxidoreductase&nbsp;subunit&nbsp;H,78.7
439497.RR11_1983,RR11_1983,[C]&nbsp;COG0277&nbsp;FAD/FMN-containing&nbsp;dehydrogenases,78.7
439497.RR11_1143,iolE,Myo-inositol&nbsp;catabolism&nbsp;protein,78.7
439497.RR11_3367,frr,Ribosome-recycling&nbsp;factor,78.7
439497.RR11_2910,glpX,"[G]&nbsp;COG1494&nbsp;Fructose-1,6-bisphosphatase/sedoheptulose&nbsp;1,7-bisphosphatase&nbsp;and&nbsp;related&nbsp;proteins",78.7
439497.RR11_1153,RR11_1153,"3-hydroxyacyl-CoA&nbsp;dehydrogenase,&nbsp;C-terminal&nbsp;domain&nbsp;family",78.6
439497.RR11_2862,rpoC,DNA-directed&nbsp;RNA&nbsp;polymerase&nbsp;subunit&nbsp;beta',78.6
439497.RR11_294,RR11_294,LAO/AO&nbsp;transport&nbsp;system&nbsp;ATPase,78.5
439497.RR11_563,glnA_3,[E]&nbsp;COG0174&nbsp;Glutamine&nbsp;synthetase,78.4
439497.RR11_1424,RR11_1424,"[EP]&nbsp;COG1173&nbsp;ABC-type&nbsp;dipeptide/oligopeptide/nickel&nbsp;transport&nbsp;systems,&nbsp;permease&nbsp;components",78.4
439497.RR11_3018,RR11_3018,annotation&nbsp;not&nbsp;available,78.4
439497.RR11_2383,rplS,50S&nbsp;ribosomal&nbsp;protein&nbsp;L19,78.3
439497.RR11_3542,guaA,GMP&nbsp;synthase&nbsp;[glutamine-hydrolyzing],78.3
439497.RR11_694,RR11_694,Pyrimidine-specific&nbsp;ribonucleoside&nbsp;hydrolase&nbsp;RihA,78.3
439497.RR11_2306,rpsO,30S&nbsp;ribosomal&nbsp;protein&nbsp;S15,78.3
439497.RR11_1958,RR11_1958,"Molybdopterin&nbsp;dehydrogenase,&nbsp;FAD-binding",78.3
439497.RR11_2799,dnaE2,Error-prone&nbsp;DNA&nbsp;polymerase,78.3
439497.RR11_1587,cobD_2,Aminotransferase,78.2
439497.RR11_3605,RR11_3605,Uncharacterized&nbsp;protein,78.2
439497.RR11_3649,serA,[CHR]&nbsp;COG1052&nbsp;Lactate&nbsp;dehydrogenase&nbsp;and&nbsp;related&nbsp;dehydrogenases,78.2
439497.RR11_2603,RR11_2603,"Cytochrome&nbsp;c,&nbsp;class&nbsp;I",78.2
439497.RR11_3661,paaN,Phenylacetic&nbsp;acid&nbsp;degradation&nbsp;protein&nbsp;paaN,78.2
439497.RR11_832,ftsA,Cell&nbsp;division&nbsp;protein&nbsp;FtsA,78.1
439497.RR11_2569,RR11_2569,Binding-protein-dependent&nbsp;transport&nbsp;systems&nbsp;inner&nbsp;membrane&nbsp;component,78.1
439497.RR11_2903,RR11_2903,"Methyltransferase,&nbsp;UbiE/COQ5&nbsp;family",78.0
439497.RR11_3578,RR11_3578,Amidohydrolase&nbsp;family&nbsp;protein,78.0
439497.RR11_3196,dapB,4-hydroxy-tetrahydrodipicolinate&nbsp;reductase,77.9
439497.RR11_1832,rplE,50S&nbsp;ribosomal&nbsp;protein&nbsp;L5,77.9
439497.RR11_591,proS,Proline--tRNA&nbsp;ligase,77.9
439497.RR11_3522,fghA,S-formylglutathione&nbsp;hydrolase,77.8
439497.RR11_3222,recG,ATP-dependent&nbsp;DNA&nbsp;helicase&nbsp;RecG,77.8
439497.RR11_725,RR11_725,Uba/thif-type&nbsp;NAD/fad&nbsp;binding&nbsp;protein,77.8
439497.RR11_137,RR11_137,Sensor&nbsp;histidine&nbsp;kinase/response&nbsp;regulator,77.7
439497.RR11_1508,RR11_1508,"Ribonuclease,&nbsp;Rne/Rng&nbsp;family",77.6
439497.RR11_347,RR11_347,[N]&nbsp;COG1536&nbsp;Flagellar&nbsp;motor&nbsp;switch&nbsp;protein,77.5
439497.RR11_22,RR11_22,DctM,77.5
439497.RR11_3472,ptsP,Phosphoenolpyruvate-protein&nbsp;phosphotransferase,77.5
439497.RR11_230,frk_2,Fructokinase,77.5
439497.RR11_472,rnc,Ribonuclease&nbsp;3,77.5
439497.RR11_2668,RR11_2668,[R]&nbsp;COG0354&nbsp;Predicted&nbsp;aminomethyltransferase&nbsp;related&nbsp;to&nbsp;GcvT,77.4
439497.RR11_1311,pip,Proline&nbsp;iminopeptidase,77.4
439497.RR11_3249,RR11_3249,[R]&nbsp;COG1524&nbsp;Uncharacterized&nbsp;proteins&nbsp;of&nbsp;the&nbsp;AP&nbsp;superfamily,77.4
439497.RR11_2918,paaH,"Phenylacetate-CoA&nbsp;oxygenase,&nbsp;PaaH&nbsp;subunit",77.4
439497.RR11_3336,gcvH_1,Glycine&nbsp;cleavage&nbsp;system&nbsp;H&nbsp;protein,77.4
439497.RR11_28,xylF,"D-xylose&nbsp;ABC&nbsp;transporter,&nbsp;D-xylose-binding&nbsp;protein",77.3
439497.RR11_2955,csaA,Chaperonin&nbsp;CsaA,77.3
439497.RR11_1886,mce,Methylmalonyl-CoA&nbsp;epimerase,77.2
439497.RR11_2745,pncB,Nicotinate&nbsp;phosphoribosyltransferase,77.2
439497.RR11_1250,RR11_1250,"Aldehyde&nbsp;oxidase&nbsp;and&nbsp;xanthine&nbsp;dehydrogenase,&nbsp;molybdopterin&nbsp;binding&nbsp;domain&nbsp;protein",77.2
439497.RR11_377,rpsP,[J]&nbsp;COG0228&nbsp;Ribosomal&nbsp;protein&nbsp;S16,77.1
439497.RR11_3026,phnK,Alkylphosphonate&nbsp;utilization&nbsp;protein&nbsp;PhnK,77.1
439497.RR11_641,soxS,annotation&nbsp;not&nbsp;available,77.1
439497.RR11_2054,hrpB,ATP-dependent&nbsp;helicase&nbsp;HrpB,77.1
439497.RR11_3581,RR11_3581,Ferredoxin,77.1
439497.RR11_331,rplK,50S&nbsp;ribosomal&nbsp;protein&nbsp;L11,77.1
439497.RR11_86,RR11_86,DctP,77.0
439497.RR11_2481,RR11_2481,Inner-membrane&nbsp;translocator,77.0
439497.RR11_2185,cobF,Precorrin-6A&nbsp;synthase&nbsp;(Deacetylating),76.9
439497.RR11_3430,mtnP,S-methyl-5'-thioadenosine&nbsp;phosphorylase,76.9
439497.RR11_3539,RR11_3539,[T]&nbsp;COG0639&nbsp;Diadenosine&nbsp;tetraphosphatase&nbsp;and&nbsp;related&nbsp;serine/threonine&nbsp;protein&nbsp;phosphatases,76.8
439497.RR11_1486,RR11_1486,Ca2+&nbsp;sensor,76.8
439497.RR11_1705,RR11_1705,Short-chain&nbsp;dehydrogenase/reductase&nbsp;SDR,76.8
439497.RR11_187,cysQ,"3'(2'),5'-bisphosphate&nbsp;nucleotidase",76.8
439497.RR11_2525,RR11_2525,[IQR]&nbsp;COG1028&nbsp;Dehydrogenases&nbsp;with&nbsp;different&nbsp;specificities&nbsp;(related&nbsp;to&nbsp;short-chain&nbsp;alcohol&nbsp;dehydrogenases),76.8
439497.RR11_2906,thrS,Threonine--tRNA&nbsp;ligase,76.8
439497.RR11_3109,RR11_3109,"Aldehyde&nbsp;dehydrogenase,&nbsp;thermostable",76.7
439497.RR11_1144,RR11_1144,Cytochrome&nbsp;c-type&nbsp;biogenesis&nbsp;protein,76.7
439497.RR11_2709,RR11_2709,"Sarcosine&nbsp;oxidase,&nbsp;delta&nbsp;subunit,&nbsp;heterotetrameric",76.7
439497.RR11_1014,RR11_1014,Uncharacterized&nbsp;protein,76.7
439497.RR11_1978,cysD,O-acetylhomoserine&nbsp;(Thiol)-lyase,76.6
439497.RR11_3144,dnaQ,DNA&nbsp;polymerase&nbsp;III&nbsp;subunit&nbsp;epsilon,76.6
439497.RR11_513,RR11_513,Periplasmic&nbsp;binding&nbsp;protein/LacI&nbsp;transcriptional&nbsp;regulator,76.5
439497.RR11_3388,argS,Arginine--tRNA&nbsp;ligase,76.5
439497.RR11_813,RR11_813,UPF0173&nbsp;metal-dependent&nbsp;hydrolase&nbsp;RR11_813,76.5
439497.RR11_1818,soxR,Redox-sensitive&nbsp;transcriptional&nbsp;activator&nbsp;SoxR,76.5
439497.RR11_2065,speB_2,Agmatinase,76.4
439497.RR11_1121,RR11_1121,[NT]&nbsp;COG0840&nbsp;Methyl-accepting&nbsp;chemotaxis&nbsp;protein,76.4
439497.RR11_1276,infC,Translation&nbsp;initiation&nbsp;factor&nbsp;IF-3,76.3
439497.RR11_1318,moaE,"[H]&nbsp;COG0314&nbsp;Molybdopterin&nbsp;converting&nbsp;factor,&nbsp;large&nbsp;subunit",76.3
439497.RR11_1823,moaA_2,"GTP&nbsp;3',8-cyclase",76.3
439497.RR11_942,RR11_942,Inner-membrane&nbsp;translocator,76.2
439497.RR11_739,RR11_739,Phosphoglucomutase/phosphomannomutase&nbsp;alpha/beta/alpha&nbsp;domain&nbsp;I,76.2
439497.RR11_3104,pcaF,Beta-ketoadipyl&nbsp;CoA&nbsp;thiolase,76.2
439497.RR11_149,RR11_149,Hippurate&nbsp;hydrolase,76.2
439497.RR11_2877,groS,10&nbsp;kDa&nbsp;chaperonin,76.2
439497.RR11_1530,ygcA,[J]&nbsp;COG2265&nbsp;SAM-dependent&nbsp;methyltransferases&nbsp;related&nbsp;to&nbsp;tRNA&nbsp;(uracil-5-)-methyltransferase,76.2
439497.RR11_447,RR11_447,Peptidase&nbsp;M23B,76.2
439497.RR11_2043,trpE,Anthranilate&nbsp;synthase&nbsp;component&nbsp;1,76.1
439497.RR11_92,RR11_92,[T]&nbsp;COG3920&nbsp;Signal&nbsp;transduction&nbsp;histidine&nbsp;kinase,76.1
439497.RR11_2270,lipA_1,Lipoyl&nbsp;synthase,76.1
439497.RR11_1733,lpxA,Acyl-[acyl-carrier-protein]--UDP-N-acetylglucosamine&nbsp;O-acyltransferase,76.1
439497.RR11_2452,ltaE,L-threonine&nbsp;aldolase,76.1
439497.RR11_558,coxB,Cytochrome&nbsp;c&nbsp;oxidase&nbsp;subunit&nbsp;2,76.1
439497.RR11_2514,RR11_2514,"[C]&nbsp;COG1271&nbsp;Cytochrome&nbsp;bd-type&nbsp;quinol&nbsp;oxidase,&nbsp;subunit&nbsp;1",76.1
439497.RR11_1917,cycH,Cytochrome&nbsp;c-type&nbsp;biogenesis&nbsp;protein&nbsp;CycH,76.0
439497.RR11_3462,ccmA,Cytochrome&nbsp;c&nbsp;biogenesis&nbsp;ATP-binding&nbsp;export&nbsp;protein&nbsp;CcmA,76.0
439497.RR11_344,RR11_344,"Sugar&nbsp;ABC&nbsp;transporter,&nbsp;ATP-binding&nbsp;protein",75.9
439497.RR11_955,cobO,"Cob(I)yrinic&nbsp;acid&nbsp;a,c-diamide&nbsp;adenosyltransferase",75.9
439497.RR11_519,RR11_519,Lipopolysaccharide&nbsp;biosynthesis,75.9
439497.RR11_834,cysS,Cysteine--tRNA&nbsp;ligase,75.9
439497.RR11_870,RR11_870,"[E]&nbsp;COG2113&nbsp;ABC-type&nbsp;proline/glycine&nbsp;betaine&nbsp;transport&nbsp;systems,&nbsp;periplasmic&nbsp;components",75.8
439497.RR11_1766,udgA,[L]&nbsp;COG1573&nbsp;Uracil-DNA&nbsp;glycosylase,75.8
439497.RR11_1268,purS,Phosphoribosylformylglycinamidine&nbsp;synthase&nbsp;subunit&nbsp;PurS,75.8
439497.RR11_2423,RR11_2423,"Branched-chain&nbsp;amino&nbsp;acid&nbsp;ABC&nbsp;transporter,&nbsp;ATP-binding&nbsp;protein",75.7
439497.RR11_445,sdh,Saccharopine&nbsp;dehydrogenase,75.7
439497.RR11_2871,surE,5'-nucleotidase&nbsp;SurE,75.6
439497.RR11_1193,RR11_1193,"Branched-chain&nbsp;amino&nbsp;acid&nbsp;ABC&nbsp;transporter,&nbsp;ATP-binding&nbsp;protein",75.6
439497.RR11_1852,ihfB,Integration&nbsp;host&nbsp;factor&nbsp;subunit&nbsp;beta,75.4
439497.RR11_3184,ispH,4-hydroxy-3-methylbut-2-enyl&nbsp;diphosphate&nbsp;reductase,75.4
439497.RR11_829,RR11_829,"Branched-chain&nbsp;amino&nbsp;acid&nbsp;ABC&nbsp;transporter,&nbsp;ATP-binding&nbsp;protein",75.4
439497.RR11_1457,RR11_1457,Monooxygenase&nbsp;family&nbsp;protein,75.4
439497.RR11_839,RR11_839,[T]&nbsp;COG5000&nbsp;Signal&nbsp;transduction&nbsp;histidine&nbsp;kinase&nbsp;involved&nbsp;in&nbsp;nitrogen&nbsp;fixation&nbsp;and&nbsp;metabolism&nbsp;regulation,75.4
439497.RR11_468,RR11_468,Glutamate--ammonia&nbsp;ligase,75.4
439497.RR11_978,rplL,50S&nbsp;ribosomal&nbsp;protein&nbsp;L7/L12,75.4
439497.RR11_2449,RR11_2449,Vitamin&nbsp;B12-dependent&nbsp;ribonucleotide&nbsp;reductase,75.4
439497.RR11_483,trpA,Tryptophan&nbsp;synthase&nbsp;alpha&nbsp;chain,75.3
439497.RR11_2254,RR11_2254,[E]&nbsp;COG1605&nbsp;Chorismate&nbsp;mutase,75.3
439497.RR11_1911,ruvC,Crossover&nbsp;junction&nbsp;endodeoxyribonuclease&nbsp;RuvC,75.2
439497.RR11_1753,truA,tRNA&nbsp;pseudouridine&nbsp;synthase&nbsp;A,75.2
439497.RR11_1099,rpsU,[J]&nbsp;COG0828&nbsp;Ribosomal&nbsp;protein&nbsp;S21,75.2
439497.RR11_1576,yaeT,Outer&nbsp;membrane&nbsp;protein&nbsp;assembly&nbsp;factor&nbsp;BamA,75.1
439497.RR11_14,RR11_14,Aminotransferase,75.1
439497.RR11_503,ccmF,"[O]&nbsp;COG0755&nbsp;ABC-type&nbsp;transport&nbsp;system&nbsp;involved&nbsp;in&nbsp;cytochrome&nbsp;c&nbsp;biogenesis,&nbsp;permease&nbsp;component",75.1
439497.RR11_71,RR11_71,Response&nbsp;regulator&nbsp;receiver&nbsp;protein,75.1
439497.RR11_1556,RR11_1556,"[EP]&nbsp;COG0601&nbsp;ABC-type&nbsp;dipeptide/oligopeptide/nickel&nbsp;transport&nbsp;systems,&nbsp;permease&nbsp;components",75.0
439497.RR11_1859,argE_2,[E]&nbsp;COG0624&nbsp;Acetylornithine&nbsp;deacetylase/Succinyl-diaminopimelate&nbsp;desuccinylase&nbsp;and&nbsp;related&nbsp;deacylases,75.0
439497.RR11_1036,RR11_1036,"Oxidoreductase,&nbsp;FAD/FMN-binding&nbsp;family",75.0
439497.RR11_2517,RR11_2517,Cyclic&nbsp;nucleotide-binding&nbsp;domain&nbsp;protein,75.0
439497.RR11_490,pdhA,Pyruvate&nbsp;dehydrogenase&nbsp;E1&nbsp;component&nbsp;subunit&nbsp;alpha,75.0
439497.RR11_1217,rpsT,30S&nbsp;ribosomal&nbsp;protein&nbsp;S20,75.0
439497.RR11_1598,glcE,"Glycolate&nbsp;oxidase,&nbsp;GlcE&nbsp;subunit",75.0
439497.RR11_1779,sdhD,"[C]&nbsp;COG2142&nbsp;Succinate&nbsp;dehydrogenase,&nbsp;hydrophobic&nbsp;anchor&nbsp;subunit",75.0
439497.RR11_3659,dnaK,Chaperone&nbsp;protein&nbsp;DnaK,74.9
439497.RR11_2263,murD,UDP-N-acetylmuramoylalanine--D-glutamate&nbsp;ligase,74.9
439497.RR11_2374,bdh,[IQR]&nbsp;COG1028&nbsp;Dehydrogenases&nbsp;with&nbsp;different&nbsp;specificities&nbsp;(related&nbsp;to&nbsp;short-chain&nbsp;alcohol&nbsp;dehydrogenases),74.8
439497.RR11_2937,RR11_2937,4Fe-4S&nbsp;binding&nbsp;domain&nbsp;protein,74.8
439497.RR11_158,cheB_2,Protein-glutamate&nbsp;methylesterase,74.8
439497.RR11_1939,RR11_1939,[R]&nbsp;COG1064&nbsp;Zn-dependent&nbsp;alcohol&nbsp;dehydrogenases,74.7
439497.RR11_2437,iorA,"Isoquinoline&nbsp;1-oxidoreductase,&nbsp;alpha&nbsp;subunit",74.7
439497.RR11_557,ureF,Urease&nbsp;accessory&nbsp;protein&nbsp;UreF,74.6
439497.RR11_3504,dut,Deoxyuridine&nbsp;5'-triphosphate&nbsp;nucleotidohydrolase,74.6
439497.RR11_1783,RR11_1783,Glyoxalase&nbsp;family&nbsp;protein,74.6
439497.RR11_664,ruvA,Holliday&nbsp;junction&nbsp;ATP-dependent&nbsp;DNA&nbsp;helicase&nbsp;RuvA,74.5
439497.RR11_3645,RR11_3645,[R]&nbsp;COG0579&nbsp;Predicted&nbsp;dehydrogenase,74.5
439497.RR11_2957,RR11_2957,"Oxidoreductase,&nbsp;FAD-binding",74.4
439497.RR11_473,RR11_473,[G]&nbsp;COG2133&nbsp;Glucose/sorbosone&nbsp;dehydrogenases,74.4
439497.RR11_3436,RR11_3436,Tetratricopeptide&nbsp;TPR_2,74.3
439497.RR11_1589,RR11_1589,"Hydrolase,&nbsp;alpha/beta&nbsp;fold&nbsp;family",74.3
439497.RR11_2710,RR11_2710,Methyltransferase,74.3
439497.RR11_3140,RR11_3140,[TK]&nbsp;COG0745&nbsp;Response&nbsp;regulators&nbsp;consisting&nbsp;of&nbsp;a&nbsp;CheY-like&nbsp;receiver&nbsp;domain&nbsp;and&nbsp;a&nbsp;winged-helix&nbsp;DNA-binding&nbsp;domain,74.3
439497.RR11_3341,RR11_3341,"Two&nbsp;component,&nbsp;sigma54&nbsp;specific,&nbsp;transcriptional&nbsp;regulator,&nbsp;Fis&nbsp;family",74.3
439497.RR11_3013,aroC,Chorismate&nbsp;synthase,74.2
439497.RR11_605,RR11_605,Short-chain&nbsp;dehydrogenase/reductase&nbsp;SDR,74.2
439497.RR11_2825,RR11_2825,"AMP-binding&nbsp;enzyme,&nbsp;putative",74.1
439497.RR11_201,RR11_201,[O]&nbsp;COG0386&nbsp;Glutathione&nbsp;peroxidase,74.1
439497.RR11_651,nuoE,"NADH&nbsp;dehydrogenase-ubiquinone&nbsp;oxidoreductase,&nbsp;chain&nbsp;e",74.1
439497.RR11_583,RR11_583,Peptidase&nbsp;M20,74.0
439497.RR11_660,adk,Adenylate&nbsp;kinase,74.0
439497.RR11_2998,RR11_2998,Glycine&nbsp;cleavage&nbsp;T-protein&nbsp;(Aminomethyl&nbsp;transferase),74.0
439497.RR11_2859,RR11_2859,"Beta-ketoadipate&nbsp;pathway&nbsp;transcriptional&nbsp;regulator,&nbsp;PcaR/PcaU/PobR&nbsp;family",73.9
439497.RR11_2319,RR11_2319,Peptidylprolyl&nbsp;isomerase,73.9
439497.RR11_1475,RR11_1475,[I]&nbsp;COG1024&nbsp;Enoyl-CoA&nbsp;hydratase/carnithine&nbsp;racemase,73.9
439497.RR11_1505,trxB,[O]&nbsp;COG0492&nbsp;Thioredoxin&nbsp;reductase,73.9
439497.RR11_3085,RR11_3085,[C]&nbsp;COG0584&nbsp;Glycerophosphoryl&nbsp;diester&nbsp;phosphodiesterase,73.9
439497.RR11_1465,RR11_1465,Glyoxalase&nbsp;family&nbsp;protein,73.8
439497.RR11_3156,RR11_3156,"Tripartite&nbsp;ATP-independent&nbsp;periplasmic&nbsp;transporter,&nbsp;DctQ&nbsp;component",73.8
439497.RR11_2165,RR11_2165,[S]&nbsp;COG0599&nbsp;Uncharacterized&nbsp;homolog&nbsp;of&nbsp;gamma-carboxymuconolactone&nbsp;decarboxylase&nbsp;subunit,73.8
439497.RR11_3043,RR11_3043,Sarcosine&nbsp;oxidase&nbsp;subunit&nbsp;beta,73.7
439497.RR11_993,tolQ,Protein&nbsp;TolQ,73.7
439497.RR11_1421,RR11_1421,[E]&nbsp;COG1231&nbsp;Monoamine&nbsp;oxidase,73.7
439497.RR11_2360,RR11_2360,"[G]&nbsp;COG1638&nbsp;TRAP-type&nbsp;C4-dicarboxylate&nbsp;transport&nbsp;system,&nbsp;periplasmic&nbsp;component",73.7
439497.RR11_2044,RR11_2044,Molybdopterin-guanine&nbsp;dinucleotide&nbsp;biosynthesis&nbsp;protein&nbsp;A,73.6
439497.RR11_1414,hslU,ATP-dependent&nbsp;protease&nbsp;ATPase&nbsp;subunit&nbsp;HslU,73.6
439497.RR11_2012,nuoJ,[C]&nbsp;COG0839&nbsp;NADH:ubiquinone&nbsp;oxidoreductase&nbsp;subunit&nbsp;6&nbsp;(chain&nbsp;J),73.6
439497.RR11_15,hmuV,Hemin&nbsp;import&nbsp;ATP-binding&nbsp;protein&nbsp;HmuV,73.6
439497.RR11_3025,RR11_3025,Uncharacterized&nbsp;P-loop&nbsp;hydrolase&nbsp;UPF0079,73.6
439497.RR11_702,xdhC,"[O]&nbsp;COG1975&nbsp;Xanthine&nbsp;and&nbsp;CO&nbsp;dehydrogenases&nbsp;maturation&nbsp;factor,&nbsp;XdhC/CoxF&nbsp;family",73.6
439497.RR11_3571,cdd,Cytidine&nbsp;deaminase,73.6
439497.RR11_822,ilvC,Ketol-acid&nbsp;reductoisomerase&nbsp;(NADP(+)),73.6
439497.RR11_2180,RR11_2180,"Sarcosine&nbsp;oxidase,&nbsp;beta&nbsp;subunit&nbsp;family",73.5
439497.RR11_1275,RR11_1275,"HAD-superfamily&nbsp;hydrolase,&nbsp;subfamily&nbsp;IA,&nbsp;variant&nbsp;1,&nbsp;putative",73.5
439497.RR11_1553,RR11_1553,[R]&nbsp;COG2070&nbsp;Dioxygenases&nbsp;related&nbsp;to&nbsp;2-nitropropane&nbsp;dioxygenase,73.5
439497.RR11_81,mcpA_2,[NT]&nbsp;COG0840&nbsp;Methyl-accepting&nbsp;chemotaxis&nbsp;protein,73.5
439497.RR11_538,RR11_538,"Transcriptional&nbsp;regulator,&nbsp;Crp/Fnr&nbsp;family",73.4
439497.RR11_58,RR11_58,(2Fe-2S)&nbsp;binding&nbsp;protein,73.3
439497.RR11_2600,paaG,"Phenylacetate-CoA&nbsp;oxygenase,&nbsp;PaaG&nbsp;subunit",73.3
439497.RR11_2597,nuoA,NADH-quinone&nbsp;oxidoreductase&nbsp;subunit&nbsp;A,73.3
439497.RR11_1064,rpmD,[J]&nbsp;COG1841&nbsp;Ribosomal&nbsp;protein&nbsp;L30/L7E,73.2
439497.RR11_2055,RR11_2055,OstA&nbsp;family&nbsp;protein,73.2
439497.RR11_1236,RR11_1236,"UDP-N-acetylglucosamine--peptide&nbsp;N-acetylglucosaminyltransferase&nbsp;110kDa&nbsp;subunit,&nbsp;putative",73.1
439497.RR11_2033,clpP,ATP-dependent&nbsp;Clp&nbsp;protease&nbsp;proteolytic&nbsp;subunit,73.1
439497.RR11_2102,mutS,DNA&nbsp;mismatch&nbsp;repair&nbsp;protein&nbsp;MutS,73.1
439497.RR11_2986,RR11_2986,Pyruvate&nbsp;dehydrogenase&nbsp;E1&nbsp;component&nbsp;subunit&nbsp;beta,73.0
439497.RR11_1111,RR11_1111,"Extracellular&nbsp;solute-binding&nbsp;protein,&nbsp;family&nbsp;5",73.0
439497.RR11_3054,RR11_3054,Binding-protein-dependent&nbsp;transport&nbsp;systems&nbsp;inner&nbsp;membrane&nbsp;component,73.0
439497.RR11_1046,RR11_1046,Pyruvate&nbsp;dehydrogenase&nbsp;E1&nbsp;component,72.9
439497.RR11_2436,hemA,5-aminolevulinate&nbsp;synthase,72.9
439497.RR11_2117,era,GTPase&nbsp;Era,72.9
439497.RR11_646,RR11_646,Competence/damage-inducible&nbsp;protein&nbsp;CinA&nbsp;domain&nbsp;protein,72.9
439497.RR11_543,RR11_543,NAD-dependent&nbsp;epimerase/dehydratase,72.9
439497.RR11_1380,RR11_1380,Tetratricopeptide&nbsp;TPR_2,72.8
439497.RR11_1449,RR11_1449,"Amino&nbsp;acid&nbsp;ABC&nbsp;transporter,&nbsp;permease&nbsp;protein,&nbsp;3-TM&nbsp;region,&nbsp;His/Glu/Gln/Arg/opine",72.8
439497.RR11_1997,dnaA,Chromosomal&nbsp;replication&nbsp;initiator&nbsp;protein&nbsp;DnaA,72.8
439497.RR11_3147,trpG,Anthranilate&nbsp;synthase&nbsp;component&nbsp;II,72.8
439497.RR11_3545,RR11_3545,"Transcriptional&nbsp;regulator,&nbsp;LuxR&nbsp;family&nbsp;protein",72.7
439497.RR11_754,RR11_754,Uncharacterized&nbsp;protein,72.7
439497.RR11_897,fabD,Malonyl&nbsp;CoA-acyl&nbsp;carrier&nbsp;protein&nbsp;transacylase,72.6
439497.RR11_652,RR11_652,Binding-protein-dependent&nbsp;transport&nbsp;systems&nbsp;inner&nbsp;membrane&nbsp;component,72.6
439497.RR11_3288,RR11_3288,[K]&nbsp;COG1609&nbsp;Transcriptional&nbsp;regulators,72.6
439497.RR11_2991,lolD,Lipoprotein-releasing&nbsp;system&nbsp;ATP-binding&nbsp;protein&nbsp;LolD,72.6
439497.RR11_1221,lysA_2,Diaminopimelate&nbsp;decarboxylase,72.6
439497.RR11_23,RR11_23,FAD&nbsp;dependent&nbsp;oxidoreductase,72.6
439497.RR11_1667,galU,UTP--glucose-1-phosphate&nbsp;uridylyltransferase,72.5
439497.RR11_270,soxA,SoxAX&nbsp;cytochrome&nbsp;complex&nbsp;subunit&nbsp;A,72.5
439497.RR11_1772,gfdS,[T]&nbsp;COG0642&nbsp;Signal&nbsp;transduction&nbsp;histidine&nbsp;kinase,72.5
439497.RR11_3188,fdhD,Sulfur&nbsp;carrier&nbsp;protein&nbsp;FdhD,72.4
439497.RR11_2171,RR11_2171,[R]&nbsp;COG0596&nbsp;Predicted&nbsp;hydrolases&nbsp;or&nbsp;acyltransferases&nbsp;(alpha/beta&nbsp;hydrolase&nbsp;superfamily),72.4
439497.RR11_387,RR11_387,[NT]&nbsp;COG0840&nbsp;Methyl-accepting&nbsp;chemotaxis&nbsp;protein,72.2
439497.RR11_3610,purA,Adenylosuccinate&nbsp;synthetase,72.2
439497.RR11_199,flgF,Flagellar&nbsp;basal-body&nbsp;rod&nbsp;protein&nbsp;FlgF,72.2
439497.RR11_1693,RR11_1693,ABC&nbsp;transporter&nbsp;ATP-binding&nbsp;protein,72.2
439497.RR11_114,exoL,"Glycosyltransferase,&nbsp;Succinoglycan&nbsp;biosynthesis&nbsp;protein&nbsp;ExoL",72.2
439497.RR11_1575,tatC,Sec-independent&nbsp;protein&nbsp;translocase&nbsp;protein&nbsp;TatC,72.2
439497.RR11_2401,regA,Photosynthetic&nbsp;apparatus&nbsp;regulatory&nbsp;protein&nbsp;RegA,72.1
439497.RR11_85,RR11_85,Short&nbsp;chain&nbsp;dehydrogenase,72.0
439497.RR11_1054,pgi,[G]&nbsp;COG0166&nbsp;Glucose-6-phosphate&nbsp;isomerase,72.0
439497.RR11_66,RR11_66,Thiamine&nbsp;pyrophosphate-dependent&nbsp;enzyme,72.0
439497.RR11_1297,RR11_1297,[Q]&nbsp;COG2175&nbsp;Probable&nbsp;taurine&nbsp;catabolism&nbsp;dioxygenase,72.0
439497.RR11_2598,purH,Bifunctional&nbsp;purine&nbsp;biosynthesis&nbsp;protein&nbsp;PurH,71.9
439497.RR11_2308,rpmA,[J]&nbsp;COG0211&nbsp;Ribosomal&nbsp;protein&nbsp;L27,71.8
439497.RR11_452,ppaC,"Inorganic&nbsp;pyrophosphatase,&nbsp;manganese-dependent",71.8
439497.RR11_3483,fhs,Formate--tetrahydrofolate&nbsp;ligase,71.8
439497.RR11_2394,RR11_2394,"Sarcosine&nbsp;oxidase,&nbsp;alpha&nbsp;subunit&nbsp;family",71.7
439497.RR11_3263,pcaB,"3-carboxy-cis,cis-muconate&nbsp;cycloisomerase",71.7
439497.RR11_622,RR11_622,Uncharacterized&nbsp;protein,71.7
439497.RR11_3447,RR11_3447,[H]&nbsp;COG1541&nbsp;Coenzyme&nbsp;F390&nbsp;synthetase,71.7
439497.RR11_811,pbpC,[M]&nbsp;COG0768&nbsp;Cell&nbsp;division&nbsp;protein&nbsp;FtsI/penicillin-binding&nbsp;protein&nbsp;2,71.6
439497.RR11_2504,pyk,[G]&nbsp;COG0469&nbsp;Pyruvate&nbsp;kinase,71.6
439497.RR11_3062,RR11_3062,"Polyamine&nbsp;ABC&nbsp;trasnporter,&nbsp;periplasmic&nbsp;polyamine-binding&nbsp;protein",71.5
439497.RR11_3003,RR11_3003,[G]&nbsp;COG0726&nbsp;Predicted&nbsp;xylanase/chitin&nbsp;deacetylase,71.5
439497.RR11_1260,rpmC,[J]&nbsp;COG0255&nbsp;Ribosomal&nbsp;protein&nbsp;L29,71.5
439497.RR11_3,RR11_3,[TK]&nbsp;COG0745&nbsp;Response&nbsp;regulators&nbsp;consisting&nbsp;of&nbsp;a&nbsp;CheY-like&nbsp;receiver&nbsp;domain&nbsp;and&nbsp;a&nbsp;winged-helix&nbsp;DNA-binding&nbsp;domain,71.5
439497.RR11_2007,cysI,Sulfite&nbsp;reductase,71.4
439497.RR11_3052,RR11_3052,RimK-like&nbsp;ATP-grasp&nbsp;domain&nbsp;family&nbsp;protein,71.4
439497.RR11_1057,ddsA,Decaprenyl&nbsp;diphosphate&nbsp;synthase,71.4
439497.RR11_408,cobA_2,Uroporphyrin-III&nbsp;C-methyltransferase,71.3
439497.RR11_3219,pheA,[E]&nbsp;COG0077&nbsp;Prephenate&nbsp;dehydratase,71.3
439497.RR11_2783,fucA,L-fuculose&nbsp;phosphate&nbsp;aldolase,71.2
439497.RR11_1540,RR11_1540,ABC&nbsp;transporter&nbsp;substrate&nbsp;binding&nbsp;protein,71.2
439497.RR11_3439,RR11_3439,Inner-membrane&nbsp;translocator,71.2
439497.RR11_1581,ccoN,"[C]&nbsp;COG0843&nbsp;Heme/copper-type&nbsp;cytochrome/quinol&nbsp;oxidases,&nbsp;subunit&nbsp;1",71.1
439497.RR11_1259,RR11_1259,Peroxidase,71.1
439497.RR11_2073,pgl,[G]&nbsp;COG0363&nbsp;6-phosphogluconolactonase/Glucosamine-6-phosphate&nbsp;isomerase/deaminase,71.1
439497.RR11_2029,RR11_2029,"Aminotransferase,&nbsp;class&nbsp;V",71.1
439497.RR11_1704,RR11_1704,[E]&nbsp;COG0287&nbsp;Prephenate&nbsp;dehydrogenase,71.1
439497.RR11_275,ttg2D,Toluene&nbsp;tolerance&nbsp;protein&nbsp;Ttg2D,71.0
439497.RR11_1076,RR11_1076,[T]&nbsp;COG3707&nbsp;Response&nbsp;regulator&nbsp;with&nbsp;putative&nbsp;antiterminator&nbsp;output&nbsp;domain,71.0
439497.RR11_536,RR11_536,"Two&nbsp;component&nbsp;transcriptional&nbsp;regulator,&nbsp;winged&nbsp;helix&nbsp;family",71.0
439497.RR11_1716,RR11_1716,MotA/TolQ/ExbB&nbsp;proton&nbsp;channel&nbsp;family&nbsp;protein,70.9
439497.RR11_2789,RR11_2789,Iron-sulfur&nbsp;cluster&nbsp;carrier&nbsp;protein,70.9
439497.RR11_516,RR11_516,Exonuclease&nbsp;SbcD,70.9
439497.RR11_195,thiB,"Thiamin/thiamin&nbsp;pyrophosphate&nbsp;ABC&nbsp;transporter,&nbsp;thiamin/thiamin&nbsp;pyrophospate-binding&nbsp;protein",70.8
439497.RR11_1538,pcaH,"[Q]&nbsp;COG3485&nbsp;Protocatechuate&nbsp;3,4-dioxygenase&nbsp;beta&nbsp;subunit",70.8
439497.RR11_939,rfbG,"CDP-glucose&nbsp;4,6-dehydratase",70.8
439497.RR11_1131,hutU,Urocanate&nbsp;hydratase,70.8
439497.RR11_3256,RR11_3256,"Glutamate/glutamine/aspartate/asparagine&nbsp;ABC&nbsp;transporter,&nbsp;periplasmic&nbsp;substrate-binding&nbsp;protein",70.8
439497.RR11_1066,RR11_1066,"Alcohol&nbsp;dehydrogenase,&nbsp;zinc-binding",70.7
439497.RR11_1309,trpS,Tryptophan--tRNA&nbsp;ligase,70.7
439497.RR11_2023,soxY,Sulfur&nbsp;oxidation&nbsp;Y&nbsp;protein,70.6
439497.RR11_495,RR11_495,"Zinc/manganese/iron&nbsp;ABC&nbsp;transporter,&nbsp;ATP-binding&nbsp;protein",70.6
439497.RR11_1068,ilvD,[EG]&nbsp;COG0129&nbsp;Dihydroxyacid&nbsp;dehydratase/phosphogluconate&nbsp;dehydratase,70.5
439497.RR11_1990,RR11_1990,[S]&nbsp;COG3501&nbsp;Uncharacterized&nbsp;protein&nbsp;conserved&nbsp;in&nbsp;bacteria,70.5
439497.RR11_1973,pstB,Phosphate&nbsp;import&nbsp;ATP-binding&nbsp;protein&nbsp;PstB,70.5
439497.RR11_3608,RR11_3608,"RecF/RecN/SMC&nbsp;N&nbsp;terminal&nbsp;domain,&nbsp;putative",70.5
439497.RR11_2113,acaD,[I]&nbsp;COG1960&nbsp;Acyl-CoA&nbsp;dehydrogenases,70.4
439497.RR11_203,RR11_203,Inner-membrane&nbsp;translocator,70.4
439497.RR11_2071,RR11_2071,[S]&nbsp;COG2343&nbsp;Uncharacterized&nbsp;protein&nbsp;conserved&nbsp;in&nbsp;bacteria,70.4
439497.RR11_2542,RR11_2542,"[L]&nbsp;COG2812&nbsp;DNA&nbsp;polymerase&nbsp;III,&nbsp;gamma/tau&nbsp;subunits",70.4
439497.RR11_69,RR11_69,MotA/TolQ/ExbB&nbsp;proton&nbsp;channel&nbsp;family&nbsp;domain&nbsp;protein,70.4
439497.RR11_1263,RR11_1263,[IQR]&nbsp;COG1028&nbsp;Dehydrogenases&nbsp;with&nbsp;different&nbsp;specificities&nbsp;(related&nbsp;to&nbsp;short-chain&nbsp;alcohol&nbsp;dehydrogenases),70.4
439497.RR11_2088,petA,Ubiquinol-cytochrome&nbsp;c&nbsp;reductase&nbsp;iron-sulfur&nbsp;subunit,70.3
439497.RR11_2146,parE,DNA&nbsp;topoisomerase&nbsp;4&nbsp;subunit&nbsp;B,70.3
439497.RR11_1239,RR11_1239,Thioredoxin&nbsp;domain&nbsp;protein,70.3
439497.RR11_1700,accD,Acetyl-coenzyme&nbsp;A&nbsp;carboxylase&nbsp;carboxyl&nbsp;transferase&nbsp;subunit&nbsp;beta,70.2
439497.RR11_3324,RR11_3324,"Esterase&nbsp;EstC,&nbsp;putative",70.2
439497.RR11_3074,cobN,"Cobaltochelatase,&nbsp;CobN&nbsp;subunit",70.2
439497.RR11_1279,rpmE,[J]&nbsp;COG0254&nbsp;Ribosomal&nbsp;protein&nbsp;L31,70.2
439497.RR11_1889,RR11_1889,"3-hydroxyacyl-CoA&nbsp;dehydrogenase,&nbsp;NAD-binding",70.2
439497.RR11_3623,truB,tRNA&nbsp;pseudouridine&nbsp;synthase&nbsp;B,70.2
439497.RR11_1439,ccmD,Heme&nbsp;exporter&nbsp;protein&nbsp;D,70.2
439497.RR11_3212,RR11_3212,Amidohydrolase&nbsp;family&nbsp;protein,70.1
439497.RR11_1052,RR11_1052,Glycine&nbsp;cleavage&nbsp;T-protein&nbsp;(Aminomethyl&nbsp;transferase),70.1
439497.RR11_3655,lon,Lon&nbsp;protease,70.1
439497.RR11_235,RR11_235,"Tripartite&nbsp;ATP-independent&nbsp;periplasmic&nbsp;transporter,&nbsp;DctQ&nbsp;component",70.1
