644076.SCH4B_3931,proC,Pyrroline-5-carboxylate&nbsp;reductase,98.9
644076.SCH4B_2712,ccoS,"Cytochrome&nbsp;oxidase&nbsp;maturation&nbsp;protein,&nbsp;Cbb3-type",98.9
644076.SCH4B_1741,SCH4B_1741,"Type&nbsp;I&nbsp;secretion&nbsp;outer&nbsp;membrane&nbsp;protein,&nbsp;TolC",98.9
644076.SCH4B_4595,argC,N-acetyl-gamma-glutamyl-phosphate&nbsp;reductase,98.8
644076.SCH4B_3150,hemD,Uroporphyrinogen-III&nbsp;synthase,98.8
644076.SCH4B_3649,SCH4B_3649,Aspartate&nbsp;aminotransferase&nbsp;A,98.7
644076.SCH4B_1430,SCH4B_1430,AMP-dependent&nbsp;synthetase&nbsp;and&nbsp;ligase,98.7
644076.SCH4B_4489,SCH4B_4489,Nitrogen&nbsp;regulatory&nbsp;protein&nbsp;P-II,98.7
644076.SCH4B_0694,nqrB,Na(+)-translocating&nbsp;NADH-quinone&nbsp;reductase&nbsp;subunit&nbsp;B,98.7
644076.SCH4B_3733,SCH4B_3733,Oligopeptide&nbsp;transport&nbsp;system&nbsp;permease&nbsp;protein&nbsp;AppC,98.7
644076.SCH4B_3912,purE,N5-carboxyaminoimidazole&nbsp;ribonucleotide&nbsp;mutase,98.7
644076.SCH4B_1368,ilvC,Ketol-acid&nbsp;reductoisomerase&nbsp;(NADP(+)),98.6
644076.SCH4B_1633,SCH4B_1633,Allophanate&nbsp;hydrolase&nbsp;subunit&nbsp;2,98.6
644076.SCH4B_1094,SCH4B_1094,Diguanylate&nbsp;cyclase/phosphodiesterase,98.6
644076.SCH4B_2140,SCH4B_2140,"Amidase,&nbsp;hydantoinase/carbamoylase&nbsp;family",98.5
644076.SCH4B_0020,SCH4B_0020,Beta-glucuronidase,98.5
644076.SCH4B_3744,thiS,Thiamine&nbsp;biosynthesis&nbsp;protein&nbsp;ThiS,98.4
644076.SCH4B_4303,SCH4B_4303,annotation&nbsp;not&nbsp;available,98.4
644076.SCH4B_3241,secA,Protein&nbsp;translocase&nbsp;subunit&nbsp;SecA,98.4
644076.SCH4B_1506,SCH4B_1506,Trimethylamine&nbsp;methyltransferase,98.4
644076.SCH4B_3479,SCH4B_3479,Manganese&nbsp;transport&nbsp;system&nbsp;ATP-binding&nbsp;protein&nbsp;MntA,98.4
644076.SCH4B_3037,uppP,Undecaprenyl-diphosphatase,98.4
644076.SCH4B_2998,SCH4B_2998,Histidine&nbsp;kinase,98.3
644076.SCH4B_1499,SCH4B_1499,annotation&nbsp;not&nbsp;available,98.3
644076.SCH4B_1590,SCH4B_1590,Prephenate&nbsp;dehydrogenase,98.3
644076.SCH4B_0805,SCH4B_0805,Inner&nbsp;membrane&nbsp;ABC&nbsp;transporter&nbsp;permease&nbsp;protein&nbsp;YdeZ,98.2
644076.SCH4B_0449,SCH4B_0449,Succinate&nbsp;dehydrogenase&nbsp;iron-sulfur&nbsp;subunit,98.2
644076.SCH4B_1064,rpoA,DNA-directed&nbsp;RNA&nbsp;polymerase&nbsp;subunit&nbsp;alpha,98.1
644076.SCH4B_2074,SCH4B_2074,Long-chain&nbsp;specific&nbsp;acyl-coa&nbsp;dehydrogenase,98.1
644076.SCH4B_2459,nrdI,Protein&nbsp;NrdI,98.1
644076.SCH4B_0921,SCH4B_0921,annotation&nbsp;not&nbsp;available,98.1
644076.SCH4B_4545,SCH4B_4545,Acetyltransferase&nbsp;component&nbsp;of&nbsp;pyruvate&nbsp;dehydrogenase&nbsp;complex,98.1
644076.SCH4B_4473,SCH4B_4473,Tetratricopeptide&nbsp;TPR_2&nbsp;repeat&nbsp;protein,98.0
644076.SCH4B_3320,SCH4B_3320,"Helix-turn-helix&nbsp;domain&nbsp;containing&nbsp;protein,&nbsp;type&nbsp;11",98.0
644076.SCH4B_1589,hisC,Histidinol-phosphate&nbsp;aminotransferase,98.0
644076.SCH4B_1371,SCH4B_1371,"Aminotransferase,&nbsp;class&nbsp;V",98.0
644076.SCH4B_1927,SCH4B_1927,Gamma-glutamylputrescine&nbsp;oxidoreductase,97.9
644076.SCH4B_2040,SCH4B_2040,Outer&nbsp;membrane&nbsp;autotransporter&nbsp;barrel,97.9
644076.SCH4B_2492,SCH4B_2492,CytoChrome&nbsp;c&nbsp;oxidase&nbsp;subunit&nbsp;3,97.9
644076.SCH4B_3152,gpsA,Glycerol-3-phosphate&nbsp;dehydrogenase&nbsp;[NAD(P)+],97.9
644076.SCH4B_4511,rpsR,30S&nbsp;ribosomal&nbsp;protein&nbsp;S18,97.9
644076.SCH4B_2162,purN,Phosphoribosylglycinamide&nbsp;formyltransferase,97.9
644076.SCH4B_1060,secY,Protein&nbsp;translocase&nbsp;subunit&nbsp;SecY,97.8
644076.SCH4B_3746,thiD,Phosphomethylpyrimidine&nbsp;kinase,97.8
644076.SCH4B_0540,SCH4B_0540,"Formate&nbsp;dehydrogenase,&nbsp;alpha&nbsp;subunit",97.8
644076.SCH4B_3488,SCH4B_3488,Glutathione&nbsp;S-transferase,97.8
644076.SCH4B_2528,SCH4B_2528,OmpA/MotB,97.8
644076.SCH4B_0909,ctc,50S&nbsp;ribosomal&nbsp;protein&nbsp;L25,97.8
644076.SCH4B_3617,SCH4B_3617,1-Acyl-sn-glycerol-3-phosphate&nbsp;acyltransferase,97.7
644076.SCH4B_1775,SCH4B_1775,annotation&nbsp;not&nbsp;available,97.7
644076.SCH4B_0869,SCH4B_0869,annotation&nbsp;not&nbsp;available,97.6
644076.SCH4B_0743,SCH4B_0743,ROK&nbsp;domain&nbsp;protein,97.6
644076.SCH4B_0230,SCH4B_0230,"Glycosyl&nbsp;transferase,&nbsp;group&nbsp;1",97.6
644076.SCH4B_1194,SCH4B_1194,Peroxisomal&nbsp;bifunctional&nbsp;enzyme,97.6
644076.SCH4B_2610,SCH4B_2610,"Helix-turn-helix&nbsp;domain&nbsp;containing&nbsp;protein,&nbsp;type&nbsp;11",97.5
644076.SCH4B_0087,SCH4B_0087,Ribose&nbsp;transport&nbsp;system&nbsp;permease&nbsp;protein&nbsp;RbsC,97.5
644076.SCH4B_4578,SCH4B_4578,CBS&nbsp;domain&nbsp;protein,97.4
644076.SCH4B_2518,SCH4B_2518,annotation&nbsp;not&nbsp;available,97.4
644076.SCH4B_0874,SCH4B_0874,3-oxoacyl-(Acyl-carrier-protein)&nbsp;synthase&nbsp;1,97.4
644076.SCH4B_2977,gpmI,"2,3-bisphosphoglycerate-independent&nbsp;phosphoglycerate&nbsp;mutase",97.4
644076.SCH4B_3329,SCH4B_3329,annotation&nbsp;not&nbsp;available,97.4
644076.SCH4B_2721,ccoN,"Cytochrome&nbsp;c&nbsp;oxidase,&nbsp;Cbb3-type,&nbsp;subunit&nbsp;I",97.4
644076.SCH4B_2562,gcvT,Glycine&nbsp;cleavage&nbsp;system&nbsp;T&nbsp;protein,97.3
644076.SCH4B_3172,hslV,ATP-dependent&nbsp;protease&nbsp;subunit&nbsp;HslV,97.3
644076.SCH4B_3250,SCH4B_3250,DNA-binding&nbsp;response&nbsp;regulator,97.3
644076.SCH4B_4027,pepN,Identified&nbsp;by&nbsp;match&nbsp;to&nbsp;protein&nbsp;family&nbsp;HMM&nbsp;PF01433,97.3
644076.SCH4B_3870,thyA,Thymidylate&nbsp;synthase,97.3
644076.SCH4B_1081,SCH4B_1081,Glutamate/glutamine/aspartate/asparagine&nbsp;transport&nbsp;system&nbsp;permeaseprotein&nbsp;BztC,97.2
644076.SCH4B_1958,SCH4B_1958,C4-dicarboxylate&nbsp;transport&nbsp;transcriptional&nbsp;regulatory&nbsp;protein&nbsp;DctD,97.1
644076.SCH4B_2634,SCH4B_2634,"RNA&nbsp;methyltransferase,&nbsp;RsmD&nbsp;family",97.1
644076.SCH4B_1604,atpD,ATP&nbsp;synthase&nbsp;subunit&nbsp;beta,97.1
644076.SCH4B_2048,nadK,NAD&nbsp;kinase,97.1
644076.SCH4B_2520,folD,Bifunctional&nbsp;protein&nbsp;FolD,97.0
644076.SCH4B_4298,ihfA,Integration&nbsp;host&nbsp;factor&nbsp;subunit&nbsp;alpha,97.0
644076.SCH4B_2502,SCH4B_2502,Succinyl-coa:3-ketoacid-coenzyme&nbsp;a&nbsp;transferase&nbsp;subunit&nbsp;a,96.9
644076.SCH4B_4270,SCH4B_4270,Identified&nbsp;by&nbsp;match&nbsp;to&nbsp;protein&nbsp;family&nbsp;HMM&nbsp;PF00296,96.9
644076.SCH4B_1222,ureB,Urease&nbsp;subunit&nbsp;beta,96.9
644076.SCH4B_2446,SCH4B_2446,annotation&nbsp;not&nbsp;available,96.9
644076.SCH4B_3698,SCH4B_3698,Periplasmic&nbsp;murein&nbsp;peptide-binding&nbsp;protein,96.8
644076.SCH4B_3341,SCH4B_3341,Cytokinin&nbsp;riboside&nbsp;5'-monophosphate&nbsp;phosphoribohydrolase,96.8
644076.SCH4B_4168,SCH4B_4168,Response&nbsp;regulator&nbsp;receiver&nbsp;protein,96.8
644076.SCH4B_2467,SCH4B_2467,"6-phosphogluconate&nbsp;dehydrogenase,&nbsp;NAD-binding",96.8
644076.SCH4B_3922,trxB,Thioredoxin&nbsp;reductase,96.8
644076.SCH4B_2954,SCH4B_2954,Periplasmic&nbsp;sensor&nbsp;signal&nbsp;transduction&nbsp;histidine&nbsp;kinase,96.8
644076.SCH4B_1317,mreC,Rod&nbsp;shape-determining&nbsp;protein&nbsp;MreC,96.7
644076.SCH4B_4137,SCH4B_4137,Methyl-accepting&nbsp;chemotaxis&nbsp;sensory&nbsp;transducer,96.7
644076.SCH4B_2603,pckA,Phosphoenolpyruvate&nbsp;carboxykinase&nbsp;(ATP),96.7
644076.SCH4B_1951,SCH4B_1951,Twin-arginine&nbsp;translocation&nbsp;pathway&nbsp;signal,96.7
644076.SCH4B_3632,SCH4B_3632,Putative&nbsp;outer&nbsp;membrane&nbsp;protein,96.7
644076.SCH4B_2460,SCH4B_2460,Ribonucleoside-diphosphate&nbsp;reductase,96.7
644076.SCH4B_4217,SCH4B_4217,annotation&nbsp;not&nbsp;available,96.6
644076.SCH4B_3508,SCH4B_3508,N-formylglutamate&nbsp;amidohydrolase,96.5
644076.SCH4B_4046,moaA,"GTP&nbsp;3',8-cyclase",96.5
644076.SCH4B_0510,SCH4B_0510,"Two&nbsp;component&nbsp;transcriptional&nbsp;regulator,&nbsp;winged&nbsp;helix&nbsp;family",96.5
644076.SCH4B_0703,SCH4B_0703,"ABC&nbsp;transporter,&nbsp;carbohydrate&nbsp;uptake&nbsp;transporter-2&nbsp;(CUT2)&nbsp;family,&nbsp;permease&nbsp;protein",96.5
644076.SCH4B_3721,SCH4B_3721,Binding-protein-dependent&nbsp;transport&nbsp;systems&nbsp;inner&nbsp;membrane&nbsp;component,96.5
644076.SCH4B_4605,gltX_2,Glutamate--tRNA&nbsp;ligase,96.5
644076.SCH4B_3283,SCH4B_3283,annotation&nbsp;not&nbsp;available,96.4
644076.SCH4B_2810,SCH4B_2810,Nitrogen&nbsp;regulatory&nbsp;protein&nbsp;P-II,96.3
644076.SCH4B_2573,SCH4B_2573,Non-ribosomal&nbsp;peptide&nbsp;synthetase,96.3
644076.SCH4B_3738,SCH4B_3738,Aliphatic&nbsp;sulfonates&nbsp;import&nbsp;ATP-binding&nbsp;protein&nbsp;SsuB&nbsp;2,96.3
644076.SCH4B_1167,EEW60160.1,Identified&nbsp;by&nbsp;match&nbsp;to&nbsp;protein&nbsp;family&nbsp;HMM&nbsp;PF02233,96.3
644076.SCH4B_3942,carB,Carbamoyl-phosphate&nbsp;synthase&nbsp;large&nbsp;chain,96.3
644076.SCH4B_0632,paaG,"Phenylacetate-CoA&nbsp;oxygenase,&nbsp;PaaG&nbsp;subunit",96.3
644076.SCH4B_0946,SCH4B_0946,Leucyl&nbsp;aminopeptidase,96.3
644076.SCH4B_0744,SCH4B_0744,Aspic/unbv,96.2
644076.SCH4B_3635,SCH4B_3635,Response&nbsp;regulator&nbsp;receiver&nbsp;domain&nbsp;protein,96.2
644076.SCH4B_3167,SCH4B_3167,annotation&nbsp;not&nbsp;available,96.2
644076.SCH4B_3987,hrpB,ATP-dependent&nbsp;helicase&nbsp;HrpB,96.2
644076.SCH4B_1639,SCH4B_1639,annotation&nbsp;not&nbsp;available,96.1
644076.SCH4B_0221,SCH4B_0221,Mannose-1-phosphate&nbsp;guanylyltransferase/mannose-6-phosphate&nbsp;isomerase,96.1
644076.SCH4B_0759,SCH4B_0759,Citryl-CoA&nbsp;lyase,96.1
644076.SCH4B_4670,rpmA,50S&nbsp;ribosomal&nbsp;protein&nbsp;L27,96.1
644076.SCH4B_1425,SCH4B_1425,2-amninobenzoyl-CoA&nbsp;monooxygenase/reductase,96.1
644076.SCH4B_3157,ahcY,Adenosylhomocysteinase,96.0
644076.SCH4B_0287,SCH4B_0287,Chemotaxis&nbsp;protein&nbsp;methyltransferase,96.0
644076.SCH4B_1128,SCH4B_1128,Identified&nbsp;by&nbsp;match&nbsp;to&nbsp;protein&nbsp;family&nbsp;HMM&nbsp;PF01370,95.9
644076.SCH4B_4118,SCH4B_4118,annotation&nbsp;not&nbsp;available,95.9
644076.SCH4B_0771,SCH4B_0771,Binding-protein-dependent&nbsp;transport&nbsp;systems&nbsp;inner&nbsp;membrane&nbsp;component,95.9
644076.SCH4B_1046,rplN,50S&nbsp;ribosomal&nbsp;protein&nbsp;L14,95.9
644076.SCH4B_0353,SCH4B_0353,Glutamate--cysteine&nbsp;ligase,95.9
644076.SCH4B_1997,pyrC,Dihydroorotase,95.9
644076.SCH4B_2312,gyrA,DNA&nbsp;gyrase&nbsp;subunit&nbsp;A,95.9
644076.SCH4B_4223,nirK,"Nitrite&nbsp;reductase,&nbsp;copper-containing",95.8
644076.SCH4B_2826,SCH4B_2826,Inosose&nbsp;dehydratase,95.8
644076.SCH4B_1360,glyS,Glycine--tRNA&nbsp;ligase&nbsp;beta&nbsp;subunit,95.8
644076.SCH4B_0495,tmk,Thymidylate&nbsp;kinase,95.7
644076.SCH4B_1944,SCH4B_1944,Alpha/beta&nbsp;hydrolase&nbsp;fold-3&nbsp;domain&nbsp;protein,95.7
644076.SCH4B_4035,SCH4B_4035,Binding-protein-dependent&nbsp;transport&nbsp;systems&nbsp;inner&nbsp;membrane&nbsp;component,95.6
644076.SCH4B_2593,SCH4B_2593,"Transcriptional&nbsp;repressor,&nbsp;CopY&nbsp;family",95.6
644076.SCH4B_2170,SCH4B_2170,annotation&nbsp;not&nbsp;available,95.6
644076.SCH4B_2400,SCH4B_2400,"Extracellular&nbsp;solute-binding&nbsp;protein,&nbsp;family&nbsp;1",95.5
644076.SCH4B_4825,dndC,Putative&nbsp;sulfurtransferase&nbsp;DndC,95.5
644076.SCH4B_0650,SCH4B_0650,Nitrilase/cyanide&nbsp;hydratase&nbsp;and&nbsp;apolipoprotein&nbsp;N-acyltransferase,95.5
644076.SCH4B_3051,SCH4B_3051,Cytochrome&nbsp;b,95.4
644076.SCH4B_0683,SCH4B_0683,Malonyl-CoA&nbsp;synthase,95.4
644076.SCH4B_4034,SCH4B_4034,Binding-protein-dependent&nbsp;transport&nbsp;systems&nbsp;inner&nbsp;membrane&nbsp;component,95.4
644076.SCH4B_3019,SCH4B_3019,annotation&nbsp;not&nbsp;available,95.3
644076.SCH4B_2137,SCH4B_2137,Glutamate&nbsp;synthase&nbsp;subunit&nbsp;beta,95.3
644076.SCH4B_1377,carA,Carbamoyl-phosphate&nbsp;synthase&nbsp;small&nbsp;chain,95.3
644076.SCH4B_3202,rbsK,Ribokinase,95.3
644076.SCH4B_1277,SCH4B_1277,Histidine&nbsp;kinase,95.3
644076.SCH4B_3435,SCH4B_3435,Aminotransferase,95.3
644076.SCH4B_4143,SCH4B_4143,Putrescine-binding&nbsp;periplasmic&nbsp;protein,95.3
644076.SCH4B_0698,SCH4B_0698,Sorbitol&nbsp;dehydrogenase,95.2
644076.SCH4B_4478,SCH4B_4478,Identified&nbsp;by&nbsp;match&nbsp;to&nbsp;protein&nbsp;family&nbsp;HMM&nbsp;PF02566,95.2
644076.SCH4B_2018,SCH4B_2018,Sulfite&nbsp;reductase,95.2
644076.SCH4B_0470,SCH4B_0470,"Sugar&nbsp;ABC&nbsp;transporter,&nbsp;ATP-binding&nbsp;protein",95.1
644076.SCH4B_0670,SCH4B_0670,Aminotransferase&nbsp;class-III,95.1
644076.SCH4B_4024,SCH4B_4024,Protein&nbsp;YhgF,95.1
644076.SCH4B_0796,SCH4B_0796,Diguanylate&nbsp;cyclase/phosphodiesterase,95.1
644076.SCH4B_2940,SCH4B_2940,Signal&nbsp;transduction&nbsp;histidine&nbsp;kinase,95.1
644076.SCH4B_3261,SCH4B_3261,"ABC&nbsp;Fe+3&nbsp;siderophore&nbsp;transporter,&nbsp;periplasmic&nbsp;substrate-binding&nbsp;protein",95.0
644076.SCH4B_0731,SCH4B_0731,Cyclic&nbsp;nucleotide-binding&nbsp;protein,95.0
644076.SCH4B_0223,rfbA,Glucose-1-phosphate&nbsp;thymidylyltransferase,95.0
644076.SCH4B_3452,SCH4B_3452,Peroxiredoxin&nbsp;PRX1,94.9
644076.SCH4B_1671,SCH4B_1671,L-lactate&nbsp;dehydrogenase,94.8
644076.SCH4B_4469,acnA,Aconitate&nbsp;hydratase,94.8
644076.SCH4B_2177,SCH4B_2177,"Two&nbsp;component,&nbsp;sigma54&nbsp;specific,&nbsp;transcriptional&nbsp;regulator,&nbsp;Fis&nbsp;family",94.8
644076.SCH4B_1542,SCH4B_1542,Sarcosine&nbsp;oxidase&nbsp;subunit&nbsp;delta,94.8
644076.SCH4B_4023,gatB,Aspartyl/glutamyl-tRNA(Asn/Gln)&nbsp;amidotransferase&nbsp;subunit&nbsp;B,94.8
644076.SCH4B_0468,SCH4B_0468,Inner-membrane&nbsp;translocator,94.8
644076.SCH4B_3481,SCH4B_3481,ABC-3,94.8
644076.SCH4B_1070,SCH4B_1070,Phospho-2-dehydro-3-deoxyheptonate&nbsp;aldolase,94.7
644076.SCH4B_4241,SCH4B_4241,Aminotransferase,94.7
644076.SCH4B_3278,SCH4B_3278,annotation&nbsp;not&nbsp;available,94.6
644076.SCH4B_3000,SCH4B_3000,Dihydrolipoamide&nbsp;acetyltransferase&nbsp;component&nbsp;of&nbsp;pyruvate&nbsp;dehydrogenase&nbsp;complex,94.6
644076.SCH4B_2965,SCH4B_2965,"Extracellular&nbsp;solute-binding&nbsp;protein,&nbsp;family&nbsp;5",94.6
644076.SCH4B_4312,SCH4B_4312,Putative&nbsp;ATP-dependent&nbsp;RNA&nbsp;helicase&nbsp;RhlE,94.6
644076.SCH4B_2934,SCH4B_2934,annotation&nbsp;not&nbsp;available,94.6
644076.SCH4B_3044,aroC,Chorismate&nbsp;synthase,94.6
644076.SCH4B_1333,SCH4B_1333,Identified&nbsp;by&nbsp;match&nbsp;to&nbsp;protein&nbsp;family&nbsp;HMM&nbsp;PF06080,94.6
644076.SCH4B_0600,phnN,"Ribose&nbsp;1,5-bisphosphate&nbsp;phosphokinase&nbsp;PhnN",94.5
644076.SCH4B_2398,SCH4B_2398,annotation&nbsp;not&nbsp;available,94.5
644076.SCH4B_3740,SCH4B_3740,Putative&nbsp;thiamine&nbsp;biosynthesis&nbsp;protein,94.5
644076.SCH4B_2588,SCH4B_2588,"Sugar&nbsp;ABC&nbsp;transporter,&nbsp;ATP-binding&nbsp;protein",94.5
644076.SCH4B_0358,SCH4B_0358,Dihydroorotase,94.3
644076.SCH4B_2360,SCH4B_2360,"Aminotransferase,&nbsp;class&nbsp;V",94.2
644076.SCH4B_1205,SCH4B_1205,Ribose&nbsp;import&nbsp;ATP-binding&nbsp;protein&nbsp;RbsA&nbsp;2,94.1
644076.SCH4B_1645,hisE,Phosphoribosyl-ATP&nbsp;pyrophosphatase,94.0
644076.SCH4B_4049,glmS,Glutamine--fructose-6-phosphate&nbsp;aminotransferase&nbsp;[isomerizing],94.0
644076.SCH4B_0487,SCH4B_0487,ROK&nbsp;family&nbsp;protein,93.9
644076.SCH4B_3540,SCH4B_3540,Ferric&nbsp;enterobactin&nbsp;transport&nbsp;ATP-binding&nbsp;protein&nbsp;FepC,93.9
644076.SCH4B_0866,SCH4B_0866,Diguanylate&nbsp;cyclase/phosphodiesterase,93.9
644076.SCH4B_0653,SCH4B_0653,annotation&nbsp;not&nbsp;available,93.8
644076.SCH4B_1898,SCH4B_1898,Ppx/GppA&nbsp;phosphatase,93.8
644076.SCH4B_1774,rpiA,Ribose-5-phosphate&nbsp;isomerase&nbsp;A,93.8
644076.SCH4B_0314,SCH4B_0314,Response&nbsp;regulator&nbsp;receiver&nbsp;sensor&nbsp;signal&nbsp;transduction&nbsp;histidine&nbsp;kinase,93.7
644076.SCH4B_1030,rplC,50S&nbsp;ribosomal&nbsp;protein&nbsp;L3,93.7
644076.SCH4B_1224,ureA,Urease&nbsp;subunit&nbsp;gamma,93.7
644076.SCH4B_3386,lptA,Lipopolysaccharide&nbsp;transport&nbsp;periplasmic&nbsp;protein&nbsp;LptA,93.6
644076.SCH4B_3227,SCH4B_3227,annotation&nbsp;not&nbsp;available,93.6
644076.SCH4B_3982,argD,Acetylornithine&nbsp;aminotransferase,93.6
644076.SCH4B_0097,SCH4B_0097,Uncharacterized&nbsp;protein,93.6
644076.SCH4B_3210,SCH4B_3210,Hpt&nbsp;protein,93.6
644076.SCH4B_1827,SCH4B_1827,"N-acetylmuramyl-L-alanine&nbsp;amidase,&nbsp;negative&nbsp;regulator&nbsp;of&nbsp;AmpC,&nbsp;AmpD",93.6
644076.SCH4B_4083,nuoN,NADH-quinone&nbsp;oxidoreductase&nbsp;subunit&nbsp;N,93.5
644076.SCH4B_2453,gap_2,Glyceraldehyde-3-phosphate&nbsp;dehydrogenase,93.4
644076.SCH4B_1049,rpsN,30S&nbsp;ribosomal&nbsp;protein&nbsp;S14,93.4
644076.SCH4B_2495,cyoE,Protoheme&nbsp;IX&nbsp;farnesyltransferase,93.4
644076.SCH4B_1787,SCH4B_1787,2Fe-2S&nbsp;ferredoxin,93.3
644076.SCH4B_4289,SCH4B_4289,Beta-N-acetylhexosaminidase,93.2
644076.SCH4B_0539,SCH4B_0539,Tungsten-containing&nbsp;formate&nbsp;dehydrogenase&nbsp;beta&nbsp;subunit,93.2
644076.SCH4B_0602,phnL,Phosphonate&nbsp;C-P&nbsp;lyase&nbsp;system&nbsp;protein&nbsp;PhnL,93.2
644076.SCH4B_1947,SCH4B_1947,annotation&nbsp;not&nbsp;available,93.2
644076.SCH4B_1764,purA,Adenylosuccinate&nbsp;synthetase,93.1
644076.SCH4B_2142,SCH4B_2142,Taurine&nbsp;import&nbsp;ATP-binding&nbsp;protein&nbsp;TauB,93.1
644076.SCH4B_3828,SCH4B_3828,Acetylornithine&nbsp;deacetylase,93.1
644076.SCH4B_2072,SCH4B_2072,3-ketoacyl-CoA&nbsp;thiolase,93.1
644076.SCH4B_4041,SCH4B_4041,"Peptidase&nbsp;M20D,&nbsp;amidohydrolase",93.1
644076.SCH4B_2419,SCH4B_2419,"Type&nbsp;VI&nbsp;secretion&nbsp;protein,&nbsp;EvpB/family",93.0
644076.SCH4B_1291,glnD,Bifunctional&nbsp;uridylyltransferase/uridylyl-removing&nbsp;enzyme,92.9
644076.SCH4B_0966,SCH4B_0966,Polysaccharide&nbsp;deacetylase,92.9
644076.SCH4B_1439,SCH4B_1439,Diguanylate&nbsp;cyclase/phosphodiesterase,92.9
644076.SCH4B_1176,SCH4B_1176,Multi-sensor&nbsp;hybrid&nbsp;histidine&nbsp;kinase,92.9
644076.SCH4B_3514,SCH4B_3514,Ferredoxin-dependent&nbsp;glutamate&nbsp;synthase,92.9
644076.SCH4B_1322,SCH4B_1322,"Isocitrate&nbsp;dehydrogenase,&nbsp;NADP-dependent",92.9
644076.SCH4B_2058,SCH4B_2058,Sporulation&nbsp;related,92.8
644076.SCH4B_2229,frr,Ribosome-recycling&nbsp;factor,92.8
644076.SCH4B_1136,SCH4B_1136,Binding-protein-dependent&nbsp;transport&nbsp;systems&nbsp;inner&nbsp;membrane&nbsp;component,92.7
644076.SCH4B_4518,fabD,Malonyl&nbsp;CoA-acyl&nbsp;carrier&nbsp;protein&nbsp;transacylase,92.7
644076.SCH4B_4691,fabF_2,3-oxoacyl-(Acyl-carrier-protein)&nbsp;synthase&nbsp;II,92.7
644076.SCH4B_4242,SCH4B_4242,N-acetylmuramoyl-L-alanine&nbsp;amidase,92.6
644076.SCH4B_4002,murG,Undecaprenyl-PP-MurNAc-pentapeptide-UDPGlcNAc&nbsp;GlcNAc&nbsp;transferase,92.6
644076.SCH4B_2737,acpS,Holo-[acyl-carrier-protein]&nbsp;synthase,92.6
644076.SCH4B_1306,SCH4B_1306,Deoxyuridine&nbsp;5'-triphosphate&nbsp;nucleotidohydrolase,92.5
644076.SCH4B_4631,SCH4B_4631,2-isopropylmalate&nbsp;synthase/homocitrate&nbsp;synthase&nbsp;family&nbsp;protein,92.4
644076.SCH4B_4225,queD,"6-carboxy-5,6,7,8-tetrahydropterin&nbsp;synthase",92.4
644076.SCH4B_2537,ruvA,Holliday&nbsp;junction&nbsp;ATP-dependent&nbsp;DNA&nbsp;helicase&nbsp;RuvA,92.4
644076.SCH4B_4149,SCH4B_4149,Methyl-accepting&nbsp;chemotaxis&nbsp;sensory&nbsp;transducer,92.3
644076.SCH4B_2208,SCH4B_2208,annotation&nbsp;not&nbsp;available,92.3
644076.SCH4B_3007,SCH4B_3007,L-glutamine&nbsp;synthetase,92.3
644076.SCH4B_3683,SCH4B_3683,annotation&nbsp;not&nbsp;available,92.2
644076.SCH4B_0360,pyrB,Aspartate&nbsp;carbamoyltransferase,92.2
644076.SCH4B_0716,SCH4B_0716,"Sugar&nbsp;ABC&nbsp;transporter,&nbsp;permease&nbsp;protein",92.2
644076.SCH4B_2794,SCH4B_2794,"Transcriptional&nbsp;regulator,&nbsp;MerR&nbsp;family",92.1
644076.SCH4B_2847,SCH4B_2847,Methyltransferase,92.0
644076.SCH4B_4086,SCH4B_4086,Identified&nbsp;by&nbsp;match&nbsp;to&nbsp;protein&nbsp;family&nbsp;HMM&nbsp;PF00753,92.0
644076.SCH4B_3383,SCH4B_3383,Nitrogen&nbsp;regulatory&nbsp;protein,91.9
644076.SCH4B_4253,ilvN,"Acetolactate&nbsp;synthase,&nbsp;small&nbsp;subunit",91.8
644076.SCH4B_3165,SCH4B_3165,Identified&nbsp;by&nbsp;match&nbsp;to&nbsp;protein&nbsp;family&nbsp;HMM&nbsp;PF02367,91.7
644076.SCH4B_4409,SCH4B_4409,annotation&nbsp;not&nbsp;available,91.7
644076.SCH4B_0634,paaI,"Phenylacetate-CoA&nbsp;oxygenase,&nbsp;PaaI&nbsp;subunit",91.7
644076.SCH4B_2416,SCH4B_2416,Type&nbsp;VI&nbsp;secretion&nbsp;system&nbsp;FHA&nbsp;domain&nbsp;protein,91.6
644076.SCH4B_4173,SCH4B_4173,annotation&nbsp;not&nbsp;available,91.6
644076.SCH4B_3016,katG,Catalase-peroxidase,91.6
644076.SCH4B_3183,aroE,Shikimate&nbsp;dehydrogenase&nbsp;(NADP(+)),91.6
644076.SCH4B_2454,SCH4B_2454,annotation&nbsp;not&nbsp;available,91.6
644076.SCH4B_0717,SCH4B_0717,"Sugar&nbsp;ABC&nbsp;transporter,&nbsp;permease&nbsp;protein",91.5
644076.SCH4B_1922,SCH4B_1922,Beta-lactamase,91.5
644076.SCH4B_1824,gatC,Aspartyl/glutamyl-tRNA(Asn/Gln)&nbsp;amidotransferase&nbsp;subunit&nbsp;C,91.5
644076.SCH4B_1961,SCH4B_1961,"Tripartite&nbsp;ATP-independent&nbsp;periplasmic&nbsp;transporter,&nbsp;DctQ&nbsp;component",91.5
644076.SCH4B_4129,SCH4B_4129,HmuU&nbsp;protein,91.5
644076.SCH4B_2123,SCH4B_2123,"Branched-chain&nbsp;amino&nbsp;acid&nbsp;ABC&nbsp;transporter,&nbsp;ATP-binding&nbsp;protein",91.4
644076.SCH4B_0864,SCH4B_0864,Nudix&nbsp;hydrolase,91.4
644076.SCH4B_2957,megL,Methionine&nbsp;gamma-lyase,91.4
644076.SCH4B_2919,xdhA,"Xanthine&nbsp;dehydrogenase,&nbsp;small&nbsp;subunit",91.4
644076.SCH4B_0735,SCH4B_0735,Identified&nbsp;by&nbsp;match&nbsp;to&nbsp;protein&nbsp;family&nbsp;HMM&nbsp;PF00441,91.4
644076.SCH4B_4088,tpiA,Triosephosphate&nbsp;isomerase,91.4
644076.SCH4B_2679,leuC,3-isopropylmalate&nbsp;dehydratase&nbsp;large&nbsp;subunit,91.3
644076.SCH4B_3478,SCH4B_3478,Twin-arginine&nbsp;translocation&nbsp;pathway&nbsp;signal,91.3
644076.SCH4B_3491,SCH4B_3491,"Two&nbsp;component&nbsp;transcriptional&nbsp;regulator,&nbsp;winged&nbsp;helix&nbsp;family",91.3
644076.SCH4B_1125,SCH4B_1125,RelA/SpoT&nbsp;domain&nbsp;protein,91.3
644076.SCH4B_4775,SCH4B_4775,Succinate-semialdehyde&nbsp;dehydrogenase&nbsp;(NADP+),91.3
644076.SCH4B_2956,SCH4B_2956,Pyruvate&nbsp;dehydrogenase&nbsp;E1&nbsp;component,91.3
644076.SCH4B_2182,SCH4B_2182,annotation&nbsp;not&nbsp;available,91.3
644076.SCH4B_2224,SCH4B_2224,Binding-protein-dependent&nbsp;transport&nbsp;systems&nbsp;inner&nbsp;membrane&nbsp;component,91.3
644076.SCH4B_2336,SCH4B_2336,Cystathionine&nbsp;gamma-synthase,91.2
644076.SCH4B_2560,gcvH,Glycine&nbsp;cleavage&nbsp;system&nbsp;H&nbsp;protein,91.1
644076.SCH4B_1515,glpX,"Fructose-1,6-bisphosphatase",91.1
644076.SCH4B_0928,SCH4B_0928,Probable&nbsp;peptide&nbsp;ABC&nbsp;transporter&nbsp;permease&nbsp;protein&nbsp;y4tP,91.1
644076.SCH4B_3170,trxA,Thioredoxin,91.1
644076.SCH4B_2104,SCH4B_2104,annotation&nbsp;not&nbsp;available,91.1
644076.SCH4B_0204,SCH4B_0204,Transposase&nbsp;IS66,91.0
644076.SCH4B_3796,SCH4B_3796,annotation&nbsp;not&nbsp;available,91.0
644076.SCH4B_4821,SCH4B_4821,Identified&nbsp;by&nbsp;match&nbsp;to&nbsp;protein&nbsp;family&nbsp;HMM&nbsp;PF03743,91.0
644076.SCH4B_2402,SCH4B_2402,Spermidine/putrescine&nbsp;import&nbsp;ATP-binding&nbsp;protein&nbsp;PotA&nbsp;2,91.0
644076.SCH4B_1374,SCH4B_1374,Pyrimidine&nbsp;5'-nucleotidase,91.0
644076.SCH4B_3272,SCH4B_3272,Flagellar&nbsp;hook&nbsp;protein&nbsp;FlgE,90.9
644076.SCH4B_0496,SCH4B_0496,annotation&nbsp;not&nbsp;available,90.9
644076.SCH4B_3844,SCH4B_3844,"Xanthine&nbsp;dehydrogenase,&nbsp;molybdenum&nbsp;binding&nbsp;subunit&nbsp;apoprotein",90.8
644076.SCH4B_4030,pntA_2,NAD(P)&nbsp;transhydrogenase&nbsp;subunit&nbsp;alpha,90.8
644076.SCH4B_3502,SCH4B_3502,annotation&nbsp;not&nbsp;available,90.8
644076.SCH4B_3947,SCH4B_3947,Response&nbsp;regulator&nbsp;receiver&nbsp;protein,90.7
644076.SCH4B_4552,pgk,Phosphoglycerate&nbsp;kinase,90.7
644076.SCH4B_2538,ruvC,Crossover&nbsp;junction&nbsp;endodeoxyribonuclease&nbsp;RuvC,90.6
644076.SCH4B_1949,SCH4B_1949,Binding-protein-dependent&nbsp;transport&nbsp;systems&nbsp;inner&nbsp;membrane&nbsp;component,90.6
644076.SCH4B_3334,hutG,N-formylglutamate&nbsp;deformylase,90.5
644076.SCH4B_3322,rnr,Ribonuclease&nbsp;R,90.5
644076.SCH4B_0811,SCH4B_0811,annotation&nbsp;not&nbsp;available,90.4
644076.SCH4B_2281,SCH4B_2281,Nitrogen&nbsp;regulation&nbsp;protein&nbsp;NtrB,90.4
644076.SCH4B_3398,xylA,Xylose&nbsp;isomerase,90.4
644076.SCH4B_0393,soxR,Redox-sensitive&nbsp;transcriptional&nbsp;activator&nbsp;SoxR,90.3
644076.SCH4B_1527,SCH4B_1527,Ornithine&nbsp;cyclodeaminase,90.3
644076.SCH4B_1272,SCH4B_1272,Binding-protein-dependent&nbsp;transport&nbsp;systems&nbsp;inner&nbsp;membrane&nbsp;component,90.2
644076.SCH4B_0514,phnE_3,"Phosphonate&nbsp;ABC&nbsp;transporter,&nbsp;permease&nbsp;protein&nbsp;PhnE",90.1
644076.SCH4B_3021,SCH4B_3021,Short-chain&nbsp;specific&nbsp;acyl-coa&nbsp;dehydrogenase,90.1
644076.SCH4B_3539,SCH4B_3539,Ferric&nbsp;enterobactin&nbsp;transport&nbsp;system&nbsp;permease&nbsp;protein&nbsp;FepG,90.1
644076.SCH4B_4424,SCH4B_4424,Sarcosine&nbsp;oxidase&nbsp;subunit&nbsp;beta,90.0
644076.SCH4B_0581,SCH4B_0581,2-oxoacid&nbsp;ferredoxin&nbsp;oxidoreductase,90.0
644076.SCH4B_3354,SCH4B_3354,L-threonine&nbsp;3-dehydrogenase,89.9
644076.SCH4B_3769,SCH4B_3769,Uncharacterized&nbsp;protein,89.9
644076.SCH4B_4523,fabF_1,3-oxoacyl-[acyl-carrier-protein]&nbsp;synthase&nbsp;2,89.9
644076.SCH4B_3858,SCH4B_3858,Identified&nbsp;by&nbsp;match&nbsp;to&nbsp;protein&nbsp;family&nbsp;HMM&nbsp;PF00561,89.9
644076.SCH4B_4554,SCH4B_4554,Peptidyl-prolyl&nbsp;cis-trans&nbsp;isomerase,89.9
644076.SCH4B_3215,SCH4B_3215,Polynucleotide&nbsp;adenylyltransferase&nbsp;region,89.8
644076.SCH4B_0740,SCH4B_0740,Ribose&nbsp;import&nbsp;ATP-binding&nbsp;protein&nbsp;RbsA,89.8
644076.SCH4B_3659,SCH4B_3659,Identified&nbsp;by&nbsp;match&nbsp;to&nbsp;protein&nbsp;family&nbsp;HMM&nbsp;TIGR01352,89.8
644076.SCH4B_1785,SCH4B_1785,"Transcriptional&nbsp;regulator,&nbsp;Crp/Fnr&nbsp;family",89.8
644076.SCH4B_1917,SCH4B_1917,annotation&nbsp;not&nbsp;available,89.8
644076.SCH4B_0462,ccrA,Crotonyl-CoA&nbsp;reductase,89.8
644076.SCH4B_2097,SCH4B_2097,NADH&nbsp;dehydrogenase,89.8
644076.SCH4B_1245,SCH4B_1245,"Two&nbsp;component,&nbsp;sigma54&nbsp;specific,&nbsp;transcriptional&nbsp;regulator,&nbsp;Fis&nbsp;family",89.7
644076.SCH4B_3352,serA,D-3-phosphoglycerate&nbsp;dehydrogenase,89.7
644076.SCH4B_4412,SCH4B_4412,"Two&nbsp;component&nbsp;transcriptional&nbsp;regulator,&nbsp;LuxR&nbsp;family",89.7
644076.SCH4B_0239,SCH4B_0239,Arabinose&nbsp;5-phosphate&nbsp;isomerase,89.6
644076.SCH4B_2259,SCH4B_2259,Methyl-accepting&nbsp;chemotaxis&nbsp;sensory&nbsp;transducer,89.6
644076.SCH4B_3999,murD,UDP-N-acetylmuramoylalanine--D-glutamate&nbsp;ligase,89.6
644076.SCH4B_3852,SCH4B_3852,"Extracellular&nbsp;solute-binding&nbsp;protein,&nbsp;family&nbsp;3",89.6
644076.SCH4B_2785,SCH4B_2785,Chorismate&nbsp;mutase,89.6
644076.SCH4B_3319,SCH4B_3319,Lytic&nbsp;murein&nbsp;transglycosylase,89.6
644076.SCH4B_3317,SCH4B_3317,Binding-protein-dependent&nbsp;transport&nbsp;systems&nbsp;inner&nbsp;membrane&nbsp;component,89.6
644076.SCH4B_1815,tadA,tRNA-specific&nbsp;adenosine&nbsp;deaminase,89.5
644076.SCH4B_4673,proB,Glutamate&nbsp;5-kinase,89.5
644076.SCH4B_1204,SCH4B_1204,Inner-membrane&nbsp;translocator,89.5
644076.SCH4B_2730,SCH4B_2730,Prephenate&nbsp;dehydratase,89.5
644076.SCH4B_2752,rnhA,Ribonuclease&nbsp;H,89.5
644076.SCH4B_4145,SCH4B_4145,Spermidine/putrescine&nbsp;transport&nbsp;system&nbsp;permease&nbsp;protein&nbsp;PotB,89.4
644076.SCH4B_4287,argS,Arginine--tRNA&nbsp;ligase,89.4
644076.SCH4B_2418,SCH4B_2418,"Type&nbsp;VI&nbsp;secretion&nbsp;protein,&nbsp;family",89.4
644076.SCH4B_2410,icmF,Type&nbsp;VI&nbsp;secretion&nbsp;protein&nbsp;IcmF,89.4
644076.SCH4B_0627,SCH4B_0627,Glutamate--ammonia&nbsp;ligase,89.3
644076.SCH4B_2314,pgl,6-phosphogluconolactonase,89.2
644076.SCH4B_0918,ychF,Ribosome-binding&nbsp;ATPase&nbsp;YchF,89.2
644076.SCH4B_2222,SCH4B_2222,Glutathione&nbsp;import&nbsp;ATP-binding&nbsp;protein&nbsp;GsiA,89.2
644076.SCH4B_0513,phnE_2,"Phosphonate&nbsp;ABC&nbsp;transporter,&nbsp;permease&nbsp;protein&nbsp;PhnE",89.2
644076.SCH4B_3495,SCH4B_3495,Inner-membrane&nbsp;translocator,89.1
644076.SCH4B_4407,SCH4B_4407,Uncharacterized&nbsp;protein,89.1
644076.SCH4B_3138,SCH4B_3138,"Diacylglycerol&nbsp;kinase,&nbsp;catalytic&nbsp;region",89.0
644076.SCH4B_4476,purB,Adenylosuccinate&nbsp;lyase,89.0
644076.SCH4B_2542,SCH4B_2542,Major&nbsp;facilitator&nbsp;superfamily&nbsp;protein,89.0
644076.SCH4B_1976,tatA,Sec-independent&nbsp;protein&nbsp;translocase&nbsp;protein&nbsp;TatA,89.0
644076.SCH4B_1626,SCH4B_1626,Dimethylglycine&nbsp;dehydrogenase,89.0
644076.SCH4B_0324,metH,Methionine&nbsp;synthase,89.0
644076.SCH4B_1461,cobG,Precorrin-3B&nbsp;synthase,89.0
644076.SCH4B_1948,SCH4B_1948,"Peptide/nickel/opine&nbsp;uptake&nbsp;family&nbsp;ABC&nbsp;transporter,&nbsp;ATP-binding&nbsp;protein",88.9
644076.SCH4B_1679,murF,UDP-N-acetylmuramoyl-tripeptide--D-alanyl-D-alanine&nbsp;ligase,88.9
644076.SCH4B_1676,SCH4B_1676,Iron-sulfur&nbsp;cluster&nbsp;carrier&nbsp;protein,88.9
644076.SCH4B_2309,ctaA,Heme&nbsp;A&nbsp;synthase,88.9
644076.SCH4B_3823,SCH4B_3823,"Extracellular&nbsp;solute-binding&nbsp;protein,&nbsp;family&nbsp;5",88.9
644076.SCH4B_3026,amn,AMP&nbsp;nucleosidase,88.7
644076.SCH4B_0715,SCH4B_0715,"Sugar&nbsp;ABC&nbsp;transporter,&nbsp;periplasmic&nbsp;sugar-binding&nbsp;protein",88.7
644076.SCH4B_4519,fabG,3-oxoacyl-(Acyl-carrier-protein)&nbsp;reductase,88.7
644076.SCH4B_3384,hpf,Ribosome&nbsp;hibernation&nbsp;promoting&nbsp;factor,88.7
644076.SCH4B_4674,proA,Gamma-glutamyl&nbsp;phosphate&nbsp;reductase,88.7
644076.SCH4B_0395,SCH4B_0395,Tetratricopeptide&nbsp;TPR_2&nbsp;repeat&nbsp;protein,88.6
644076.SCH4B_2290,SCH4B_2290,6-phosphogluconate&nbsp;dehydrogenase&nbsp;NAD-binding&nbsp;domain-containing&nbsp;protein,88.6
644076.SCH4B_0933,SCH4B_0933,Glycerol&nbsp;kinase&nbsp;(ATP:glycerol&nbsp;3-phosphotransferase),88.6
644076.SCH4B_3493,SCH4B_3493,AMP-dependent&nbsp;synthetase&nbsp;and&nbsp;ligase,88.6
644076.SCH4B_0561,SCH4B_0561,Uncharacterized&nbsp;protein,88.6
644076.SCH4B_1038,rplP,50S&nbsp;ribosomal&nbsp;protein&nbsp;L16,88.5
644076.SCH4B_4472,SCH4B_4472,Flagellar&nbsp;motor&nbsp;switch&nbsp;protein&nbsp;FliG,88.5
644076.SCH4B_1177,hmuV,Hemin&nbsp;import&nbsp;ATP-binding&nbsp;protein&nbsp;HmuV,88.5
644076.SCH4B_1528,SCH4B_1528,D-amino&nbsp;acid&nbsp;dehydrogenase&nbsp;small&nbsp;subunit,88.5
644076.SCH4B_3657,SCH4B_3657,"Amino&nbsp;acid&nbsp;ABC&nbsp;transporter,&nbsp;permease&nbsp;protein,&nbsp;3-TM&nbsp;region,&nbsp;His/Glu/Gln/Arg/opine",88.4
644076.SCH4B_1808,ptsP,Phosphoenolpyruvate-protein&nbsp;phosphotransferase,88.4
644076.SCH4B_2711,SCH4B_2711,Serine-type&nbsp;D-Ala-D-Ala&nbsp;carboxypeptidase,88.4
644076.SCH4B_2476,hisG,ATP&nbsp;phosphoribosyltransferase,88.3
644076.SCH4B_3001,SCH4B_3001,2-oxoisovalerate&nbsp;dehydrogenase&nbsp;subunit&nbsp;beta,88.3
644076.SCH4B_2959,SCH4B_2959,Beta-N-acetylhexosaminidase,88.2
644076.SCH4B_0439,SCH4B_0439,Citryl-CoA&nbsp;lyase,88.2
644076.SCH4B_2056,deoB,Phosphopentomutase,88.2
644076.SCH4B_2412,SCH4B_2412,"Type&nbsp;VI&nbsp;secretion&nbsp;protein,&nbsp;family",88.1
644076.SCH4B_0366,moaB,Molybdenum&nbsp;cofactor&nbsp;biosynthesis&nbsp;protein&nbsp;B,88.1
644076.SCH4B_1838,SCH4B_1838,Identified&nbsp;by&nbsp;match&nbsp;to&nbsp;protein&nbsp;family&nbsp;HMM&nbsp;PF00459,88.1
644076.SCH4B_2122,SCH4B_2122,HmgH,88.1
644076.SCH4B_0830,uvrB,UvrABC&nbsp;system&nbsp;protein&nbsp;B,88.0
644076.SCH4B_1008,SCH4B_1008,"Glycosyl&nbsp;transferase,&nbsp;group&nbsp;1",88.0
644076.SCH4B_3270,SCH4B_3270,Methyl-accepting&nbsp;chemotaxis&nbsp;sensory&nbsp;transducer,88.0
644076.SCH4B_4082,SCH4B_4082,NADH-quinone&nbsp;oxidoreductase&nbsp;subunit&nbsp;m,88.0
644076.SCH4B_2282,SCH4B_2282,Nitrogen&nbsp;assimilation&nbsp;regulatory&nbsp;protein,87.9
644076.SCH4B_2815,SCH4B_2815,Identified&nbsp;by&nbsp;match&nbsp;to&nbsp;protein&nbsp;family&nbsp;HMM&nbsp;PF00581,87.9
644076.SCH4B_3031,SCH4B_3031,Hydantoinase/oxoprolinase,87.8
644076.SCH4B_3735,SCH4B_3735,Hippurate&nbsp;hydrolase,87.8
644076.SCH4B_4456,yajC,"Preprotein&nbsp;translocase,&nbsp;YajC&nbsp;subunit",87.8
644076.SCH4B_1250,SCH4B_1250,annotation&nbsp;not&nbsp;available,87.6
644076.SCH4B_4622,pdxH,Pyridoxine/pyridoxamine&nbsp;5'-phosphate&nbsp;oxidase,87.5
644076.SCH4B_2968,SCH4B_2968,"Tripartite&nbsp;ATP-independent&nbsp;periplasmic&nbsp;transporter,&nbsp;DctQ&nbsp;component",87.5
644076.SCH4B_0459,SCH4B_0459,Methylmalonyl-CoA&nbsp;mutase,87.5
644076.SCH4B_0399,SCH4B_0399,Methyltransferase&nbsp;small,87.5
644076.SCH4B_3642,parE,DNA&nbsp;topoisomerase&nbsp;4&nbsp;subunit&nbsp;B,87.4
644076.SCH4B_3451,SCH4B_3451,Aldehyde&nbsp;Dehydrogenase,87.4
644076.SCH4B_2892,SCH4B_2892,Oligopeptide&nbsp;transport&nbsp;ATP-binding&nbsp;protein&nbsp;AppF,87.3
644076.SCH4B_0926,SCH4B_0926,Glutathione&nbsp;import&nbsp;ATP-binding&nbsp;protein&nbsp;GsiA,87.3
644076.SCH4B_3884,SCH4B_3884,annotation&nbsp;not&nbsp;available,87.3
644076.SCH4B_0841,xsc,Sulfoacetaldehyde&nbsp;acetyltransferase,87.3
644076.SCH4B_4599,ccmF,Cytochrome&nbsp;c-type&nbsp;biogenesis&nbsp;protein&nbsp;CcmF,87.3
644076.SCH4B_3239,argJ,Arginine&nbsp;biosynthesis&nbsp;bifunctional&nbsp;protein&nbsp;ArgJ,87.2
644076.SCH4B_3268,SCH4B_3268,Transport&nbsp;system&nbsp;permease&nbsp;protein,87.2
644076.SCH4B_1257,gap_1,Glyceraldehyde-3-phosphate&nbsp;dehydrogenase,87.2
644076.SCH4B_1809,SCH4B_1809,"Acetolactate&nbsp;synthase,&nbsp;large&nbsp;subunit",87.1
644076.SCH4B_2228,pyrH,Uridylate&nbsp;kinase,87.1
644076.SCH4B_2085,SCH4B_2085,5'-nucleotidase,87.1
644076.SCH4B_4280,xth_2,Exodeoxyribonuclease&nbsp;III,87.1
644076.SCH4B_1756,SCH4B_1756,Fructose-bisphosphate&nbsp;aldolase&nbsp;class-I,87.1
644076.SCH4B_3355,kbl,2-amino-3-ketobutyrate&nbsp;coenzyme&nbsp;A&nbsp;ligase,87.1
644076.SCH4B_3164,SCH4B_3164,annotation&nbsp;not&nbsp;available,87.0
644076.SCH4B_0586,SCH4B_0586,"Extracellular&nbsp;solute-binding&nbsp;protein,&nbsp;family&nbsp;5",87.0
644076.SCH4B_4626,SCH4B_4626,annotation&nbsp;not&nbsp;available,87.0
644076.SCH4B_3418,SCH4B_3418,"DNA&nbsp;polymerase&nbsp;III,&nbsp;delta&nbsp;subunit",87.0
644076.SCH4B_3882,cobT_1,Nicotinate-nucleotide--dimethylbenzimidazole&nbsp;phosphoribosyltransferase,87.0
644076.SCH4B_3003,SCH4B_3003,Leucine&nbsp;dehydrogenase,86.9
644076.SCH4B_3034,mtgA,Biosynthetic&nbsp;peptidoglycan&nbsp;transglycosylase,86.9
644076.SCH4B_2176,SCH4B_2176,Periplasmic&nbsp;sensor&nbsp;signal&nbsp;transduction&nbsp;histidine&nbsp;kinase,86.8
644076.SCH4B_1752,SCH4B_1752,Histidinol-phosphate&nbsp;aminotransferase,86.8
644076.SCH4B_3049,SCH4B_3049,Identified&nbsp;by&nbsp;match&nbsp;to&nbsp;protein&nbsp;family&nbsp;HMM&nbsp;PF02798,86.7
644076.SCH4B_2797,rpmE,50S&nbsp;ribosomal&nbsp;protein&nbsp;L31,86.7
644076.SCH4B_2628,SCH4B_2628,Molybdopterin&nbsp;binding&nbsp;domain&nbsp;protein,86.7
644076.SCH4B_1029,rpsJ,30S&nbsp;ribosomal&nbsp;protein&nbsp;S10,86.7
644076.SCH4B_2565,SCH4B_2565,Glyceraldehyde-3-phosphate&nbsp;dehydrogenase&nbsp;1,86.7
644076.SCH4B_3513,clpB,Chaperone&nbsp;protein&nbsp;ClpB,86.7
644076.SCH4B_0957,SCH4B_0957,Aromatic&nbsp;amino&nbsp;acid&nbsp;decarboxylase,86.7
644076.SCH4B_0836,dapA,4-hydroxy-tetrahydrodipicolinate&nbsp;synthase,86.7
644076.SCH4B_0435,mdh,Malate&nbsp;dehydrogenase,86.7
644076.SCH4B_3353,SCH4B_3353,Bis,86.6
644076.SCH4B_0892,cmk,Cytidylate&nbsp;kinase,86.6
644076.SCH4B_2008,SCH4B_2008,Molybdopterin&nbsp;binding&nbsp;domain&nbsp;protein,86.6
644076.SCH4B_1599,gloB,Hydroxyacylglutathione&nbsp;hydrolase,86.6
644076.SCH4B_2591,SCH4B_2591,Binding-protein-dependent&nbsp;transport&nbsp;systems&nbsp;inner&nbsp;membrane&nbsp;component,86.6
644076.SCH4B_2672,SCH4B_2672,D-lactate&nbsp;dehydrogenase,86.6
644076.SCH4B_4799,SCH4B_4799,Enoyl-CoA&nbsp;hydratase,86.6
644076.SCH4B_4672,cgtA,GTPase&nbsp;Obg,86.6
644076.SCH4B_2469,SCH4B_2469,"Peptidase&nbsp;M20D,&nbsp;amidohydrolase",86.5
644076.SCH4B_3441,SCH4B_3441,annotation&nbsp;not&nbsp;available,86.5
644076.SCH4B_1546,dnaG,DNA&nbsp;primase,86.4
644076.SCH4B_0456,SCH4B_0456,Identified&nbsp;by&nbsp;match&nbsp;to&nbsp;protein&nbsp;family&nbsp;HMM&nbsp;PF09347,86.4
644076.SCH4B_3531,SCH4B_3531,Transcriptional&nbsp;activator&nbsp;protein&nbsp;CopR,86.4
644076.SCH4B_3427,SCH4B_3427,Gamma-butyrobetaine&nbsp;dioxygenase,86.4
644076.SCH4B_3990,rpmB,50S&nbsp;ribosomal&nbsp;protein&nbsp;L28,86.4
644076.SCH4B_0755,SCH4B_0755,D-alanine&nbsp;aminotransferase,86.3
644076.SCH4B_2661,SCH4B_2661,Succinate-semialdehyde&nbsp;dehydrogenase&nbsp;(NADP+),86.3
644076.SCH4B_2620,SCH4B_2620,"2-nitropropane&nbsp;dioxygenase,&nbsp;NPD",86.3
644076.SCH4B_4061,SCH4B_4061,Methylcrotonoyl-CoA&nbsp;carboxylase&nbsp;subunit&nbsp;alpha,86.3
644076.SCH4B_1388,nadE,Glutamine-dependent&nbsp;NAD(+)&nbsp;synthetase,86.2
644076.SCH4B_1761,nthA,"Nitrile&nbsp;hydratase,&nbsp;alpha&nbsp;subunit",86.2
644076.SCH4B_0636,SCH4B_0636,Probable&nbsp;phenylacetic&nbsp;acid&nbsp;degradation&nbsp;NADH&nbsp;oxidoreductase&nbsp;paae,86.2
644076.SCH4B_2187,fumC,Fumarate&nbsp;hydratase&nbsp;class&nbsp;II,86.2
644076.SCH4B_3025,ade,Adenine&nbsp;deaminase,86.2
644076.SCH4B_2141,hydA_2,Dihydropyrimidinase,86.1
644076.SCH4B_4297,SCH4B_4297,"Transcriptional&nbsp;regulator,&nbsp;MerR&nbsp;family",86.1
644076.SCH4B_4479,SCH4B_4479,Nudix&nbsp;hydrolase,86.1
644076.SCH4B_3010,SCH4B_3010,Trap&nbsp;c4-dicarboxylate&nbsp;transport&nbsp;system&nbsp;permease&nbsp;dctm&nbsp;subunit,86.1
644076.SCH4B_4279,SCH4B_4279,"Monooxygenase,&nbsp;FAD-binding",86.1
644076.SCH4B_1271,SCH4B_1271,Binding-protein-dependent&nbsp;transport&nbsp;systems&nbsp;inner&nbsp;membrane&nbsp;component,86.0
644076.SCH4B_3866,SCH4B_3866,DoxX,86.0
644076.SCH4B_0960,hpcD,5-carboxymethyl-2-hydroxymuconate&nbsp;delta&nbsp;isomerase,86.0
644076.SCH4B_2962,SCH4B_2962,Oligopeptide&nbsp;transport&nbsp;ATP-binding&nbsp;protein&nbsp;OppD,86.0
644076.SCH4B_0522,SCH4B_0522,Periplasmic&nbsp;sensor&nbsp;hybrid&nbsp;histidine&nbsp;kinase,85.9
644076.SCH4B_0939,SCH4B_0939,Soluble&nbsp;pyridine&nbsp;nucleotide&nbsp;transhydrogenase,85.9
644076.SCH4B_2818,SCH4B_2818,Inositol&nbsp;2-dehydrogenase,85.9
644076.SCH4B_2458,SCH4B_2458,Glutaredoxin,85.8
644076.SCH4B_3577,SCH4B_3577,Binding-protein-dependent&nbsp;transport&nbsp;systems&nbsp;inner&nbsp;membrane&nbsp;component,85.7
644076.SCH4B_2274,SCH4B_2274,"Peptidase&nbsp;M20D,&nbsp;amidohydrolase",85.7
644076.SCH4B_1044,rpmC,50S&nbsp;ribosomal&nbsp;protein&nbsp;L29,85.7
644076.SCH4B_3484,SCH4B_3484,Adenylate/guanylate&nbsp;cyclase,85.6
644076.SCH4B_3739,SCH4B_3739,Aminopyrimidine&nbsp;aminohydrolase,85.6
644076.SCH4B_1307,SCH4B_1307,Uba/thif-type&nbsp;NAD/fad&nbsp;binding&nbsp;protein,85.6
644076.SCH4B_3768,SCH4B_3768,annotation&nbsp;not&nbsp;available,85.6
644076.SCH4B_4059,SCH4B_4059,AMP-dependent&nbsp;synthetase&nbsp;and&nbsp;ligase,85.5
644076.SCH4B_0927,SCH4B_0927,Glutathione&nbsp;transport&nbsp;system&nbsp;permease&nbsp;protein&nbsp;GsiD,85.5
644076.SCH4B_2742,SCH4B_2742,GTP&nbsp;pyrophosphokinase&nbsp;rsh&nbsp;(ATP:GTP&nbsp;3'-pyrophosphotransferase),85.5
644076.SCH4B_2821,SCH4B_2821,Periplasmic&nbsp;binding&nbsp;protein/LacI&nbsp;transcriptional&nbsp;regulator,85.5
644076.SCH4B_2858,recQ,ATP-dependent&nbsp;DNA&nbsp;helicase&nbsp;RecQ,85.5
644076.SCH4B_2932,SCH4B_2932,Oligopeptide&nbsp;transport&nbsp;ATP-binding&nbsp;protein&nbsp;OppD,85.5
644076.SCH4B_4235,SCH4B_4235,Peptidase&nbsp;M20,85.5
644076.SCH4B_0271,SCH4B_0271,Diguanylate&nbsp;cyclase&nbsp;with&nbsp;GAF&nbsp;sensor,85.5
644076.SCH4B_0387,SCH4B_0387,Molybdopterin&nbsp;biosynthesis&nbsp;protein&nbsp;MoeA,85.5
644076.SCH4B_1252,SCH4B_1252,Cyclopropane-fatty-acyl-phospholipid&nbsp;synthase,85.4
644076.SCH4B_3443,SCH4B_3443,"Acetyl-CoA&nbsp;acetyltransferase,&nbsp;cytosolic&nbsp;1",85.4
644076.SCH4B_1954,SCH4B_1954,annotation&nbsp;not&nbsp;available,85.3
644076.SCH4B_4496,SCH4B_4496,Response&nbsp;regulator&nbsp;receiver&nbsp;protein,85.3
644076.SCH4B_2765,SCH4B_2765,Lytic&nbsp;murein&nbsp;transglycosylase,85.3
644076.SCH4B_0782,SCH4B_0782,"Aldehyde&nbsp;oxidase&nbsp;and&nbsp;xanthine&nbsp;dehydrogenase,&nbsp;molybdopterin&nbsp;binding",85.3
644076.SCH4B_1883,SCH4B_1883,Methylcrotonoyl-CoA&nbsp;carboxylase&nbsp;subunit&nbsp;alpha,85.2
644076.SCH4B_2230,uppS,Isoprenyl&nbsp;transferase,85.2
644076.SCH4B_0789,SCH4B_0789,Binding-protein-dependent&nbsp;transport&nbsp;systems&nbsp;inner&nbsp;membrane&nbsp;component,85.2
644076.SCH4B_2582,SCH4B_2582,Undecaprenyl-phosphate&nbsp;galactosephosphotransferase,85.1
644076.SCH4B_4119,SCH4B_4119,AMP-dependent&nbsp;synthetase&nbsp;and&nbsp;ligase,85.1
644076.SCH4B_1613,prs,Ribose-phosphate&nbsp;pyrophosphokinase,85.1
644076.SCH4B_2662,SCH4B_2662,Globin,85.0
644076.SCH4B_0924,pncB,Nicotinate&nbsp;phosphoribosyltransferase,85.0
644076.SCH4B_2382,pcaC,4-carboxymuconolactone&nbsp;decarboxylase,84.9
644076.SCH4B_2269,guaA,GMP&nbsp;synthase&nbsp;[glutamine-hydrolyzing],84.8
644076.SCH4B_2772,atpE,ATP&nbsp;synthase&nbsp;subunit&nbsp;c,84.7
644076.SCH4B_2516,SCH4B_2516,Tetratricopeptide&nbsp;region,84.7
644076.SCH4B_0078,repA_1,Plasmid&nbsp;partitioning&nbsp;protein&nbsp;RepA,84.7
644076.SCH4B_1318,SCH4B_1318,"Cell&nbsp;shape&nbsp;determining&nbsp;protein,&nbsp;MreB/Mrl&nbsp;family",84.7
644076.SCH4B_0617,rpe,Ribulose-phosphate&nbsp;3-epimerase,84.6
644076.SCH4B_1139,SCH4B_1139,Integral&nbsp;membrane&nbsp;sensor&nbsp;signal&nbsp;transduction&nbsp;histidine&nbsp;kinase,84.6
644076.SCH4B_1340,SCH4B_1340,Inner-membrane&nbsp;translocator,84.6
644076.SCH4B_4299,fabH,3-oxoacyl-[acyl-carrier-protein]&nbsp;synthase&nbsp;3,84.5
644076.SCH4B_2383,pcaH,"Protocatechuate&nbsp;3,4-dioxygenase,&nbsp;beta&nbsp;subunit",84.5
644076.SCH4B_4487,SCH4B_4487,annotation&nbsp;not&nbsp;available,84.5
644076.SCH4B_4199,SCH4B_4199,Transcriptional&nbsp;regulator,84.4
644076.SCH4B_2587,SCH4B_2587,"Extracellular&nbsp;solute-binding&nbsp;protein,&nbsp;family&nbsp;1",84.4
644076.SCH4B_0905,SCH4B_0905,Ammonium&nbsp;transporter,84.4
644076.SCH4B_3385,SCH4B_3385,"ABC&nbsp;transporter,&nbsp;ATP-binding&nbsp;protein",84.3
644076.SCH4B_2012,SCH4B_2012,"Molybdopterin&nbsp;dehydrogenase,&nbsp;FAD-binding",84.3
644076.SCH4B_3745,thiO,Glycine&nbsp;oxidase&nbsp;ThiO,84.3
644076.SCH4B_0024,SCH4B_0024,HmuU&nbsp;protein,84.3
644076.SCH4B_4036,SCH4B_4036,"Extracellular&nbsp;solute-binding&nbsp;protein,&nbsp;family&nbsp;5",84.2
644076.SCH4B_2083,pyrD,Dihydroorotate&nbsp;dehydrogenase&nbsp;(quinone),84.2
644076.SCH4B_0019,SCH4B_0019,"Trap&nbsp;dicarboxylate&nbsp;transporter,&nbsp;dctp&nbsp;subunit",84.2
644076.SCH4B_1457,cobJ,Precorrin-3B&nbsp;C17-methyltransferase,84.1
644076.SCH4B_3311,SCH4B_3311,Spermidine/putrescine&nbsp;import&nbsp;ATP-binding&nbsp;protein&nbsp;PotA,84.1
644076.SCH4B_3785,gabT,4-aminobutyrate&nbsp;transaminase,84.1
644076.SCH4B_2424,SCH4B_2424,"Type&nbsp;VI&nbsp;secretion&nbsp;protein,&nbsp;family",84.1
644076.SCH4B_3340,SCH4B_3340,Threonine&nbsp;dehydratase,83.9
644076.SCH4B_1178,SCH4B_1178,HmuU&nbsp;protein,83.9
644076.SCH4B_1910,SCH4B_1910,"Lipoprotein&nbsp;releasing&nbsp;system,&nbsp;transmembrane&nbsp;protein,&nbsp;LolC/E&nbsp;family",83.9
644076.SCH4B_0780,SCH4B_0780,Oxidoreductase&nbsp;alpha&nbsp;(Molybdopterin)&nbsp;subunit,83.9
644076.SCH4B_3945,aspS,Aspartate--tRNA(Asp/Asn)&nbsp;ligase,83.8
644076.SCH4B_4638,SCH4B_4638,Ornithine&nbsp;cyclodeaminase,83.8
644076.SCH4B_2051,SCH4B_2051,Propionate--CoA&nbsp;ligase,83.8
644076.SCH4B_4544,SCH4B_4544,Serine&nbsp;acetyltransferase,83.8
644076.SCH4B_1431,SCH4B_1431,Extracellular&nbsp;ligand-binding&nbsp;receptor,83.7
644076.SCH4B_1053,rplR,50S&nbsp;ribosomal&nbsp;protein&nbsp;L18,83.7
644076.SCH4B_0801,SCH4B_0801,"Carbohydrate&nbsp;kinase&nbsp;domain&nbsp;protein,&nbsp;fggy&nbsp;family",83.6
644076.SCH4B_3869,folA,Dihydrofolate&nbsp;reductase,83.6
644076.SCH4B_2964,SCH4B_2964,Binding-protein-dependent&nbsp;transport&nbsp;systems&nbsp;inner&nbsp;membrane&nbsp;component,83.6
644076.SCH4B_0936,SCH4B_0936,Cytochrome&nbsp;c2,83.5
644076.SCH4B_3932,SCH4B_3932,Protein&nbsp;CsaA,83.5
644076.SCH4B_1503,SCH4B_1503,Response&nbsp;regulator&nbsp;receiver&nbsp;modulated&nbsp;diguanylate&nbsp;cyclase,83.5
644076.SCH4B_3406,SCH4B_3406,"ABC&nbsp;transporter,&nbsp;permease&nbsp;protein",83.5
644076.SCH4B_3832,SCH4B_3832,Tetratricopeptide&nbsp;TPR_2&nbsp;repeat&nbsp;protein,83.5
644076.SCH4B_2036,SCH4B_2036,3-oxoacyl-(Acyl-carrier-protein)&nbsp;synthase&nbsp;3,83.4
644076.SCH4B_0567,SCH4B_0567,Alpha/beta&nbsp;hydrolase&nbsp;fold-containing&nbsp;protein,83.4
644076.SCH4B_2340,pstA,Phosphate&nbsp;transport&nbsp;system&nbsp;permease&nbsp;protein&nbsp;PstA,83.3
644076.SCH4B_1193,SCH4B_1193,Methyl-accepting&nbsp;chemotaxis&nbsp;sensory&nbsp;transducer,83.3
644076.SCH4B_3263,SCH4B_3263,"Ferric&nbsp;siderophore&nbsp;ABC&nbsp;transporter,&nbsp;permease&nbsp;protein",83.3
644076.SCH4B_4124,SCH4B_4124,Putative&nbsp;quinone&nbsp;oxidoreductase&nbsp;(Tumor&nbsp;protein&nbsp;p53-inducible&nbsp;protein&nbsp;3),83.3
644076.SCH4B_1993,SCH4B_1993,Identified&nbsp;by&nbsp;match&nbsp;to&nbsp;protein&nbsp;family&nbsp;HMM&nbsp;PF02405,83.3
644076.SCH4B_1715,SCH4B_1715,Identified&nbsp;by&nbsp;match&nbsp;to&nbsp;protein&nbsp;family&nbsp;HMM&nbsp;PF01510,83.3
644076.SCH4B_4583,tkt,Transketolase,83.3
644076.SCH4B_2594,SCH4B_2594,"Peptidase&nbsp;M56,&nbsp;BlaR1",83.2
644076.SCH4B_3562,SCH4B_3562,"Tripartite&nbsp;ATP-independent&nbsp;periplasmic&nbsp;transporter,&nbsp;DctQ&nbsp;component",83.2
644076.SCH4B_1581,rpsD,30S&nbsp;ribosomal&nbsp;protein&nbsp;S4,83.1
644076.SCH4B_0386,SCH4B_0386,annotation&nbsp;not&nbsp;available,83.0
644076.SCH4B_2782,ffh,Signal&nbsp;recognition&nbsp;particle&nbsp;protein,83.0
644076.SCH4B_3370,gyrB,DNA&nbsp;gyrase&nbsp;subunit&nbsp;B,83.0
644076.SCH4B_3636,SCH4B_3636,Uncharacterized&nbsp;protein,83.0
644076.SCH4B_2257,rplM,50S&nbsp;ribosomal&nbsp;protein&nbsp;L13,83.0
644076.SCH4B_2767,SCH4B_2767,"Aminotransferase,&nbsp;classes&nbsp;I&nbsp;and&nbsp;II&nbsp;superfamily",82.9
644076.SCH4B_3967,SCH4B_3967,annotation&nbsp;not&nbsp;available,82.9
644076.SCH4B_2580,SCH4B_2580,Lipopolysaccharide&nbsp;biosynthesis,82.8
644076.SCH4B_2397,SCH4B_2397,Twin-arginine&nbsp;translocation&nbsp;pathway&nbsp;signal,82.7
644076.SCH4B_4497,SCH4B_4497,Histidine&nbsp;kinase,82.6
644076.SCH4B_4608,SCH4B_4608,Molybdenum&nbsp;cofactor&nbsp;biosynthesis&nbsp;protein&nbsp;A,82.5
644076.SCH4B_3471,purH,Bifunctional&nbsp;purine&nbsp;biosynthesis&nbsp;protein&nbsp;PurH,82.5
644076.SCH4B_2766,smc,Chromosome&nbsp;partition&nbsp;protein&nbsp;Smc,82.5
644076.SCH4B_0297,SCH4B_0297,Thiamine&nbsp;pyrophosphate&nbsp;protein&nbsp;TPP&nbsp;binding&nbsp;domain&nbsp;protein,82.5
644076.SCH4B_3788,prfH,Putative&nbsp;peptide&nbsp;chain&nbsp;release&nbsp;factor&nbsp;H,82.4
644076.SCH4B_2157,SCH4B_2157,Periplasmic&nbsp;sensor&nbsp;signal&nbsp;transduction&nbsp;histidine&nbsp;kinase,82.4
644076.SCH4B_2180,SCH4B_2180,annotation&nbsp;not&nbsp;available,82.3
644076.SCH4B_4546,SCH4B_4546,Pyruvate&nbsp;dehydrogenase&nbsp;E1&nbsp;component&nbsp;subunit&nbsp;beta,82.3
644076.SCH4B_1943,SCH4B_1943,Putative&nbsp;long-chain-fatty-acid--CoA&nbsp;ligase,82.2
644076.SCH4B_2602,SCH4B_2602,Transcriptional&nbsp;regulatory&nbsp;protein&nbsp;ChvI,82.2
644076.SCH4B_3015,SCH4B_3015,Putative&nbsp;acetyl-CoA&nbsp;C-acetyltransferase&nbsp;VraB,82.2
644076.SCH4B_1753,SCH4B_1753,Enoyl-CoA&nbsp;hydratase,82.1
644076.SCH4B_1217,ureF,Urease&nbsp;accessory&nbsp;protein&nbsp;UreF,82.1
644076.SCH4B_1248,SCH4B_1248,Short-chain&nbsp;dehydrogenase/reductase&nbsp;SDR,82.1
644076.SCH4B_2245,recG,ATP-dependent&nbsp;DNA&nbsp;helicase&nbsp;RecG,82.1
644076.SCH4B_3777,SCH4B_3777,Periplasmic&nbsp;sensory&nbsp;protein&nbsp;associated&nbsp;with&nbsp;the&nbsp;TorRS&nbsp;two-component&nbsp;regulatory&nbsp;system,82.1
644076.SCH4B_1380,ctaD,"Cytochrome&nbsp;c&nbsp;oxidase,&nbsp;subunit&nbsp;I",82.0
644076.SCH4B_2130,SCH4B_2130,Sensor&nbsp;histidine&nbsp;kinase,82.0
644076.SCH4B_0562,SCH4B_0562,Lytic&nbsp;murein&nbsp;transglycosylase,82.0
644076.SCH4B_2350,SCH4B_2350,"Trap&nbsp;transporter,&nbsp;4tm/12tm&nbsp;fusion&nbsp;protein",82.0
644076.SCH4B_2077,SCH4B_2077,"Transcriptional&nbsp;regulator,&nbsp;MerR&nbsp;family",81.9
644076.SCH4B_4522,SCH4B_4522,1-(5-phosphoribosyl)-5-[(5-phosphoribosylamino)methylideneamino]&nbsp;imidazole-4-carboxamide&nbsp;isomerase,81.9
644076.SCH4B_1643,SCH4B_1643,"RNA&nbsp;methyltransferase,&nbsp;TrmH&nbsp;family,&nbsp;group&nbsp;3",81.9
644076.SCH4B_1680,murE,"UDP-N-acetylmuramoyl-L-alanyl-D-glutamate--2,6-diaminopimelate&nbsp;ligase",81.9
644076.SCH4B_1356,rpiB,Ribose&nbsp;5-phosphate&nbsp;isomerase&nbsp;B,81.9
644076.SCH4B_1006,secE,Protein&nbsp;translocase&nbsp;subunit&nbsp;SecE,81.9
644076.SCH4B_0310,SCH4B_0310,Trap&nbsp;c4-dicarboxylate&nbsp;transport&nbsp;system&nbsp;permease&nbsp;dctm&nbsp;subunit,81.9
644076.SCH4B_1771,SCH4B_1771,L-serine&nbsp;ammonia-lyase,81.9
644076.SCH4B_4428,SCH4B_4428,Sarcosine&nbsp;oxidase&nbsp;subunit&nbsp;alpha,81.8
644076.SCH4B_2325,SCH4B_2325,High-affinity&nbsp;branched-chain&nbsp;amino&nbsp;acid&nbsp;transport&nbsp;ATP-binding&nbsp;protein&nbsp;livF,81.8
644076.SCH4B_3725,modC,Molybdenum&nbsp;import&nbsp;ATP-binding&nbsp;protein&nbsp;ModC,81.8
644076.SCH4B_0397,SCH4B_0397,Octaprenyl-diphosphate&nbsp;synthase,81.8
644076.SCH4B_1553,ribD,Riboflavin&nbsp;biosynthesis&nbsp;protein&nbsp;RibD,81.8
644076.SCH4B_2126,SCH4B_2126,Twin-arginine&nbsp;translocation&nbsp;pathway&nbsp;signal,81.8
644076.SCH4B_3458,rpsO,30S&nbsp;ribosomal&nbsp;protein&nbsp;S15,81.8
644076.SCH4B_3634,SCH4B_3634,Transcriptional&nbsp;regulatory&nbsp;protein&nbsp;DegU,81.7
644076.SCH4B_1159,SCH4B_1159,Identified&nbsp;by&nbsp;match&nbsp;to&nbsp;protein&nbsp;family&nbsp;HMM&nbsp;PF00296,81.7
644076.SCH4B_3093,SCH4B_3093,Rhs&nbsp;element&nbsp;Vgr&nbsp;protein,81.6
644076.SCH4B_0200,SCH4B_0200,Transport&nbsp;permease&nbsp;protein,81.6
644076.SCH4B_0934,SCH4B_0934,Monooxygenase&nbsp;FAD-binding,81.6
644076.SCH4B_3892,SCH4B_3892,MaoC&nbsp;domain&nbsp;protein,81.6
644076.SCH4B_1213,zwf,Glucose-6-phosphate&nbsp;1-dehydrogenase,81.6
644076.SCH4B_2684,rplT,50S&nbsp;ribosomal&nbsp;protein&nbsp;L20,81.6
644076.SCH4B_4295,SCH4B_4295,2'-deoxycytidine&nbsp;5'-triphosphate&nbsp;deaminase,81.6
644076.SCH4B_1656,hisH,Imidazole&nbsp;glycerol&nbsp;phosphate&nbsp;synthase&nbsp;subunit&nbsp;HisH,81.4
644076.SCH4B_2891,SCH4B_2891,annotation&nbsp;not&nbsp;available,81.4
644076.SCH4B_3307,SCH4B_3307,FAD&nbsp;dependent&nbsp;oxidoreductase,81.4
644076.SCH4B_3704,SCH4B_3704,Identified&nbsp;by&nbsp;match&nbsp;to&nbsp;protein&nbsp;family&nbsp;HMM&nbsp;PF00529,81.4
644076.SCH4B_3658,SCH4B_3658,"Extracellular&nbsp;solute-binding&nbsp;protein,&nbsp;family&nbsp;3",81.3
644076.SCH4B_2174,purQ,Phosphoribosylformylglycinamidine&nbsp;synthase&nbsp;subunit&nbsp;PurQ,81.3
644076.SCH4B_0607,phnH,Phosphonate&nbsp;C-P&nbsp;lyase&nbsp;system&nbsp;protein&nbsp;PhnH,81.3
644076.SCH4B_0593,SCH4B_0593,"Glycosyl&nbsp;transferase,&nbsp;group&nbsp;1",81.2
644076.SCH4B_0935,idi,Isopentenyl-diphosphate&nbsp;Delta-isomerase,81.2
644076.SCH4B_3984,SCH4B_3984,annotation&nbsp;not&nbsp;available,81.2
644076.SCH4B_4427,SCH4B_4427,"Sarcosine&nbsp;oxidase,&nbsp;delta&nbsp;subunit,&nbsp;heterotetrameric",81.2
644076.SCH4B_0485,SCH4B_0485,Binding-protein-dependent&nbsp;transport&nbsp;systems&nbsp;inner&nbsp;membrane&nbsp;component,81.2
644076.SCH4B_1491,lcdH,L-carnitine&nbsp;dehydrogenase,81.1
644076.SCH4B_1080,SCH4B_1080,Glutamate/glutamine/aspartate/asparagine&nbsp;transport&nbsp;system&nbsp;permeaseprotein&nbsp;BztB,81.1
644076.SCH4B_0509,SCH4B_0509,Histidine&nbsp;kinase,81.1
644076.SCH4B_2073,SCH4B_2073,Identified&nbsp;by&nbsp;match&nbsp;to&nbsp;protein&nbsp;family&nbsp;HMM&nbsp;PF00043,81.0
644076.SCH4B_3576,SCH4B_3576,"Extracellular&nbsp;solute-binding&nbsp;protein,&nbsp;family&nbsp;1",81.0
644076.SCH4B_1093,yidC,Membrane&nbsp;protein&nbsp;insertase&nbsp;YidC,80.9
644076.SCH4B_0931,panB,3-methyl-2-oxobutanoate&nbsp;hydroxymethyltransferase,80.9
644076.SCH4B_0015,SCH4B_0015,Alpha-glucosidase,80.9
644076.SCH4B_4467,SCH4B_4467,Short-chain&nbsp;dehydrogenase/reductase&nbsp;SDR,80.9
644076.SCH4B_3073,SCH4B_3073,Methyl-accepting&nbsp;chemotaxis&nbsp;sensory&nbsp;transducer,80.9
644076.SCH4B_3509,dinB,DNA&nbsp;polymerase&nbsp;IV,80.8
644076.SCH4B_3618,cdsA_2,Phosphatidate&nbsp;cytidylyltransferase,80.8
644076.SCH4B_3921,SCH4B_3921,Adenylate/guanylate&nbsp;cyclase,80.8
644076.SCH4B_2420,SCH4B_2420,Protein&nbsp;Hcp1,80.8
644076.SCH4B_2726,SCH4B_2726,Inner&nbsp;membrane&nbsp;ABC&nbsp;transporter&nbsp;permease&nbsp;protein&nbsp;YejE,80.8
644076.SCH4B_4646,SCH4B_4646,Chemotaxis&nbsp;sensory&nbsp;transducer,80.7
644076.SCH4B_3542,SCH4B_3542,Transcriptional&nbsp;regulatory&nbsp;protein&nbsp;ChvI,80.7
644076.SCH4B_0098,SCH4B_0098,Methyl-accepting&nbsp;chemotaxis&nbsp;sensory&nbsp;transducer&nbsp;with&nbsp;Pas/Pac&nbsp;sensor,80.7
644076.SCH4B_0186,SCH4B_0186,TraI,80.7
644076.SCH4B_1421,nadC,Nicotinate-nucleotide&nbsp;diphosphorylase&nbsp;(Carboxylating),80.7
644076.SCH4B_4319,eno,Enolase,80.6
644076.SCH4B_1419,SCH4B_1419,L-aspartate&nbsp;oxidase,80.6
644076.SCH4B_2484,apt,Adenine&nbsp;phosphoribosyltransferase,80.5
644076.SCH4B_3854,SCH4B_3854,"Amino&nbsp;acid&nbsp;ABC&nbsp;transporter,&nbsp;permease&nbsp;protein,&nbsp;3-TM&nbsp;region,&nbsp;His/Glu/Gln/Arg/opine",80.5
644076.SCH4B_0897,SCH4B_0897,Metal-binding&nbsp;protein&nbsp;YodA,80.5
644076.SCH4B_2197,SCH4B_2197,Protein&nbsp;YhdH,80.5
644076.SCH4B_1012,rplJ,50S&nbsp;ribosomal&nbsp;protein&nbsp;L10,80.5
644076.SCH4B_4300,plsX,Phosphate&nbsp;acyltransferase,80.4
644076.SCH4B_2529,tolB,Protein&nbsp;TolB,80.4
644076.SCH4B_0382,SCH4B_0382,Sulfur&nbsp;carrier&nbsp;protein&nbsp;FdhD,80.4
644076.SCH4B_0930,SCH4B_0930,"Extracellular&nbsp;solute-binding&nbsp;protein,&nbsp;family&nbsp;5",80.4
644076.SCH4B_0692,nqrD,Na(+)-translocating&nbsp;NADH-quinone&nbsp;reductase&nbsp;subunit&nbsp;D,80.4
644076.SCH4B_1957,SCH4B_1957,Periplasmic&nbsp;sensor&nbsp;signal&nbsp;transduction&nbsp;histidine&nbsp;kinase,80.4
644076.SCH4B_1362,SCH4B_1362,"Pyruvate,&nbsp;phosphate&nbsp;dikinase",80.4
644076.SCH4B_4723,SCH4B_4723,annotation&nbsp;not&nbsp;available,80.4
644076.SCH4B_3151,tsaD,tRNA&nbsp;N6-adenosine&nbsp;threonylcarbamoyltransferase,80.4
644076.SCH4B_3989,SCH4B_3989,LAO/AO&nbsp;transport&nbsp;system&nbsp;ATPase,80.4
644076.SCH4B_0765,accA,Acetyl-coenzyme&nbsp;A&nbsp;carboxylase&nbsp;carboxyl&nbsp;transferase&nbsp;subunit&nbsp;alpha,80.4
644076.SCH4B_2487,SCH4B_2487,"Oxidoreductase,&nbsp;FAD-binding",80.3
644076.SCH4B_3266,SCH4B_3266,annotation&nbsp;not&nbsp;available,80.3
644076.SCH4B_1978,tatC,Sec-independent&nbsp;protein&nbsp;translocase&nbsp;protein&nbsp;TatC,80.3
644076.SCH4B_4248,SCH4B_4248,Amidase,80.3
644076.SCH4B_2378,rpoH,RNA&nbsp;polymerase&nbsp;sigma&nbsp;factor&nbsp;RpoH,80.3
644076.SCH4B_4162,SCH4B_4162,Betaine&nbsp;aldehyde&nbsp;dehydrogenase,80.3
644076.SCH4B_0582,SCH4B_0582,annotation&nbsp;not&nbsp;available,80.2
644076.SCH4B_3361,SCH4B_3361,Enoyl-coa&nbsp;hydratase,80.2
644076.SCH4B_3568,SCH4B_3568,Binding-protein-dependent&nbsp;transport&nbsp;systems&nbsp;inner&nbsp;membrane&nbsp;component,80.2
644076.SCH4B_2054,SCH4B_2054,Cytidine&nbsp;deaminase,80.1
644076.SCH4B_3672,SCH4B_3672,Binding-protein-dependent&nbsp;transport&nbsp;systems&nbsp;inner&nbsp;membrane&nbsp;component,80.1
644076.SCH4B_2496,coxB,Cytochrome&nbsp;c&nbsp;oxidase&nbsp;subunit&nbsp;2,80.1
644076.SCH4B_0824,SCH4B_0824,"Acyl-coa&nbsp;dehydrogenase,&nbsp;short-chain&nbsp;specific",80.1
644076.SCH4B_3335,hutU,Urocanate&nbsp;hydratase,80.1
644076.SCH4B_0040,SCH4B_0040,NADPH-dependent&nbsp;fmn&nbsp;reductase,80.0
644076.SCH4B_1009,rplK,50S&nbsp;ribosomal&nbsp;protein&nbsp;L11,80.0
644076.SCH4B_3315,SCH4B_3315,Spermidine/putrescine&nbsp;import&nbsp;ATP-binding&nbsp;protein&nbsp;PotA,80.0
644076.SCH4B_2901,SCH4B_2901,Succinate-semialdehyde&nbsp;dehydrogenase&nbsp;(NADP+),80.0
644076.SCH4B_2601,SCH4B_2601,Periplasmic&nbsp;sensor&nbsp;signal&nbsp;transduction&nbsp;histidine&nbsp;kinase,79.9
644076.SCH4B_1180,SCH4B_1180,Hemin&nbsp;transport&nbsp;protein&nbsp;HmuS,79.9
644076.SCH4B_2049,SCH4B_2049,Indoleacetamide&nbsp;hydrolase,79.9
644076.SCH4B_2530,SCH4B_2530,annotation&nbsp;not&nbsp;available,79.8
644076.SCH4B_0932,panC,Pantothenate&nbsp;synthetase,79.8
644076.SCH4B_4634,SCH4B_4634,HhH-GPD,79.8
644076.SCH4B_4512,rpsF,30S&nbsp;ribosomal&nbsp;protein&nbsp;S6,79.8
644076.SCH4B_0852,ltaE,Low-specificity&nbsp;L-threonine&nbsp;aldolase,79.7
644076.SCH4B_0706,SCH4B_0706,Biotin/lipoate&nbsp;A/B&nbsp;protein&nbsp;ligase,79.7
644076.SCH4B_4074,nuoG,NADH-quinone&nbsp;oxidoreductase,79.6
644076.SCH4B_3871,SCH4B_3871,Glyoxalase/bleomycin&nbsp;resistance&nbsp;protein/dioxygenase,79.6
644076.SCH4B_2172,purC,Phosphoribosylaminoimidazole-succinocarboxamide&nbsp;synthase,79.6
644076.SCH4B_1894,SCH4B_1894,Endonuclease/exonuclease/phosphatase,79.6
644076.SCH4B_1303,coaBC,Coenzyme&nbsp;A&nbsp;biosynthesis&nbsp;bifunctional&nbsp;protein&nbsp;CoaBC,79.6
644076.SCH4B_4010,ftsZ,Cell&nbsp;division&nbsp;protein&nbsp;FtsZ,79.5
644076.SCH4B_3532,SCH4B_3532,Sensory&nbsp;histidine&nbsp;protein&nbsp;kinase,79.5
644076.SCH4B_0501,SCH4B_0501,Peptidase&nbsp;M20,79.5
644076.SCH4B_4801,SCH4B_4801,Electron&nbsp;transfer&nbsp;flavoprotein&nbsp;subunit&nbsp;beta,79.5
644076.SCH4B_0606,SCH4B_0606,Bacterial&nbsp;phosphonate&nbsp;metabolism&nbsp;protein,79.5
644076.SCH4B_4009,ftsA,Cell&nbsp;division&nbsp;protein&nbsp;FtsA,79.5
644076.SCH4B_3696,SCH4B_3696,Khg/kdpg&nbsp;aldolase,79.5
644076.SCH4B_3358,ubiB,Probable&nbsp;protein&nbsp;kinase&nbsp;UbiB,79.4
644076.SCH4B_4604,gltA,Citrate&nbsp;synthase,79.4
644076.SCH4B_4093,SCH4B_4093,SSU&nbsp;ribosomal&nbsp;protein&nbsp;S6P&nbsp;modification&nbsp;protein,79.4
644076.SCH4B_0515,SCH4B_0515,Aminotransferase,79.4
644076.SCH4B_2361,SCH4B_2361,"Transcriptional&nbsp;regulator,&nbsp;BadM/Rrf2&nbsp;family",79.4
644076.SCH4B_0311,SCH4B_0311,Response&nbsp;regulator&nbsp;receiver&nbsp;sensor&nbsp;signal&nbsp;transduction&nbsp;histidine&nbsp;kinase,79.3
644076.SCH4B_3048,thiQ,Thiamine&nbsp;import&nbsp;ATP-binding&nbsp;protein&nbsp;ThiQ,79.2
644076.SCH4B_2330,SCH4B_2330,Phospho-2-dehydro-3-deoxyheptonate&nbsp;aldolase,79.2
644076.SCH4B_2567,SCH4B_2567,Identified&nbsp;by&nbsp;match&nbsp;to&nbsp;protein&nbsp;family&nbsp;HMM&nbsp;PF04357,79.2
644076.SCH4B_2235,yaeT,Outer&nbsp;membrane&nbsp;protein&nbsp;assembly&nbsp;factor&nbsp;BamA,79.1
644076.SCH4B_2275,hpt,Hypoxanthine&nbsp;phosphoribosyltransferase,79.1
644076.SCH4B_4493,SCH4B_4493,Bifunctional&nbsp;aconitate&nbsp;hydratase&nbsp;2/2-methylisocitrate&nbsp;dehydratase,79.1
644076.SCH4B_4336,SCH4B_4336,Permease&nbsp;YjgP/YjgQ,79.1
644076.SCH4B_4051,SCH4B_4051,"HAD-superfamily&nbsp;hydrolase&nbsp;subfamily&nbsp;IA,&nbsp;variant&nbsp;3",79.1
644076.SCH4B_4826,dndD,DNA&nbsp;sulfur&nbsp;modification&nbsp;protein&nbsp;DndD,79.0
644076.SCH4B_0608,phnG,Phosphonate&nbsp;C-P&nbsp;lyase&nbsp;system&nbsp;protein&nbsp;PhnG,79.0
644076.SCH4B_4465,ccmD,Heme&nbsp;exporter&nbsp;protein&nbsp;D,78.9
644076.SCH4B_1015,rpoC,DNA-directed&nbsp;RNA&nbsp;polymerase&nbsp;subunit&nbsp;beta',78.9
644076.SCH4B_3225,hemH,Ferrochelatase,78.9
644076.SCH4B_0420,SCH4B_0420,Phospholipid/glycerol&nbsp;acyltransferase,78.9
644076.SCH4B_2270,SCH4B_2270,Trimethylamine&nbsp;methyltransferase,78.8
644076.SCH4B_3839,metF,Methylenetetrahydrofolate&nbsp;reductase,78.8
644076.SCH4B_3910,SCH4B_3910,Amidohydrolase&nbsp;3,78.8
644076.SCH4B_1423,SCH4B_1423,Glutathione&nbsp;S-transferase,78.8
644076.SCH4B_2720,ccoO,"Cytochrome&nbsp;c&nbsp;oxidase,&nbsp;Cbb3-type,&nbsp;subunit&nbsp;II",78.7
644076.SCH4B_2671,SCH4B_2671,"Glycolate&nbsp;oxidase,&nbsp;GlcE&nbsp;subunit",78.6
644076.SCH4B_2574,SCH4B_2574,4'-phosphopantetheinyl&nbsp;transferase,78.5
644076.SCH4B_4494,SCH4B_4494,Methyl-accepting&nbsp;chemotaxis&nbsp;sensory&nbsp;transducer,78.5
644076.SCH4B_4040,SCH4B_4040,"Peptidase&nbsp;M20D,&nbsp;amidohydrolase",78.4
644076.SCH4B_3676,SCH4B_3676,Binding-protein-dependent&nbsp;transport&nbsp;systems&nbsp;inner&nbsp;membrane&nbsp;component,78.4
644076.SCH4B_1311,SCH4B_1311,"D-isomer&nbsp;specific&nbsp;2-hydroxyacid&nbsp;dehydrogenase,&nbsp;NAD-binding",78.3
644076.SCH4B_1562,ribH,"6,7-dimethyl-8-ribityllumazine&nbsp;synthase",78.3
644076.SCH4B_1536,SCH4B_1536,annotation&nbsp;not&nbsp;available,78.3
644076.SCH4B_1039,SCH4B_1039,Identified&nbsp;by&nbsp;match&nbsp;to&nbsp;protein&nbsp;family&nbsp;HMM&nbsp;PF00043,78.3
644076.SCH4B_2536,ruvB,Holliday&nbsp;junction&nbsp;ATP-dependent&nbsp;DNA&nbsp;helicase&nbsp;RuvB,78.3
644076.SCH4B_0587,SCH4B_0587,Binding-protein-dependent&nbsp;transport&nbsp;systems&nbsp;inner&nbsp;membrane&nbsp;component,78.2
644076.SCH4B_4067,nuoD,NADH-quinone&nbsp;oxidoreductase&nbsp;subunit&nbsp;D,78.2
644076.SCH4B_1543,SCH4B_1543,Sarcosine&nbsp;oxidase&nbsp;subunit&nbsp;alpha,78.2
644076.SCH4B_0446,sdhA,Succinate&nbsp;dehydrogenase&nbsp;flavoprotein&nbsp;subunit,78.2
644076.SCH4B_4144,SCH4B_4144,Binding-protein-dependent&nbsp;transport&nbsp;systems&nbsp;inner&nbsp;membrane&nbsp;component,78.2
644076.SCH4B_3228,grxC,Glutaredoxin,78.2
644076.SCH4B_1603,atpG,ATP&nbsp;synthase&nbsp;gamma&nbsp;chain,78.2
644076.SCH4B_0444,sdhC,"Succinate&nbsp;dehydrogenase,&nbsp;cytochrome&nbsp;b556&nbsp;subunit",78.1
644076.SCH4B_2481,SCH4B_2481,DNA-directed&nbsp;DNA&nbsp;polymerase,78.1
644076.SCH4B_2033,SCH4B_2033,Diguanylate&nbsp;cyclase/phosphodiesterase,78.1
644076.SCH4B_0384,mobA,Molybdenum&nbsp;cofactor&nbsp;guanylyltransferase,78.1
644076.SCH4B_2392,ectB,Diaminobutyrate--2-oxoglutarate&nbsp;aminotransferase,78.1
644076.SCH4B_0012,SCH4B_0012,annotation&nbsp;not&nbsp;available,78.1
644076.SCH4B_4127,modA_1,"Molybdate&nbsp;ABC&nbsp;transporter,&nbsp;periplasmic&nbsp;molybdate-binding&nbsp;protein",78.1
644076.SCH4B_4066,nuoC,NADH-quinone&nbsp;oxidoreductase&nbsp;subunit&nbsp;C,78.1
644076.SCH4B_4065,nuoB,NADH-quinone&nbsp;oxidoreductase&nbsp;subunit&nbsp;B,78.0
644076.SCH4B_1456,SCH4B_1456,"Precorrin-6Y&nbsp;C(5,15)-methyltransferase&nbsp;(Decarboxylating)",78.0
644076.SCH4B_2096,SCH4B_2096,annotation&nbsp;not&nbsp;available,78.0
644076.SCH4B_4245,SCH4B_4245,Penicillin-binding&nbsp;protein&nbsp;1A,78.0
644076.SCH4B_4081,SCH4B_4081,NADH-quinone&nbsp;oxidoreductase&nbsp;subunit&nbsp;l,78.0
644076.SCH4B_1407,lysS,Lysine--tRNA&nbsp;ligase,77.8
644076.SCH4B_4458,secF,Protein-export&nbsp;membrane&nbsp;protein&nbsp;SecF,77.8
644076.SCH4B_2920,xdhB_2,"Xanthine&nbsp;dehydrogenase,&nbsp;molybdopterin&nbsp;binding&nbsp;subunit",77.7
644076.SCH4B_0404,SCH4B_0404,Acetoacetyl-CoA&nbsp;reductase,77.7
644076.SCH4B_1605,atpC,ATP&nbsp;synthase&nbsp;epsilon&nbsp;chain,77.7
644076.SCH4B_2334,SCH4B_2334,annotation&nbsp;not&nbsp;available,77.7
644076.SCH4B_1686,SCH4B_1686,Putative&nbsp;PAS/PAC&nbsp;sensor&nbsp;protein,77.6
644076.SCH4B_4322,SCH4B_4322,Pyrimidine-specific&nbsp;ribonucleoside&nbsp;hydrolase&nbsp;RihA,77.6
644076.SCH4B_3543,SCH4B_3543,annotation&nbsp;not&nbsp;available,77.6
644076.SCH4B_4572,SCH4B_4572,Enoyl-CoA&nbsp;hydratase,77.5
644076.SCH4B_0904,trpB,Tryptophan&nbsp;synthase&nbsp;beta&nbsp;chain,77.5
644076.SCH4B_2076,SCH4B_2076,Identified&nbsp;by&nbsp;match&nbsp;to&nbsp;protein&nbsp;family&nbsp;HMM&nbsp;PF00441,77.5
644076.SCH4B_3737,SCH4B_3737,Binding-protein-dependent&nbsp;transport&nbsp;systems&nbsp;inner&nbsp;membrane&nbsp;component,77.4
644076.SCH4B_0038,SCH4B_0038,annotation&nbsp;not&nbsp;available,77.4
644076.SCH4B_2337,SCH4B_2337,Histidine&nbsp;kinase,77.3
644076.SCH4B_1102,SCH4B_1102,Pyridine&nbsp;nucleotide-disulphide&nbsp;oxidoreductase&nbsp;dimerisation&nbsp;region,77.3
644076.SCH4B_3247,SCH4B_3247,Geranyltranstransferase,77.3
644076.SCH4B_3541,SCH4B_3541,Periplasmic&nbsp;sensor&nbsp;signal&nbsp;transduction&nbsp;histidine&nbsp;kinase,77.2
644076.SCH4B_3961,pepT,Peptidase&nbsp;T,77.2
644076.SCH4B_3853,SCH4B_3853,Binding-protein-dependent&nbsp;transport&nbsp;systems&nbsp;inner&nbsp;membrane&nbsp;component,77.2
644076.SCH4B_0802,SCH4B_0802,Putative&nbsp;sugar-binding&nbsp;domain&nbsp;containing&nbsp;protein,77.2
644076.SCH4B_0385,mobB,Molybdopterin-guanine&nbsp;dinucleotide&nbsp;biosynthesis&nbsp;protein&nbsp;B,77.2
644076.SCH4B_3614,SCH4B_3614,4-carboxymuconolactone&nbsp;decarboxylase,77.1
644076.SCH4B_1330,SCH4B_1330,FAD&nbsp;dependent&nbsp;oxidoreductase,77.0
644076.SCH4B_2503,SCH4B_2503,Succinyl-coa:3-ketoacid-coenzyme&nbsp;a&nbsp;transferase&nbsp;subunit&nbsp;b,77.0
644076.SCH4B_3365,recF,DNA&nbsp;replication&nbsp;and&nbsp;repair&nbsp;protein&nbsp;RecF,77.0
644076.SCH4B_3751,SCH4B_3751,Dihydrodipicolinate&nbsp;synthetase,77.0
644076.SCH4B_2256,SCH4B_2256,"Transcriptional&nbsp;regulator,&nbsp;GntR&nbsp;family",76.9
644076.SCH4B_1082,SCH4B_1082,Glutamate/glutamine/aspartate/asparagine&nbsp;transport&nbsp;ATP-binding&nbsp;proteinbztD,76.9
644076.SCH4B_3579,SCH4B_3579,Alpha-glucosidase,76.9
644076.SCH4B_1669,pyc,Pyruvate&nbsp;carboxylase,76.9
644076.SCH4B_0576,SCH4B_0576,Identified&nbsp;by&nbsp;match&nbsp;to&nbsp;protein&nbsp;family&nbsp;HMM&nbsp;PF01557,76.8
644076.SCH4B_1966,prfC,Peptide&nbsp;chain&nbsp;release&nbsp;factor&nbsp;3,76.8
644076.SCH4B_4255,SCH4B_4255,"Two&nbsp;component&nbsp;transcriptional&nbsp;regulator,&nbsp;LuxR&nbsp;family",76.8
644076.SCH4B_4179,SCH4B_4179,Transcriptional&nbsp;regulator&nbsp;AhyR/asaR&nbsp;family,76.8
644076.SCH4B_1061,SCH4B_1061,Adenylate&nbsp;kinase,76.8
644076.SCH4B_1602,atpA,ATP&nbsp;synthase&nbsp;subunit&nbsp;alpha,76.7
644076.SCH4B_4441,SCH4B_4441,Methyl-accepting&nbsp;chemotaxis&nbsp;sensory&nbsp;transducer,76.7
644076.SCH4B_1240,SCH4B_1240,"Formate&nbsp;dehydrogenase,&nbsp;alpha&nbsp;subunit",76.6
644076.SCH4B_2963,SCH4B_2963,Binding-protein-dependent&nbsp;transport&nbsp;systems&nbsp;inner&nbsp;membrane&nbsp;component,76.6
644076.SCH4B_1315,mrdA,Penicillin-binding&nbsp;protein&nbsp;2,76.5
644076.SCH4B_1325,SCH4B_1325,Glyoxylate&nbsp;reductase,76.5
644076.SCH4B_0868,dnaE2,Error-prone&nbsp;DNA&nbsp;polymerase,76.4
644076.SCH4B_4457,secD,Protein&nbsp;translocase&nbsp;subunit&nbsp;SecD,76.4
644076.SCH4B_4347,SCH4B_4347,"Mannose-6-phosphate&nbsp;isomerase,&nbsp;type&nbsp;II",76.3
644076.SCH4B_2680,leuD,3-isopropylmalate&nbsp;dehydratase&nbsp;small&nbsp;subunit,76.3
644076.SCH4B_4617,trpE,Anthranilate&nbsp;synthase&nbsp;component&nbsp;1,76.3
644076.SCH4B_1345,SCH4B_1345,Xanthine&nbsp;dehydrogenase,76.3
644076.SCH4B_0523,SCH4B_0523,High-affinity&nbsp;zinc&nbsp;uptake&nbsp;system&nbsp;membrane&nbsp;protein&nbsp;ZnuB,76.3
644076.SCH4B_4621,SCH4B_4621,Enoyl-[acyl-carrier-protein]&nbsp;reductase&nbsp;[NADH],76.2
644076.SCH4B_2654,ilvD,Dihydroxy-acid&nbsp;dehydratase,76.2
644076.SCH4B_4574,SCH4B_4574,TPR&nbsp;repeat-containing&nbsp;protein,76.2
644076.SCH4B_2967,SCH4B_2967,Histidine&nbsp;kinase,76.2
644076.SCH4B_2366,SCH4B_2366,MgpS,76.2
644076.SCH4B_1202,SCH4B_1202,ROK&nbsp;domain&nbsp;protein,76.1
644076.SCH4B_3375,cysQ,"3'(2'),5'-bisphosphate&nbsp;nucleotidase",76.1
644076.SCH4B_2247,SCH4B_2247,annotation&nbsp;not&nbsp;available,76.1
644076.SCH4B_3161,SCH4B_3161,DNA-binding&nbsp;response&nbsp;regulator,76.1
644076.SCH4B_0637,SCH4B_0637,Aminotransferase,76.1
644076.SCH4B_4553,SCH4B_4553,Peptidyl-prolyl&nbsp;cis-trans&nbsp;isomerase,76.1
644076.SCH4B_4675,SCH4B_4675,annotation&nbsp;not&nbsp;available,76.1
644076.SCH4B_3822,SCH4B_3822,Binding-protein-dependent&nbsp;transport&nbsp;systems&nbsp;inner&nbsp;membrane&nbsp;component,76.0
644076.SCH4B_1435,SCH4B_1435,ABC&nbsp;transporter&nbsp;ATP-binding&nbsp;protein,76.0
644076.SCH4B_4747,SCH4B_4747,annotation&nbsp;not&nbsp;available,76.0
644076.SCH4B_2206,SCH4B_2206,Enoyl-CoA&nbsp;hydratase/isomerase,75.9
644076.SCH4B_1986,purF,Amidophosphoribosyltransferase,75.9
644076.SCH4B_3357,SCH4B_3357,Acetyl-CoA&nbsp;acetyltransferase,75.8
644076.SCH4B_3851,SCH4B_3851,Arginine/ornithine&nbsp;transport&nbsp;ATP-binding&nbsp;protein&nbsp;AotP,75.8
644076.SCH4B_3368,SCH4B_3368,Identified&nbsp;by&nbsp;match&nbsp;to&nbsp;protein&nbsp;family&nbsp;HMM&nbsp;PF02525,75.8
644076.SCH4B_4683,aroQ,3-dehydroquinate&nbsp;dehydratase,75.8
644076.SCH4B_2685,rpmI,50S&nbsp;ribosomal&nbsp;protein&nbsp;L35,75.8
644076.SCH4B_4660,SCH4B_4660,Ppx/GppA&nbsp;phosphatase,75.8
644076.SCH4B_1755,SCH4B_1755,Methyl-accepting&nbsp;chemotaxis&nbsp;sensory&nbsp;transducer,75.7
644076.SCH4B_3834,SCH4B_3834,Bifunctional&nbsp;protein&nbsp;PutA,75.7
644076.SCH4B_1034,rplB,50S&nbsp;ribosomal&nbsp;protein&nbsp;L2,75.7
644076.SCH4B_1547,rpoD,RNA&nbsp;polymerase&nbsp;sigma&nbsp;factor&nbsp;RpoD,75.6
644076.SCH4B_0896,rpsA,30S&nbsp;ribosomal&nbsp;protein&nbsp;S1,75.6
644076.SCH4B_2438,SCH4B_2438,annotation&nbsp;not&nbsp;available,75.6
644076.SCH4B_3407,SCH4B_3407,"Extracellular&nbsp;solute-binding&nbsp;protein,&nbsp;family&nbsp;5",75.5
644076.SCH4B_3664,SCH4B_3664,Ferric&nbsp;enterobactin&nbsp;transport&nbsp;ATP-binding&nbsp;protein&nbsp;FepC,75.5
644076.SCH4B_3736,SCH4B_3736,Carboxypeptidase,75.5
644076.SCH4B_2759,def_3,Peptide&nbsp;deformylase,75.5
644076.SCH4B_3454,pnp,Polyribonucleotide&nbsp;nucleotidyltransferase,75.5
644076.SCH4B_3983,argF,Ornithine&nbsp;carbamoyltransferase,75.5
644076.SCH4B_4146,SCH4B_4146,Spermidine/putrescine&nbsp;import&nbsp;ATP-binding&nbsp;protein&nbsp;PotA,75.5
644076.SCH4B_2116,SCH4B_2116,ABC&nbsp;transporter&nbsp;substrate&nbsp;binding&nbsp;protein,75.4
644076.SCH4B_2854,SCH4B_2854,Aldehyde&nbsp;dehydrogenase&nbsp;family&nbsp;7&nbsp;member&nbsp;A1,75.4
644076.SCH4B_4609,SCH4B_4609,annotation&nbsp;not&nbsp;available,75.3
644076.SCH4B_2800,SCH4B_2800,Adenylate/guanylate&nbsp;cyclase,75.3
644076.SCH4B_2258,rpsI,30S&nbsp;ribosomal&nbsp;protein&nbsp;S9,75.3
644076.SCH4B_0604,phnK,Phosphonate&nbsp;C-P&nbsp;lyase&nbsp;system&nbsp;protein&nbsp;PhnK,75.3
644076.SCH4B_3821,SCH4B_3821,Oligopeptide&nbsp;transport&nbsp;system&nbsp;permease&nbsp;protein&nbsp;AppC,75.3
644076.SCH4B_3169,addA,Double-strand&nbsp;break&nbsp;repair&nbsp;helicase&nbsp;AddA,75.3
644076.SCH4B_2285,SCH4B_2285,Potassium&nbsp;transporter&nbsp;peripheral&nbsp;membrane&nbsp;component,75.2
644076.SCH4B_1032,rplW,50S&nbsp;ribosomal&nbsp;protein&nbsp;L23,75.2
644076.SCH4B_3830,SCH4B_3830,Alanine--glyoxylate&nbsp;aminotransferase&nbsp;2,75.2
644076.SCH4B_0843,SCH4B_0843,"Transcriptional&nbsp;regulator,&nbsp;GntR&nbsp;family",75.2
644076.SCH4B_1187,SCH4B_1187,Identified&nbsp;by&nbsp;match&nbsp;to&nbsp;protein&nbsp;family&nbsp;HMM&nbsp;TIGR01352,75.2
644076.SCH4B_3499,SCH4B_3499,annotation&nbsp;not&nbsp;available,75.2
644076.SCH4B_3207,argG,Argininosuccinate&nbsp;synthase,75.1
644076.SCH4B_4140,SCH4B_4140,Methyltransferase&nbsp;type&nbsp;11,75.1
644076.SCH4B_4721,SCH4B_4721,annotation&nbsp;not&nbsp;available,75.1
644076.SCH4B_3139,SCH4B_3139,Aldehyde&nbsp;dehydrogenase&nbsp;(NAD)&nbsp;family&nbsp;protein,75.1
644076.SCH4B_0894,aroA,3-phosphoshikimate&nbsp;1-carboxyvinyltransferase,74.9
644076.SCH4B_3050,petA,Ubiquinol-cytochrome&nbsp;c&nbsp;reductase&nbsp;iron-sulfur&nbsp;subunit,74.9
644076.SCH4B_3196,rph,Ribonuclease&nbsp;PH,74.9
644076.SCH4B_3140,SCH4B_3140,NADP-dependent&nbsp;fatty&nbsp;aldehyde&nbsp;dehydrogenase,74.9
644076.SCH4B_0996,SCH4B_0996,ATP:cob(I)alamin&nbsp;adenosyltransferase,74.9
644076.SCH4B_2297,SCH4B_2297,AMP-dependent&nbsp;synthetase&nbsp;and&nbsp;ligase,74.9
644076.SCH4B_3723,modA_2,"Molybdate&nbsp;ABC&nbsp;transporter,&nbsp;periplasmic&nbsp;molybdate-binding&nbsp;protein",74.9
644076.SCH4B_2763,SCH4B_2763,Aminotransferase,74.9
644076.SCH4B_2111,SCH4B_2111,annotation&nbsp;not&nbsp;available,74.8
644076.SCH4B_0588,SCH4B_0588,Binding-protein-dependent&nbsp;transport&nbsp;systems&nbsp;inner&nbsp;membrane&nbsp;component,74.7
644076.SCH4B_1059,rplO,50S&nbsp;ribosomal&nbsp;protein&nbsp;L15,74.7
644076.SCH4B_1037,rpsC,30S&nbsp;ribosomal&nbsp;protein&nbsp;S3,74.7
644076.SCH4B_4123,SCH4B_4123,Acetyl-CoA&nbsp;acetyltransferase,74.6
644076.SCH4B_2333,gmk,Guanylate&nbsp;kinase,74.6
644076.SCH4B_3476,SCH4B_3476,Identified&nbsp;by&nbsp;match&nbsp;to&nbsp;protein&nbsp;family&nbsp;HMM&nbsp;PF00171,74.6
644076.SCH4B_4032,glcB,Malate&nbsp;synthase&nbsp;G,74.5
644076.SCH4B_3273,flgK,Flagellar&nbsp;hook-associated&nbsp;protein&nbsp;FlgK,74.5
644076.SCH4B_1104,SCH4B_1104,Periplasmic&nbsp;sensor&nbsp;signal&nbsp;transduction&nbsp;histidine&nbsp;kinase,74.5
644076.SCH4B_3035,SCH4B_3035,Glutamate&nbsp;synthase&nbsp;(NADPH)&nbsp;large&nbsp;chain,74.5
644076.SCH4B_3578,SCH4B_3578,Binding-protein-dependent&nbsp;transport&nbsp;systems&nbsp;inner&nbsp;membrane&nbsp;component,74.5
644076.SCH4B_1321,SCH4B_1321,Methyl-accepting&nbsp;chemotaxis&nbsp;sensory&nbsp;transducer,74.5
644076.SCH4B_3555,SCH4B_3555,NADP-dependent&nbsp;fatty&nbsp;aldehyde&nbsp;dehydrogenase,74.4
644076.SCH4B_3724,modB,"Molybdate&nbsp;ABC&nbsp;transporter,&nbsp;permease&nbsp;protein",74.3
644076.SCH4B_2953,SCH4B_2953,DNA-binding&nbsp;response&nbsp;regulator,74.3
644076.SCH4B_1000,parC,DNA&nbsp;topoisomerase&nbsp;4&nbsp;subunit&nbsp;A,74.3
644076.SCH4B_2718,ccoP,Cbb3-type&nbsp;cytochrome&nbsp;c&nbsp;oxidase&nbsp;subunit,74.3
644076.SCH4B_0431,sucD,Succinate--CoA&nbsp;ligase&nbsp;[ADP-forming]&nbsp;subunit&nbsp;alpha,74.3
644076.SCH4B_3731,SCH4B_3731,"Extracellular&nbsp;solute-binding&nbsp;protein,&nbsp;family&nbsp;5",74.2
644076.SCH4B_2237,fabZ,3-hydroxyacyl-[acyl-carrier-protein]&nbsp;dehydratase&nbsp;FabZ,74.2
644076.SCH4B_0494,SCH4B_0494,Serine-type&nbsp;D-Ala-D-Ala&nbsp;carboxypeptidase,74.2
644076.SCH4B_1428,SCH4B_1428,Enoyl-CoA&nbsp;hydratase,74.1
644076.SCH4B_4703,alaS,Alanine--tRNA&nbsp;ligase,74.1
644076.SCH4B_3675,SCH4B_3675,"ABC-type&nbsp;polar&nbsp;amino&nbsp;acid&nbsp;transport&nbsp;system,&nbsp;ATPase&nbsp;component",74.1
644076.SCH4B_2578,SCH4B_2578,"Glycosyl&nbsp;transferase,&nbsp;group&nbsp;1",74.1
644076.SCH4B_1433,SCH4B_1433,Inner-membrane&nbsp;translocator,74.0
644076.SCH4B_2802,hmgA,"Homogentisate&nbsp;1,2-dioxygenase",74.0
644076.SCH4B_4181,SCH4B_4181,Hydrolase,74.0
644076.SCH4B_0958,hpaD,"3,4-dihydroxyphenylacetate&nbsp;2,3-dioxygenase",74.0
644076.SCH4B_1214,pgi,Glucose-6-phosphate&nbsp;isomerase,73.9
644076.SCH4B_3036,SCH4B_3036,Glutamate&nbsp;synthase&nbsp;small&nbsp;chain,73.9
644076.SCH4B_2955,SCH4B_2955,annotation&nbsp;not&nbsp;available,73.8
644076.SCH4B_2948,SCH4B_2948,Citrate&nbsp;synthase,73.8
644076.SCH4B_2839,SCH4B_2839,annotation&nbsp;not&nbsp;available,73.8
644076.SCH4B_2853,SCH4B_2853,Adenylate/guanylate&nbsp;cyclase,73.8
644076.SCH4B_1434,SCH4B_1434,ABC&nbsp;transporter&nbsp;ATP-binding&nbsp;protein,73.8
644076.SCH4B_0701,SCH4B_0701,Periplasmic&nbsp;binding&nbsp;protein/LacI&nbsp;transcriptional&nbsp;regulator,73.8
644076.SCH4B_3656,SCH4B_3656,L-cystine&nbsp;import&nbsp;ATP-binding&nbsp;protein&nbsp;TcyN,73.8
644076.SCH4B_2477,SCH4B_2477,ATP&nbsp;phosphoribosyltransferase&nbsp;regulatory&nbsp;subunit,73.8
644076.SCH4B_4364,SCH4B_4364,Exodeoxyribonuclease&nbsp;10,73.7
644076.SCH4B_2196,SCH4B_2196,Aminomethyltransferase,73.7
644076.SCH4B_2526,tilS,tRNA(Ile)-lysidine&nbsp;synthase,73.6
644076.SCH4B_4194,SCH4B_4194,Phosphoglycerate&nbsp;mutase,73.6
644076.SCH4B_2403,SCH4B_2403,Metallo-beta-lactamase&nbsp;domain&nbsp;protein,73.5
644076.SCH4B_2384,pcaG,"Protocatechuate&nbsp;3,4-dioxygenase,&nbsp;alpha&nbsp;subunit",73.5
644076.SCH4B_3726,SCH4B_3726,Cobalt&nbsp;import&nbsp;ATP-binding&nbsp;protein&nbsp;CbiO&nbsp;2,73.5
644076.SCH4B_2884,SCH4B_2884,DNA-O6-methylguanine--protein-cysteine&nbsp;S-methyltransferase,73.5
644076.SCH4B_1939,SCH4B_1939,Integral&nbsp;membrane&nbsp;sensor&nbsp;hybrid&nbsp;histidine&nbsp;kinase,73.4
644076.SCH4B_1344,SCH4B_1344,Xanthine&nbsp;dehydrogenase,73.4
644076.SCH4B_1220,ureC,Urease&nbsp;subunit&nbsp;alpha,73.4
644076.SCH4B_1959,SCH4B_1959,C4-dicarboxylate-binding&nbsp;periplasmic&nbsp;protein,73.4
644076.SCH4B_0991,SCH4B_0991,3-hydroxybutyryl-coa&nbsp;dehydrogenase,73.4
644076.SCH4B_1281,paaB,Phenylacetate&nbsp;degradation&nbsp;probable&nbsp;enoyl-CoA&nbsp;hydratase&nbsp;PaaB,73.4
644076.SCH4B_2908,SCH4B_2908,HmuU&nbsp;protein,73.4
644076.SCH4B_2221,SCH4B_2221,Tetratricopeptide&nbsp;TPR_2&nbsp;repeat&nbsp;protein,73.3
644076.SCH4B_3235,nusA,Transcription&nbsp;termination/antitermination&nbsp;protein&nbsp;NusA,73.3
644076.SCH4B_3546,cysW,"Sulfate&nbsp;ABC&nbsp;transporter,&nbsp;permease&nbsp;protein&nbsp;CysW",73.2
644076.SCH4B_2078,SCH4B_2078,"Transcriptional&nbsp;regulator,&nbsp;MerR&nbsp;family",73.2
644076.SCH4B_1099,rpmH,50S&nbsp;ribosomal&nbsp;protein&nbsp;L34,73.2
644076.SCH4B_1791,xseA,Exodeoxyribonuclease&nbsp;7&nbsp;large&nbsp;subunit,73.2
644076.SCH4B_1874,SCH4B_1874,Propionyl-CoA&nbsp;carboxylase&nbsp;beta&nbsp;chain,73.1
644076.SCH4B_4776,SCH4B_4776,Putative&nbsp;aldehyde&nbsp;dehydrogenase,73.1
644076.SCH4B_4062,SCH4B_4062,Hydroxymethylglutaryl-CoA&nbsp;lyase,73.1
644076.SCH4B_0708,SCH4B_0708,"ABC&nbsp;transporter,&nbsp;permease&nbsp;protein",73.0
644076.SCH4B_4573,SCH4B_4573,Isobutyryl-coa&nbsp;dehydrogenase&nbsp;(&nbsp;acyl-coa&nbsp;dehydrogenase&nbsp;family&nbsp;member&nbsp;8),73.0
644076.SCH4B_1555,SCH4B_1555,Polysaccharide&nbsp;export&nbsp;protein,73.0
644076.SCH4B_4611,trpC,Indole-3-glycerol&nbsp;phosphate&nbsp;synthase,73.0
644076.SCH4B_1772,SCH4B_1772,Identified&nbsp;by&nbsp;match&nbsp;to&nbsp;protein&nbsp;family&nbsp;HMM&nbsp;PF02798,73.0
644076.SCH4B_4834,SCH4B_4834,annotation&nbsp;not&nbsp;available,72.9
644076.SCH4B_1327,SCH4B_1327,D-lactate&nbsp;dehydrogenase&nbsp;(Cytochrome),72.9
644076.SCH4B_2608,SCH4B_2608,NADPH-dependent&nbsp;fmn&nbsp;reductase,72.9
644076.SCH4B_3547,SCH4B_3547,Sulfate/thiosulfate&nbsp;import&nbsp;ATP-binding&nbsp;protein&nbsp;CysA&nbsp;(Sulfate-transporting&nbsp;ATPase),72.8
644076.SCH4B_2461,SCH4B_2461,Ribonucleoside-diphosphate&nbsp;reductase&nbsp;subunit&nbsp;beta,72.8
644076.SCH4B_1216,ureG,Urease&nbsp;accessory&nbsp;protein&nbsp;UreG,72.8
644076.SCH4B_2169,SCH4B_2169,Methionine&nbsp;synthase&nbsp;I,72.8
644076.SCH4B_0077,SCH4B_0077,Uncharacterized&nbsp;protein,72.8
644076.SCH4B_3938,SCH4B_3938,3-oxoacyl-(Acyl-carrier-protein)&nbsp;synthase&nbsp;III,72.7
644076.SCH4B_4811,SCH4B_4811,"CagE,&nbsp;TrbE,&nbsp;VirB&nbsp;component&nbsp;of&nbsp;type&nbsp;IV&nbsp;transporter&nbsp;system",72.6
644076.SCH4B_1563,nusB,Transcription&nbsp;antitermination&nbsp;protein&nbsp;NusB,72.6
644076.SCH4B_2683,SCH4B_2683,annotation&nbsp;not&nbsp;available,72.6
644076.SCH4B_1055,rpmD,50S&nbsp;ribosomal&nbsp;protein&nbsp;L30,72.6
644076.SCH4B_2147,SCH4B_2147,Nitrilotriacetate&nbsp;monooxygenase,72.6
644076.SCH4B_4663,SCH4B_4663,annotation&nbsp;not&nbsp;available,72.6
644076.SCH4B_0222,SCH4B_0222,Udp-glucose&nbsp;6-dehydrogenase,72.6
644076.SCH4B_2915,SCH4B_2915,Serine&nbsp;racemase,72.6
644076.SCH4B_2581,SCH4B_2581,annotation&nbsp;not&nbsp;available,72.6
644076.SCH4B_0810,SCH4B_0810,Trap&nbsp;dicarboxylate&nbsp;transporter-dctp&nbsp;subunit,72.6
644076.SCH4B_3862,thrS,Threonine--tRNA&nbsp;ligase,72.5
644076.SCH4B_0331,pheT,Phenylalanine--tRNA&nbsp;ligase&nbsp;beta&nbsp;subunit,72.5
644076.SCH4B_2700,hemE,Uroporphyrinogen&nbsp;decarboxylase,72.5
644076.SCH4B_2347,SCH4B_2347,Sarcosine&nbsp;dehydrogenase,72.4
644076.SCH4B_1510,SCH4B_1510,Molydopterin&nbsp;dinucleotide-binding&nbsp;region,72.4
644076.SCH4B_2300,SCH4B_2300,"Extracellular&nbsp;solute-binding&nbsp;protein,&nbsp;family&nbsp;5",72.4
644076.SCH4B_4833,SCH4B_4833,Helicase&nbsp;conserved&nbsp;C-domain&nbsp;protein,72.4
644076.SCH4B_0867,SCH4B_0867,Diguanylate&nbsp;cyclase/phosphodiesterase,72.4
644076.SCH4B_3201,SCH4B_3201,NADP-dependent&nbsp;malic&nbsp;enzyme,72.3
644076.SCH4B_3425,ribA,GTP&nbsp;cyclohydrolase-2,72.3
644076.SCH4B_3633,SCH4B_3633,Glycosyl&nbsp;transferase&nbsp;group&nbsp;1,72.3
644076.SCH4B_4613,trpD,Anthranilate&nbsp;phosphoribosyltransferase,72.3
644076.SCH4B_2294,mfd,Transcription-repair-coupling&nbsp;factor,72.2
644076.SCH4B_3701,SCH4B_3701,Oligopeptide&nbsp;transport&nbsp;ATP-binding&nbsp;protein&nbsp;OppD,72.2
644076.SCH4B_2706,SCH4B_2706,Short-chain&nbsp;dehydrogenase/reductase&nbsp;SDR,72.2
644076.SCH4B_2589,SCH4B_2589,"Sugar&nbsp;ABC&nbsp;transporter,&nbsp;ATP-binding&nbsp;protein",72.2
644076.SCH4B_0429,sucA,"Oxoglutarate&nbsp;dehydrogenase&nbsp;(Succinyl-transferring),&nbsp;E1&nbsp;component",72.2
644076.SCH4B_3758,SCH4B_3758,Outer&nbsp;membrane&nbsp;autotransporter&nbsp;barrel,72.1
644076.SCH4B_3296,flgC,Flagellar&nbsp;basal&nbsp;body&nbsp;rod&nbsp;protein&nbsp;FlgB,72.1
644076.SCH4B_0914,SCH4B_0914,Histidine&nbsp;kinase,72.1
644076.SCH4B_2209,aroB,3-dehydroquinate&nbsp;synthase,72.1
644076.SCH4B_0959,hpaE,5-carboxymethyl-2-hydroxymuconate&nbsp;semialdehyde&nbsp;dehydrogenase,72.1
644076.SCH4B_1010,rplA,50S&nbsp;ribosomal&nbsp;protein&nbsp;L1,72.0
644076.SCH4B_1465,cobO,"Cob(I)yrinic&nbsp;acid&nbsp;a,c-diamide&nbsp;adenosyltransferase",71.9
644076.SCH4B_3312,SCH4B_3312,Putrescine-binding&nbsp;periplasmic&nbsp;protein,71.9
644076.SCH4B_2988,SCH4B_2988,Protein&nbsp;YgbM,71.8
644076.SCH4B_1031,rplD,50S&nbsp;ribosomal&nbsp;protein&nbsp;L4,71.8
644076.SCH4B_1267,SCH4B_1267,annotation&nbsp;not&nbsp;available,71.7
644076.SCH4B_4614,SCH4B_4614,Para-aminobenzoate&nbsp;synthase&nbsp;glutamine&nbsp;amidotransferase&nbsp;component&nbsp;II,71.7
644076.SCH4B_3927,SCH4B_3927,ATP&nbsp;synthase&nbsp;beta&nbsp;subunit/transcription&nbsp;termination&nbsp;factor&nbsp;rho,71.7
644076.SCH4B_2323,SCH4B_2323,Inner-membrane&nbsp;translocator,71.7
644076.SCH4B_2598,SCH4B_2598,PTS&nbsp;system&nbsp;fructose&nbsp;subfamily&nbsp;IIA&nbsp;component,71.7
644076.SCH4B_3734,SCH4B_3734,Glutathione&nbsp;import&nbsp;ATP-binding&nbsp;protein&nbsp;GsiA,71.7
644076.SCH4B_0502,SCH4B_0502,Identified&nbsp;by&nbsp;match&nbsp;to&nbsp;protein&nbsp;family&nbsp;HMM&nbsp;PF01019,71.6
644076.SCH4B_1681,SCH4B_1681,Peptidoglycan&nbsp;glycosyltransferase,71.6
644076.SCH4B_3498,SCH4B_3498,Inner-membrane&nbsp;translocator,71.6
644076.SCH4B_4547,pdhA,Pyruvate&nbsp;dehydrogenase&nbsp;E1&nbsp;component&nbsp;subunit&nbsp;alpha,71.6
644076.SCH4B_3503,SCH4B_3503,Binding-protein-dependent&nbsp;transport&nbsp;systems&nbsp;inner&nbsp;membrane&nbsp;component,71.5
644076.SCH4B_3129,SCH4B_3129,Fibronectin&nbsp;type&nbsp;III&nbsp;domain&nbsp;protein,71.5
644076.SCH4B_3141,pdxA_1,4-hydroxythreonine-4-phosphate&nbsp;dehydrogenase,71.5
644076.SCH4B_3719,SCH4B_3719,"Extracellular&nbsp;solute-binding&nbsp;protein,&nbsp;family&nbsp;1",71.4
644076.SCH4B_0854,recR,Recombination&nbsp;protein&nbsp;RecR,71.4
644076.SCH4B_1694,SCH4B_1694,annotation&nbsp;not&nbsp;available,71.3
644076.SCH4B_3006,SCH4B_3006,Aldehyde&nbsp;dehydrogenase,71.3
644076.SCH4B_0460,SCH4B_0460,Glycerol-3-phosphate&nbsp;1-O-acyltransferase,71.2
644076.SCH4B_2771,SCH4B_2771,ATP&nbsp;synthase&nbsp;subunit&nbsp;b,71.1
644076.SCH4B_1366,glmM,Phosphoglucosamine&nbsp;mutase,71.1
644076.SCH4B_1305,SCH4B_1305,Protein-glutamate&nbsp;methylesterase,71.0
644076.SCH4B_4579,coaD,Phosphopantetheine&nbsp;adenylyltransferase,71.0
644076.SCH4B_2682,pheS,Phenylalanine--tRNA&nbsp;ligase&nbsp;alpha&nbsp;subunit,71.0
644076.SCH4B_2407,SCH4B_2407,Serine/threonine&nbsp;protein&nbsp;kinase,71.0
644076.SCH4B_1232,mrp,Iron-sulfur&nbsp;cluster&nbsp;carrier&nbsp;protein,71.0
644076.SCH4B_2995,pbpC,Penicillin-binding&nbsp;protein&nbsp;1C,71.0
644076.SCH4B_1525,SCH4B_1525,Identified&nbsp;by&nbsp;match&nbsp;to&nbsp;protein&nbsp;family&nbsp;HMM&nbsp;PF00072,70.9
644076.SCH4B_3014,SCH4B_3014,AMP-dependent&nbsp;synthetase&nbsp;and&nbsp;ligase,70.9
644076.SCH4B_4682,SCH4B_4682,"Transcriptional&nbsp;regulator,&nbsp;LuxR&nbsp;family",70.9
644076.SCH4B_2278,pgpA,Phosphatidylglycerophosphatase&nbsp;A,70.9
644076.SCH4B_1438,SCH4B_1438,"Alcohol&nbsp;dehydrogenase,&nbsp;zinc-binding",70.9
644076.SCH4B_2817,SCH4B_2817,Xylose&nbsp;isomerase&nbsp;domain&nbsp;protein&nbsp;TIM&nbsp;barrel,70.9
644076.SCH4B_3284,SCH4B_3284,annotation&nbsp;not&nbsp;available,70.8
644076.SCH4B_2770,SCH4B_2770,ATP&nbsp;synthase&nbsp;subunit&nbsp;b,70.8
644076.SCH4B_1079,SCH4B_1079,Glutamate/glutamine/aspartate/asparagine-binding&nbsp;protein&nbsp;bztAprecursor,70.7
644076.SCH4B_1825,gatA,Glutamyl-tRNA(Gln)&nbsp;amidotransferase&nbsp;subunit&nbsp;A,70.7
644076.SCH4B_3492,SCH4B_3492,PAS/PAC&nbsp;sensor&nbsp;hybrid&nbsp;histidine&nbsp;kinase,70.7
644076.SCH4B_0152,SCH4B_0152,annotation&nbsp;not&nbsp;available,70.7
644076.SCH4B_0357,plsY,Glycerol-3-phosphate&nbsp;acyltransferase,70.6
644076.SCH4B_0612,phnE_1,"Phosphonate&nbsp;ABC&nbsp;transporter,&nbsp;permease&nbsp;protein&nbsp;PhnE",70.5
644076.SCH4B_1835,SCH4B_1835,"Alcohol&nbsp;dehydrogenase,&nbsp;zinc-binding",70.5
644076.SCH4B_0971,guaD_2,Guanine&nbsp;deaminase,70.4
644076.SCH4B_1156,SCH4B_1156,D-methionine&nbsp;transport&nbsp;system&nbsp;permease&nbsp;protein&nbsp;MetI,70.4
644076.SCH4B_2702,hemC,Porphobilinogen&nbsp;deaminase,70.4
644076.SCH4B_0806,SCH4B_0806,annotation&nbsp;not&nbsp;available,70.3
644076.SCH4B_0418,SCH4B_0418,Cell&nbsp;division&nbsp;ATP-binding&nbsp;protein&nbsp;FtsE,70.3
644076.SCH4B_1063,rpsK,30S&nbsp;ribosomal&nbsp;protein&nbsp;S11,70.3
644076.SCH4B_1887,SCH4B_1887,Methylmalonyl-CoA&nbsp;mutase,70.3
644076.SCH4B_1020,rpsL,30S&nbsp;ribosomal&nbsp;protein&nbsp;S12,70.2
644076.SCH4B_1995,dnaB,Replicative&nbsp;DNA&nbsp;helicase,70.2
644076.SCH4B_1598,clpA,ATP-dependent&nbsp;Clp&nbsp;protease&nbsp;ATP-binding&nbsp;subunit&nbsp;ClpA,70.1
