745310.G432_01160,G432_01160,Fis&nbsp;family&nbsp;nitrogen&nbsp;metabolism&nbsp;transcriptional&nbsp;regulator&nbsp;NtrC,98.9
745310.G432_12250,kdpB,Potassium-transporting&nbsp;ATPase&nbsp;ATP-binding&nbsp;subunit,98.9
745310.G432_06670,G432_06670,CheA&nbsp;signal&nbsp;transduction&nbsp;histidine&nbsp;kinase,98.9
745310.G432_08095,rpmC,COG0255&nbsp;Ribosomal&nbsp;protein&nbsp;L29,98.9
745310.G432_07240,G432_07240,Urea&nbsp;ABC&nbsp;transporter&nbsp;ATP-binding&nbsp;protein&nbsp;UrtD,98.7
745310.G432_17960,purN,Phosphoribosylglycinamide&nbsp;formyltransferase,98.7
745310.G432_01135,G432_01135,CinA&nbsp;domain-containing&nbsp;protein,98.7
745310.G432_17940,G432_17940,Biotin&nbsp;carboxyl&nbsp;carrier&nbsp;protein&nbsp;of&nbsp;acetyl-CoA&nbsp;carboxylase,98.6
745310.G432_04045,topA,DNA&nbsp;topoisomerase&nbsp;1,98.5
745310.G432_01895,trpA,Tryptophan&nbsp;synthase&nbsp;alpha&nbsp;chain,98.4
745310.G432_06900,G432_06900,Flagellar&nbsp;motor&nbsp;switch&nbsp;protein&nbsp;FliN,98.4
745310.G432_09810,ileS,Isoleucine--tRNA&nbsp;ligase,98.4
745310.G432_06015,G432_06015,COG4787&nbsp;Flagellar&nbsp;basal&nbsp;body&nbsp;rod&nbsp;protein,98.3
745310.G432_06000,G432_06000,COG1558&nbsp;Flagellar&nbsp;basal&nbsp;body&nbsp;rod&nbsp;protein,98.3
745310.G432_06585,G432_06585,Flagellar&nbsp;biosynthetic&nbsp;protein&nbsp;FliR,98.3
745310.G432_01535,G432_01535,Two&nbsp;component&nbsp;transcriptional&nbsp;regulator,98.3
745310.G432_13315,uvrA,UvrABC&nbsp;system&nbsp;protein&nbsp;A,98.2
745310.G432_04780,G432_04780,Coenzyme&nbsp;A&nbsp;transferase,98.2
745310.G432_01490,glmS,Glutamine--fructose-6-phosphate&nbsp;aminotransferase&nbsp;[isomerizing],98.1
745310.G432_15975,G432_15975,"COG0587&nbsp;DNA&nbsp;polymerase&nbsp;III,&nbsp;alpha&nbsp;subunit",98.0
745310.G432_07250,G432_07250,Inner-membrane&nbsp;translocator,97.9
745310.G432_17760,purQ,Phosphoribosylformylglycinamidine&nbsp;synthase&nbsp;subunit&nbsp;PurQ,97.8
745310.G432_17670,G432_17670,tRNA&nbsp;synthetase,97.7
745310.G432_13000,G432_13000,Dihydropyrimidine&nbsp;dehydrogenase&nbsp;subunit&nbsp;A,97.7
745310.G432_17550,G432_17550,COG2070&nbsp;Dioxygenases&nbsp;related&nbsp;to&nbsp;2-nitropropane&nbsp;dioxygenase,97.7
745310.G432_16235,G432_16235,COG0625&nbsp;Glutathione&nbsp;S-transferase,97.6
745310.G432_16155,G432_16155,ABC&nbsp;transporter-like&nbsp;protein,97.6
745310.G432_14240,pyrE,Orotate&nbsp;phosphoribosyltransferase,97.5
745310.G432_01760,G432_01760,RND&nbsp;family&nbsp;efflux&nbsp;transporter&nbsp;MFP&nbsp;subunit,97.5
745310.G432_01300,G432_01300,COG0204&nbsp;1-acyl-sn-glycerol-3-phosphate&nbsp;acyltransferase,97.5
745310.G432_13415,G432_13415,RND&nbsp;family&nbsp;efflux&nbsp;transporter&nbsp;MFP&nbsp;subunit,97.4
745310.G432_05990,G432_05990,Chemotaxis&nbsp;MotA&nbsp;protein,97.4
745310.G432_00195,G432_00195,NADH-quinone&nbsp;oxidoreductase,97.4
745310.G432_06120,hslU,ATP-dependent&nbsp;protease&nbsp;ATPase&nbsp;subunit&nbsp;HslU,97.3
745310.G432_02840,G432_02840,"MCP&nbsp;methyltransferase,&nbsp;CheR-type",97.1
745310.G432_07235,G432_07235,Urea&nbsp;ABC&nbsp;transporter&nbsp;ATP-binding&nbsp;protein&nbsp;UrtE,97.0
745310.G432_03625,G432_03625,CheW&nbsp;protein,97.0
745310.G432_07625,tdk,COG1435&nbsp;Thymidine&nbsp;kinase,97.0
745310.G432_16920,G432_16920,Catalase,96.9
745310.G432_06010,G432_06010,COG1749&nbsp;Flagellar&nbsp;hook&nbsp;protein&nbsp;FlgE,96.9
745310.G432_02490,dnaJ,Chaperone&nbsp;protein&nbsp;DnaJ,96.9
745310.G432_08885,G432_08885,ATP:cob(I)alamin&nbsp;adenosyltransferase,96.9
745310.G432_06580,G432_06580,Flagellar&nbsp;biosynthetic&nbsp;protein&nbsp;FlhB,96.8
745310.G432_06910,G432_06910,Flagellar&nbsp;biosynthesis&nbsp;protein&nbsp;FlhA,96.7
745310.G432_06665,G432_06665,CheW&nbsp;protein,96.7
745310.G432_02760,trpC,COG0134&nbsp;Indole-3-glycerol&nbsp;phosphate&nbsp;synthase,96.5
745310.G432_01280,G432_01280,"Peptidase&nbsp;M22,&nbsp;glycoprotease",96.4
745310.G432_17315,rpmA,COG0211&nbsp;Ribosomal&nbsp;protein&nbsp;L27,96.3
745310.G432_15090,G432_15090,Protein&nbsp;BenC,96.3
745310.G432_03465,G432_03465,Phospholipase&nbsp;D/transphosphatidylase,96.2
745310.G432_04455,G432_04455,Serine&nbsp;palmitoyltransferase,96.2
745310.G432_08145,tuf,Elongation&nbsp;factor&nbsp;Tu,95.9
745310.G432_17415,G432_17415,COG0431&nbsp;Predicted&nbsp;flavoprotein,95.9
745310.G432_15640,G432_15640,COG3474&nbsp;Cytochrome&nbsp;c2,95.8
745310.G432_10550,argH,Argininosuccinate&nbsp;lyase,95.7
745310.G432_10235,dnaQ,DNA&nbsp;polymerase&nbsp;III&nbsp;subunit&nbsp;epsilon,95.6
745310.G432_07060,grpE,Protein&nbsp;GrpE,95.4
745310.G432_13880,G432_13880,Molybdopterin&nbsp;biosynthesis&nbsp;MoaE&nbsp;protein,95.4
745310.G432_15465,gatC,Aspartyl/glutamyl-tRNA(Asn/Gln)&nbsp;amidotransferase&nbsp;subunit&nbsp;C,95.2
745310.G432_07350,ureB,Urease&nbsp;subunit&nbsp;beta,95.2
745310.G432_13100,G432_13100,Pyruvate&nbsp;dehydrogenase&nbsp;E1&nbsp;component&nbsp;subunit&nbsp;beta,95.2
745310.G432_13405,G432_13405,RND&nbsp;efflux&nbsp;system&nbsp;outer&nbsp;membrane&nbsp;lipoprotein,95.2
745310.G432_13410,G432_13410,COG0841&nbsp;Cation/multidrug&nbsp;efflux&nbsp;pump,95.2
745310.G432_17610,putA,Bifunctional&nbsp;protein&nbsp;PutA,95.1
745310.G432_04695,G432_04695,annotation&nbsp;not&nbsp;available,94.9
745310.G432_16325,G432_16325,Membrane-bound&nbsp;PQQ-dependent&nbsp;dehydrogenase,94.9
745310.G432_10355,G432_10355,Putrescine-binding&nbsp;periplasmic&nbsp;protein,94.9
745310.G432_02985,def,Peptide&nbsp;deformylase,94.8
745310.G432_16180,ilvD,COG0129&nbsp;Dihydroxyacid&nbsp;dehydratase/phosphogluconate&nbsp;dehydratase,94.8
745310.G432_07970,rpoA,DNA-directed&nbsp;RNA&nbsp;polymerase&nbsp;subunit&nbsp;alpha,94.7
745310.G432_06870,G432_06870,COG0840&nbsp;Methyl-accepting&nbsp;chemotaxis&nbsp;protein,94.7
745310.G432_17215,G432_17215,RND&nbsp;efflux&nbsp;system&nbsp;outer&nbsp;membrane&nbsp;lipoprotein,94.6
745310.G432_00740,G432_00740,"COG4799&nbsp;Acetyl-CoA&nbsp;carboxylase,&nbsp;carboxyltransferase&nbsp;component&nbsp;(subunits&nbsp;alpha&nbsp;and&nbsp;beta)",94.6
745310.G432_04275,frr,Ribosome-recycling&nbsp;factor,94.6
745310.G432_09665,G432_09665,Aldose&nbsp;1-epimerase,94.5
745310.G432_15070,G432_15070,Beta-ketoadipyl&nbsp;CoA&nbsp;thiolase,94.5
745310.G432_07555,ychF,Ribosome-binding&nbsp;ATPase&nbsp;YchF,94.5
745310.G432_17555,G432_17555,COG0527&nbsp;Aspartokinases,94.5
745310.G432_10030,G432_10030,"COG2025&nbsp;Electron&nbsp;transfer&nbsp;flavoprotein,&nbsp;alpha&nbsp;subunit",94.4
745310.G432_02865,pepA,Probable&nbsp;cytosol&nbsp;aminopeptidase,94.3
745310.G432_18245,G432_18245,COG0007&nbsp;Uroporphyrinogen-III&nbsp;methylase,94.3
745310.G432_18285,G432_18285,Type&nbsp;11&nbsp;methyltransferase,94.3
745310.G432_06695,G432_06695,COG0642&nbsp;Signal&nbsp;transduction&nbsp;histidine&nbsp;kinase,94.3
745310.G432_09825,thyA,Thymidylate&nbsp;synthase,94.2
745310.G432_04140,G432_04140,COG0405&nbsp;Gamma-glutamyltransferase,94.2
745310.G432_07355,ureC,Urease&nbsp;subunit&nbsp;alpha,94.2
745310.G432_04855,G432_04855,COG0183&nbsp;Acetyl-CoA&nbsp;acetyltransferase,94.2
745310.G432_09925,G432_09925,COG1024&nbsp;Enoyl-CoA&nbsp;hydratase/carnithine&nbsp;racemase,94.1
745310.G432_08115,rpsS,30S&nbsp;ribosomal&nbsp;protein&nbsp;S19,94.1
745310.G432_06845,G432_06845,Flagellar&nbsp;L-ring&nbsp;protein,93.9
745310.G432_02790,G432_02790,COG0372&nbsp;Citrate&nbsp;synthase,93.9
745310.G432_04975,G432_04975,COG0044&nbsp;Dihydroorotase&nbsp;and&nbsp;related&nbsp;cyclic&nbsp;amidohydrolases,93.9
745310.G432_15220,G432_15220,COG0623&nbsp;Enoyl-[acyl-carrier-protein]&nbsp;reductase&nbsp;(NADH),93.8
745310.G432_15080,G432_15080,"COG1788&nbsp;Acyl&nbsp;CoA:acetate/3-ketoacid&nbsp;CoA&nbsp;transferase,&nbsp;alpha&nbsp;subunit",93.8
745310.G432_06920,G432_06920,Basal-body&nbsp;rod&nbsp;modification&nbsp;protein&nbsp;FlgD,93.7
745310.G432_04340,sdhB,"COG0479&nbsp;Succinate&nbsp;dehydrogenase/fumarate&nbsp;reductase,&nbsp;Fe-S&nbsp;protein&nbsp;subunit",93.6
745310.G432_02940,G432_02940,COG0642&nbsp;Signal&nbsp;transduction&nbsp;histidine&nbsp;kinase,93.6
745310.G432_14020,G432_14020,1-deoxy-D-xylulose-5-phosphate&nbsp;synthase,93.6
745310.G432_16105,G432_16105,annotation&nbsp;not&nbsp;available,93.5
745310.G432_06760,fliI,Flagellum-specific&nbsp;ATP&nbsp;synthase,93.3
745310.G432_18195,G432_18195,Short-chain&nbsp;dehydrogenase/reductase&nbsp;SDR,93.2
745310.G432_07570,purH,Bifunctional&nbsp;purine&nbsp;biosynthesis&nbsp;protein&nbsp;PurH,93.2
745310.G432_10460,hisC,COG0079&nbsp;Histidinol-phosphate/aromatic&nbsp;aminotransferase&nbsp;and&nbsp;cobyric&nbsp;acid&nbsp;decarboxylase,93.0
745310.G432_09790,G432_09790,"COG1173&nbsp;ABC-type&nbsp;dipeptide/oligopeptide/nickel&nbsp;transport&nbsp;systems,&nbsp;permease&nbsp;components",93.0
745310.G432_09685,G432_09685,SMP-30/gluconolaconase/LRE&nbsp;domain-containing&nbsp;protein,93.0
745310.G432_10005,purE,N5-carboxyaminoimidazole&nbsp;ribonucleotide&nbsp;mutase,92.9
745310.G432_02960,G432_02960,"COG1925&nbsp;Phosphotransferase&nbsp;system,&nbsp;HPr-related&nbsp;proteins",92.9
745310.G432_05610,G432_05610,COG0498&nbsp;Threonine&nbsp;synthase,92.8
745310.G432_08795,G432_08795,SufBD&nbsp;protein,92.7
745310.G432_14595,G432_14595,Tryptophan&nbsp;halogenase,92.6
745310.G432_05850,G432_05850,COG2902&nbsp;NAD-specific&nbsp;glutamate&nbsp;dehydrogenase,92.6
745310.G432_13095,pdhA,Pyruvate&nbsp;dehydrogenase&nbsp;E1&nbsp;component&nbsp;subunit&nbsp;alpha,92.6
745310.G432_00215,nuoK,NADH-quinone&nbsp;oxidoreductase&nbsp;subunit&nbsp;K,92.4
745310.G432_13915,accA,Acetyl-coenzyme&nbsp;A&nbsp;carboxylase&nbsp;carboxyl&nbsp;transferase&nbsp;subunit&nbsp;alpha,92.4
745310.G432_06635,G432_06635,OmpA/MotB&nbsp;domain-containing&nbsp;protein,92.3
745310.G432_04315,G432_04315,COG0538&nbsp;Isocitrate&nbsp;dehydrogenases,92.3
745310.G432_03550,G432_03550,"LolC/E&nbsp;family&nbsp;lipoprotein&nbsp;releasing&nbsp;system,&nbsp;transmembrane&nbsp;protein",92.1
745310.G432_16110,G432_16110,4-diphosphocytidyl-2C-methyl-D-erythritol&nbsp;synthase,92.0
745310.G432_09430,G432_09430,COG0625&nbsp;Glutathione&nbsp;S-transferase,92.0
745310.G432_02035,G432_02035,Cytochrome&nbsp;b,92.0
745310.G432_01820,rpsF,30S&nbsp;ribosomal&nbsp;protein&nbsp;S6,91.9
745310.G432_12305,G432_12305,COG0189&nbsp;Glutathione&nbsp;synthase/Ribosomal&nbsp;protein&nbsp;S6&nbsp;modification&nbsp;enzyme&nbsp;(glutaminyl&nbsp;transferase),91.9
745310.G432_03425,G432_03425,COG1104&nbsp;Cysteine&nbsp;sulfinate&nbsp;desulfinase/cysteine&nbsp;desulfurase&nbsp;and&nbsp;related&nbsp;enzymes,91.9
745310.G432_00820,G432_00820,COG1138&nbsp;Cytochrome&nbsp;c&nbsp;biogenesis&nbsp;factor,91.9
745310.G432_16165,G432_16165,Poly(3-hydroxyalkanoate)&nbsp;synthetase-like&nbsp;protein,91.9
745310.G432_08255,folD,Bifunctional&nbsp;protein&nbsp;FolD,91.8
745310.G432_04390,G432_04390,Sulfate&nbsp;ABC&nbsp;transporter&nbsp;substrate-binding&nbsp;protein,91.6
745310.G432_09465,G432_09465,FeoA&nbsp;family&nbsp;protein,91.5
745310.G432_00750,G432_00750,Methylcrotonyl-CoA&nbsp;carboxylase&nbsp;subunit,91.4
745310.G432_06895,G432_06895,Flagellar&nbsp;M-ring&nbsp;protein,91.3
745310.G432_08680,G432_08680,Thioesterase&nbsp;superfamily&nbsp;protein,91.3
745310.G432_10525,G432_10525,COG1648&nbsp;Siroheme&nbsp;synthase&nbsp;(precorrin-2&nbsp;oxidase/ferrochelatase&nbsp;domain),91.3
745310.G432_15405,yidC,Membrane&nbsp;protein&nbsp;insertase&nbsp;YidC,91.1
745310.G432_15635,G432_15635,Histone&nbsp;family&nbsp;protein&nbsp;DNA-binding&nbsp;protein,91.0
745310.G432_11570,G432_11570,COG1760&nbsp;L-serine&nbsp;deaminase,90.8
745310.G432_02990,recR,Recombination&nbsp;protein&nbsp;RecR,90.8
745310.G432_07975,rpsK,30S&nbsp;ribosomal&nbsp;protein&nbsp;S11,90.6
745310.G432_11720,tsaD,tRNA&nbsp;N6-adenosine&nbsp;threonylcarbamoyltransferase,90.6
745310.G432_12630,G432_12630,COG0625&nbsp;Glutathione&nbsp;S-transferase,90.5
745310.G432_10435,hisF,Imidazole&nbsp;glycerol&nbsp;phosphate&nbsp;synthase&nbsp;subunit&nbsp;HisF,90.5
745310.G432_17810,G432_17810,COG0057&nbsp;Glyceraldehyde-3-phosphate&nbsp;dehydrogenase/erythrose-4-phosphate&nbsp;dehydrogenase,90.4
745310.G432_02860,G432_02860,"COG2927&nbsp;DNA&nbsp;polymerase&nbsp;III,&nbsp;chi&nbsp;subunit",90.4
745310.G432_12100,G432_12100,Bifunctional&nbsp;D-altronate/D-mannonate&nbsp;dehydratase,90.4
745310.G432_06835,G432_06835,COG4786&nbsp;Flagellar&nbsp;basal&nbsp;body&nbsp;rod&nbsp;protein,90.2
745310.G432_11245,G432_11245,COG2070&nbsp;Dioxygenases&nbsp;related&nbsp;to&nbsp;2-nitropropane&nbsp;dioxygenase,90.2
745310.G432_09255,G432_09255,FAD-dependent&nbsp;pyridine&nbsp;nucleotide-disulfide&nbsp;oxidoreductase,90.2
745310.G432_06655,G432_06655,Chemotaxis&nbsp;response&nbsp;regulator&nbsp;protein-glutamate&nbsp;methylesterase,90.1
745310.G432_11865,fabH,3-oxoacyl-[acyl-carrier-protein]&nbsp;synthase&nbsp;3,90.1
745310.G432_02555,G432_02555,Carboxymethylenebutenolidase,89.9
745310.G432_17765,purS,Phosphoribosylformylglycinamidine&nbsp;synthase&nbsp;subunit&nbsp;PurS,89.7
745310.G432_08950,G432_08950,COG0625&nbsp;Glutathione&nbsp;S-transferase,89.7
745310.G432_01825,rpsR,30S&nbsp;ribosomal&nbsp;protein&nbsp;S18,89.7
745310.G432_06160,G432_06160,YjgP/YjgQ&nbsp;family&nbsp;permease,89.7
745310.G432_01700,G432_01700,NifU-like&nbsp;protein,89.4
745310.G432_21570,G432_21570,Phosphoenolpyruvate&nbsp;synthase,89.4
745310.G432_11655,G432_11655,COG0753&nbsp;Catalase,89.3
745310.G432_15210,G432_15210,Heat&nbsp;shock&nbsp;protein&nbsp;DnaJ&nbsp;domain-containing&nbsp;protein,89.3
745310.G432_17770,purC,COG0152&nbsp;Phosphoribosylaminoimidazolesuccinocarboxamide&nbsp;(SAICAR)&nbsp;synthase,89.2
745310.G432_06645,cheD,Probable&nbsp;chemoreceptor&nbsp;glutamine&nbsp;deamidase&nbsp;CheD,89.2
745310.G432_08765,G432_08765,COG0625&nbsp;Glutathione&nbsp;S-transferase,89.1
745310.G432_14250,G432_14250,Cytochrome&nbsp;c&nbsp;oxidase&nbsp;subunit&nbsp;1,89.1
745310.G432_00305,G432_00305,"COG3031&nbsp;Type&nbsp;II&nbsp;secretory&nbsp;pathway,&nbsp;component&nbsp;PulC",89.0
745310.G432_15990,G432_15990,COG0644&nbsp;Dehydrogenases&nbsp;(flavoproteins),88.9
745310.G432_16090,G432_16090,"COG1294&nbsp;Cytochrome&nbsp;bd-type&nbsp;quinol&nbsp;oxidase,&nbsp;subunit&nbsp;2",88.9
745310.G432_09380,G432_09380,COG0248&nbsp;Exopolyphosphatase,88.9
745310.G432_16600,G432_16600,Putative&nbsp;NAD(P)H&nbsp;dehydrogenase,88.7
745310.G432_17730,G432_17730,Putative&nbsp;phosphatase,88.7
745310.G432_11715,hemC,Hydroxymethylbilane&nbsp;synthase,88.7
745310.G432_08900,G432_08900,COG1250&nbsp;3-hydroxyacyl-CoA&nbsp;dehydrogenase,88.6
745310.G432_00710,pyrB,"COG0540&nbsp;Aspartate&nbsp;carbamoyltransferase,&nbsp;catalytic&nbsp;chain",88.0
745310.G432_15180,pepN,COG0308&nbsp;Aminopeptidase&nbsp;N,88.0
745310.G432_00870,rpsP,COG0228&nbsp;Ribosomal&nbsp;protein&nbsp;S16,87.9
745310.G432_10380,G432_10380,Putative&nbsp;ABC&nbsp;transporter&nbsp;ATP-binding&nbsp;protein,87.9
745310.G432_07685,G432_07685,ABC&nbsp;transporter-like&nbsp;protein,87.9
745310.G432_02225,G432_02225,COG0386&nbsp;Glutathione&nbsp;peroxidase,87.8
745310.G432_18175,G432_18175,Methyl-accepting&nbsp;chemotaxis&nbsp;sensory&nbsp;transducer,87.8
745310.G432_14065,G432_14065,"COG1788&nbsp;Acyl&nbsp;CoA:acetate/3-ketoacid&nbsp;CoA&nbsp;transferase,&nbsp;alpha&nbsp;subunit",87.8
745310.G432_07255,G432_07255,Urea&nbsp;ABC&nbsp;transporter&nbsp;substrate-binding&nbsp;protein,87.7
745310.G432_11870,plsX,Phosphate&nbsp;acyltransferase,87.7
745310.G432_03630,G432_03630,CheA&nbsp;signal&nbsp;transduction&nbsp;histidine&nbsp;kinase,87.7
745310.G432_09420,G432_09420,Glucose-6-phosphate&nbsp;1-dehydrogenase,87.6
745310.G432_09410,G432_09410,COG0129&nbsp;Dihydroxyacid&nbsp;dehydratase/phosphogluconate&nbsp;dehydratase,87.6
745310.G432_00615,G432_00615,Serine-type&nbsp;D-Ala-D-Ala&nbsp;carboxypeptidase,87.5
745310.G432_17030,G432_17030,Glutathione&nbsp;S-transferase-like&nbsp;protein,87.4
745310.G432_08155,rpsG,30S&nbsp;ribosomal&nbsp;protein&nbsp;S7,87.4
745310.G432_00340,G432_00340,"COG4795&nbsp;Type&nbsp;II&nbsp;secretory&nbsp;pathway,&nbsp;component&nbsp;PulJ",87.1
745310.G432_01170,G432_01170,Two&nbsp;component&nbsp;sigma-54&nbsp;specific&nbsp;Fis&nbsp;family&nbsp;transcriptional&nbsp;regulator,87.1
745310.G432_18165,G432_18165,COG0386&nbsp;Glutathione&nbsp;peroxidase,87.1
745310.G432_03430,G432_03430,COG1104&nbsp;Cysteine&nbsp;sulfinate&nbsp;desulfinase/cysteine&nbsp;desulfurase&nbsp;and&nbsp;related&nbsp;enzymes,87.0
745310.G432_07110,secF,Protein-export&nbsp;membrane&nbsp;protein&nbsp;SecF,87.0
745310.G432_15360,secB,Protein-export&nbsp;protein&nbsp;SecB,86.9
745310.G432_06490,G432_06490,COG0129&nbsp;Dihydroxyacid&nbsp;dehydratase/phosphogluconate&nbsp;dehydratase,86.9
745310.G432_10000,gpmA,"2,3-bisphosphoglycerate-dependent&nbsp;phosphoglycerate&nbsp;mutase",86.7
745310.G432_04380,G432_04380,"Sulfate&nbsp;ABC&nbsp;transporter,&nbsp;inner&nbsp;membrane&nbsp;subunit&nbsp;CysW",86.7
745310.G432_11725,gpsA,COG0240&nbsp;Glycerol-3-phosphate&nbsp;dehydrogenase,86.6
745310.G432_00690,carB,COG0458&nbsp;Carbamoylphosphate&nbsp;synthase&nbsp;large&nbsp;subunit&nbsp;(split&nbsp;gene&nbsp;in&nbsp;MJ),86.6
745310.G432_04965,G432_04965,Outer&nbsp;membrane&nbsp;autotransporter,86.6
745310.G432_17285,G432_17285,NAD-dependent&nbsp;epimerase/dehydratase,86.5
745310.G432_04735,G432_04735,COG1024&nbsp;Enoyl-CoA&nbsp;hydratase/carnithine&nbsp;racemase,86.4
745310.G432_04250,bamA,Outer&nbsp;membrane&nbsp;protein&nbsp;assembly&nbsp;factor&nbsp;BamA,86.4
745310.G432_09130,G432_09130,COG0642&nbsp;Signal&nbsp;transduction&nbsp;histidine&nbsp;kinase,86.4
745310.G432_06085,atpE,ATP&nbsp;synthase&nbsp;subunit&nbsp;c,86.3
745310.G432_02930,pckA,Phosphoenolpyruvate&nbsp;carboxykinase&nbsp;(ATP),86.3
745310.G432_07145,ppnK,NAD&nbsp;kinase,86.2
745310.G432_16440,G432_16440,Phosphoenolpyruvate-protein&nbsp;phosphotransferase&nbsp;PtsP,86.1
745310.G432_11095,ribB,"3,4-dihydroxy-2-butanone&nbsp;4-phosphate&nbsp;synthase",86.1
745310.G432_06610,G432_06610,annotation&nbsp;not&nbsp;available,85.8
745310.G432_10575,G432_10575,COG0514&nbsp;Superfamily&nbsp;II&nbsp;DNA&nbsp;helicase,85.7
745310.G432_03050,G432_03050,Replicative&nbsp;DNA&nbsp;helicase,85.7
745310.G432_12260,G432_12260,COG2205&nbsp;Osmosensitive&nbsp;K+&nbsp;channel&nbsp;histidine&nbsp;kinase,85.7
745310.G432_01810,G432_01810,COG0331&nbsp;(acyl-carrier-protein)&nbsp;S-malonyltransferase,85.6
745310.G432_03675,G432_03675,Succinate&nbsp;CoA&nbsp;transferase,85.6
745310.G432_09160,ispH,4-hydroxy-3-methylbut-2-enyl&nbsp;diphosphate&nbsp;reductase,85.6
745310.G432_00160,nuoA,NADH-quinone&nbsp;oxidoreductase&nbsp;subunit&nbsp;A,85.5
745310.G432_11960,ruvA,Holliday&nbsp;junction&nbsp;ATP-dependent&nbsp;DNA&nbsp;helicase&nbsp;RuvA,85.4
745310.G432_03965,mdh,Malate&nbsp;dehydrogenase,85.3
745310.G432_01900,accD,Acetyl-coenzyme&nbsp;A&nbsp;carboxylase&nbsp;carboxyl&nbsp;transferase&nbsp;subunit&nbsp;beta,85.2
745310.G432_01510,G432_01510,Putative&nbsp;phosphate&nbsp;transport&nbsp;system&nbsp;substrate&nbsp;binding&nbsp;protein,85.2
745310.G432_15015,G432_15015,COG0079&nbsp;Histidinol-phosphate/aromatic&nbsp;aminotransferase&nbsp;and&nbsp;cobyric&nbsp;acid&nbsp;decarboxylase,85.1
745310.G432_01515,G432_01515,Phosphate&nbsp;transport&nbsp;system&nbsp;permease&nbsp;protein,85.1
745310.G432_02415,G432_02415,Cardiolipin&nbsp;synthase,85.1
745310.G432_15650,cmk,COG0283&nbsp;Cytidylate&nbsp;kinase,85.0
745310.G432_03945,G432_03945,"COG1249&nbsp;Pyruvate/2-oxoglutarate&nbsp;dehydrogenase&nbsp;complex,&nbsp;dihydrolipoamide&nbsp;dehydrogenase&nbsp;(E3)&nbsp;component,&nbsp;and&nbsp;related&nbsp;enzymes",85.0
745310.G432_01540,G432_01540,annotation&nbsp;not&nbsp;available,84.8
745310.G432_05515,ftsZ,Cell&nbsp;division&nbsp;protein&nbsp;FtsZ,84.8
745310.G432_12255,kdpC,Potassium-transporting&nbsp;ATPase&nbsp;KdpC&nbsp;subunit,84.7
745310.G432_06370,G432_06370,COG0652&nbsp;Peptidyl-prolyl&nbsp;cis-trans&nbsp;isomerase&nbsp;(rotamase)&nbsp;-&nbsp;cyclophilin&nbsp;family,84.6
745310.G432_17910,G432_17910,Uncharacterized&nbsp;protein,84.5
745310.G432_10145,G432_10145,COG0629&nbsp;Single-stranded&nbsp;DNA-binding&nbsp;protein,84.3
745310.G432_03745,dnaX,DNA&nbsp;polymerase&nbsp;III&nbsp;subunit&nbsp;gamma/tau,84.3
745310.G432_05500,argS,Arginine--tRNA&nbsp;ligase,84.3
745310.G432_07980,rpsM,30S&nbsp;ribosomal&nbsp;protein&nbsp;S13,84.3
745310.G432_05690,G432_05690,Cobalt&nbsp;chelatase&nbsp;large&nbsp;subunit,84.2
745310.G432_17850,rplL,50S&nbsp;ribosomal&nbsp;protein&nbsp;L7/L12,84.1
745310.G432_03445,G432_03445,Orn/DAP/Arg&nbsp;decarboxylase&nbsp;2,84.1
745310.G432_10850,G432_10850,"Dtdpglucose&nbsp;4,6-dehydratase",83.9
745310.G432_06255,G432_06255,"COG4770&nbsp;Acetyl/propionyl-CoA&nbsp;carboxylase,&nbsp;alpha&nbsp;subunit",83.9
745310.G432_01500,G432_01500,COG0546&nbsp;Predicted&nbsp;phosphatases,83.8
745310.G432_09120,G432_09120,"COG3125&nbsp;Heme/copper-type&nbsp;cytochrome/quinol&nbsp;oxidase,&nbsp;subunit&nbsp;4",83.8
745310.G432_11160,mutS,DNA&nbsp;mismatch&nbsp;repair&nbsp;protein&nbsp;MutS,83.8
745310.G432_07035,G432_07035,HAD&nbsp;family&nbsp;hydrolase,83.7
745310.G432_10090,G432_10090,"COG1466&nbsp;DNA&nbsp;polymerase&nbsp;III,&nbsp;delta&nbsp;subunit",83.7
745310.G432_15395,G432_15395,COG0625&nbsp;Glutathione&nbsp;S-transferase,83.7
745310.G432_00175,nuoD,NADH-quinone&nbsp;oxidoreductase&nbsp;subunit&nbsp;D,83.7
745310.G432_04930,atpG,ATP&nbsp;synthase&nbsp;gamma&nbsp;chain,83.6
745310.G432_02610,G432_02610,COG1314&nbsp;Preprotein&nbsp;translocase&nbsp;subunit&nbsp;SecG,83.6
745310.G432_11050,G432_11050,COG3524&nbsp;Capsule&nbsp;polysaccharide&nbsp;export&nbsp;protein,83.5
745310.G432_17605,G432_17605,COG0318&nbsp;Acyl-CoA&nbsp;synthetases&nbsp;(AMP-forming)/AMP-acid&nbsp;ligases&nbsp;II,83.5
745310.G432_07695,G432_07695,Periplasmic&nbsp;binding&nbsp;protein,83.4
745310.G432_07370,ureG,Urease&nbsp;accessory&nbsp;protein&nbsp;UreG,83.3
745310.G432_11220,G432_11220,Mammalian&nbsp;cell&nbsp;entry&nbsp;domain-containing&nbsp;protein,83.3
745310.G432_13335,G432_13335,COG0498&nbsp;Threonine&nbsp;synthase,83.3
745310.G432_12990,G432_12990,NADH&nbsp;dehydrogenase,83.3
745310.G432_03920,G432_03920,COG1538&nbsp;Outer&nbsp;membrane&nbsp;protein,83.2
745310.G432_11575,purT,Formate-dependent&nbsp;phosphoribosylglycinamide&nbsp;formyltransferase,83.2
745310.G432_04090,glyA,Serine&nbsp;hydroxymethyltransferase,83.0
745310.G432_01375,G432_01375,4-hydroxy-3-methylbut-2-enyl&nbsp;diphosphate&nbsp;reductase,83.0
745310.G432_05885,fliP,Flagellar&nbsp;biosynthetic&nbsp;protein&nbsp;FliP,83.0
745310.G432_06005,G432_06005,Basal-body&nbsp;rod&nbsp;modification&nbsp;protein&nbsp;FlgD,82.9
745310.G432_17380,rpoB,DNA-directed&nbsp;RNA&nbsp;polymerase&nbsp;subunit&nbsp;beta,82.8
745310.G432_12780,G432_12780,COG1024&nbsp;Enoyl-CoA&nbsp;hydratase/carnithine&nbsp;racemase,82.8
745310.G432_13085,eno,Enolase,82.8
745310.G432_04940,atpC,ATP&nbsp;synthase&nbsp;epsilon&nbsp;chain,82.7
745310.G432_00190,G432_00190,NADH-quinone&nbsp;oxidoreductase&nbsp;subunit&nbsp;F,82.5
745310.G432_17580,G432_17580,"COG1053&nbsp;Succinate&nbsp;dehydrogenase/fumarate&nbsp;reductase,&nbsp;flavoprotein&nbsp;subunit",82.5
745310.G432_10735,G432_10735,Fatty&nbsp;oxidation&nbsp;complex&nbsp;subunit&nbsp;alpha,82.3
745310.G432_04065,plsY,Glycerol-3-phosphate&nbsp;acyltransferase,82.3
745310.G432_11105,G432_11105,COG0117&nbsp;Pyrimidine&nbsp;deaminase,82.3
745310.G432_11540,G432_11540,Rieske&nbsp;(2Fe-2S)&nbsp;domain-containing&nbsp;protein,82.2
745310.G432_08110,rplV,50S&nbsp;ribosomal&nbsp;protein&nbsp;L22,82.2
745310.G432_15620,G432_15620,"COG0614&nbsp;ABC-type&nbsp;Fe3+-hydroxamate&nbsp;transport&nbsp;system,&nbsp;periplasmic&nbsp;component",82.1
745310.G432_15030,G432_15030,Uncharacterized&nbsp;protein,82.1
745310.G432_10170,trmE,tRNA&nbsp;modification&nbsp;GTPase&nbsp;MnmE,82.1
745310.G432_07310,G432_07310,annotation&nbsp;not&nbsp;available,82.1
745310.G432_00705,G432_00705,COG0044&nbsp;Dihydroorotase&nbsp;and&nbsp;related&nbsp;cyclic&nbsp;amidohydrolases,82.1
745310.G432_16710,G432_16710,"COG1013&nbsp;Pyruvate:ferredoxin&nbsp;oxidoreductase&nbsp;and&nbsp;related&nbsp;2-oxoacid:ferredoxin&nbsp;oxidoreductases,&nbsp;beta&nbsp;subunit",82.1
745310.G432_05675,rpmB,COG0227&nbsp;Ribosomal&nbsp;protein&nbsp;L28,82.0
745310.G432_16135,G432_16135,Short-chain&nbsp;dehydrogenase/reductase&nbsp;SDR,81.9
745310.G432_09500,G432_09500,COG0708&nbsp;Exonuclease&nbsp;III,81.9
745310.G432_16790,G432_16790,"Molybdate&nbsp;ABC&nbsp;transporter,&nbsp;inner&nbsp;membrane&nbsp;subunit",81.9
745310.G432_02830,G432_02830,Chemotaxis&nbsp;response&nbsp;regulator&nbsp;protein-glutamate&nbsp;methylesterase,81.8
745310.G432_01755,G432_01755,"COG1136&nbsp;ABC-type&nbsp;antimicrobial&nbsp;peptide&nbsp;transport&nbsp;system,&nbsp;ATPase&nbsp;component",81.8
745310.G432_00220,G432_00220,"COG1009&nbsp;NADH:ubiquinone&nbsp;oxidoreductase&nbsp;subunit&nbsp;5&nbsp;(chain&nbsp;L)/Multisubunit&nbsp;Na+/H+&nbsp;antiporter,&nbsp;MnhA&nbsp;subunit",81.8
745310.G432_15295,G432_15295,UBA/THIF-type&nbsp;NAD/FAD&nbsp;binding&nbsp;protein,81.7
745310.G432_06875,G432_06875,Flagellar&nbsp;basal&nbsp;body&nbsp;rod&nbsp;protein&nbsp;FlgB,81.7
745310.G432_06605,G432_06605,Surface&nbsp;presentation&nbsp;of&nbsp;antigens&nbsp;protein,81.7
745310.G432_15785,G432_15785,Binding-protein-dependent&nbsp;transport&nbsp;systems&nbsp;inner&nbsp;membrane&nbsp;component,81.6
745310.G432_06070,uvrC,UvrABC&nbsp;system&nbsp;protein&nbsp;C,81.6
745310.G432_04320,G432_04320,COG0840&nbsp;Methyl-accepting&nbsp;chemotaxis&nbsp;protein,81.5
745310.G432_07325,G432_07325,Amine&nbsp;dehydrogenase,81.4
745310.G432_10285,G432_10285,Penicillin-binding&nbsp;protein,81.4
745310.G432_14270,G432_14270,"COG1845&nbsp;Heme/copper-type&nbsp;cytochrome/quinol&nbsp;oxidase,&nbsp;subunit&nbsp;3",81.2
745310.G432_16085,G432_16085,"COG1271&nbsp;Cytochrome&nbsp;bd-type&nbsp;quinol&nbsp;oxidase,&nbsp;subunit&nbsp;1",81.2
745310.G432_18905,G432_18905,Single-stranded&nbsp;DNA-binding&nbsp;protein,81.2
745310.G432_06535,gyrA,DNA&nbsp;gyrase&nbsp;subunit&nbsp;A,81.2
745310.G432_03950,G432_03950,Dihydrolipoyllysine-residue&nbsp;succinyltransferase&nbsp;component&nbsp;of&nbsp;2-oxoglutarate&nbsp;dehydrogenase&nbsp;complex,81.1
745310.G432_03620,G432_03620,Response&nbsp;regulator&nbsp;receiver&nbsp;protein,81.0
745310.G432_06265,G432_06265,"COG4799&nbsp;Acetyl-CoA&nbsp;carboxylase,&nbsp;carboxyltransferase&nbsp;component&nbsp;(subunits&nbsp;alpha&nbsp;and&nbsp;beta)",80.9
745310.G432_14390,G432_14390,RND&nbsp;family&nbsp;efflux&nbsp;transporter&nbsp;MFP&nbsp;subunit,80.9
745310.G432_13060,G432_13060,Toluene&nbsp;tolerance&nbsp;family&nbsp;protein,80.8
745310.G432_11875,rpmF,COG0333&nbsp;Ribosomal&nbsp;protein&nbsp;L32,80.8
745310.G432_12965,G432_12965,"COG2080&nbsp;Aerobic-type&nbsp;carbon&nbsp;monoxide&nbsp;dehydrogenase,&nbsp;small&nbsp;subunit&nbsp;CoxS/CutS&nbsp;homologs",80.8
745310.G432_00865,ffh,Signal&nbsp;recognition&nbsp;particle&nbsp;protein,80.8
745310.G432_10975,G432_10975,"COG1884&nbsp;Methylmalonyl-CoA&nbsp;mutase,&nbsp;N-terminal&nbsp;domain/subunit",80.7
745310.G432_06840,G432_06840,Flagella&nbsp;basal&nbsp;body&nbsp;P-ring&nbsp;formation&nbsp;protein&nbsp;FlgA,80.6
745310.G432_01185,G432_01185,Nucleoside&nbsp;triphosphate&nbsp;pyrophosphohydrolase,80.6
745310.G432_09020,xseA,Exodeoxyribonuclease&nbsp;7&nbsp;large&nbsp;subunit,80.5
745310.G432_00150,G432_00150,Inositol-1-monophosphatase,80.4
745310.G432_13875,moaD,Molybdopterin&nbsp;synthase&nbsp;sulfur&nbsp;carrier&nbsp;subunit,80.4
745310.G432_04865,G432_04865,COG0518&nbsp;GMP&nbsp;synthase&nbsp;-&nbsp;Glutamine&nbsp;amidotransferase&nbsp;domain,80.1
745310.G432_02755,trpD,Anthranilate&nbsp;phosphoribosyltransferase,80.0
745310.G432_05720,hisD,Histidinol&nbsp;dehydrogenase,80.0
745310.G432_08105,rpsC,30S&nbsp;ribosomal&nbsp;protein&nbsp;S3,80.0
745310.G432_04185,nadD,Probable&nbsp;nicotinate-nucleotide&nbsp;adenylyltransferase,79.9
745310.G432_02560,G432_02560,COG0625&nbsp;Glutathione&nbsp;S-transferase,79.9
745310.G432_06830,G432_06830,COG4786&nbsp;Flagellar&nbsp;basal&nbsp;body&nbsp;rod&nbsp;protein,79.9
745310.G432_17375,rpoC,DNA-directed&nbsp;RNA&nbsp;polymerase&nbsp;subunit&nbsp;beta,79.8
745310.G432_05900,G432_05900,COG1868&nbsp;Flagellar&nbsp;motor&nbsp;switch&nbsp;protein,79.8
745310.G432_14070,G432_14070,"COG0028&nbsp;Thiamine&nbsp;pyrophosphate-requiring&nbsp;enzymes&nbsp;[acetolactate&nbsp;synthase,&nbsp;pyruvate&nbsp;dehydrogenase&nbsp;(cytochrome),&nbsp;glyoxylate&nbsp;carboligase,&nbsp;phosphonopyruvate&nbsp;decarboxylase]",79.8
745310.G432_16525,groEL,60&nbsp;kDa&nbsp;chaperonin,79.7
745310.G432_01165,G432_01165,COG5000&nbsp;Signal&nbsp;transduction&nbsp;histidine&nbsp;kinase&nbsp;involved&nbsp;in&nbsp;nitrogen&nbsp;fixation&nbsp;and&nbsp;metabolism&nbsp;regulation,79.7
745310.G432_11085,glk,COG0837&nbsp;Glucokinase,79.7
745310.G432_08860,G432_08860,AMP-dependent&nbsp;synthetase/ligase,79.7
745310.G432_03375,G432_03375,"COG1088&nbsp;dTDP-D-glucose&nbsp;4,6-dehydratase",79.6
745310.G432_03215,G432_03215,COG3288&nbsp;NAD/NADP&nbsp;transhydrogenase&nbsp;alpha&nbsp;subunit,79.5
745310.G432_13460,G432_13460,Acriflavin&nbsp;resistance&nbsp;protein,79.3
745310.G432_02785,gltX,Glutamate--tRNA&nbsp;ligase,79.3
745310.G432_10320,G432_10320,Binding-protein-dependent&nbsp;transport&nbsp;system&nbsp;inner&nbsp;membrane&nbsp;protein,79.2
745310.G432_04435,G432_04435,Carbonic&nbsp;anhydrase,79.2
745310.G432_12815,G432_12815,Aminotransferase,79.0
745310.G432_17710,G432_17710,Cytokinin&nbsp;riboside&nbsp;5'-monophosphate&nbsp;phosphoribohydrolase,78.9
745310.G432_16160,G432_16160,COG0183&nbsp;Acetyl-CoA&nbsp;acetyltransferase,78.9
745310.G432_02615,G432_02615,COG1573&nbsp;Uracil-DNA&nbsp;glycosylase,78.9
745310.G432_00325,G432_00325,"COG2165&nbsp;Type&nbsp;II&nbsp;secretory&nbsp;pathway,&nbsp;pseudopilin&nbsp;PulG",78.8
745310.G432_04885,G432_04885,ATP-dependent&nbsp;Clp&nbsp;protease&nbsp;ATP-binding&nbsp;subunit&nbsp;ClpA,78.8
745310.G432_04375,cysA,Sulfate/thiosulfate&nbsp;import&nbsp;ATP-binding&nbsp;protein&nbsp;CysA,78.7
745310.G432_19060,G432_18535,Acriflavin&nbsp;resistance&nbsp;protein,78.5
745310.G432_07015,pyrF,Orotidine&nbsp;5'-phosphate&nbsp;decarboxylase,78.4
745310.G432_07955,glnD,Bifunctional&nbsp;uridylyltransferase/uridylyl-removing&nbsp;enzyme,78.3
745310.G432_05490,G432_05490,Beta-N-acetylhexosaminidase,78.3
745310.G432_06485,G432_06485,Aldose&nbsp;1-epimerase,78.2
745310.G432_05935,G432_05935,Flagellar&nbsp;M-ring&nbsp;protein,78.1
745310.G432_12865,G432_12865,COG3386&nbsp;Gluconolactonase,78.0
745310.G432_03610,G432_03610,CheR-type&nbsp;MCP&nbsp;methyltransferase,78.0
745310.G432_09495,ribA,GTP&nbsp;cyclohydrolase-2,78.0
745310.G432_02835,G432_02835,Response&nbsp;regulator&nbsp;receiver&nbsp;protein,78.0
745310.G432_11060,G432_11060,Putative&nbsp;capsule&nbsp;polysaccharide&nbsp;export&nbsp;ATP-binding&nbsp;protein,78.0
745310.G432_10970,G432_10970,COG2873&nbsp;O-acetylhomoserine&nbsp;sulfhydrylase,78.0
745310.G432_00660,dnaG,DNA&nbsp;primase,77.6
745310.G432_03650,rpoH,"COG0568&nbsp;DNA-directed&nbsp;RNA&nbsp;polymerase,&nbsp;sigma&nbsp;subunit&nbsp;(sigma70/sigma32)",77.6
745310.G432_14895,G432_14895,COG0629&nbsp;Single-stranded&nbsp;DNA-binding&nbsp;protein,77.5
745310.G432_14480,G432_14480,COG0386&nbsp;Glutathione&nbsp;peroxidase,77.5
745310.G432_18225,G432_18225,Phosphoadenylyl-sulfate&nbsp;reductase&nbsp;(thioredoxin),77.4
745310.G432_14665,G432_14665,COG0464&nbsp;ATPases&nbsp;of&nbsp;the&nbsp;AAA+&nbsp;class,77.4
745310.G432_02845,G432_02845,CheA&nbsp;signal&nbsp;transduction&nbsp;histidine&nbsp;kinase,77.3
745310.G432_07635,infB,Translation&nbsp;initiation&nbsp;factor&nbsp;IF-2,77.2
745310.G432_03785,G432_03785,COG0840&nbsp;Methyl-accepting&nbsp;chemotaxis&nbsp;protein,77.2
745310.G432_05940,G432_05940,COG1677&nbsp;Flagellar&nbsp;hook-basal&nbsp;body&nbsp;protein,77.2
745310.G432_13325,G432_13325,COG1045&nbsp;Serine&nbsp;acetyltransferase,77.2
745310.G432_14310,G432_14310,Heme&nbsp;exporter&nbsp;protein&nbsp;B,77.1
745310.G432_01775,G432_01775,NAD(P)H&nbsp;dehydrogenase&nbsp;(quinone),77.1
745310.G432_07510,G432_07510,"Pyruvate,&nbsp;phosphate&nbsp;dikinase",77.1
745310.G432_08045,rpmD,COG1841&nbsp;Ribosomal&nbsp;protein&nbsp;L30/L7E,77.0
745310.G432_04785,G432_04785,CoA-transferase&nbsp;subunit&nbsp;beta,76.9
745310.G432_03195,G432_03195,COG0342&nbsp;Preprotein&nbsp;translocase&nbsp;subunit&nbsp;SecD,76.8
745310.G432_09470,G432_09470,COG0370&nbsp;Fe2+&nbsp;transport&nbsp;system&nbsp;protein&nbsp;B,76.7
745310.G432_15805,G432_15805,Alkanesulfonate&nbsp;monooxygenase,76.6
745310.G432_17860,rplA,50S&nbsp;ribosomal&nbsp;protein&nbsp;L1,76.5
745310.G432_09690,G432_09690,Arabinose&nbsp;ABC&nbsp;transporter&nbsp;L-arabinose-binding&nbsp;periplasmic&nbsp;protein&nbsp;AraF,76.5
745310.G432_05580,G432_05580,Peptidoglycan&nbsp;glycosyltransferase,76.4
745310.G432_05875,G432_05875,Flagellar&nbsp;biosynthetic&nbsp;protein&nbsp;FliR,76.4
745310.G432_10690,G432_10690,Aconitate&nbsp;hydratase,76.4
745310.G432_14255,ctaB,Protoheme&nbsp;IX&nbsp;farnesyltransferase,76.3
745310.G432_10100,leuS,Leucine--tRNA&nbsp;ligase,76.3
745310.G432_08180,G432_08180,"COG1249&nbsp;Pyruvate/2-oxoglutarate&nbsp;dehydrogenase&nbsp;complex,&nbsp;dihydrolipoamide&nbsp;dehydrogenase&nbsp;(E3)&nbsp;component,&nbsp;and&nbsp;related&nbsp;enzymes",76.3
745310.G432_12620,G432_12620,COG0318&nbsp;Acyl-CoA&nbsp;synthetases&nbsp;(AMP-forming)/AMP-acid&nbsp;ligases&nbsp;II,76.2
745310.G432_07245,G432_07245,Urea&nbsp;ABC&nbsp;transporter&nbsp;permease&nbsp;UrtC,76.2
745310.G432_01350,gcvPA,Probable&nbsp;glycine&nbsp;dehydrogenase&nbsp;(decarboxylating)&nbsp;subunit&nbsp;1,76.0
745310.G432_01230,G432_01230,Glutathione&nbsp;reductase&nbsp;(NADPH),76.0
745310.G432_10625,ppa,Inorganic&nbsp;pyrophosphatase,76.0
745310.G432_00755,G432_00755,COG1960&nbsp;Acyl-CoA&nbsp;dehydrogenases,75.8
745310.G432_04915,atpH,ATP&nbsp;synthase&nbsp;subunit&nbsp;delta,75.7
745310.G432_18040,G432_18040,COG0642&nbsp;Signal&nbsp;transduction&nbsp;histidine&nbsp;kinase,75.5
745310.G432_05870,flhB,"COG1377&nbsp;Flagellar&nbsp;biosynthesis&nbsp;pathway,&nbsp;component&nbsp;FlhB",75.4
745310.G432_06885,fliG,Flagellar&nbsp;motor&nbsp;switch&nbsp;protein&nbsp;FliG,75.3
745310.G432_02370,G432_02370,Uncharacterized&nbsp;protein,75.3
745310.G432_15800,G432_15800,Uncharacterized&nbsp;protein,75.3
745310.G432_07890,G432_07890,Crp/FNR&nbsp;family&nbsp;transcriptional&nbsp;regulator,75.2
745310.G432_05920,G432_05920,FliI/YscN&nbsp;family&nbsp;ATPase,75.2
745310.G432_15075,G432_15075,"COG2057&nbsp;Acyl&nbsp;CoA:acetate/3-ketoacid&nbsp;CoA&nbsp;transferase,&nbsp;beta&nbsp;subunit",75.1
745310.G432_15720,G432_15720,COG3585&nbsp;Molybdopterin-binding&nbsp;protein,75.1
745310.G432_15615,G432_15615,"Cob(I)yrinic&nbsp;acid&nbsp;a,c-diamide&nbsp;adenosyltransferase",75.1
745310.G432_04385,G432_04385,"COG0555&nbsp;ABC-type&nbsp;sulfate&nbsp;transport&nbsp;system,&nbsp;permease&nbsp;component",75.1
745310.G432_08865,G432_08865,COG0405&nbsp;Gamma-glutamyltransferase,75.1
745310.G432_11905,G432_11905,COG0469&nbsp;Pyruvate&nbsp;kinase,75.0
745310.G432_08060,rplF,50S&nbsp;ribosomal&nbsp;protein&nbsp;L6,75.0
745310.G432_01530,G432_01530,Phosphate-specific&nbsp;transport&nbsp;system&nbsp;accessory&nbsp;protein&nbsp;PhoU,74.9
745310.G432_14570,G432_14570,COG0204&nbsp;1-acyl-sn-glycerol-3-phosphate&nbsp;acyltransferase,74.9
745310.G432_01890,trpB,Tryptophan&nbsp;synthase&nbsp;beta&nbsp;chain,74.8
745310.G432_06020,G432_06020,COG4786&nbsp;Flagellar&nbsp;basal&nbsp;body&nbsp;rod&nbsp;protein,74.7
745310.G432_02605,pyrG,CTP&nbsp;synthase,74.7
745310.G432_12995,uppP,Undecaprenyl-diphosphatase,74.7
745310.G432_08175,G432_08175,COG0671&nbsp;Membrane-associated&nbsp;phospholipid&nbsp;phosphatase,74.7
745310.G432_06080,G432_06080,ATP&nbsp;synthase&nbsp;subunit&nbsp;b,74.6
745310.G432_08080,rplX,50S&nbsp;ribosomal&nbsp;protein&nbsp;L24,74.6
745310.G432_01155,G432_01155,"COG3852&nbsp;Signal&nbsp;transduction&nbsp;histidine&nbsp;kinase,&nbsp;nitrogen&nbsp;specific",74.5
745310.G432_04595,G432_04595,COG1573&nbsp;Uracil-DNA&nbsp;glycosylase,74.4
745310.G432_00530,G432_00530,"Glutamyl-tRNA&nbsp;(Gln)&nbsp;amidotransferase,&nbsp;A&nbsp;subunit",74.4
745310.G432_14340,recO,DNA&nbsp;repair&nbsp;protein&nbsp;RecO,74.4
745310.G432_10800,G432_10800,Outer&nbsp;membrane&nbsp;autotransporter,74.4
745310.G432_03540,G432_03540,COG1064&nbsp;Zn-dependent&nbsp;alcohol&nbsp;dehydrogenases,74.3
745310.G432_06675,G432_06675,Response&nbsp;regulator&nbsp;receiver&nbsp;protein,74.3
745310.G432_14530,G432_14530,Ferredoxin,74.3
745310.G432_08040,rplO,50S&nbsp;ribosomal&nbsp;protein&nbsp;L15,74.2
745310.G432_02010,G432_02010,Type&nbsp;II&nbsp;secretion&nbsp;system&nbsp;protein&nbsp;C,74.1
745310.G432_13120,G432_13120,Fumarate&nbsp;hydratase&nbsp;class&nbsp;I,74.0
745310.G432_00210,G432_00210,COG0839&nbsp;NADH:ubiquinone&nbsp;oxidoreductase&nbsp;subunit&nbsp;6&nbsp;(chain&nbsp;J),74.0
745310.G432_00165,nuoB,NADH-quinone&nbsp;oxidoreductase&nbsp;subunit&nbsp;B,73.9
745310.G432_07360,ureE,Urease&nbsp;accessory&nbsp;protein&nbsp;UreE,73.9
745310.G432_09815,G432_09815,Riboflavin&nbsp;biosynthesis&nbsp;protein,73.9
745310.G432_00400,G432_00400,3-isopropylmalate&nbsp;dehydratase&nbsp;small&nbsp;subunit,73.8
745310.G432_04935,atpD,ATP&nbsp;synthase&nbsp;subunit&nbsp;beta,73.8
745310.G432_06975,G432_06975,COG1881&nbsp;Phospholipid-binding&nbsp;protein,73.7
745310.G432_06685,G432_06685,COG1291&nbsp;Flagellar&nbsp;motor&nbsp;component,73.5
745310.G432_06130,hslV,ATP-dependent&nbsp;protease&nbsp;subunit&nbsp;HslV,73.4
745310.G432_10990,G432_10990,"COG4799&nbsp;Acetyl-CoA&nbsp;carboxylase,&nbsp;carboxyltransferase&nbsp;component&nbsp;(subunits&nbsp;alpha&nbsp;and&nbsp;beta)",73.3
745310.G432_04280,pyrH,Uridylate&nbsp;kinase,73.3
745310.G432_18050,recA,Protein&nbsp;RecA,73.3
745310.G432_01800,acpP,Acyl&nbsp;carrier&nbsp;protein,73.3
745310.G432_09350,G432_09350,COG5009&nbsp;Membrane&nbsp;carboxypeptidase/penicillin-binding&nbsp;protein,73.2
745310.G432_14225,G432_14225,COG0681&nbsp;Signal&nbsp;peptidase&nbsp;I,73.0
745310.G432_16915,G432_16915,COG0492&nbsp;Thioredoxin&nbsp;reductase,73.0
745310.G432_01235,pgi,COG0166&nbsp;Glucose-6-phosphate&nbsp;isomerase,73.0
745310.G432_10535,lysA,Diaminopimelate&nbsp;decarboxylase,73.0
745310.G432_04560,metK,S-adenosylmethionine&nbsp;synthase,72.9
745310.G432_11625,G432_11625,ABC&nbsp;transporter-like&nbsp;protein,72.8
745310.G432_05975,G432_05975,annotation&nbsp;not&nbsp;available,72.5
745310.G432_16520,groS,10&nbsp;kDa&nbsp;chaperonin,72.5
745310.G432_10980,G432_10980,COG1024&nbsp;Enoyl-CoA&nbsp;hydratase/carnithine&nbsp;racemase,72.5
745310.G432_11390,G432_11390,annotation&nbsp;not&nbsp;available,72.5
745310.G432_05520,ftsA,Cell&nbsp;division&nbsp;protein&nbsp;FtsA,72.4
745310.G432_02525,gshB,COG0189&nbsp;Glutathione&nbsp;synthase/Ribosomal&nbsp;protein&nbsp;S6&nbsp;modification&nbsp;enzyme&nbsp;(glutaminyl&nbsp;transferase),72.2
745310.G432_06595,fliE,COG1677&nbsp;Flagellar&nbsp;hook-basal&nbsp;body&nbsp;protein,72.1
745310.G432_05335,G432_05335,COG1793&nbsp;ATP-dependent&nbsp;DNA&nbsp;ligase,72.0
745310.G432_08035,secY,Protein&nbsp;translocase&nbsp;subunit&nbsp;SecY,71.9
745310.G432_01885,trpF,COG0135&nbsp;Phosphoribosylanthranilate&nbsp;isomerase,71.9
745310.G432_01120,G432_01120,Carbonic&nbsp;anhydrase,71.8
745310.G432_05725,nusB,Transcription&nbsp;antitermination&nbsp;protein&nbsp;NusB,71.6
745310.G432_00895,rplS,50S&nbsp;ribosomal&nbsp;protein&nbsp;L19,71.5
745310.G432_15865,G432_15865,CRP/FNR&nbsp;family&nbsp;transcriptional&nbsp;regulator,71.5
745310.G432_12265,G432_12265,Winged&nbsp;helix&nbsp;family&nbsp;two&nbsp;component&nbsp;transcriptional&nbsp;regulator,71.5
745310.G432_12245,kdpA,Potassium-transporting&nbsp;ATPase&nbsp;potassium-binding&nbsp;subunit,71.4
745310.G432_05625,purL,Phosphoribosylformylglycinamidine&nbsp;synthase&nbsp;subunit&nbsp;PurL,71.4
745310.G432_13150,G432_13150,ABC&nbsp;transporter-like&nbsp;protein,71.3
745310.G432_04840,G432_04840,Short&nbsp;chain&nbsp;dehydrogenase,71.2
745310.G432_03110,ftsY,Signal&nbsp;recognition&nbsp;particle&nbsp;receptor&nbsp;FtsY,71.2
745310.G432_18540,G432_18540,RND&nbsp;family&nbsp;efflux&nbsp;transporter&nbsp;MFP&nbsp;subunit,71.1
745310.G432_17820,pgk,COG0126&nbsp;3-phosphoglycerate&nbsp;kinase,71.1
745310.G432_17570,G432_17570,COG0625&nbsp;Glutathione&nbsp;S-transferase,71.1
745310.G432_09140,G432_09140,1-deoxy-D-xylulose-5-phosphate&nbsp;synthase,71.0
745310.G432_07845,G432_07845,Cytokinin&nbsp;riboside&nbsp;5'-monophosphate&nbsp;phosphoribohydrolase,71.0
745310.G432_08185,G432_08185,COG1607&nbsp;Acyl-CoA&nbsp;hydrolase,71.0
745310.G432_11785,pheT,Phenylalanine--tRNA&nbsp;ligase&nbsp;beta&nbsp;subunit,70.9
745310.G432_03530,G432_03530,Putative&nbsp;helicase,70.9
745310.G432_10855,G432_10855,Acetolactate&nbsp;synthase&nbsp;large&nbsp;subunit,70.7
745310.G432_10330,potA,Spermidine/putrescine&nbsp;import&nbsp;ATP-binding&nbsp;protein&nbsp;PotA,70.6
745310.G432_02895,G432_02895,Fmu&nbsp;(Sun)&nbsp;domain-containing&nbsp;protein,70.5
745310.G432_03700,G432_03700,COG0031&nbsp;Cysteine&nbsp;synthase,70.3
745310.G432_17470,G432_17470,COG0260&nbsp;Leucyl&nbsp;aminopeptidase,70.3
745310.G432_06650,G432_06650,Chemotaxis&nbsp;receiver&nbsp;domain-containing&nbsp;protein&nbsp;CheYII,70.2
745310.G432_11890,G432_11890,COG0147&nbsp;Anthranilate/para-aminobenzoate&nbsp;synthases&nbsp;component&nbsp;I,70.2
745310.G432_10635,prfA,Peptide&nbsp;chain&nbsp;release&nbsp;factor&nbsp;1,70.1
745310.G432_05930,G432_05930,Flagellar&nbsp;motor&nbsp;switch&nbsp;protein&nbsp;FliG,70.1
745310.G432_16255,secA,Protein&nbsp;translocase&nbsp;subunit&nbsp;SecA,70.1
745310.G432_13135,G432_13135,Ribonucleoside-diphosphate&nbsp;reductase,70.1
745310.G432_13990,rplM,50S&nbsp;ribosomal&nbsp;protein&nbsp;L13,69.9
745310.G432_06780,G432_06780,Flagellin,69.8
745310.G432_08050,rpsE,30S&nbsp;ribosomal&nbsp;protein&nbsp;S5,69.8
745310.G432_00205,nuoI,NADH-quinone&nbsp;oxidoreductase&nbsp;subunit&nbsp;I,69.8
745310.G432_06330,G432_06330,COG0840&nbsp;Methyl-accepting&nbsp;chemotaxis&nbsp;protein,69.8
745310.G432_17220,G432_17220,COG0115&nbsp;Branched-chain&nbsp;amino&nbsp;acid&nbsp;aminotransferase/4-amino-4-deoxychorismate&nbsp;lyase,69.6
745310.G432_07965,rplQ,COG0203&nbsp;Ribosomal&nbsp;protein&nbsp;L17,69.6
745310.G432_17150,prfC,Peptide&nbsp;chain&nbsp;release&nbsp;factor&nbsp;3,69.5
745310.G432_06720,G432_06720,COG0840&nbsp;Methyl-accepting&nbsp;chemotaxis&nbsp;protein,69.3
745310.G432_06030,G432_06030,Flagellar&nbsp;P-ring&nbsp;protein,69.2
745310.G432_07690,G432_07690,"COG0609&nbsp;ABC-type&nbsp;Fe3+-siderophore&nbsp;transport&nbsp;system,&nbsp;permease&nbsp;component",69.2
745310.G432_17985,G432_17985,COG0248&nbsp;Exopolyphosphatase,69.1
745310.G432_16645,G432_16645,COG0129&nbsp;Dihydroxyacid&nbsp;dehydratase/phosphogluconate&nbsp;dehydratase,68.9
745310.G432_06270,G432_06270,COG1960&nbsp;Acyl-CoA&nbsp;dehydrogenases,68.8
745310.G432_16705,G432_16705,Pyruvate&nbsp;flavodoxin/ferredoxin&nbsp;oxidoreductase-like&nbsp;protein,68.7
745310.G432_04110,rpsD,30S&nbsp;ribosomal&nbsp;protein&nbsp;S4,68.5
745310.G432_11185,infC,Translation&nbsp;initiation&nbsp;factor&nbsp;IF-3,68.5
745310.G432_15610,G432_15610,Cobaltochelatase,68.4
745310.G432_06025,G432_06025,Flagellar&nbsp;L-ring&nbsp;protein,68.4
745310.G432_06190,G432_06190,COG0708&nbsp;Exonuclease&nbsp;III,68.4
745310.G432_11860,himA,Integration&nbsp;host&nbsp;factor&nbsp;subunit&nbsp;alpha,68.2
745310.G432_02385,G432_02385,Glutamine-fructose-6-phosphate&nbsp;transaminase&nbsp;(Isomerizing),68.2
745310.G432_09765,G432_09765,Sulfurtransferase,68.2
745310.G432_08810,G432_08810,Cysteine&nbsp;desulfurase&nbsp;activator&nbsp;complex&nbsp;subunit&nbsp;SufB,68.1
745310.G432_08120,rplB,50S&nbsp;ribosomal&nbsp;protein&nbsp;L2,68.1
745310.G432_08070,rpsN,30S&nbsp;ribosomal&nbsp;protein&nbsp;S14,67.9
745310.G432_16785,G432_16785,"COG3842&nbsp;ABC-type&nbsp;spermidine/putrescine&nbsp;transport&nbsp;systems,&nbsp;ATPase&nbsp;components",67.9
745310.G432_09065,G432_09065,Polyhydroxyalkanoate&nbsp;synthase,67.8
745310.G432_03955,sucA,"COG0567&nbsp;2-oxoglutarate&nbsp;dehydrogenase&nbsp;complex,&nbsp;dehydrogenase&nbsp;(E1)&nbsp;component,&nbsp;and&nbsp;related&nbsp;enzymes",67.8
745310.G432_07100,G432_07100,COG1862&nbsp;Preprotein&nbsp;translocase&nbsp;subunit&nbsp;YajC,67.8
745310.G432_02715,G432_02715,COG0174&nbsp;Glutamine&nbsp;synthetase,67.7
745310.G432_02935,G432_02935,Two&nbsp;component&nbsp;transcriptional&nbsp;regulator,67.7
745310.G432_05890,G432_05890,COG3190&nbsp;Flagellar&nbsp;biogenesis&nbsp;protein,67.7
745310.G432_16640,G432_16640,Glucose-6-phosphate&nbsp;1-dehydrogenase,67.5
745310.G432_07645,nusA,Transcription&nbsp;termination/antitermination&nbsp;protein&nbsp;NusA,67.3
745310.G432_09135,G432_09135,Fis&nbsp;family&nbsp;two&nbsp;component&nbsp;transcriptional&nbsp;regulator,67.3
745310.G432_17330,leuC,3-isopropylmalate&nbsp;dehydratase&nbsp;large&nbsp;subunit,67.2
745310.G432_12550,G432_12550,Peptidoglycan&nbsp;glycosyltransferase,67.2
745310.G432_06660,G432_06660,Chemotaxis&nbsp;protein&nbsp;methyltransferase,67.1
745310.G432_04920,atpA,ATP&nbsp;synthase&nbsp;subunit&nbsp;alpha,67.0
745310.G432_16955,G432_16955,COG1012&nbsp;NAD-dependent&nbsp;aldehyde&nbsp;dehydrogenases,67.0
745310.G432_11810,G432_11810,Inositol-1-monophosphatase,66.9
745310.G432_09795,G432_09795,Binding-protein-dependent&nbsp;transport&nbsp;system&nbsp;inner&nbsp;membrane&nbsp;protein,66.9
745310.G432_12570,mutL,DNA&nbsp;mismatch&nbsp;repair&nbsp;protein&nbsp;MutL,66.9
745310.G432_17320,rplU,50S&nbsp;ribosomal&nbsp;protein&nbsp;L21,66.6
745310.G432_02030,G432_02030,COG2857&nbsp;Cytochrome&nbsp;c1,66.5
745310.G432_16500,G432_16500,UPF0301&nbsp;protein&nbsp;G432_16500,66.5
745310.G432_17865,rplK,50S&nbsp;ribosomal&nbsp;protein&nbsp;L11,66.4
745310.G432_15095,G432_15095,COG5517&nbsp;Small&nbsp;subunit&nbsp;of&nbsp;phenylpropionate&nbsp;dioxygenase,66.4
745310.G432_17805,G432_17805,COG0021&nbsp;Transketolase,66.4
745310.G432_14435,G432_14435,Acetolactate&nbsp;synthase,66.4
745310.G432_05695,G432_05695,"Hydrogenobyrinic&nbsp;acid&nbsp;a,c-diamide&nbsp;cobaltochelatase",66.3
745310.G432_08160,rpsL,30S&nbsp;ribosomal&nbsp;protein&nbsp;S12,66.3
745310.G432_09110,G432_09110,Cytochrome-c&nbsp;oxidase,66.2
745310.G432_03555,proS,Proline--tRNA&nbsp;ligase,66.2
745310.G432_08065,rpsH,30S&nbsp;ribosomal&nbsp;protein&nbsp;S8,66.1
745310.G432_05470,G432_05470,Twin-arginine&nbsp;translocation&nbsp;protein&nbsp;subunit&nbsp;TatB,66.0
745310.G432_01365,gcvT,COG0404&nbsp;Glycine&nbsp;cleavage&nbsp;system&nbsp;T&nbsp;protein&nbsp;(aminomethyltransferase),66.0
745310.G432_00225,G432_00225,COG1008&nbsp;NADH:ubiquinone&nbsp;oxidoreductase&nbsp;subunit&nbsp;4&nbsp;(chain&nbsp;M),66.0
745310.G432_16585,G432_16585,Short&nbsp;chain&nbsp;dehydrogenase,66.0
745310.G432_07385,G432_07385,COG0183&nbsp;Acetyl-CoA&nbsp;acetyltransferase,65.9
745310.G432_00170,nuoC,NADH-quinone&nbsp;oxidoreductase&nbsp;subunit&nbsp;C,65.9
745310.G432_01805,G432_01805,3-oxoacyl-ACP&nbsp;reductase,65.9
745310.G432_14485,G432_14485,Putative&nbsp;acetyl-CoA&nbsp;acyltransferase,65.9
745310.G432_14430,ilvH,"COG0440&nbsp;Acetolactate&nbsp;synthase,&nbsp;small&nbsp;(regulatory)&nbsp;subunit",65.9
745310.G432_14315,ccmA,Cytochrome&nbsp;c&nbsp;biogenesis&nbsp;ATP-binding&nbsp;export&nbsp;protein&nbsp;CcmA,65.8
745310.G432_00715,G432_00715,COG0744&nbsp;Membrane&nbsp;carboxypeptidase&nbsp;(penicillin-binding&nbsp;protein),65.8
745310.G432_12615,xseB,Exodeoxyribonuclease&nbsp;7&nbsp;small&nbsp;subunit,65.8
745310.G432_10010,purK,N5-carboxyaminoimidazole&nbsp;ribonucleotide&nbsp;synthase,65.7
745310.G432_06165,G432_06165,Permease&nbsp;YjgP/YjgQ&nbsp;family&nbsp;protein,65.7
745310.G432_10115,G432_10115,COG0352&nbsp;Thiamine&nbsp;monophosphate&nbsp;synthase,65.7
745310.G432_09905,G432_09905,COG1982&nbsp;Arginine/lysine/ornithine&nbsp;decarboxylases,65.6
745310.G432_11360,G432_11360,COG0183&nbsp;Acetyl-CoA&nbsp;acetyltransferase,65.5
745310.G432_10425,hisH,Imidazole&nbsp;glycerol&nbsp;phosphate&nbsp;synthase&nbsp;subunit&nbsp;HisH,65.5
745310.G432_11300,polA,DNA&nbsp;polymerase&nbsp;I,65.4
745310.G432_06380,G432_06380,COG0840&nbsp;Methyl-accepting&nbsp;chemotaxis&nbsp;protein,65.4
745310.G432_17160,glpK,Glycerol&nbsp;kinase,65.2
745310.G432_11560,G432_11560,Acid&nbsp;phosphatase,65.1
745310.G432_15775,G432_15775,"COG0715&nbsp;ABC-type&nbsp;nitrate/sulfonate/bicarbonate&nbsp;transport&nbsp;systems,&nbsp;periplasmic&nbsp;components",65.0
745310.G432_12810,G432_12810,Competence/damage-inducible&nbsp;protein&nbsp;CinA&nbsp;C-terminal&nbsp;domain&nbsp;protein,64.9
745310.G432_06040,G432_06040,COG1256&nbsp;Flagellar&nbsp;hook-associated&nbsp;protein,64.9
745310.G432_07985,G432_07985,8-amino-7-oxononanoate&nbsp;synthase,64.7
745310.G432_17935,G432_17935,COG0439&nbsp;Biotin&nbsp;carboxylase,64.7
745310.G432_04805,G432_04805,COG1024&nbsp;Enoyl-CoA&nbsp;hydratase/carnithine&nbsp;racemase,64.6
745310.G432_01685,hutU,Urocanate&nbsp;hydratase,64.6
745310.G432_14295,G432_14295,COG0498&nbsp;Threonine&nbsp;synthase,64.5
745310.G432_17720,cysD,Sulfate&nbsp;adenylyltransferase&nbsp;subunit&nbsp;2,64.5
745310.G432_06325,G432_06325,CheW&nbsp;protein,64.4
745310.G432_11765,rpmI,COG0291&nbsp;Ribosomal&nbsp;protein&nbsp;L35,64.4
745310.G432_07995,bioD,ATP-dependent&nbsp;dethiobiotin&nbsp;synthetase&nbsp;BioD,64.3
745310.G432_12065,rpmG,COG0267&nbsp;Ribosomal&nbsp;protein&nbsp;L33,64.2
745310.G432_08030,adk,Adenylate&nbsp;kinase,64.2
745310.G432_02305,G432_02305,COG0840&nbsp;Methyl-accepting&nbsp;chemotaxis&nbsp;protein,64.2
745310.G432_16050,G432_16050,COG1171&nbsp;Threonine&nbsp;dehydratase,64.2
745310.G432_02820,G432_02820,Putative&nbsp;cell&nbsp;cycle&nbsp;transcriptional&nbsp;regulator&nbsp;CtrA,64.2
745310.G432_01020,G432_01020,COG1250&nbsp;3-hydroxyacyl-CoA&nbsp;dehydrogenase,64.1
745310.G432_03205,G432_03205,NAD(P)&nbsp;transhydrogenase&nbsp;subunit&nbsp;beta,64.1
745310.G432_01970,G432_01970,Uncharacterized&nbsp;protein,64.0
745310.G432_16650,G432_16650,COG0837&nbsp;Glucokinase,63.9
745310.G432_08090,rpsQ,30S&nbsp;ribosomal&nbsp;protein&nbsp;S17,63.8
745310.G432_05960,G432_05960,COG1191&nbsp;DNA-directed&nbsp;RNA&nbsp;polymerase&nbsp;specialized&nbsp;sigma&nbsp;subunit,63.8
745310.G432_02905,guaB,Inosine-5'-monophosphate&nbsp;dehydrogenase,63.8
745310.G432_13985,rpsI,COG0103&nbsp;Ribosomal&nbsp;protein&nbsp;S9,63.8
745310.G432_06890,G432_06890,annotation&nbsp;not&nbsp;available,63.7
745310.G432_06065,G432_06065,OmpA/MotB&nbsp;domain-containing&nbsp;protein,63.7
745310.G432_11170,G432_11170,SmpA/OmlA&nbsp;domain-containing&nbsp;protein,63.7
745310.G432_02740,trpE,Anthranilate&nbsp;synthase&nbsp;component&nbsp;1,63.7
745310.G432_02545,tal,Probable&nbsp;transaldolase,63.7
745310.G432_06185,G432_06185,COG0652&nbsp;Peptidyl-prolyl&nbsp;cis-trans&nbsp;isomerase&nbsp;(rotamase)&nbsp;-&nbsp;cyclophilin&nbsp;family,63.7
745310.G432_04335,sdhA,"COG1053&nbsp;Succinate&nbsp;dehydrogenase/fumarate&nbsp;reductase,&nbsp;flavoprotein&nbsp;subunit",63.6
745310.G432_16555,G432_16555,"COG0646&nbsp;Methionine&nbsp;synthase&nbsp;I&nbsp;(cobalamin-dependent),&nbsp;methyltransferase&nbsp;domain",63.6
745310.G432_05995,G432_05995,Flagellar&nbsp;basal&nbsp;body&nbsp;rod&nbsp;protein&nbsp;FlgB,63.6
745310.G432_10665,G432_10665,COG0841&nbsp;Cation/multidrug&nbsp;efflux&nbsp;pump,63.6
745310.G432_04040,G432_04040,COG0625&nbsp;Glutathione&nbsp;S-transferase,63.5
745310.G432_00200,nuoH,NADH-quinone&nbsp;oxidoreductase&nbsp;subunit&nbsp;H,63.4
745310.G432_07105,secD,Protein&nbsp;translocase&nbsp;subunit&nbsp;SecD,63.4
745310.G432_09475,G432_09475,Glutamate--tRNA&nbsp;ligase,63.2
745310.G432_10055,uvrB,UvrABC&nbsp;system&nbsp;protein&nbsp;B,63.2
745310.G432_11210,G432_11210,Uncharacterized&nbsp;protein,63.2
745310.G432_09115,G432_09115,"COG1845&nbsp;Heme/copper-type&nbsp;cytochrome/quinol&nbsp;oxidase,&nbsp;subunit&nbsp;3",63.0
745310.G432_13455,G432_13455,RND&nbsp;family&nbsp;efflux&nbsp;transporter&nbsp;MFP&nbsp;subunit,63.0
745310.G432_11760,G432_11760,COG1502&nbsp;Phosphatidylserine/phosphatidylglycerophosphate/cardiolipi&nbsp;n&nbsp;synthases&nbsp;and&nbsp;related&nbsp;enzymes,63.0
745310.G432_07605,rpsO,30S&nbsp;ribosomal&nbsp;protein&nbsp;S15,63.0
745310.G432_15790,G432_15790,ABC&nbsp;transporter&nbsp;ATP-binding&nbsp;protein,62.9
745310.G432_04285,tsf,Elongation&nbsp;factor&nbsp;Ts,62.8
745310.G432_10670,G432_10670,RND-family&nbsp;efflux&nbsp;transporter,62.8
745310.G432_14415,proC,Pyrroline-5-carboxylate&nbsp;reductase,62.7
745310.G432_12820,cobD,Cobalamin&nbsp;biosynthesis&nbsp;protein&nbsp;CobD,62.7
745310.G432_02855,ndk,Nucleoside&nbsp;diphosphate&nbsp;kinase,62.7
745310.G432_14600,G432_14600,Tryptophan&nbsp;halogenase,62.5
745310.G432_16795,G432_16795,Molybdate&nbsp;ABC&nbsp;transporter&nbsp;substrate-binding&nbsp;protein,62.5
745310.G432_01720,G432_01720,"COG0022&nbsp;Pyruvate/2-oxoglutarate&nbsp;dehydrogenase&nbsp;complex,&nbsp;dehydrogenase&nbsp;(E1)&nbsp;component,&nbsp;eukaryotic&nbsp;type,&nbsp;beta&nbsp;subunit",62.3
745310.G432_06385,G432_06385,Trehalose&nbsp;6-phosphate&nbsp;phosphatase,62.3
745310.G432_06060,G432_06060,COG1291&nbsp;Flagellar&nbsp;motor&nbsp;component,62.2
745310.G432_07530,ctc,50S&nbsp;ribosomal&nbsp;protein&nbsp;L25,62.0
745310.G432_02750,G432_02750,COG0512&nbsp;Anthranilate/para-aminobenzoate&nbsp;synthases&nbsp;component&nbsp;II,61.9
745310.G432_10315,G432_10315,COG0174&nbsp;Glutamine&nbsp;synthetase,61.8
745310.G432_12785,G432_12785,COG2084&nbsp;3-hydroxyisobutyrate&nbsp;dehydrogenase&nbsp;and&nbsp;related&nbsp;beta-hydroxyacid&nbsp;dehydrogenases,61.8
745310.G432_06075,G432_06075,ATP&nbsp;synthase&nbsp;subunit&nbsp;b,61.7
745310.G432_11710,G432_11710,annotation&nbsp;not&nbsp;available,61.7
745310.G432_03960,sucD,Succinate--CoA&nbsp;ligase&nbsp;[ADP-forming]&nbsp;subunit&nbsp;alpha,61.7
745310.G432_00810,ccmC,Heme&nbsp;exporter&nbsp;protein&nbsp;C,61.6
745310.G432_11165,G432_11165,COG0281&nbsp;Malic&nbsp;enzyme,61.5
745310.G432_00795,G432_00795,COG0334&nbsp;Glutamate&nbsp;dehydrogenase/leucine&nbsp;dehydrogenase,61.5
745310.G432_17455,argC,N-acetyl-gamma-glutamyl-phosphate&nbsp;reductase,61.4
745310.G432_03395,G432_03395,RfbL&nbsp;protein,61.4
745310.G432_06050,G432_06050,Sulfatase,61.4
745310.G432_01520,G432_01520,"COG0581&nbsp;ABC-type&nbsp;phosphate&nbsp;transport&nbsp;system,&nbsp;permease&nbsp;component",61.2
745310.G432_17840,thiE,Thiamine-phosphate&nbsp;synthase,61.2
745310.G432_10955,G432_10955,"COG4770&nbsp;Acetyl/propionyl-CoA&nbsp;carboxylase,&nbsp;alpha&nbsp;subunit",61.2
745310.G432_17385,G432_17385,COG1045&nbsp;Serine&nbsp;acetyltransferase,61.2
745310.G432_04325,G432_04325,"COG2009&nbsp;Succinate&nbsp;dehydrogenase/fumarate&nbsp;reductase,&nbsp;cytochrome&nbsp;b&nbsp;subunit",61.0
745310.G432_16490,G432_16490,AMP&nbsp;nucleosidase,60.9
745310.G432_10410,fumC,Fumarate&nbsp;hydratase&nbsp;class&nbsp;II,60.9
745310.G432_06865,infA,Translation&nbsp;initiation&nbsp;factor&nbsp;IF-1,60.7
745310.G432_14050,G432_14050,Uncharacterized&nbsp;protein,60.7
745310.G432_00405,G432_00405,COG0065&nbsp;3-isopropylmalate&nbsp;dehydratase&nbsp;large&nbsp;subunit,60.6
745310.G432_16395,G432_16395,Thiol-disulfide&nbsp;interchange&nbsp;protein,60.6
745310.G432_14060,G432_14060,"COG2057&nbsp;Acyl&nbsp;CoA:acetate/3-ketoacid&nbsp;CoA&nbsp;transferase,&nbsp;beta&nbsp;subunit",60.5
745310.G432_02025,apt,Adenine&nbsp;phosphoribosyltransferase,60.5
745310.G432_09025,purD,COG0151&nbsp;Phosphoribosylamine-glycine&nbsp;ligase,60.5
745310.G432_16845,ligA,DNA&nbsp;ligase,60.5
745310.G432_02730,tpiA,Triosephosphate&nbsp;isomerase,60.4
745310.G432_02710,G432_02710,COG0347&nbsp;Nitrogen&nbsp;regulatory&nbsp;protein&nbsp;PII,60.3
745310.G432_16895,G432_16895,Response&nbsp;regulator&nbsp;receiver&nbsp;protein,60.3
745310.G432_06575,G432_06575,Flagellar&nbsp;P-ring&nbsp;protein,60.3
745310.G432_01795,G432_01795,3-oxoacyl-[acyl-carrier-protein]&nbsp;synthase&nbsp;2,60.3
745310.G432_03545,lolD,Lipoprotein-releasing&nbsp;system&nbsp;ATP-binding&nbsp;protein&nbsp;LolD,60.2
745310.G432_06495,G432_06495,SMP-30/gluconolaconase/LRE&nbsp;domain-containing&nbsp;protein,60.2
745310.G432_10895,G432_10895,COG0443&nbsp;Molecular&nbsp;chaperone,60.2
745310.G432_07345,ureA,Urease&nbsp;subunit&nbsp;gamma,60.1
745310.G432_04290,rpsB,COG0052&nbsp;Ribosomal&nbsp;protein&nbsp;S2,60.1
745310.G432_12760,G432_12760,COG1012&nbsp;NAD-dependent&nbsp;aldehyde&nbsp;dehydrogenases,60.0
745310.G432_00655,rpoD,RNA&nbsp;polymerase&nbsp;sigma&nbsp;factor&nbsp;RpoD,60.0
745310.G432_06820,fliM,Flagellar&nbsp;motor&nbsp;switch&nbsp;protein&nbsp;FliM,59.8
745310.G432_05980,G432_05980,COG1261&nbsp;Flagellar&nbsp;basal&nbsp;body&nbsp;P-ring&nbsp;biosynthesis&nbsp;protein,59.8
745310.G432_09820,G432_09820,Dihydrofolate&nbsp;reductase,59.7
745310.G432_04850,G432_04850,annotation&nbsp;not&nbsp;available,59.7
745310.G432_08190,G432_08190,Acetyltransferase&nbsp;component&nbsp;of&nbsp;pyruvate&nbsp;dehydrogenase&nbsp;complex,59.7
745310.G432_03025,G432_03025,COG0492&nbsp;Thioredoxin&nbsp;reductase,59.6
745310.G432_17155,glpD,COG0578&nbsp;Glycerol-3-phosphate&nbsp;dehydrogenase,59.6
745310.G432_07120,bamD,Outer&nbsp;membrane&nbsp;protein&nbsp;assembly&nbsp;factor&nbsp;BamD,59.6
745310.G432_02485,dnaK,Chaperone&nbsp;protein&nbsp;DnaK,59.5
745310.G432_08965,guaA,GMP&nbsp;synthase&nbsp;[glutamine-hydrolyzing],59.5
745310.G432_06590,G432_06590,"COG1987&nbsp;Flagellar&nbsp;biosynthesis&nbsp;pathway,&nbsp;component&nbsp;FliQ",59.4
745310.G432_07515,glyS,"COG0751&nbsp;Glycyl-tRNA&nbsp;synthetase,&nbsp;beta&nbsp;subunit",59.4
745310.G432_12280,G432_12280,Exonuclease,59.3
745310.G432_13180,G432_13180,Phosphofructokinase,59.2
745310.G432_13005,G432_13005,COG0067&nbsp;Glutamate&nbsp;synthase&nbsp;domain&nbsp;1,59.2
745310.G432_02955,G432_02955,PTS&nbsp;system&nbsp;fructose&nbsp;subfamily&nbsp;transporter&nbsp;subunit&nbsp;IIA,59.0
745310.G432_09620,glpX,"COG1494&nbsp;Fructose-1,6-bisphosphatase/sedoheptulose&nbsp;1,7-bisphosphatase&nbsp;and&nbsp;related&nbsp;proteins",58.9
745310.G432_08800,G432_08800,FeS&nbsp;assembly&nbsp;ATPase&nbsp;SufC,58.9
745310.G432_09695,araG,Arabinose&nbsp;import&nbsp;ATP-binding&nbsp;protein&nbsp;AraG,58.8
745310.G432_14580,hppA,K(+)-insensitive&nbsp;pyrophosphate-energized&nbsp;proton&nbsp;pump,58.8
745310.G432_11055,G432_11055,Transport&nbsp;permease&nbsp;protein,58.8
745310.G432_05925,G432_05925,annotation&nbsp;not&nbsp;available,58.8
745310.G432_10605,thrS,Threonine--tRNA&nbsp;ligase,58.7
745310.G432_01830,rplI,50S&nbsp;ribosomal&nbsp;protein&nbsp;L9,58.6
745310.G432_06620,G432_06620,Flagellar&nbsp;biosynthetic&nbsp;protein&nbsp;FliP,58.6
745310.G432_15470,gatA,Glutamyl-tRNA(Gln)&nbsp;amidotransferase&nbsp;subunit&nbsp;A,58.4
745310.G432_11215,G432_11215,ABC&nbsp;transporter-like&nbsp;protein,58.3
745310.G432_15420,rpmH,COG0230&nbsp;Ribosomal&nbsp;protein&nbsp;L34,58.3
745310.G432_16280,G432_16280,COG1012&nbsp;NAD-dependent&nbsp;aldehyde&nbsp;dehydrogenases,58.3
745310.G432_00680,carA,COG0505&nbsp;Carbamoylphosphate&nbsp;synthase&nbsp;small&nbsp;subunit,58.3
745310.G432_15010,G432_15010,"COG1252&nbsp;NADH&nbsp;dehydrogenase,&nbsp;FAD-containing&nbsp;subunit",58.2
745310.G432_08130,rplD,50S&nbsp;ribosomal&nbsp;protein&nbsp;L4,58.1
745310.G432_01525,pstB,Phosphate&nbsp;import&nbsp;ATP-binding&nbsp;protein&nbsp;PstB,58.1
745310.G432_12725,G432_12725,COG1012&nbsp;NAD-dependent&nbsp;aldehyde&nbsp;dehydrogenases,58.1
745310.G432_13285,G432_13285,COG2301&nbsp;Citrate&nbsp;lyase&nbsp;beta&nbsp;subunit,58.0
745310.G432_08075,rplE,50S&nbsp;ribosomal&nbsp;protein&nbsp;L5,58.0
745310.G432_03635,G432_03635,annotation&nbsp;not&nbsp;available,58.0
745310.G432_01725,G432_01725,"COG1071&nbsp;Pyruvate/2-oxoglutarate&nbsp;dehydrogenase&nbsp;complex,&nbsp;dehydrogenase&nbsp;(E1)&nbsp;component,&nbsp;eukaryotic&nbsp;type,&nbsp;alpha&nbsp;subunit",57.9
745310.G432_05895,G432_05895,Flagellar&nbsp;motor&nbsp;switch&nbsp;protein&nbsp;FliN,57.8
745310.G432_01715,G432_01715,"COG0508&nbsp;Pyruvate/2-oxoglutarate&nbsp;dehydrogenase&nbsp;complex,&nbsp;dihydrolipoamide&nbsp;acyltransferase&nbsp;(E2)&nbsp;component,&nbsp;and&nbsp;related&nbsp;enzymes",57.8
745310.G432_07520,glyQ,"COG0752&nbsp;Glycyl-tRNA&nbsp;synthetase,&nbsp;alpha&nbsp;subunit",57.7
745310.G432_08085,rplN,50S&nbsp;ribosomal&nbsp;protein&nbsp;L14,57.7
745310.G432_12675,G432_12675,COG0189&nbsp;Glutathione&nbsp;synthase/Ribosomal&nbsp;protein&nbsp;S6&nbsp;modification&nbsp;enzyme&nbsp;(glutaminyl&nbsp;transferase),57.7
745310.G432_14265,ctaG,Cytochrome&nbsp;c&nbsp;oxidase&nbsp;assembly&nbsp;protein&nbsp;CtaG,57.6
745310.G432_10240,hpf,Ribosome&nbsp;hibernation&nbsp;promoting&nbsp;factor,57.6
745310.G432_02635,G432_02635,COG3474&nbsp;Cytochrome&nbsp;c2,57.5
745310.G432_05715,hisG,ATP&nbsp;phosphoribosyltransferase,57.5
745310.G432_08055,rplR,50S&nbsp;ribosomal&nbsp;protein&nbsp;L18,57.4
745310.G432_09700,araH,L-arabinose&nbsp;transporter&nbsp;permease&nbsp;protein,57.2
745310.G432_15935,G432_15935,Bifunctional&nbsp;D-altronate/D-mannonate&nbsp;dehydratase,57.2
745310.G432_10325,G432_10325,Binding-protein-dependent&nbsp;transport&nbsp;system&nbsp;inner&nbsp;membrane&nbsp;protein,57.1
745310.G432_17395,leuA,2-isopropylmalate&nbsp;synthase,57.1
745310.G432_17875,secE,Protein&nbsp;translocase&nbsp;subunit&nbsp;SecE,57.0
745310.G432_09565,G432_09565,COG1063&nbsp;Threonine&nbsp;dehydrogenase&nbsp;and&nbsp;related&nbsp;Zn-dependent&nbsp;dehydrogenases,56.8
745310.G432_14395,G432_14395,Acriflavin&nbsp;resistance&nbsp;protein,56.8
745310.G432_04820,G432_04820,COG0183&nbsp;Acetyl-CoA&nbsp;acetyltransferase,56.8
745310.G432_08925,G432_08925,Putative&nbsp;PQQ&nbsp;enzyme,56.7
745310.G432_16015,G432_16015,COG3119&nbsp;Arylsulfatase&nbsp;A&nbsp;and&nbsp;related&nbsp;enzymes,56.7
745310.G432_01040,G432_01040,COG0318&nbsp;Acyl-CoA&nbsp;synthetases&nbsp;(AMP-forming)/AMP-acid&nbsp;ligases&nbsp;II,56.6
745310.G432_15645,rpsA,30S&nbsp;ribosomal&nbsp;protein&nbsp;S1,56.6
745310.G432_05965,G432_05965,Flagellar&nbsp;biosynthesis&nbsp;protein&nbsp;FlhA,56.6
745310.G432_06600,G432_06600,COG1558&nbsp;Flagellar&nbsp;basal&nbsp;body&nbsp;rod&nbsp;protein,56.3
745310.G432_13760,rpmJ,COG0257&nbsp;Ribosomal&nbsp;protein&nbsp;L36,56.2
745310.G432_11620,G432_11620,RNA&nbsp;polymerase&nbsp;sigma-54&nbsp;factor,56.2
745310.G432_06315,G432_06315,COG2301&nbsp;Citrate&nbsp;lyase&nbsp;beta&nbsp;subunit,56.2
745310.G432_15535,G432_15535,4-phytase,56.0
745310.G432_01505,G432_01505,Two-component&nbsp;system&nbsp;phosphate&nbsp;regulon&nbsp;sensor&nbsp;histidine&nbsp;kinase&nbsp;PhoR,55.9
745310.G432_09075,clpS,ATP-dependent&nbsp;Clp&nbsp;protease&nbsp;adapter&nbsp;protein&nbsp;ClpS,55.9
745310.G432_01675,hutH,COG2986&nbsp;Histidine&nbsp;ammonia-lyase,55.9
745310.G432_04330,G432_04330,"COG2142&nbsp;Succinate&nbsp;dehydrogenase,&nbsp;hydrophobic&nbsp;anchor&nbsp;subunit",55.8
745310.G432_10660,G432_10660,Secretion&nbsp;protein&nbsp;HlyD,55.8
745310.G432_03010,G432_03010,Orn/DAP/Arg&nbsp;decarboxylase&nbsp;2,55.8
745310.G432_03750,G432_03750,COG0625&nbsp;Glutathione&nbsp;S-transferase,55.7
745310.G432_15475,gatB,Aspartyl/glutamyl-tRNA(Asn/Gln)&nbsp;amidotransferase&nbsp;subunit&nbsp;B,55.6
745310.G432_06775,G432_06775,COG1256&nbsp;Flagellar&nbsp;hook-associated&nbsp;protein,55.6
745310.G432_00830,G432_00830,Cytochrome&nbsp;c-type&nbsp;biogenesis&nbsp;protein,55.6
745310.G432_08830,pyrD,Dihydroorotate&nbsp;dehydrogenase&nbsp;(quinone),55.5
745310.G432_01345,G432_01345,Glycine&nbsp;dehydrogenase&nbsp;(aminomethyl-transferring),55.4
745310.G432_14625,G432_14625,COG0169&nbsp;Shikimate&nbsp;5-dehydrogenase,55.3
745310.G432_11595,gyrB,DNA&nbsp;gyrase&nbsp;subunit&nbsp;B,55.3
745310.G432_14425,ilvC,Ketol-acid&nbsp;reductoisomerase&nbsp;(NADP(+)),55.2
745310.G432_16270,G432_16270,S-formylglutathione&nbsp;hydrolase,55.1
745310.G432_10020,sucC,Succinate--CoA&nbsp;ligase&nbsp;[ADP-forming]&nbsp;subunit&nbsp;beta,55.0
745310.G432_16560,G432_16560,"COG1410&nbsp;Methionine&nbsp;synthase&nbsp;I,&nbsp;cobalamin-binding&nbsp;domain",54.9
745310.G432_08240,argB,Acetylglutamate&nbsp;kinase,54.8
745310.G432_03985,G432_03985,Fmu&nbsp;(Sun)&nbsp;domain-containing&nbsp;protein,54.8
745310.G432_02220,leuB,3-isopropylmalate&nbsp;dehydrogenase,54.7
745310.G432_12775,G432_12775,COG1024&nbsp;Enoyl-CoA&nbsp;hydratase/carnithine&nbsp;racemase,54.7
745310.G432_15780,G432_15780,Binding-protein-dependent&nbsp;transport&nbsp;system&nbsp;inner&nbsp;membrane&nbsp;protein,54.6
745310.G432_06770,G432_06770,COG1749&nbsp;Flagellar&nbsp;hook&nbsp;protein&nbsp;FlgE,54.6
745310.G432_08280,G432_08280,Pyridoxal-5'-phosphate-dependent&nbsp;protein&nbsp;subunit&nbsp;beta,54.5
745310.G432_10345,G432_10345,COG0174&nbsp;Glutamine&nbsp;synthetase,54.5
745310.G432_04705,G432_04705,COG0318&nbsp;Acyl-CoA&nbsp;synthetases&nbsp;(AMP-forming)/AMP-acid&nbsp;ligases&nbsp;II,54.4
745310.G432_16190,G432_16190,23S&nbsp;rRNA&nbsp;(Uracil-5-)-methyltransferase&nbsp;RumA,54.3
745310.G432_12940,G432_12940,COG3119&nbsp;Arylsulfatase&nbsp;A&nbsp;and&nbsp;related&nbsp;enzymes,54.3
745310.G432_01560,G432_01560,COG1045&nbsp;Serine&nbsp;acetyltransferase,54.3
745310.G432_04235,rpmE,50S&nbsp;ribosomal&nbsp;protein&nbsp;L31,54.2
745310.G432_15995,G432_15995,COG1573&nbsp;Uracil-DNA&nbsp;glycosylase,54.2
745310.G432_01025,G432_01025,COG0183&nbsp;Acetyl-CoA&nbsp;acetyltransferase,54.1
745310.G432_08140,rpsJ,30S&nbsp;ribosomal&nbsp;protein&nbsp;S10,54.1
745310.G432_03615,G432_03615,Protein-glutamate&nbsp;methylesterase,54.1
745310.G432_05880,G432_05880,"COG1987&nbsp;Flagellar&nbsp;biosynthesis&nbsp;pathway,&nbsp;component&nbsp;FliQ",54.0
745310.G432_17365,hisI,Phosphoribosyl-AMP&nbsp;cyclohydrolase,54.0
745310.G432_17500,surE,5'-nucleotidase&nbsp;SurE,53.9
745310.G432_16835,G432_16835,COG0625&nbsp;Glutathione&nbsp;S-transferase,53.9
745310.G432_17725,cysC,Multifunctional&nbsp;fusion&nbsp;protein,53.9
745310.G432_12585,G432_12585,"COG1062&nbsp;Zn-dependent&nbsp;alcohol&nbsp;dehydrogenases,&nbsp;class&nbsp;III",53.8
745310.G432_06090,atpB,ATP&nbsp;synthase&nbsp;subunit&nbsp;a,53.7
745310.G432_11650,G432_11650,Beta&nbsp;sliding&nbsp;clamp,53.7
745310.G432_12960,G432_12960,"Putative&nbsp;xanthine&nbsp;dehydrogenase,&nbsp;FAD&nbsp;binding&nbsp;subunit",53.7
745310.G432_00910,asd,Aspartate-semialdehyde&nbsp;dehydrogenase,53.6
745310.G432_17585,G432_17585,COG2070&nbsp;Dioxygenases&nbsp;related&nbsp;to&nbsp;2-nitropropane&nbsp;dioxygenase,53.6
745310.G432_19055,G432_19055,RND&nbsp;family&nbsp;efflux&nbsp;transporter&nbsp;MFP&nbsp;subunit,53.5
745310.G432_00825,G432_00825,Periplasmic&nbsp;protein&nbsp;thiol--disulfide&nbsp;oxidoreductase&nbsp;DsbE,53.5
745310.G432_16150,G432_16150,Uncharacterized&nbsp;protein,53.3
745310.G432_02400,G432_02400,Beta-N-acetylhexosaminidase,53.2
745310.G432_08100,rplP,50S&nbsp;ribosomal&nbsp;protein&nbsp;L16,53.2
745310.G432_16825,nrdF,Ribonucleoside-diphosphate&nbsp;reductase&nbsp;subunit&nbsp;beta,53.2
745310.G432_10225,aroE,Shikimate&nbsp;dehydrogenase&nbsp;(NADP(+)),53.2
745310.G432_00185,G432_00185,COG1905&nbsp;NADH:ubiquinone&nbsp;oxidoreductase&nbsp;24&nbsp;kD&nbsp;subunit,53.1
745310.G432_08125,rplW,50S&nbsp;ribosomal&nbsp;protein&nbsp;L23,53.1
745310.G432_07990,G432_07990,Dethiobiotin&nbsp;synthase,53.1
745310.G432_14385,G432_14385,Rieske&nbsp;(2Fe-2S)&nbsp;domain-containing&nbsp;protein,52.9
745310.G432_00230,nuoN,NADH-quinone&nbsp;oxidoreductase&nbsp;subunit&nbsp;N,52.8
745310.G432_02645,G432_02645,NUDIX&nbsp;hydrolase,52.8
745310.G432_10165,gidA,tRNA&nbsp;uridine&nbsp;5-carboxymethylaminomethyl&nbsp;modification&nbsp;enzyme&nbsp;MnmG,52.7
745310.G432_02040,G432_02040,Ubiquinol-cytochrome&nbsp;c&nbsp;reductase&nbsp;iron-sulfur&nbsp;subunit,52.7
745310.G432_06045,G432_06045,Flagellin,52.6
745310.G432_05465,tatC,Sec-independent&nbsp;protein&nbsp;translocase&nbsp;protein&nbsp;TatC,52.6
745310.G432_11780,pheS,COG0016&nbsp;Phenylalanyl-tRNA&nbsp;synthetase&nbsp;alpha&nbsp;subunit,52.6
745310.G432_10185,G432_10185,Carboxymethylenebutenolidase,52.5
745310.G432_09155,G432_09155,Hopanoid&nbsp;biosynthesis&nbsp;associated&nbsp;membrane&nbsp;protein&nbsp;HpnM,52.5
745310.G432_14245,G432_14245,Cytochrome&nbsp;c&nbsp;oxidase&nbsp;subunit&nbsp;2,52.5
745310.G432_09105,G432_09105,"COG1622&nbsp;Heme/copper-type&nbsp;cytochrome/quinol&nbsp;oxidases,&nbsp;subunit&nbsp;2",52.4
745310.G432_13105,G432_13105,COG0840&nbsp;Methyl-accepting&nbsp;chemotaxis&nbsp;protein,52.4
745310.G432_09540,G432_09540,Short-chain&nbsp;dehydrogenase/reductase&nbsp;SDR,52.3
745310.G432_14000,ctaA,Heme&nbsp;A&nbsp;synthase,52.3
745310.G432_15335,rpsT,30S&nbsp;ribosomal&nbsp;protein&nbsp;S20,52.2
745310.G432_01360,gcvH,Glycine&nbsp;cleavage&nbsp;system&nbsp;H&nbsp;protein,52.2
745310.G432_10025,G432_10025,"COG2086&nbsp;Electron&nbsp;transfer&nbsp;flavoprotein,&nbsp;beta&nbsp;subunit",52.2
745310.G432_06700,G432_06700,COG4566&nbsp;Response&nbsp;regulator,52.1
745310.G432_11230,ppc,Phosphoenolpyruvate&nbsp;carboxylase,52.1
745310.G432_12955,G432_12955,Aldehyde&nbsp;oxidase&nbsp;and&nbsp;xanthine&nbsp;dehydrogenase&nbsp;molybdopterin&nbsp;binding&nbsp;protein,52.0
745310.G432_11770,rplT,50S&nbsp;ribosomal&nbsp;protein&nbsp;L20,51.9
745310.G432_17340,leuD,3-isopropylmalate&nbsp;dehydratase&nbsp;small&nbsp;subunit,51.8
745310.G432_11975,ruvB,Holliday&nbsp;junction&nbsp;ATP-dependent&nbsp;DNA&nbsp;helicase&nbsp;RuvB,51.8
745310.G432_00625,G432_00625,DNA&nbsp;polymerase&nbsp;III&nbsp;subunit&nbsp;delta,51.7
745310.G432_01240,G432_01240,COG0681&nbsp;Signal&nbsp;peptidase&nbsp;I,51.7
745310.G432_17855,rplJ,50S&nbsp;ribosomal&nbsp;protein&nbsp;L10,51.6
745310.G432_11755,rpoZ,DNA-directed&nbsp;RNA&nbsp;polymerase&nbsp;subunit&nbsp;omega,51.5
745310.G432_11895,G432_11895,Aminotransferase,51.5
745310.G432_15100,G432_15100,Protein&nbsp;BenA,51.4
745310.G432_06395,G432_06395,COG0380&nbsp;Trehalose-6-phosphate&nbsp;synthase,51.4
745310.G432_14210,rpsU,COG0828&nbsp;Ribosomal&nbsp;protein&nbsp;S21,51.4
745310.G432_07365,ureF,Urease&nbsp;accessory&nbsp;protein&nbsp;UreF,51.4
745310.G432_08135,rplC,50S&nbsp;ribosomal&nbsp;protein&nbsp;L3,51.4
745310.G432_03210,G432_03210,COG3288&nbsp;NAD/NADP&nbsp;transhydrogenase&nbsp;alpha&nbsp;subunit,51.2
