1449076.JOOE01000001_gene2253,JOOE01000001_gene2253,annotation&nbsp;not&nbsp;available,98.9
1449076.JOOE01000002_gene1243,JOOE01000002_gene1243,annotation&nbsp;not&nbsp;available,98.9
1449076.JOOE01000001_gene1809,JOOE01000001_gene1809,annotation&nbsp;not&nbsp;available,98.9
1449076.JOOE01000003_gene3331,JOOE01000003_gene3331,annotation&nbsp;not&nbsp;available,98.7
1449076.JOOE01000002_gene1384,JOOE01000002_gene1384,annotation&nbsp;not&nbsp;available,98.6
1449076.JOOE01000001_gene2872,JOOE01000001_gene2872,annotation&nbsp;not&nbsp;available,98.6
1449076.JOOE01000004_gene349,JOOE01000004_gene349,annotation&nbsp;not&nbsp;available,98.6
1449076.JOOE01000003_gene3118,JOOE01000003_gene3118,annotation&nbsp;not&nbsp;available,98.6
1449076.JOOE01000001_gene2116,JOOE01000001_gene2116,annotation&nbsp;not&nbsp;available,98.6
1449076.JOOE01000003_gene3588,JOOE01000003_gene3588,annotation&nbsp;not&nbsp;available,98.5
1449076.JOOE01000004_gene615,JOOE01000004_gene615,annotation&nbsp;not&nbsp;available,98.5
1449076.JOOE01000002_gene760,JOOE01000002_gene760,annotation&nbsp;not&nbsp;available,98.4
1449076.JOOE01000001_gene2547,JOOE01000001_gene2547,annotation&nbsp;not&nbsp;available,98.3
1449076.JOOE01000006_gene667,JOOE01000006_gene667,annotation&nbsp;not&nbsp;available,98.3
1449076.JOOE01000003_gene3224,JOOE01000003_gene3224,annotation&nbsp;not&nbsp;available,98.1
1449076.JOOE01000002_gene1058,JOOE01000002_gene1058,annotation&nbsp;not&nbsp;available,98.1
1449076.JOOE01000001_gene2892,JOOE01000001_gene2892,annotation&nbsp;not&nbsp;available,98.0
1449076.JOOE01000001_gene2080,JOOE01000001_gene2080,annotation&nbsp;not&nbsp;available,98.0
1449076.JOOE01000002_gene1342,JOOE01000002_gene1342,annotation&nbsp;not&nbsp;available,98.0
1449076.JOOE01000004_gene29,JOOE01000004_gene29,annotation&nbsp;not&nbsp;available,98.0
1449076.JOOE01000004_gene292,JOOE01000004_gene292,annotation&nbsp;not&nbsp;available,97.9
1449076.JOOE01000005_gene1619,JOOE01000005_gene1619,annotation&nbsp;not&nbsp;available,97.9
1449076.JOOE01000002_gene1431,JOOE01000002_gene1431,annotation&nbsp;not&nbsp;available,97.9
1449076.JOOE01000002_gene749,JOOE01000002_gene749,annotation&nbsp;not&nbsp;available,97.8
1449076.JOOE01000001_gene2709,JOOE01000001_gene2709,annotation&nbsp;not&nbsp;available,97.8
1449076.JOOE01000002_gene990,JOOE01000002_gene990,annotation&nbsp;not&nbsp;available,97.8
1449076.JOOE01000002_gene1357,JOOE01000002_gene1357,annotation&nbsp;not&nbsp;available,97.8
1449076.JOOE01000001_gene3003,JOOE01000001_gene3003,annotation&nbsp;not&nbsp;available,97.6
1449076.JOOE01000003_gene3516,JOOE01000003_gene3516,annotation&nbsp;not&nbsp;available,97.6
1449076.JOOE01000002_gene1216,JOOE01000002_gene1216,annotation&nbsp;not&nbsp;available,97.6
1449076.JOOE01000004_gene614,JOOE01000004_gene614,annotation&nbsp;not&nbsp;available,97.6
1449076.JOOE01000002_gene1115,JOOE01000002_gene1115,annotation&nbsp;not&nbsp;available,97.5
1449076.JOOE01000001_gene2017,JOOE01000001_gene2017,annotation&nbsp;not&nbsp;available,97.5
1449076.JOOE01000004_gene352,JOOE01000004_gene352,annotation&nbsp;not&nbsp;available,97.5
1449076.JOOE01000001_gene2733,JOOE01000001_gene2733,annotation&nbsp;not&nbsp;available,97.4
1449076.JOOE01000004_gene559,JOOE01000004_gene559,annotation&nbsp;not&nbsp;available,97.4
1449076.JOOE01000004_gene4,JOOE01000004_gene4,annotation&nbsp;not&nbsp;available,97.4
1449076.JOOE01000003_gene3628,JOOE01000003_gene3628,annotation&nbsp;not&nbsp;available,97.4
1449076.JOOE01000004_gene314,JOOE01000004_gene314,annotation&nbsp;not&nbsp;available,97.3
1449076.JOOE01000002_gene857,JOOE01000002_gene857,annotation&nbsp;not&nbsp;available,97.2
1449076.JOOE01000004_gene493,JOOE01000004_gene493,annotation&nbsp;not&nbsp;available,97.1
1449076.JOOE01000001_gene2446,JOOE01000001_gene2446,annotation&nbsp;not&nbsp;available,97.1
1449076.JOOE01000003_gene3247,JOOE01000003_gene3247,annotation&nbsp;not&nbsp;available,97.1
1449076.JOOE01000004_gene437,JOOE01000004_gene437,annotation&nbsp;not&nbsp;available,97.1
1449076.JOOE01000001_gene2460,JOOE01000001_gene2460,annotation&nbsp;not&nbsp;available,97.1
1449076.JOOE01000001_gene2925,JOOE01000001_gene2925,annotation&nbsp;not&nbsp;available,97.0
1449076.JOOE01000001_gene2482,JOOE01000001_gene2482,annotation&nbsp;not&nbsp;available,96.9
1449076.JOOE01000002_gene1220,JOOE01000002_gene1220,annotation&nbsp;not&nbsp;available,96.9
1449076.JOOE01000001_gene2991,JOOE01000001_gene2991,annotation&nbsp;not&nbsp;available,96.9
1449076.JOOE01000001_gene2358,JOOE01000001_gene2358,annotation&nbsp;not&nbsp;available,96.8
1449076.JOOE01000001_gene1985,JOOE01000001_gene1985,annotation&nbsp;not&nbsp;available,96.7
1449076.JOOE01000001_gene2342,JOOE01000001_gene2342,annotation&nbsp;not&nbsp;available,96.7
1449076.JOOE01000001_gene2588,JOOE01000001_gene2588,annotation&nbsp;not&nbsp;available,96.6
1449076.JOOE01000001_gene2188,JOOE01000001_gene2188,annotation&nbsp;not&nbsp;available,96.5
1449076.JOOE01000004_gene199,JOOE01000004_gene199,annotation&nbsp;not&nbsp;available,96.5
1449076.JOOE01000004_gene281,JOOE01000004_gene281,annotation&nbsp;not&nbsp;available,96.4
1449076.JOOE01000004_gene527,JOOE01000004_gene527,annotation&nbsp;not&nbsp;available,96.4
1449076.JOOE01000001_gene2018,JOOE01000001_gene2018,annotation&nbsp;not&nbsp;available,96.3
1449076.JOOE01000001_gene1936,JOOE01000001_gene1936,annotation&nbsp;not&nbsp;available,96.3
1449076.JOOE01000001_gene2103,JOOE01000001_gene2103,annotation&nbsp;not&nbsp;available,96.2
1449076.JOOE01000002_gene815,JOOE01000002_gene815,annotation&nbsp;not&nbsp;available,96.2
1449076.JOOE01000003_gene3194,JOOE01000003_gene3194,annotation&nbsp;not&nbsp;available,96.1
1449076.JOOE01000001_gene1905,JOOE01000001_gene1905,annotation&nbsp;not&nbsp;available,96.1
1449076.JOOE01000002_gene1072,JOOE01000002_gene1072,annotation&nbsp;not&nbsp;available,96.1
1449076.JOOE01000001_gene2337,JOOE01000001_gene2337,annotation&nbsp;not&nbsp;available,95.9
1449076.JOOE01000002_gene1369,JOOE01000002_gene1369,annotation&nbsp;not&nbsp;available,95.9
1449076.JOOE01000001_gene1942,JOOE01000001_gene1942,annotation&nbsp;not&nbsp;available,95.9
1449076.JOOE01000004_gene348,JOOE01000004_gene348,annotation&nbsp;not&nbsp;available,95.9
1449076.JOOE01000002_gene1016,JOOE01000002_gene1016,annotation&nbsp;not&nbsp;available,95.8
1449076.JOOE01000001_gene2519,JOOE01000001_gene2519,annotation&nbsp;not&nbsp;available,95.8
1449076.JOOE01000001_gene2478,JOOE01000001_gene2478,annotation&nbsp;not&nbsp;available,95.8
1449076.JOOE01000002_gene1421,JOOE01000002_gene1421,annotation&nbsp;not&nbsp;available,95.8
1449076.JOOE01000001_gene2765,JOOE01000001_gene2765,annotation&nbsp;not&nbsp;available,95.7
1449076.JOOE01000002_gene848,JOOE01000002_gene848,annotation&nbsp;not&nbsp;available,95.6
1449076.JOOE01000004_gene224,JOOE01000004_gene224,annotation&nbsp;not&nbsp;available,95.6
1449076.JOOE01000001_gene2996,JOOE01000001_gene2996,annotation&nbsp;not&nbsp;available,95.6
1449076.JOOE01000001_gene2995,JOOE01000001_gene2995,annotation&nbsp;not&nbsp;available,95.6
1449076.JOOE01000001_gene2513,JOOE01000001_gene2513,annotation&nbsp;not&nbsp;available,95.6
1449076.JOOE01000001_gene1713,JOOE01000001_gene1713,annotation&nbsp;not&nbsp;available,95.5
1449076.JOOE01000001_gene1677,JOOE01000001_gene1677,annotation&nbsp;not&nbsp;available,95.5
1449076.JOOE01000001_gene1908,JOOE01000001_gene1908,annotation&nbsp;not&nbsp;available,95.5
1449076.JOOE01000002_gene1218,JOOE01000002_gene1218,annotation&nbsp;not&nbsp;available,95.5
1449076.JOOE01000004_gene574,JOOE01000004_gene574,annotation&nbsp;not&nbsp;available,95.4
1449076.JOOE01000003_gene3243,JOOE01000003_gene3243,annotation&nbsp;not&nbsp;available,95.4
1449076.JOOE01000002_gene939,JOOE01000002_gene939,annotation&nbsp;not&nbsp;available,95.4
1449076.JOOE01000001_gene2860,JOOE01000001_gene2860,annotation&nbsp;not&nbsp;available,95.3
1449076.JOOE01000003_gene3136,JOOE01000003_gene3136,annotation&nbsp;not&nbsp;available,95.3
1449076.JOOE01000001_gene2916,JOOE01000001_gene2916,annotation&nbsp;not&nbsp;available,95.3
1449076.JOOE01000001_gene1739,JOOE01000001_gene1739,annotation&nbsp;not&nbsp;available,95.2
1449076.JOOE01000002_gene1349,JOOE01000002_gene1349,annotation&nbsp;not&nbsp;available,95.2
1449076.JOOE01000002_gene1343,JOOE01000002_gene1343,annotation&nbsp;not&nbsp;available,95.1
1449076.JOOE01000002_gene1241,JOOE01000002_gene1241,annotation&nbsp;not&nbsp;available,95.1
1449076.JOOE01000001_gene2426,JOOE01000001_gene2426,annotation&nbsp;not&nbsp;available,95.0
1449076.JOOE01000003_gene3498,JOOE01000003_gene3498,annotation&nbsp;not&nbsp;available,95.0
1449076.JOOE01000001_gene1714,JOOE01000001_gene1714,annotation&nbsp;not&nbsp;available,95.0
1449076.JOOE01000001_gene2621,JOOE01000001_gene2621,annotation&nbsp;not&nbsp;available,94.9
1449076.JOOE01000001_gene1887,JOOE01000001_gene1887,annotation&nbsp;not&nbsp;available,94.9
1449076.JOOE01000001_gene2984,JOOE01000001_gene2984,annotation&nbsp;not&nbsp;available,94.9
1449076.JOOE01000003_gene3415,JOOE01000003_gene3415,annotation&nbsp;not&nbsp;available,94.9
1449076.JOOE01000001_gene2430,JOOE01000001_gene2430,annotation&nbsp;not&nbsp;available,94.9
1449076.JOOE01000001_gene1904,JOOE01000001_gene1904,annotation&nbsp;not&nbsp;available,94.8
1449076.JOOE01000001_gene2935,JOOE01000001_gene2935,annotation&nbsp;not&nbsp;available,94.8
1449076.JOOE01000001_gene2347,JOOE01000001_gene2347,annotation&nbsp;not&nbsp;available,94.7
1449076.JOOE01000004_gene404,JOOE01000004_gene404,annotation&nbsp;not&nbsp;available,94.7
1449076.JOOE01000002_gene892,JOOE01000002_gene892,annotation&nbsp;not&nbsp;available,94.7
1449076.JOOE01000003_gene3506,JOOE01000003_gene3506,annotation&nbsp;not&nbsp;available,94.7
1449076.JOOE01000002_gene1491,JOOE01000002_gene1491,annotation&nbsp;not&nbsp;available,94.6
1449076.JOOE01000004_gene83,JOOE01000004_gene83,annotation&nbsp;not&nbsp;available,94.6
1449076.JOOE01000003_gene3333,JOOE01000003_gene3333,annotation&nbsp;not&nbsp;available,94.6
1449076.JOOE01000003_gene3734,JOOE01000003_gene3734,annotation&nbsp;not&nbsp;available,94.4
1449076.JOOE01000003_gene3515,JOOE01000003_gene3515,annotation&nbsp;not&nbsp;available,94.4
1449076.JOOE01000004_gene317,JOOE01000004_gene317,annotation&nbsp;not&nbsp;available,94.4
1449076.JOOE01000003_gene3202,JOOE01000003_gene3202,annotation&nbsp;not&nbsp;available,94.4
1449076.JOOE01000004_gene61,JOOE01000004_gene61,annotation&nbsp;not&nbsp;available,94.3
1449076.JOOE01000002_gene1207,JOOE01000002_gene1207,annotation&nbsp;not&nbsp;available,94.3
1449076.JOOE01000001_gene2710,JOOE01000001_gene2710,annotation&nbsp;not&nbsp;available,94.2
1449076.JOOE01000002_gene1393,JOOE01000002_gene1393,annotation&nbsp;not&nbsp;available,94.2
1449076.JOOE01000003_gene3775,JOOE01000003_gene3775,annotation&nbsp;not&nbsp;available,94.2
1449076.JOOE01000001_gene2744,JOOE01000001_gene2744,annotation&nbsp;not&nbsp;available,94.1
1449076.JOOE01000004_gene90,JOOE01000004_gene90,annotation&nbsp;not&nbsp;available,94.1
1449076.JOOE01000002_gene1004,JOOE01000002_gene1004,annotation&nbsp;not&nbsp;available,94.0
1449076.JOOE01000003_gene3614,JOOE01000003_gene3614,annotation&nbsp;not&nbsp;available,94.0
1449076.JOOE01000002_gene751,JOOE01000002_gene751,annotation&nbsp;not&nbsp;available,93.9
1449076.JOOE01000003_gene3867,JOOE01000003_gene3867,annotation&nbsp;not&nbsp;available,93.9
1449076.JOOE01000004_gene69,JOOE01000004_gene69,annotation&nbsp;not&nbsp;available,93.9
1449076.JOOE01000003_gene3070,JOOE01000003_gene3070,annotation&nbsp;not&nbsp;available,93.8
1449076.JOOE01000001_gene1974,JOOE01000001_gene1974,annotation&nbsp;not&nbsp;available,93.8
1449076.JOOE01000002_gene887,JOOE01000002_gene887,annotation&nbsp;not&nbsp;available,93.8
1449076.JOOE01000001_gene2574,JOOE01000001_gene2574,annotation&nbsp;not&nbsp;available,93.8
1449076.JOOE01000002_gene1076,JOOE01000002_gene1076,annotation&nbsp;not&nbsp;available,93.7
1449076.JOOE01000004_gene620,JOOE01000004_gene620,annotation&nbsp;not&nbsp;available,93.6
1449076.JOOE01000001_gene1635,JOOE01000001_gene1635,annotation&nbsp;not&nbsp;available,93.6
1449076.JOOE01000003_gene3077,JOOE01000003_gene3077,annotation&nbsp;not&nbsp;available,93.6
1449076.JOOE01000002_gene1475,JOOE01000002_gene1475,annotation&nbsp;not&nbsp;available,93.6
1449076.JOOE01000003_gene3096,JOOE01000003_gene3096,annotation&nbsp;not&nbsp;available,93.5
1449076.JOOE01000002_gene1321,JOOE01000002_gene1321,annotation&nbsp;not&nbsp;available,93.4
1449076.JOOE01000002_gene1052,JOOE01000002_gene1052,annotation&nbsp;not&nbsp;available,93.3
1449076.JOOE01000001_gene1889,JOOE01000001_gene1889,annotation&nbsp;not&nbsp;available,93.3
1449076.JOOE01000002_gene1021,JOOE01000002_gene1021,annotation&nbsp;not&nbsp;available,93.3
1449076.JOOE01000002_gene1105,JOOE01000002_gene1105,annotation&nbsp;not&nbsp;available,93.2
1449076.JOOE01000003_gene3762,JOOE01000003_gene3762,annotation&nbsp;not&nbsp;available,93.2
1449076.JOOE01000001_gene2218,JOOE01000001_gene2218,annotation&nbsp;not&nbsp;available,93.2
1449076.JOOE01000004_gene435,JOOE01000004_gene435,annotation&nbsp;not&nbsp;available,93.2
1449076.JOOE01000002_gene1272,JOOE01000002_gene1272,annotation&nbsp;not&nbsp;available,93.1
1449076.JOOE01000001_gene2491,JOOE01000001_gene2491,annotation&nbsp;not&nbsp;available,93.1
1449076.JOOE01000001_gene2439,JOOE01000001_gene2439,annotation&nbsp;not&nbsp;available,93.1
1449076.JOOE01000002_gene999,JOOE01000002_gene999,annotation&nbsp;not&nbsp;available,93.1
1449076.JOOE01000004_gene126,JOOE01000004_gene126,annotation&nbsp;not&nbsp;available,93.0
1449076.JOOE01000001_gene1921,JOOE01000001_gene1921,annotation&nbsp;not&nbsp;available,93.0
1449076.JOOE01000002_gene1361,JOOE01000002_gene1361,annotation&nbsp;not&nbsp;available,93.0
1449076.JOOE01000003_gene3569,JOOE01000003_gene3569,annotation&nbsp;not&nbsp;available,93.0
1449076.JOOE01000002_gene715,JOOE01000002_gene715,annotation&nbsp;not&nbsp;available,93.0
1449076.JOOE01000001_gene2998,JOOE01000001_gene2998,annotation&nbsp;not&nbsp;available,93.0
1449076.JOOE01000002_gene1100,JOOE01000002_gene1100,annotation&nbsp;not&nbsp;available,92.9
1449076.JOOE01000001_gene2653,JOOE01000001_gene2653,annotation&nbsp;not&nbsp;available,92.9
1449076.JOOE01000002_gene761,JOOE01000002_gene761,annotation&nbsp;not&nbsp;available,92.9
1449076.JOOE01000002_gene1383,JOOE01000002_gene1383,annotation&nbsp;not&nbsp;available,92.9
1449076.JOOE01000001_gene1662,JOOE01000001_gene1662,annotation&nbsp;not&nbsp;available,92.8
1449076.JOOE01000002_gene1434,JOOE01000002_gene1434,annotation&nbsp;not&nbsp;available,92.8
1449076.JOOE01000001_gene2046,JOOE01000001_gene2046,annotation&nbsp;not&nbsp;available,92.8
1449076.JOOE01000001_gene1947,JOOE01000001_gene1947,annotation&nbsp;not&nbsp;available,92.7
1449076.JOOE01000004_gene551,JOOE01000004_gene551,annotation&nbsp;not&nbsp;available,92.7
1449076.JOOE01000001_gene2772,JOOE01000001_gene2772,annotation&nbsp;not&nbsp;available,92.7
1449076.JOOE01000004_gene81,JOOE01000004_gene81,annotation&nbsp;not&nbsp;available,92.6
1449076.JOOE01000002_gene1184,JOOE01000002_gene1184,annotation&nbsp;not&nbsp;available,92.6
1449076.JOOE01000002_gene1235,JOOE01000002_gene1235,annotation&nbsp;not&nbsp;available,92.5
1449076.JOOE01000003_gene3668,JOOE01000003_gene3668,annotation&nbsp;not&nbsp;available,92.5
1449076.JOOE01000003_gene3858,JOOE01000003_gene3858,annotation&nbsp;not&nbsp;available,92.4
1449076.JOOE01000001_gene2581,JOOE01000001_gene2581,annotation&nbsp;not&nbsp;available,92.4
1449076.JOOE01000004_gene40,JOOE01000004_gene40,annotation&nbsp;not&nbsp;available,92.3
1449076.JOOE01000001_gene2522,JOOE01000001_gene2522,annotation&nbsp;not&nbsp;available,92.3
1449076.JOOE01000002_gene893,JOOE01000002_gene893,annotation&nbsp;not&nbsp;available,92.3
1449076.JOOE01000004_gene100,JOOE01000004_gene100,annotation&nbsp;not&nbsp;available,92.3
1449076.JOOE01000004_gene534,JOOE01000004_gene534,annotation&nbsp;not&nbsp;available,92.3
1449076.JOOE01000001_gene1705,JOOE01000001_gene1705,annotation&nbsp;not&nbsp;available,92.3
1449076.JOOE01000001_gene2444,JOOE01000001_gene2444,annotation&nbsp;not&nbsp;available,92.3
1449076.JOOE01000001_gene2664,JOOE01000001_gene2664,annotation&nbsp;not&nbsp;available,92.2
1449076.JOOE01000004_gene446,JOOE01000004_gene446,annotation&nbsp;not&nbsp;available,92.2
1449076.JOOE01000005_gene1608,JOOE01000005_gene1608,annotation&nbsp;not&nbsp;available,92.2
1449076.JOOE01000001_gene2264,JOOE01000001_gene2264,annotation&nbsp;not&nbsp;available,92.1
1449076.JOOE01000004_gene570,JOOE01000004_gene570,annotation&nbsp;not&nbsp;available,92.0
1449076.JOOE01000003_gene3505,JOOE01000003_gene3505,annotation&nbsp;not&nbsp;available,92.0
1449076.JOOE01000001_gene1952,JOOE01000001_gene1952,annotation&nbsp;not&nbsp;available,92.0
1449076.JOOE01000001_gene1885,JOOE01000001_gene1885,annotation&nbsp;not&nbsp;available,91.9
1449076.JOOE01000001_gene2464,JOOE01000001_gene2464,annotation&nbsp;not&nbsp;available,91.9
1449076.JOOE01000003_gene3420,JOOE01000003_gene3420,annotation&nbsp;not&nbsp;available,91.9
1449076.JOOE01000001_gene2520,JOOE01000001_gene2520,annotation&nbsp;not&nbsp;available,91.8
1449076.JOOE01000002_gene1251,JOOE01000002_gene1251,annotation&nbsp;not&nbsp;available,91.7
1449076.JOOE01000002_gene1459,JOOE01000002_gene1459,annotation&nbsp;not&nbsp;available,91.7
1449076.JOOE01000002_gene1344,JOOE01000002_gene1344,annotation&nbsp;not&nbsp;available,91.6
1449076.JOOE01000004_gene136,JOOE01000004_gene136,annotation&nbsp;not&nbsp;available,91.6
1449076.JOOE01000004_gene443,JOOE01000004_gene443,annotation&nbsp;not&nbsp;available,91.5
1449076.JOOE01000001_gene1728,JOOE01000001_gene1728,annotation&nbsp;not&nbsp;available,91.4
1449076.JOOE01000004_gene361,JOOE01000004_gene361,annotation&nbsp;not&nbsp;available,91.4
1449076.JOOE01000004_gene150,JOOE01000004_gene150,annotation&nbsp;not&nbsp;available,91.4
1449076.JOOE01000003_gene3469,JOOE01000003_gene3469,annotation&nbsp;not&nbsp;available,91.4
1449076.JOOE01000001_gene1659,JOOE01000001_gene1659,annotation&nbsp;not&nbsp;available,91.4
1449076.JOOE01000003_gene3338,JOOE01000003_gene3338,annotation&nbsp;not&nbsp;available,91.3
1449076.JOOE01000003_gene3160,JOOE01000003_gene3160,annotation&nbsp;not&nbsp;available,91.3
1449076.JOOE01000002_gene1149,JOOE01000002_gene1149,annotation&nbsp;not&nbsp;available,91.2
1449076.JOOE01000004_gene134,JOOE01000004_gene134,annotation&nbsp;not&nbsp;available,91.2
1449076.JOOE01000001_gene2077,JOOE01000001_gene2077,annotation&nbsp;not&nbsp;available,91.2
1449076.JOOE01000001_gene3017,JOOE01000001_gene3017,annotation&nbsp;not&nbsp;available,91.2
1449076.JOOE01000001_gene1645,JOOE01000001_gene1645,annotation&nbsp;not&nbsp;available,91.2
1449076.JOOE01000004_gene403,JOOE01000004_gene403,annotation&nbsp;not&nbsp;available,91.2
1449076.JOOE01000002_gene1014,JOOE01000002_gene1014,annotation&nbsp;not&nbsp;available,91.1
1449076.JOOE01000002_gene1374,JOOE01000002_gene1374,annotation&nbsp;not&nbsp;available,91.1
1449076.JOOE01000002_gene765,JOOE01000002_gene765,annotation&nbsp;not&nbsp;available,91.0
1449076.JOOE01000003_gene3165,JOOE01000003_gene3165,annotation&nbsp;not&nbsp;available,90.9
1449076.JOOE01000001_gene2363,JOOE01000001_gene2363,annotation&nbsp;not&nbsp;available,90.9
1449076.JOOE01000001_gene2371,JOOE01000001_gene2371,annotation&nbsp;not&nbsp;available,90.8
1449076.JOOE01000001_gene2091,JOOE01000001_gene2091,annotation&nbsp;not&nbsp;available,90.8
1449076.JOOE01000003_gene3230,JOOE01000003_gene3230,annotation&nbsp;not&nbsp;available,90.7
1449076.JOOE01000003_gene3112,JOOE01000003_gene3112,annotation&nbsp;not&nbsp;available,90.7
1449076.JOOE01000003_gene3135,JOOE01000003_gene3135,annotation&nbsp;not&nbsp;available,90.7
1449076.JOOE01000001_gene2663,JOOE01000001_gene2663,annotation&nbsp;not&nbsp;available,90.7
1449076.JOOE01000002_gene743,JOOE01000002_gene743,annotation&nbsp;not&nbsp;available,90.6
1449076.JOOE01000001_gene3045,JOOE01000001_gene3045,annotation&nbsp;not&nbsp;available,90.6
1449076.JOOE01000001_gene1925,JOOE01000001_gene1925,annotation&nbsp;not&nbsp;available,90.5
1449076.JOOE01000003_gene3100,JOOE01000003_gene3100,annotation&nbsp;not&nbsp;available,90.5
1449076.JOOE01000001_gene2009,JOOE01000001_gene2009,annotation&nbsp;not&nbsp;available,90.5
1449076.JOOE01000003_gene3142,JOOE01000003_gene3142,annotation&nbsp;not&nbsp;available,90.5
1449076.JOOE01000004_gene17,JOOE01000004_gene17,annotation&nbsp;not&nbsp;available,90.5
1449076.JOOE01000001_gene2803,JOOE01000001_gene2803,annotation&nbsp;not&nbsp;available,90.4
1449076.JOOE01000004_gene121,JOOE01000004_gene121,annotation&nbsp;not&nbsp;available,90.3
1449076.JOOE01000005_gene1603,JOOE01000005_gene1603,annotation&nbsp;not&nbsp;available,90.3
1449076.JOOE01000001_gene2626,JOOE01000001_gene2626,annotation&nbsp;not&nbsp;available,90.3
1449076.JOOE01000001_gene2152,JOOE01000001_gene2152,annotation&nbsp;not&nbsp;available,90.3
1449076.JOOE01000001_gene1839,JOOE01000001_gene1839,annotation&nbsp;not&nbsp;available,90.2
1449076.JOOE01000001_gene2447,JOOE01000001_gene2447,annotation&nbsp;not&nbsp;available,90.1
1449076.JOOE01000003_gene3225,JOOE01000003_gene3225,annotation&nbsp;not&nbsp;available,90.1
1449076.JOOE01000001_gene2533,JOOE01000001_gene2533,annotation&nbsp;not&nbsp;available,90.1
1449076.JOOE01000001_gene2827,JOOE01000001_gene2827,annotation&nbsp;not&nbsp;available,90.1
1449076.JOOE01000001_gene2016,JOOE01000001_gene2016,annotation&nbsp;not&nbsp;available,90.1
1449076.JOOE01000001_gene1944,JOOE01000001_gene1944,annotation&nbsp;not&nbsp;available,90.1
1449076.JOOE01000001_gene2149,JOOE01000001_gene2149,annotation&nbsp;not&nbsp;available,90.1
1449076.JOOE01000001_gene1914,JOOE01000001_gene1914,annotation&nbsp;not&nbsp;available,90.1
1449076.JOOE01000002_gene1282,JOOE01000002_gene1282,annotation&nbsp;not&nbsp;available,90.1
1449076.JOOE01000001_gene2752,JOOE01000001_gene2752,annotation&nbsp;not&nbsp;available,90.0
1449076.JOOE01000002_gene1247,JOOE01000002_gene1247,annotation&nbsp;not&nbsp;available,90.0
1449076.JOOE01000002_gene1513,JOOE01000002_gene1513,annotation&nbsp;not&nbsp;available,89.9
1449076.JOOE01000001_gene2400,JOOE01000001_gene2400,annotation&nbsp;not&nbsp;available,89.9
1449076.JOOE01000004_gene569,JOOE01000004_gene569,annotation&nbsp;not&nbsp;available,89.7
1449076.JOOE01000002_gene897,JOOE01000002_gene897,annotation&nbsp;not&nbsp;available,89.5
1449076.JOOE01000001_gene2545,JOOE01000001_gene2545,annotation&nbsp;not&nbsp;available,89.5
1449076.JOOE01000002_gene1212,JOOE01000002_gene1212,annotation&nbsp;not&nbsp;available,89.5
1449076.JOOE01000002_gene1080,JOOE01000002_gene1080,annotation&nbsp;not&nbsp;available,89.4
1449076.JOOE01000002_gene1371,JOOE01000002_gene1371,annotation&nbsp;not&nbsp;available,89.4
1449076.JOOE01000001_gene2384,JOOE01000001_gene2384,annotation&nbsp;not&nbsp;available,89.4
1449076.JOOE01000003_gene3124,JOOE01000003_gene3124,annotation&nbsp;not&nbsp;available,89.4
1449076.JOOE01000005_gene1616,JOOE01000005_gene1616,annotation&nbsp;not&nbsp;available,89.3
1449076.JOOE01000004_gene247,JOOE01000004_gene247,annotation&nbsp;not&nbsp;available,89.3
1449076.JOOE01000001_gene1951,JOOE01000001_gene1951,annotation&nbsp;not&nbsp;available,89.3
1449076.JOOE01000003_gene3147,JOOE01000003_gene3147,annotation&nbsp;not&nbsp;available,89.2
1449076.JOOE01000001_gene1903,JOOE01000001_gene1903,annotation&nbsp;not&nbsp;available,89.2
1449076.JOOE01000001_gene2727,JOOE01000001_gene2727,annotation&nbsp;not&nbsp;available,89.2
1449076.JOOE01000003_gene3630,JOOE01000003_gene3630,annotation&nbsp;not&nbsp;available,89.2
1449076.JOOE01000004_gene342,JOOE01000004_gene342,annotation&nbsp;not&nbsp;available,89.2
1449076.JOOE01000002_gene724,JOOE01000002_gene724,annotation&nbsp;not&nbsp;available,89.1
1449076.JOOE01000002_gene1356,JOOE01000002_gene1356,annotation&nbsp;not&nbsp;available,89.1
1449076.JOOE01000002_gene1385,JOOE01000002_gene1385,annotation&nbsp;not&nbsp;available,89.1
1449076.JOOE01000003_gene3207,JOOE01000003_gene3207,annotation&nbsp;not&nbsp;available,89.1
1449076.JOOE01000001_gene2800,JOOE01000001_gene2800,annotation&nbsp;not&nbsp;available,89.0
1449076.JOOE01000003_gene3838,JOOE01000003_gene3838,annotation&nbsp;not&nbsp;available,89.0
1449076.JOOE01000004_gene245,JOOE01000004_gene245,annotation&nbsp;not&nbsp;available,89.0
1449076.JOOE01000003_gene3802,JOOE01000003_gene3802,annotation&nbsp;not&nbsp;available,88.9
1449076.JOOE01000001_gene1812,JOOE01000001_gene1812,annotation&nbsp;not&nbsp;available,88.9
1449076.JOOE01000003_gene3313,JOOE01000003_gene3313,annotation&nbsp;not&nbsp;available,88.9
1449076.JOOE01000004_gene517,JOOE01000004_gene517,annotation&nbsp;not&nbsp;available,88.9
1449076.JOOE01000003_gene3215,JOOE01000003_gene3215,annotation&nbsp;not&nbsp;available,88.9
1449076.JOOE01000001_gene2593,JOOE01000001_gene2593,annotation&nbsp;not&nbsp;available,88.9
1449076.JOOE01000004_gene496,JOOE01000004_gene496,annotation&nbsp;not&nbsp;available,88.9
1449076.JOOE01000003_gene3246,JOOE01000003_gene3246,annotation&nbsp;not&nbsp;available,88.8
1449076.JOOE01000004_gene612,JOOE01000004_gene612,annotation&nbsp;not&nbsp;available,88.8
1449076.JOOE01000002_gene1271,JOOE01000002_gene1271,annotation&nbsp;not&nbsp;available,88.7
1449076.JOOE01000003_gene3327,JOOE01000003_gene3327,annotation&nbsp;not&nbsp;available,88.7
1449076.JOOE01000004_gene175,JOOE01000004_gene175,annotation&nbsp;not&nbsp;available,88.7
1449076.JOOE01000003_gene3819,JOOE01000003_gene3819,annotation&nbsp;not&nbsp;available,88.6
1449076.JOOE01000002_gene1449,JOOE01000002_gene1449,annotation&nbsp;not&nbsp;available,88.6
1449076.JOOE01000001_gene1819,JOOE01000001_gene1819,annotation&nbsp;not&nbsp;available,88.6
1449076.JOOE01000004_gene277,JOOE01000004_gene277,annotation&nbsp;not&nbsp;available,88.6
1449076.JOOE01000001_gene1982,JOOE01000001_gene1982,annotation&nbsp;not&nbsp;available,88.5
1449076.JOOE01000001_gene2249,JOOE01000001_gene2249,annotation&nbsp;not&nbsp;available,88.5
1449076.JOOE01000002_gene1348,JOOE01000002_gene1348,annotation&nbsp;not&nbsp;available,88.5
1449076.JOOE01000001_gene1935,JOOE01000001_gene1935,annotation&nbsp;not&nbsp;available,88.4
1449076.JOOE01000002_gene1057,JOOE01000002_gene1057,annotation&nbsp;not&nbsp;available,88.4
1449076.JOOE01000001_gene2551,JOOE01000001_gene2551,annotation&nbsp;not&nbsp;available,88.4
1449076.JOOE01000001_gene1807,JOOE01000001_gene1807,annotation&nbsp;not&nbsp;available,88.3
1449076.JOOE01000001_gene1649,JOOE01000001_gene1649,annotation&nbsp;not&nbsp;available,88.3
1449076.JOOE01000002_gene856,JOOE01000002_gene856,annotation&nbsp;not&nbsp;available,88.3
1449076.JOOE01000004_gene227,JOOE01000004_gene227,annotation&nbsp;not&nbsp;available,88.3
1449076.JOOE01000002_gene1304,JOOE01000002_gene1304,annotation&nbsp;not&nbsp;available,88.2
1449076.JOOE01000001_gene2141,JOOE01000001_gene2141,annotation&nbsp;not&nbsp;available,88.1
1449076.JOOE01000004_gene68,JOOE01000004_gene68,annotation&nbsp;not&nbsp;available,88.1
1449076.JOOE01000001_gene1712,JOOE01000001_gene1712,annotation&nbsp;not&nbsp;available,88.1
1449076.JOOE01000001_gene1891,JOOE01000001_gene1891,annotation&nbsp;not&nbsp;available,88.1
1449076.JOOE01000003_gene3399,JOOE01000003_gene3399,annotation&nbsp;not&nbsp;available,88.0
1449076.JOOE01000002_gene788,JOOE01000002_gene788,annotation&nbsp;not&nbsp;available,88.0
1449076.JOOE01000001_gene2364,JOOE01000001_gene2364,annotation&nbsp;not&nbsp;available,88.0
1449076.JOOE01000002_gene1311,JOOE01000002_gene1311,annotation&nbsp;not&nbsp;available,88.0
1449076.JOOE01000001_gene2669,JOOE01000001_gene2669,annotation&nbsp;not&nbsp;available,88.0
1449076.JOOE01000003_gene3657,JOOE01000003_gene3657,annotation&nbsp;not&nbsp;available,87.9
1449076.JOOE01000002_gene1024,JOOE01000002_gene1024,annotation&nbsp;not&nbsp;available,87.9
1449076.JOOE01000004_gene147,JOOE01000004_gene147,annotation&nbsp;not&nbsp;available,87.9
1449076.JOOE01000003_gene3069,JOOE01000003_gene3069,annotation&nbsp;not&nbsp;available,87.9
1449076.JOOE01000003_gene3400,JOOE01000003_gene3400,annotation&nbsp;not&nbsp;available,87.7
1449076.JOOE01000001_gene1911,JOOE01000001_gene1911,annotation&nbsp;not&nbsp;available,87.7
1449076.JOOE01000001_gene1955,JOOE01000001_gene1955,annotation&nbsp;not&nbsp;available,87.6
1449076.JOOE01000003_gene3804,JOOE01000003_gene3804,annotation&nbsp;not&nbsp;available,87.6
1449076.JOOE01000001_gene2797,JOOE01000001_gene2797,annotation&nbsp;not&nbsp;available,87.5
1449076.JOOE01000001_gene2320,JOOE01000001_gene2320,annotation&nbsp;not&nbsp;available,87.4
1449076.JOOE01000002_gene1206,JOOE01000002_gene1206,annotation&nbsp;not&nbsp;available,87.4
1449076.JOOE01000002_gene735,JOOE01000002_gene735,annotation&nbsp;not&nbsp;available,87.4
1449076.JOOE01000003_gene3416,JOOE01000003_gene3416,annotation&nbsp;not&nbsp;available,87.3
1449076.JOOE01000002_gene1125,JOOE01000002_gene1125,annotation&nbsp;not&nbsp;available,87.3
1449076.JOOE01000001_gene3014,JOOE01000001_gene3014,annotation&nbsp;not&nbsp;available,87.3
1449076.JOOE01000003_gene3303,JOOE01000003_gene3303,annotation&nbsp;not&nbsp;available,87.2
1449076.JOOE01000001_gene2454,JOOE01000001_gene2454,annotation&nbsp;not&nbsp;available,87.1
1449076.JOOE01000004_gene554,JOOE01000004_gene554,annotation&nbsp;not&nbsp;available,87.1
1449076.JOOE01000003_gene3862,JOOE01000003_gene3862,annotation&nbsp;not&nbsp;available,87.1
1449076.JOOE01000001_gene1719,JOOE01000001_gene1719,annotation&nbsp;not&nbsp;available,87.0
1449076.JOOE01000002_gene1111,JOOE01000002_gene1111,annotation&nbsp;not&nbsp;available,87.0
1449076.JOOE01000004_gene498,JOOE01000004_gene498,annotation&nbsp;not&nbsp;available,87.0
1449076.JOOE01000001_gene3039,JOOE01000001_gene3039,annotation&nbsp;not&nbsp;available,86.9
1449076.JOOE01000002_gene1463,JOOE01000002_gene1463,annotation&nbsp;not&nbsp;available,86.8
1449076.JOOE01000003_gene3219,JOOE01000003_gene3219,annotation&nbsp;not&nbsp;available,86.8
1449076.JOOE01000001_gene2746,JOOE01000001_gene2746,annotation&nbsp;not&nbsp;available,86.8
1449076.JOOE01000001_gene1848,JOOE01000001_gene1848,annotation&nbsp;not&nbsp;available,86.7
1449076.JOOE01000001_gene1963,JOOE01000001_gene1963,annotation&nbsp;not&nbsp;available,86.7
1449076.JOOE01000003_gene3590,JOOE01000003_gene3590,annotation&nbsp;not&nbsp;available,86.5
1449076.JOOE01000001_gene2216,JOOE01000001_gene2216,annotation&nbsp;not&nbsp;available,86.5
1449076.JOOE01000001_gene2534,JOOE01000001_gene2534,annotation&nbsp;not&nbsp;available,86.5
1449076.JOOE01000001_gene2269,JOOE01000001_gene2269,annotation&nbsp;not&nbsp;available,86.5
1449076.JOOE01000003_gene3765,JOOE01000003_gene3765,annotation&nbsp;not&nbsp;available,86.4
1449076.JOOE01000002_gene1467,JOOE01000002_gene1467,annotation&nbsp;not&nbsp;available,86.4
1449076.JOOE01000001_gene1715,JOOE01000001_gene1715,annotation&nbsp;not&nbsp;available,86.4
1449076.JOOE01000001_gene3042,JOOE01000001_gene3042,annotation&nbsp;not&nbsp;available,86.3
1449076.JOOE01000004_gene490,JOOE01000004_gene490,annotation&nbsp;not&nbsp;available,86.3
1449076.JOOE01000004_gene159,JOOE01000004_gene159,annotation&nbsp;not&nbsp;available,86.3
1449076.JOOE01000003_gene3831,JOOE01000003_gene3831,annotation&nbsp;not&nbsp;available,86.2
1449076.JOOE01000003_gene3665,JOOE01000003_gene3665,annotation&nbsp;not&nbsp;available,86.2
1449076.JOOE01000003_gene3432,JOOE01000003_gene3432,annotation&nbsp;not&nbsp;available,86.2
1449076.JOOE01000004_gene133,JOOE01000004_gene133,annotation&nbsp;not&nbsp;available,86.1
1449076.JOOE01000002_gene1493,JOOE01000002_gene1493,annotation&nbsp;not&nbsp;available,86.1
1449076.JOOE01000003_gene3430,JOOE01000003_gene3430,annotation&nbsp;not&nbsp;available,86.1
1449076.JOOE01000002_gene1358,JOOE01000002_gene1358,annotation&nbsp;not&nbsp;available,86.1
1449076.JOOE01000003_gene3695,JOOE01000003_gene3695,annotation&nbsp;not&nbsp;available,86.1
1449076.JOOE01000003_gene3051,JOOE01000003_gene3051,annotation&nbsp;not&nbsp;available,86.0
1449076.JOOE01000001_gene2268,JOOE01000001_gene2268,annotation&nbsp;not&nbsp;available,86.0
1449076.JOOE01000001_gene1638,JOOE01000001_gene1638,annotation&nbsp;not&nbsp;available,85.9
1449076.JOOE01000004_gene127,JOOE01000004_gene127,annotation&nbsp;not&nbsp;available,85.8
1449076.JOOE01000006_gene633,JOOE01000006_gene633,annotation&nbsp;not&nbsp;available,85.8
1449076.JOOE01000004_gene509,JOOE01000004_gene509,annotation&nbsp;not&nbsp;available,85.8
1449076.JOOE01000002_gene1301,JOOE01000002_gene1301,annotation&nbsp;not&nbsp;available,85.8
1449076.JOOE01000004_gene117,JOOE01000004_gene117,annotation&nbsp;not&nbsp;available,85.7
1449076.JOOE01000002_gene1123,JOOE01000002_gene1123,annotation&nbsp;not&nbsp;available,85.7
1449076.JOOE01000004_gene253,JOOE01000004_gene253,annotation&nbsp;not&nbsp;available,85.7
1449076.JOOE01000004_gene120,JOOE01000004_gene120,annotation&nbsp;not&nbsp;available,85.7
1449076.JOOE01000001_gene2651,JOOE01000001_gene2651,annotation&nbsp;not&nbsp;available,85.6
1449076.JOOE01000001_gene2360,JOOE01000001_gene2360,annotation&nbsp;not&nbsp;available,85.6
1449076.JOOE01000001_gene1884,JOOE01000001_gene1884,annotation&nbsp;not&nbsp;available,85.5
1449076.JOOE01000001_gene2463,JOOE01000001_gene2463,annotation&nbsp;not&nbsp;available,85.5
1449076.JOOE01000004_gene91,JOOE01000004_gene91,annotation&nbsp;not&nbsp;available,85.5
1449076.JOOE01000001_gene2784,JOOE01000001_gene2784,annotation&nbsp;not&nbsp;available,85.5
1449076.JOOE01000001_gene2675,JOOE01000001_gene2675,annotation&nbsp;not&nbsp;available,85.5
1449076.JOOE01000004_gene87,JOOE01000004_gene87,annotation&nbsp;not&nbsp;available,85.5
1449076.JOOE01000003_gene3646,JOOE01000003_gene3646,annotation&nbsp;not&nbsp;available,85.4
1449076.JOOE01000001_gene1975,JOOE01000001_gene1975,annotation&nbsp;not&nbsp;available,85.3
1449076.JOOE01000004_gene37,JOOE01000004_gene37,annotation&nbsp;not&nbsp;available,85.2
1449076.JOOE01000003_gene3731,JOOE01000003_gene3731,annotation&nbsp;not&nbsp;available,85.2
1449076.JOOE01000002_gene1350,JOOE01000002_gene1350,annotation&nbsp;not&nbsp;available,85.2
1449076.JOOE01000002_gene1211,JOOE01000002_gene1211,annotation&nbsp;not&nbsp;available,85.2
1449076.JOOE01000001_gene2040,JOOE01000001_gene2040,annotation&nbsp;not&nbsp;available,85.2
1449076.JOOE01000002_gene905,JOOE01000002_gene905,annotation&nbsp;not&nbsp;available,85.2
1449076.JOOE01000004_gene476,JOOE01000004_gene476,annotation&nbsp;not&nbsp;available,85.1
1449076.JOOE01000002_gene1295,JOOE01000002_gene1295,annotation&nbsp;not&nbsp;available,85.0
1449076.JOOE01000003_gene3754,JOOE01000003_gene3754,annotation&nbsp;not&nbsp;available,85.0
1449076.JOOE01000001_gene2766,JOOE01000001_gene2766,annotation&nbsp;not&nbsp;available,85.0
1449076.JOOE01000004_gene25,JOOE01000004_gene25,annotation&nbsp;not&nbsp;available,84.9
1449076.JOOE01000001_gene2836,JOOE01000001_gene2836,annotation&nbsp;not&nbsp;available,84.9
1449076.JOOE01000001_gene2369,JOOE01000001_gene2369,annotation&nbsp;not&nbsp;available,84.9
1449076.JOOE01000001_gene2020,JOOE01000001_gene2020,annotation&nbsp;not&nbsp;available,84.9
1449076.JOOE01000001_gene1671,JOOE01000001_gene1671,annotation&nbsp;not&nbsp;available,84.8
1449076.JOOE01000004_gene35,JOOE01000004_gene35,annotation&nbsp;not&nbsp;available,84.7
1449076.JOOE01000002_gene938,JOOE01000002_gene938,annotation&nbsp;not&nbsp;available,84.7
1449076.JOOE01000001_gene1644,JOOE01000001_gene1644,annotation&nbsp;not&nbsp;available,84.7
1449076.JOOE01000001_gene2554,JOOE01000001_gene2554,annotation&nbsp;not&nbsp;available,84.7
1449076.JOOE01000002_gene1085,JOOE01000002_gene1085,annotation&nbsp;not&nbsp;available,84.6
1449076.JOOE01000001_gene2595,JOOE01000001_gene2595,annotation&nbsp;not&nbsp;available,84.6
1449076.JOOE01000002_gene918,JOOE01000002_gene918,annotation&nbsp;not&nbsp;available,84.6
1449076.JOOE01000002_gene1174,JOOE01000002_gene1174,annotation&nbsp;not&nbsp;available,84.5
1449076.JOOE01000003_gene3729,JOOE01000003_gene3729,annotation&nbsp;not&nbsp;available,84.5
1449076.JOOE01000004_gene274,JOOE01000004_gene274,annotation&nbsp;not&nbsp;available,84.5
1449076.JOOE01000001_gene2472,JOOE01000001_gene2472,annotation&nbsp;not&nbsp;available,84.5
1449076.JOOE01000004_gene116,JOOE01000004_gene116,annotation&nbsp;not&nbsp;available,84.5
1449076.JOOE01000001_gene1650,JOOE01000001_gene1650,annotation&nbsp;not&nbsp;available,84.5
1449076.JOOE01000003_gene3701,JOOE01000003_gene3701,annotation&nbsp;not&nbsp;available,84.4
1449076.JOOE01000003_gene3741,JOOE01000003_gene3741,annotation&nbsp;not&nbsp;available,84.4
1449076.JOOE01000001_gene2318,JOOE01000001_gene2318,annotation&nbsp;not&nbsp;available,84.4
1449076.JOOE01000002_gene1195,JOOE01000002_gene1195,annotation&nbsp;not&nbsp;available,84.4
1449076.JOOE01000001_gene2516,JOOE01000001_gene2516,annotation&nbsp;not&nbsp;available,84.3
1449076.JOOE01000003_gene3282,JOOE01000003_gene3282,annotation&nbsp;not&nbsp;available,84.3
1449076.JOOE01000002_gene1296,JOOE01000002_gene1296,annotation&nbsp;not&nbsp;available,84.2
1449076.JOOE01000002_gene1093,JOOE01000002_gene1093,annotation&nbsp;not&nbsp;available,84.1
1449076.JOOE01000004_gene378,JOOE01000004_gene378,annotation&nbsp;not&nbsp;available,84.0
1449076.JOOE01000002_gene1214,JOOE01000002_gene1214,annotation&nbsp;not&nbsp;available,84.0
1449076.JOOE01000002_gene1355,JOOE01000002_gene1355,annotation&nbsp;not&nbsp;available,84.0
1449076.JOOE01000003_gene3793,JOOE01000003_gene3793,annotation&nbsp;not&nbsp;available,83.9
1449076.JOOE01000002_gene738,JOOE01000002_gene738,annotation&nbsp;not&nbsp;available,83.8
1449076.JOOE01000001_gene2652,JOOE01000001_gene2652,annotation&nbsp;not&nbsp;available,83.8
1449076.JOOE01000006_gene676,JOOE01000006_gene676,annotation&nbsp;not&nbsp;available,83.8
1449076.JOOE01000002_gene1382,JOOE01000002_gene1382,annotation&nbsp;not&nbsp;available,83.8
1449076.JOOE01000001_gene2846,JOOE01000001_gene2846,annotation&nbsp;not&nbsp;available,83.7
1449076.JOOE01000002_gene739,JOOE01000002_gene739,annotation&nbsp;not&nbsp;available,83.6
1449076.JOOE01000002_gene718,JOOE01000002_gene718,annotation&nbsp;not&nbsp;available,83.6
1449076.JOOE01000001_gene2176,JOOE01000001_gene2176,annotation&nbsp;not&nbsp;available,83.6
1449076.JOOE01000002_gene1138,JOOE01000002_gene1138,annotation&nbsp;not&nbsp;available,83.5
1449076.JOOE01000003_gene3749,JOOE01000003_gene3749,annotation&nbsp;not&nbsp;available,83.4
1449076.JOOE01000001_gene2078,JOOE01000001_gene2078,annotation&nbsp;not&nbsp;available,83.3
1449076.JOOE01000001_gene2488,JOOE01000001_gene2488,annotation&nbsp;not&nbsp;available,83.2
1449076.JOOE01000001_gene1736,JOOE01000001_gene1736,annotation&nbsp;not&nbsp;available,83.2
1449076.JOOE01000001_gene1750,JOOE01000001_gene1750,annotation&nbsp;not&nbsp;available,83.1
1449076.JOOE01000002_gene926,JOOE01000002_gene926,annotation&nbsp;not&nbsp;available,83.1
1449076.JOOE01000002_gene1326,JOOE01000002_gene1326,annotation&nbsp;not&nbsp;available,83.1
1449076.JOOE01000002_gene1040,JOOE01000002_gene1040,annotation&nbsp;not&nbsp;available,83.1
1449076.JOOE01000001_gene2097,JOOE01000001_gene2097,annotation&nbsp;not&nbsp;available,83.1
1449076.JOOE01000004_gene39,JOOE01000004_gene39,annotation&nbsp;not&nbsp;available,83.0
1449076.JOOE01000002_gene901,JOOE01000002_gene901,annotation&nbsp;not&nbsp;available,83.0
1449076.JOOE01000004_gene448,JOOE01000004_gene448,annotation&nbsp;not&nbsp;available,83.0
1449076.JOOE01000003_gene3726,JOOE01000003_gene3726,annotation&nbsp;not&nbsp;available,83.0
1449076.JOOE01000004_gene236,JOOE01000004_gene236,annotation&nbsp;not&nbsp;available,82.9
1449076.JOOE01000001_gene2517,JOOE01000001_gene2517,annotation&nbsp;not&nbsp;available,82.8
1449076.JOOE01000002_gene919,JOOE01000002_gene919,annotation&nbsp;not&nbsp;available,82.8
1449076.JOOE01000004_gene624,JOOE01000004_gene624,annotation&nbsp;not&nbsp;available,82.8
1449076.JOOE01000003_gene3343,JOOE01000003_gene3343,annotation&nbsp;not&nbsp;available,82.8
1449076.JOOE01000001_gene1658,JOOE01000001_gene1658,annotation&nbsp;not&nbsp;available,82.8
1449076.JOOE01000001_gene1814,JOOE01000001_gene1814,annotation&nbsp;not&nbsp;available,82.7
1449076.JOOE01000001_gene1883,JOOE01000001_gene1883,annotation&nbsp;not&nbsp;available,82.7
1449076.JOOE01000003_gene3585,JOOE01000003_gene3585,annotation&nbsp;not&nbsp;available,82.7
1449076.JOOE01000004_gene593,JOOE01000004_gene593,annotation&nbsp;not&nbsp;available,82.7
1449076.JOOE01000001_gene2936,JOOE01000001_gene2936,annotation&nbsp;not&nbsp;available,82.6
1449076.JOOE01000003_gene3149,JOOE01000003_gene3149,annotation&nbsp;not&nbsp;available,82.6
1449076.JOOE01000004_gene299,JOOE01000004_gene299,annotation&nbsp;not&nbsp;available,82.6
1449076.JOOE01000003_gene3438,JOOE01000003_gene3438,annotation&nbsp;not&nbsp;available,82.6
1449076.JOOE01000004_gene557,JOOE01000004_gene557,annotation&nbsp;not&nbsp;available,82.6
1449076.JOOE01000001_gene2949,JOOE01000001_gene2949,annotation&nbsp;not&nbsp;available,82.5
1449076.JOOE01000002_gene1406,JOOE01000002_gene1406,annotation&nbsp;not&nbsp;available,82.5
1449076.JOOE01000003_gene3786,JOOE01000003_gene3786,annotation&nbsp;not&nbsp;available,82.4
1449076.JOOE01000002_gene1389,JOOE01000002_gene1389,annotation&nbsp;not&nbsp;available,82.4
1449076.JOOE01000001_gene1950,JOOE01000001_gene1950,annotation&nbsp;not&nbsp;available,82.4
1449076.JOOE01000004_gene139,JOOE01000004_gene139,annotation&nbsp;not&nbsp;available,82.3
1449076.JOOE01000001_gene2648,JOOE01000001_gene2648,annotation&nbsp;not&nbsp;available,82.3
1449076.JOOE01000001_gene1831,JOOE01000001_gene1831,annotation&nbsp;not&nbsp;available,82.2
1449076.JOOE01000004_gene23,JOOE01000004_gene23,annotation&nbsp;not&nbsp;available,82.2
1449076.JOOE01000003_gene3319,JOOE01000003_gene3319,annotation&nbsp;not&nbsp;available,82.2
1449076.JOOE01000001_gene2628,JOOE01000001_gene2628,annotation&nbsp;not&nbsp;available,82.1
1449076.JOOE01000003_gene3629,JOOE01000003_gene3629,annotation&nbsp;not&nbsp;available,82.1
1449076.JOOE01000004_gene301,JOOE01000004_gene301,annotation&nbsp;not&nbsp;available,82.1
1449076.JOOE01000003_gene3746,JOOE01000003_gene3746,annotation&nbsp;not&nbsp;available,82.1
1449076.JOOE01000001_gene2399,JOOE01000001_gene2399,annotation&nbsp;not&nbsp;available,81.9
1449076.JOOE01000002_gene1364,JOOE01000002_gene1364,annotation&nbsp;not&nbsp;available,81.9
1449076.JOOE01000001_gene2566,JOOE01000001_gene2566,annotation&nbsp;not&nbsp;available,81.9
1449076.JOOE01000004_gene416,JOOE01000004_gene416,annotation&nbsp;not&nbsp;available,81.9
1449076.JOOE01000001_gene1725,JOOE01000001_gene1725,annotation&nbsp;not&nbsp;available,81.9
1449076.JOOE01000004_gene346,JOOE01000004_gene346,annotation&nbsp;not&nbsp;available,81.8
1449076.JOOE01000001_gene2719,JOOE01000001_gene2719,annotation&nbsp;not&nbsp;available,81.8
1449076.JOOE01000005_gene1581,JOOE01000005_gene1581,annotation&nbsp;not&nbsp;available,81.8
1449076.JOOE01000003_gene3790,JOOE01000003_gene3790,annotation&nbsp;not&nbsp;available,81.8
1449076.JOOE01000003_gene3392,JOOE01000003_gene3392,annotation&nbsp;not&nbsp;available,81.8
1449076.JOOE01000003_gene3589,JOOE01000003_gene3589,annotation&nbsp;not&nbsp;available,81.8
1449076.JOOE01000004_gene423,JOOE01000004_gene423,annotation&nbsp;not&nbsp;available,81.7
1449076.JOOE01000001_gene2310,JOOE01000001_gene2310,annotation&nbsp;not&nbsp;available,81.7
1449076.JOOE01000004_gene171,JOOE01000004_gene171,annotation&nbsp;not&nbsp;available,81.7
1449076.JOOE01000001_gene2952,JOOE01000001_gene2952,annotation&nbsp;not&nbsp;available,81.7
1449076.JOOE01000002_gene868,JOOE01000002_gene868,annotation&nbsp;not&nbsp;available,81.7
1449076.JOOE01000003_gene3753,JOOE01000003_gene3753,annotation&nbsp;not&nbsp;available,81.7
1449076.JOOE01000001_gene2608,JOOE01000001_gene2608,annotation&nbsp;not&nbsp;available,81.7
1449076.JOOE01000001_gene1977,JOOE01000001_gene1977,annotation&nbsp;not&nbsp;available,81.6
1449076.JOOE01000001_gene2695,JOOE01000001_gene2695,annotation&nbsp;not&nbsp;available,81.6
1449076.JOOE01000001_gene2764,JOOE01000001_gene2764,annotation&nbsp;not&nbsp;available,81.6
1449076.JOOE01000003_gene3104,JOOE01000003_gene3104,annotation&nbsp;not&nbsp;available,81.6
1449076.JOOE01000001_gene2789,JOOE01000001_gene2789,annotation&nbsp;not&nbsp;available,81.5
1449076.JOOE01000004_gene436,JOOE01000004_gene436,annotation&nbsp;not&nbsp;available,81.4
1449076.JOOE01000003_gene3183,JOOE01000003_gene3183,annotation&nbsp;not&nbsp;available,81.4
1449076.JOOE01000003_gene3379,JOOE01000003_gene3379,annotation&nbsp;not&nbsp;available,81.3
1449076.JOOE01000002_gene1501,JOOE01000002_gene1501,annotation&nbsp;not&nbsp;available,81.3
1449076.JOOE01000001_gene2437,JOOE01000001_gene2437,annotation&nbsp;not&nbsp;available,81.3
1449076.JOOE01000001_gene2997,JOOE01000001_gene2997,annotation&nbsp;not&nbsp;available,81.3
1449076.JOOE01000002_gene864,JOOE01000002_gene864,annotation&nbsp;not&nbsp;available,81.2
1449076.JOOE01000005_gene1632,JOOE01000005_gene1632,annotation&nbsp;not&nbsp;available,81.1
1449076.JOOE01000001_gene1643,JOOE01000001_gene1643,annotation&nbsp;not&nbsp;available,81.1
1449076.JOOE01000002_gene1198,JOOE01000002_gene1198,annotation&nbsp;not&nbsp;available,81.1
1449076.JOOE01000004_gene359,JOOE01000004_gene359,annotation&nbsp;not&nbsp;available,81.0
1449076.JOOE01000003_gene3453,JOOE01000003_gene3453,annotation&nbsp;not&nbsp;available,81.0
1449076.JOOE01000004_gene22,JOOE01000004_gene22,annotation&nbsp;not&nbsp;available,81.0
1449076.JOOE01000001_gene2144,JOOE01000001_gene2144,annotation&nbsp;not&nbsp;available,80.9
1449076.JOOE01000003_gene3336,JOOE01000003_gene3336,annotation&nbsp;not&nbsp;available,80.9
1449076.JOOE01000001_gene2734,JOOE01000001_gene2734,annotation&nbsp;not&nbsp;available,80.9
1449076.JOOE01000005_gene1580,JOOE01000005_gene1580,annotation&nbsp;not&nbsp;available,80.9
1449076.JOOE01000001_gene2424,JOOE01000001_gene2424,annotation&nbsp;not&nbsp;available,80.9
1449076.JOOE01000001_gene2210,JOOE01000001_gene2210,annotation&nbsp;not&nbsp;available,80.9
1449076.JOOE01000003_gene3763,JOOE01000003_gene3763,annotation&nbsp;not&nbsp;available,80.8
1449076.JOOE01000003_gene3712,JOOE01000003_gene3712,annotation&nbsp;not&nbsp;available,80.7
1449076.JOOE01000003_gene3627,JOOE01000003_gene3627,annotation&nbsp;not&nbsp;available,80.7
1449076.JOOE01000003_gene3689,JOOE01000003_gene3689,annotation&nbsp;not&nbsp;available,80.7
1449076.JOOE01000002_gene1307,JOOE01000002_gene1307,annotation&nbsp;not&nbsp;available,80.7
1449076.JOOE01000004_gene298,JOOE01000004_gene298,annotation&nbsp;not&nbsp;available,80.7
1449076.JOOE01000002_gene1413,JOOE01000002_gene1413,annotation&nbsp;not&nbsp;available,80.7
1449076.JOOE01000004_gene222,JOOE01000004_gene222,annotation&nbsp;not&nbsp;available,80.6
1449076.JOOE01000003_gene3558,JOOE01000003_gene3558,annotation&nbsp;not&nbsp;available,80.6
1449076.JOOE01000001_gene2361,JOOE01000001_gene2361,annotation&nbsp;not&nbsp;available,80.5
1449076.JOOE01000002_gene1172,JOOE01000002_gene1172,annotation&nbsp;not&nbsp;available,80.5
1449076.JOOE01000001_gene1830,JOOE01000001_gene1830,annotation&nbsp;not&nbsp;available,80.4
1449076.JOOE01000003_gene3486,JOOE01000003_gene3486,annotation&nbsp;not&nbsp;available,80.4
1449076.JOOE01000001_gene2486,JOOE01000001_gene2486,annotation&nbsp;not&nbsp;available,80.4
1449076.JOOE01000002_gene1372,JOOE01000002_gene1372,annotation&nbsp;not&nbsp;available,80.4
1449076.JOOE01000002_gene955,JOOE01000002_gene955,annotation&nbsp;not&nbsp;available,80.4
1449076.JOOE01000003_gene3168,JOOE01000003_gene3168,annotation&nbsp;not&nbsp;available,80.3
1449076.JOOE01000001_gene1800,JOOE01000001_gene1800,annotation&nbsp;not&nbsp;available,80.3
1449076.JOOE01000001_gene2658,JOOE01000001_gene2658,annotation&nbsp;not&nbsp;available,80.3
1449076.JOOE01000001_gene2404,JOOE01000001_gene2404,annotation&nbsp;not&nbsp;available,80.3
1449076.JOOE01000002_gene1410,JOOE01000002_gene1410,annotation&nbsp;not&nbsp;available,80.2
1449076.JOOE01000002_gene703,JOOE01000002_gene703,annotation&nbsp;not&nbsp;available,80.2
1449076.JOOE01000004_gene422,JOOE01000004_gene422,annotation&nbsp;not&nbsp;available,80.1
1449076.JOOE01000001_gene2312,JOOE01000001_gene2312,annotation&nbsp;not&nbsp;available,80.1
1449076.JOOE01000003_gene3686,JOOE01000003_gene3686,annotation&nbsp;not&nbsp;available,80.1
1449076.JOOE01000002_gene882,JOOE01000002_gene882,annotation&nbsp;not&nbsp;available,80.0
1449076.JOOE01000003_gene3792,JOOE01000003_gene3792,annotation&nbsp;not&nbsp;available,80.0
1449076.JOOE01000001_gene2233,JOOE01000001_gene2233,annotation&nbsp;not&nbsp;available,79.9
1449076.JOOE01000001_gene2535,JOOE01000001_gene2535,annotation&nbsp;not&nbsp;available,79.9
1449076.JOOE01000003_gene3760,JOOE01000003_gene3760,annotation&nbsp;not&nbsp;available,79.9
1449076.JOOE01000001_gene1720,JOOE01000001_gene1720,annotation&nbsp;not&nbsp;available,79.9
1449076.JOOE01000002_gene1173,JOOE01000002_gene1173,annotation&nbsp;not&nbsp;available,79.8
1449076.JOOE01000002_gene1209,JOOE01000002_gene1209,annotation&nbsp;not&nbsp;available,79.8
1449076.JOOE01000003_gene3410,JOOE01000003_gene3410,annotation&nbsp;not&nbsp;available,79.8
1449076.JOOE01000004_gene483,JOOE01000004_gene483,annotation&nbsp;not&nbsp;available,79.7
1449076.JOOE01000002_gene983,JOOE01000002_gene983,annotation&nbsp;not&nbsp;available,79.7
1449076.JOOE01000001_gene2555,JOOE01000001_gene2555,annotation&nbsp;not&nbsp;available,79.6
1449076.JOOE01000001_gene2568,JOOE01000001_gene2568,annotation&nbsp;not&nbsp;available,79.6
1449076.JOOE01000004_gene389,JOOE01000004_gene389,annotation&nbsp;not&nbsp;available,79.6
1449076.JOOE01000002_gene1236,JOOE01000002_gene1236,annotation&nbsp;not&nbsp;available,79.6
1449076.JOOE01000002_gene964,JOOE01000002_gene964,annotation&nbsp;not&nbsp;available,79.5
1449076.JOOE01000001_gene1923,JOOE01000001_gene1923,annotation&nbsp;not&nbsp;available,79.5
1449076.JOOE01000001_gene1738,JOOE01000001_gene1738,annotation&nbsp;not&nbsp;available,79.4
1449076.JOOE01000002_gene1219,JOOE01000002_gene1219,annotation&nbsp;not&nbsp;available,79.4
1449076.JOOE01000003_gene3061,JOOE01000003_gene3061,annotation&nbsp;not&nbsp;available,79.4
1449076.JOOE01000003_gene3673,JOOE01000003_gene3673,annotation&nbsp;not&nbsp;available,79.4
1449076.JOOE01000004_gene11,JOOE01000004_gene11,annotation&nbsp;not&nbsp;available,79.4
1449076.JOOE01000001_gene2749,JOOE01000001_gene2749,annotation&nbsp;not&nbsp;available,79.4
1449076.JOOE01000001_gene2858,JOOE01000001_gene2858,annotation&nbsp;not&nbsp;available,79.3
1449076.JOOE01000004_gene387,JOOE01000004_gene387,annotation&nbsp;not&nbsp;available,79.3
1449076.JOOE01000001_gene3047,JOOE01000001_gene3047,annotation&nbsp;not&nbsp;available,79.3
1449076.JOOE01000001_gene1693,JOOE01000001_gene1693,annotation&nbsp;not&nbsp;available,79.3
1449076.JOOE01000001_gene2417,JOOE01000001_gene2417,annotation&nbsp;not&nbsp;available,79.3
1449076.JOOE01000001_gene1679,JOOE01000001_gene1679,annotation&nbsp;not&nbsp;available,79.2
1449076.JOOE01000003_gene3680,JOOE01000003_gene3680,annotation&nbsp;not&nbsp;available,79.2
1449076.JOOE01000003_gene3725,JOOE01000003_gene3725,annotation&nbsp;not&nbsp;available,79.1
1449076.JOOE01000001_gene2283,JOOE01000001_gene2283,annotation&nbsp;not&nbsp;available,79.0
1449076.JOOE01000003_gene3676,JOOE01000003_gene3676,annotation&nbsp;not&nbsp;available,79.0
1449076.JOOE01000003_gene3711,JOOE01000003_gene3711,annotation&nbsp;not&nbsp;available,79.0
1449076.JOOE01000001_gene2776,JOOE01000001_gene2776,annotation&nbsp;not&nbsp;available,78.9
1449076.JOOE01000001_gene2537,JOOE01000001_gene2537,annotation&nbsp;not&nbsp;available,78.9
1449076.JOOE01000002_gene1033,JOOE01000002_gene1033,annotation&nbsp;not&nbsp;available,78.9
1449076.JOOE01000002_gene1362,JOOE01000002_gene1362,annotation&nbsp;not&nbsp;available,78.9
1449076.JOOE01000001_gene2457,JOOE01000001_gene2457,annotation&nbsp;not&nbsp;available,78.9
1449076.JOOE01000001_gene1648,JOOE01000001_gene1648,annotation&nbsp;not&nbsp;available,78.8
1449076.JOOE01000001_gene1731,JOOE01000001_gene1731,annotation&nbsp;not&nbsp;available,78.8
1449076.JOOE01000001_gene1808,JOOE01000001_gene1808,annotation&nbsp;not&nbsp;available,78.7
1449076.JOOE01000002_gene1187,JOOE01000002_gene1187,annotation&nbsp;not&nbsp;available,78.7
1449076.JOOE01000003_gene3239,JOOE01000003_gene3239,annotation&nbsp;not&nbsp;available,78.6
1449076.JOOE01000004_gene451,JOOE01000004_gene451,annotation&nbsp;not&nbsp;available,78.6
1449076.JOOE01000001_gene2753,JOOE01000001_gene2753,annotation&nbsp;not&nbsp;available,78.5
1449076.JOOE01000004_gene119,JOOE01000004_gene119,annotation&nbsp;not&nbsp;available,78.5
1449076.JOOE01000004_gene275,JOOE01000004_gene275,annotation&nbsp;not&nbsp;available,78.4
1449076.JOOE01000004_gene601,JOOE01000004_gene601,annotation&nbsp;not&nbsp;available,78.2
1449076.JOOE01000003_gene3300,JOOE01000003_gene3300,annotation&nbsp;not&nbsp;available,78.2
1449076.JOOE01000001_gene2394,JOOE01000001_gene2394,annotation&nbsp;not&nbsp;available,78.2
1449076.JOOE01000002_gene1456,JOOE01000002_gene1456,annotation&nbsp;not&nbsp;available,78.1
1449076.JOOE01000003_gene3604,JOOE01000003_gene3604,annotation&nbsp;not&nbsp;available,78.1
1449076.JOOE01000003_gene3527,JOOE01000003_gene3527,annotation&nbsp;not&nbsp;available,78.1
1449076.JOOE01000004_gene562,JOOE01000004_gene562,annotation&nbsp;not&nbsp;available,78.1
1449076.JOOE01000002_gene1097,JOOE01000002_gene1097,annotation&nbsp;not&nbsp;available,78.0
1449076.JOOE01000001_gene2401,JOOE01000001_gene2401,annotation&nbsp;not&nbsp;available,78.0
1449076.JOOE01000004_gene93,JOOE01000004_gene93,annotation&nbsp;not&nbsp;available,78.0
1449076.JOOE01000003_gene3414,JOOE01000003_gene3414,annotation&nbsp;not&nbsp;available,78.0
1449076.JOOE01000002_gene1299,JOOE01000002_gene1299,annotation&nbsp;not&nbsp;available,77.9
1449076.JOOE01000005_gene1582,JOOE01000005_gene1582,annotation&nbsp;not&nbsp;available,77.9
1449076.JOOE01000004_gene553,JOOE01000004_gene553,annotation&nbsp;not&nbsp;available,77.9
1449076.JOOE01000001_gene2185,JOOE01000001_gene2185,annotation&nbsp;not&nbsp;available,77.9
1449076.JOOE01000001_gene2174,JOOE01000001_gene2174,annotation&nbsp;not&nbsp;available,77.9
1449076.JOOE01000003_gene3857,JOOE01000003_gene3857,annotation&nbsp;not&nbsp;available,77.9
1449076.JOOE01000001_gene2904,JOOE01000001_gene2904,annotation&nbsp;not&nbsp;available,77.8
1449076.JOOE01000003_gene3685,JOOE01000003_gene3685,annotation&nbsp;not&nbsp;available,77.7
1449076.JOOE01000001_gene2022,JOOE01000001_gene2022,annotation&nbsp;not&nbsp;available,77.7
1449076.JOOE01000003_gene3815,JOOE01000003_gene3815,annotation&nbsp;not&nbsp;available,77.7
1449076.JOOE01000006_gene639,JOOE01000006_gene639,annotation&nbsp;not&nbsp;available,77.7
1449076.JOOE01000003_gene3148,JOOE01000003_gene3148,annotation&nbsp;not&nbsp;available,77.6
1449076.JOOE01000002_gene927,JOOE01000002_gene927,annotation&nbsp;not&nbsp;available,77.6
1449076.JOOE01000002_gene1502,JOOE01000002_gene1502,annotation&nbsp;not&nbsp;available,77.5
1449076.JOOE01000004_gene510,JOOE01000004_gene510,annotation&nbsp;not&nbsp;available,77.4
1449076.JOOE01000002_gene1367,JOOE01000002_gene1367,annotation&nbsp;not&nbsp;available,77.4
1449076.JOOE01000003_gene3855,JOOE01000003_gene3855,annotation&nbsp;not&nbsp;available,77.4
1449076.JOOE01000002_gene1221,JOOE01000002_gene1221,annotation&nbsp;not&nbsp;available,77.3
1449076.JOOE01000004_gene506,JOOE01000004_gene506,annotation&nbsp;not&nbsp;available,77.3
1449076.JOOE01000004_gene12,JOOE01000004_gene12,annotation&nbsp;not&nbsp;available,77.3
1449076.JOOE01000001_gene1869,JOOE01000001_gene1869,annotation&nbsp;not&nbsp;available,77.3
1449076.JOOE01000001_gene2397,JOOE01000001_gene2397,annotation&nbsp;not&nbsp;available,77.3
1449076.JOOE01000001_gene1697,JOOE01000001_gene1697,annotation&nbsp;not&nbsp;available,77.2
1449076.JOOE01000001_gene2620,JOOE01000001_gene2620,annotation&nbsp;not&nbsp;available,77.2
1449076.JOOE01000004_gene405,JOOE01000004_gene405,annotation&nbsp;not&nbsp;available,77.2
1449076.JOOE01000002_gene1492,JOOE01000002_gene1492,annotation&nbsp;not&nbsp;available,77.2
1449076.JOOE01000001_gene2824,JOOE01000001_gene2824,annotation&nbsp;not&nbsp;available,77.1
1449076.JOOE01000005_gene1595,JOOE01000005_gene1595,annotation&nbsp;not&nbsp;available,77.1
1449076.JOOE01000003_gene3575,JOOE01000003_gene3575,annotation&nbsp;not&nbsp;available,77.0
1449076.JOOE01000001_gene1743,JOOE01000001_gene1743,annotation&nbsp;not&nbsp;available,76.9
1449076.JOOE01000003_gene3818,JOOE01000003_gene3818,annotation&nbsp;not&nbsp;available,76.9
1449076.JOOE01000001_gene1829,JOOE01000001_gene1829,annotation&nbsp;not&nbsp;available,76.9
1449076.JOOE01000001_gene1967,JOOE01000001_gene1967,annotation&nbsp;not&nbsp;available,76.9
1449076.JOOE01000001_gene2662,JOOE01000001_gene2662,annotation&nbsp;not&nbsp;available,76.9
1449076.JOOE01000003_gene3662,JOOE01000003_gene3662,annotation&nbsp;not&nbsp;available,76.9
1449076.JOOE01000002_gene1162,JOOE01000002_gene1162,annotation&nbsp;not&nbsp;available,76.8
1449076.JOOE01000004_gene82,JOOE01000004_gene82,annotation&nbsp;not&nbsp;available,76.8
1449076.JOOE01000002_gene1458,JOOE01000002_gene1458,annotation&nbsp;not&nbsp;available,76.8
1449076.JOOE01000001_gene2445,JOOE01000001_gene2445,annotation&nbsp;not&nbsp;available,76.8
1449076.JOOE01000003_gene3837,JOOE01000003_gene3837,annotation&nbsp;not&nbsp;available,76.8
1449076.JOOE01000002_gene1269,JOOE01000002_gene1269,annotation&nbsp;not&nbsp;available,76.8
1449076.JOOE01000003_gene3452,JOOE01000003_gene3452,annotation&nbsp;not&nbsp;available,76.8
1449076.JOOE01000003_gene3683,JOOE01000003_gene3683,annotation&nbsp;not&nbsp;available,76.8
1449076.JOOE01000003_gene3595,JOOE01000003_gene3595,annotation&nbsp;not&nbsp;available,76.8
1449076.JOOE01000002_gene880,JOOE01000002_gene880,annotation&nbsp;not&nbsp;available,76.8
1449076.JOOE01000002_gene951,JOOE01000002_gene951,annotation&nbsp;not&nbsp;available,76.8
1449076.JOOE01000004_gene564,JOOE01000004_gene564,annotation&nbsp;not&nbsp;available,76.6
1449076.JOOE01000004_gene590,JOOE01000004_gene590,annotation&nbsp;not&nbsp;available,76.5
1449076.JOOE01000003_gene3642,JOOE01000003_gene3642,annotation&nbsp;not&nbsp;available,76.4
1449076.JOOE01000003_gene3065,JOOE01000003_gene3065,annotation&nbsp;not&nbsp;available,76.4
1449076.JOOE01000004_gene85,JOOE01000004_gene85,annotation&nbsp;not&nbsp;available,76.4
1449076.JOOE01000001_gene1692,JOOE01000001_gene1692,annotation&nbsp;not&nbsp;available,76.3
1449076.JOOE01000002_gene961,JOOE01000002_gene961,annotation&nbsp;not&nbsp;available,76.3
1449076.JOOE01000001_gene2787,JOOE01000001_gene2787,annotation&nbsp;not&nbsp;available,76.3
1449076.JOOE01000003_gene3295,JOOE01000003_gene3295,annotation&nbsp;not&nbsp;available,76.2
1449076.JOOE01000001_gene2323,JOOE01000001_gene2323,annotation&nbsp;not&nbsp;available,76.2
1449076.JOOE01000002_gene1077,JOOE01000002_gene1077,annotation&nbsp;not&nbsp;available,76.2
1449076.JOOE01000001_gene2160,JOOE01000001_gene2160,annotation&nbsp;not&nbsp;available,76.2
1449076.JOOE01000001_gene2512,JOOE01000001_gene2512,annotation&nbsp;not&nbsp;available,76.1
1449076.JOOE01000003_gene3681,JOOE01000003_gene3681,annotation&nbsp;not&nbsp;available,76.1
1449076.JOOE01000002_gene1359,JOOE01000002_gene1359,annotation&nbsp;not&nbsp;available,76.0
1449076.JOOE01000003_gene3398,JOOE01000003_gene3398,annotation&nbsp;not&nbsp;available,76.0
1449076.JOOE01000001_gene2164,JOOE01000001_gene2164,annotation&nbsp;not&nbsp;available,76.0
1449076.JOOE01000002_gene1488,JOOE01000002_gene1488,annotation&nbsp;not&nbsp;available,76.0
1449076.JOOE01000002_gene1233,JOOE01000002_gene1233,annotation&nbsp;not&nbsp;available,75.9
1449076.JOOE01000004_gene539,JOOE01000004_gene539,annotation&nbsp;not&nbsp;available,75.7
1449076.JOOE01000003_gene3679,JOOE01000003_gene3679,annotation&nbsp;not&nbsp;available,75.6
1449076.JOOE01000002_gene1166,JOOE01000002_gene1166,annotation&nbsp;not&nbsp;available,75.6
1449076.JOOE01000003_gene3541,JOOE01000003_gene3541,annotation&nbsp;not&nbsp;available,75.6
1449076.JOOE01000002_gene1245,JOOE01000002_gene1245,annotation&nbsp;not&nbsp;available,75.6
1449076.JOOE01000002_gene1144,JOOE01000002_gene1144,annotation&nbsp;not&nbsp;available,75.6
1449076.JOOE01000002_gene767,JOOE01000002_gene767,annotation&nbsp;not&nbsp;available,75.5
1449076.JOOE01000002_gene1316,JOOE01000002_gene1316,annotation&nbsp;not&nbsp;available,75.5
1449076.JOOE01000003_gene3248,JOOE01000003_gene3248,annotation&nbsp;not&nbsp;available,75.5
1449076.JOOE01000002_gene1388,JOOE01000002_gene1388,annotation&nbsp;not&nbsp;available,75.4
1449076.JOOE01000003_gene3174,JOOE01000003_gene3174,annotation&nbsp;not&nbsp;available,75.4
1449076.JOOE01000003_gene3307,JOOE01000003_gene3307,annotation&nbsp;not&nbsp;available,75.3
1449076.JOOE01000003_gene3794,JOOE01000003_gene3794,annotation&nbsp;not&nbsp;available,75.3
1449076.JOOE01000003_gene3117,JOOE01000003_gene3117,annotation&nbsp;not&nbsp;available,75.2
1449076.JOOE01000003_gene3111,JOOE01000003_gene3111,annotation&nbsp;not&nbsp;available,75.1
1449076.JOOE01000001_gene2476,JOOE01000001_gene2476,annotation&nbsp;not&nbsp;available,75.1
1449076.JOOE01000004_gene223,JOOE01000004_gene223,annotation&nbsp;not&nbsp;available,75.0
1449076.JOOE01000003_gene3714,JOOE01000003_gene3714,annotation&nbsp;not&nbsp;available,75.0
1449076.JOOE01000005_gene1610,JOOE01000005_gene1610,annotation&nbsp;not&nbsp;available,75.0
1449076.JOOE01000001_gene1945,JOOE01000001_gene1945,annotation&nbsp;not&nbsp;available,75.0
1449076.JOOE01000003_gene3390,JOOE01000003_gene3390,annotation&nbsp;not&nbsp;available,74.9
1449076.JOOE01000004_gene500,JOOE01000004_gene500,annotation&nbsp;not&nbsp;available,74.9
1449076.JOOE01000004_gene210,JOOE01000004_gene210,annotation&nbsp;not&nbsp;available,74.9
1449076.JOOE01000002_gene1335,JOOE01000002_gene1335,annotation&nbsp;not&nbsp;available,74.9
1449076.JOOE01000004_gene111,JOOE01000004_gene111,annotation&nbsp;not&nbsp;available,74.9
1449076.JOOE01000003_gene3052,JOOE01000003_gene3052,annotation&nbsp;not&nbsp;available,74.9
1449076.JOOE01000001_gene2927,JOOE01000001_gene2927,annotation&nbsp;not&nbsp;available,74.8
1449076.JOOE01000001_gene1898,JOOE01000001_gene1898,annotation&nbsp;not&nbsp;available,74.8
1449076.JOOE01000003_gene3144,JOOE01000003_gene3144,annotation&nbsp;not&nbsp;available,74.8
1449076.JOOE01000004_gene14,JOOE01000004_gene14,annotation&nbsp;not&nbsp;available,74.8
1449076.JOOE01000001_gene2492,JOOE01000001_gene2492,annotation&nbsp;not&nbsp;available,74.8
1449076.JOOE01000002_gene940,JOOE01000002_gene940,annotation&nbsp;not&nbsp;available,74.7
1449076.JOOE01000003_gene3637,JOOE01000003_gene3637,annotation&nbsp;not&nbsp;available,74.7
1449076.JOOE01000003_gene3710,JOOE01000003_gene3710,annotation&nbsp;not&nbsp;available,74.5
1449076.JOOE01000001_gene2911,JOOE01000001_gene2911,annotation&nbsp;not&nbsp;available,74.5
1449076.JOOE01000003_gene3208,JOOE01000003_gene3208,annotation&nbsp;not&nbsp;available,74.5
1449076.JOOE01000001_gene2633,JOOE01000001_gene2633,annotation&nbsp;not&nbsp;available,74.5
1449076.JOOE01000004_gene536,JOOE01000004_gene536,annotation&nbsp;not&nbsp;available,74.4
1449076.JOOE01000001_gene2277,JOOE01000001_gene2277,annotation&nbsp;not&nbsp;available,74.4
1449076.JOOE01000002_gene1340,JOOE01000002_gene1340,annotation&nbsp;not&nbsp;available,74.3
1449076.JOOE01000002_gene1270,JOOE01000002_gene1270,annotation&nbsp;not&nbsp;available,74.3
1449076.JOOE01000002_gene920,JOOE01000002_gene920,annotation&nbsp;not&nbsp;available,74.3
1449076.JOOE01000001_gene1888,JOOE01000001_gene1888,annotation&nbsp;not&nbsp;available,74.2
1449076.JOOE01000002_gene1330,JOOE01000002_gene1330,annotation&nbsp;not&nbsp;available,74.2
1449076.JOOE01000003_gene3220,JOOE01000003_gene3220,annotation&nbsp;not&nbsp;available,74.2
1449076.JOOE01000003_gene3851,JOOE01000003_gene3851,annotation&nbsp;not&nbsp;available,74.2
1449076.JOOE01000001_gene1919,JOOE01000001_gene1919,annotation&nbsp;not&nbsp;available,74.1
1449076.JOOE01000004_gene296,JOOE01000004_gene296,annotation&nbsp;not&nbsp;available,74.1
1449076.JOOE01000004_gene400,JOOE01000004_gene400,annotation&nbsp;not&nbsp;available,74.1
1449076.JOOE01000002_gene1002,JOOE01000002_gene1002,annotation&nbsp;not&nbsp;available,74.1
1449076.JOOE01000002_gene1203,JOOE01000002_gene1203,annotation&nbsp;not&nbsp;available,74.1
1449076.JOOE01000003_gene3145,JOOE01000003_gene3145,annotation&nbsp;not&nbsp;available,74.1
1449076.JOOE01000001_gene2019,JOOE01000001_gene2019,annotation&nbsp;not&nbsp;available,74.1
1449076.JOOE01000004_gene424,JOOE01000004_gene424,annotation&nbsp;not&nbsp;available,74.0
1449076.JOOE01000003_gene3503,JOOE01000003_gene3503,annotation&nbsp;not&nbsp;available,74.0
1449076.JOOE01000002_gene1370,JOOE01000002_gene1370,annotation&nbsp;not&nbsp;available,73.9
1449076.JOOE01000001_gene2531,JOOE01000001_gene2531,annotation&nbsp;not&nbsp;available,73.9
1449076.JOOE01000002_gene1120,JOOE01000002_gene1120,annotation&nbsp;not&nbsp;available,73.8
1449076.JOOE01000001_gene1668,JOOE01000001_gene1668,annotation&nbsp;not&nbsp;available,73.8
1449076.JOOE01000003_gene3172,JOOE01000003_gene3172,annotation&nbsp;not&nbsp;available,73.7
1449076.JOOE01000001_gene2530,JOOE01000001_gene2530,annotation&nbsp;not&nbsp;available,73.7
1449076.JOOE01000004_gene577,JOOE01000004_gene577,annotation&nbsp;not&nbsp;available,73.6
1449076.JOOE01000003_gene3656,JOOE01000003_gene3656,annotation&nbsp;not&nbsp;available,73.5
1449076.JOOE01000003_gene3684,JOOE01000003_gene3684,annotation&nbsp;not&nbsp;available,73.5
1449076.JOOE01000002_gene1490,JOOE01000002_gene1490,annotation&nbsp;not&nbsp;available,73.4
1449076.JOOE01000003_gene3190,JOOE01000003_gene3190,annotation&nbsp;not&nbsp;available,73.3
1449076.JOOE01000001_gene2876,JOOE01000001_gene2876,annotation&nbsp;not&nbsp;available,73.3
1449076.JOOE01000003_gene3759,JOOE01000003_gene3759,annotation&nbsp;not&nbsp;available,73.3
1449076.JOOE01000003_gene3647,JOOE01000003_gene3647,annotation&nbsp;not&nbsp;available,73.3
1449076.JOOE01000001_gene1721,JOOE01000001_gene1721,annotation&nbsp;not&nbsp;available,73.2
1449076.JOOE01000003_gene3092,JOOE01000003_gene3092,annotation&nbsp;not&nbsp;available,73.2
1449076.JOOE01000003_gene3820,JOOE01000003_gene3820,annotation&nbsp;not&nbsp;available,73.2
1449076.JOOE01000003_gene3288,JOOE01000003_gene3288,annotation&nbsp;not&nbsp;available,73.1
1449076.JOOE01000004_gene472,JOOE01000004_gene472,annotation&nbsp;not&nbsp;available,73.1
1449076.JOOE01000002_gene1074,JOOE01000002_gene1074,annotation&nbsp;not&nbsp;available,73.1
1449076.JOOE01000004_gene271,JOOE01000004_gene271,annotation&nbsp;not&nbsp;available,73.1
1449076.JOOE01000001_gene2079,JOOE01000001_gene2079,annotation&nbsp;not&nbsp;available,73.1
1449076.JOOE01000006_gene654,JOOE01000006_gene654,annotation&nbsp;not&nbsp;available,73.0
1449076.JOOE01000003_gene3473,JOOE01000003_gene3473,annotation&nbsp;not&nbsp;available,73.0
1449076.JOOE01000002_gene1503,JOOE01000002_gene1503,annotation&nbsp;not&nbsp;available,72.9
1449076.JOOE01000002_gene744,JOOE01000002_gene744,annotation&nbsp;not&nbsp;available,72.9
1449076.JOOE01000002_gene1202,JOOE01000002_gene1202,annotation&nbsp;not&nbsp;available,72.8
1449076.JOOE01000001_gene2857,JOOE01000001_gene2857,annotation&nbsp;not&nbsp;available,72.8
1449076.JOOE01000002_gene1366,JOOE01000002_gene1366,annotation&nbsp;not&nbsp;available,72.8
1449076.JOOE01000001_gene2348,JOOE01000001_gene2348,annotation&nbsp;not&nbsp;available,72.7
1449076.JOOE01000001_gene2386,JOOE01000001_gene2386,annotation&nbsp;not&nbsp;available,72.7
1449076.JOOE01000002_gene1210,JOOE01000002_gene1210,annotation&nbsp;not&nbsp;available,72.7
1449076.JOOE01000001_gene2169,JOOE01000001_gene2169,annotation&nbsp;not&nbsp;available,72.4
1449076.JOOE01000001_gene2324,JOOE01000001_gene2324,annotation&nbsp;not&nbsp;available,72.4
1449076.JOOE01000001_gene2413,JOOE01000001_gene2413,annotation&nbsp;not&nbsp;available,72.4
1449076.JOOE01000002_gene742,JOOE01000002_gene742,annotation&nbsp;not&nbsp;available,72.3
1449076.JOOE01000001_gene2307,JOOE01000001_gene2307,annotation&nbsp;not&nbsp;available,72.2
1449076.JOOE01000002_gene1400,JOOE01000002_gene1400,annotation&nbsp;not&nbsp;available,72.2
1449076.JOOE01000005_gene1623,JOOE01000005_gene1623,annotation&nbsp;not&nbsp;available,72.1
1449076.JOOE01000006_gene683,JOOE01000006_gene683,annotation&nbsp;not&nbsp;available,72.1
1449076.JOOE01000004_gene397,JOOE01000004_gene397,annotation&nbsp;not&nbsp;available,72.1
1449076.JOOE01000004_gene38,JOOE01000004_gene38,annotation&nbsp;not&nbsp;available,72.1
1449076.JOOE01000003_gene3497,JOOE01000003_gene3497,annotation&nbsp;not&nbsp;available,71.9
1449076.JOOE01000002_gene987,JOOE01000002_gene987,annotation&nbsp;not&nbsp;available,71.9
1449076.JOOE01000006_gene657,JOOE01000006_gene657,annotation&nbsp;not&nbsp;available,71.9
1449076.JOOE01000001_gene1815,JOOE01000001_gene1815,annotation&nbsp;not&nbsp;available,71.9
1449076.JOOE01000003_gene3555,JOOE01000003_gene3555,annotation&nbsp;not&nbsp;available,71.8
1449076.JOOE01000001_gene1783,JOOE01000001_gene1783,annotation&nbsp;not&nbsp;available,71.8
1449076.JOOE01000002_gene970,JOOE01000002_gene970,annotation&nbsp;not&nbsp;available,71.8
1449076.JOOE01000002_gene858,JOOE01000002_gene858,annotation&nbsp;not&nbsp;available,71.8
1449076.JOOE01000001_gene1691,JOOE01000001_gene1691,annotation&nbsp;not&nbsp;available,71.8
1449076.JOOE01000002_gene1168,JOOE01000002_gene1168,annotation&nbsp;not&nbsp;available,71.8
1449076.JOOE01000003_gene3472,JOOE01000003_gene3472,annotation&nbsp;not&nbsp;available,71.7
1449076.JOOE01000001_gene1709,JOOE01000001_gene1709,annotation&nbsp;not&nbsp;available,71.7
1449076.JOOE01000001_gene2866,JOOE01000001_gene2866,annotation&nbsp;not&nbsp;available,71.6
1449076.JOOE01000003_gene3836,JOOE01000003_gene3836,annotation&nbsp;not&nbsp;available,71.6
1449076.JOOE01000002_gene1232,JOOE01000002_gene1232,annotation&nbsp;not&nbsp;available,71.6
1449076.JOOE01000003_gene3784,JOOE01000003_gene3784,annotation&nbsp;not&nbsp;available,71.5
1449076.JOOE01000004_gene450,JOOE01000004_gene450,annotation&nbsp;not&nbsp;available,71.4
1449076.JOOE01000002_gene1056,JOOE01000002_gene1056,annotation&nbsp;not&nbsp;available,71.4
1449076.JOOE01000001_gene1675,JOOE01000001_gene1675,annotation&nbsp;not&nbsp;available,71.4
1449076.JOOE01000003_gene3186,JOOE01000003_gene3186,annotation&nbsp;not&nbsp;available,71.3
1449076.JOOE01000001_gene1727,JOOE01000001_gene1727,annotation&nbsp;not&nbsp;available,71.3
1449076.JOOE01000001_gene2870,JOOE01000001_gene2870,annotation&nbsp;not&nbsp;available,71.3
1449076.JOOE01000001_gene2736,JOOE01000001_gene2736,annotation&nbsp;not&nbsp;available,71.3
1449076.JOOE01000004_gene452,JOOE01000004_gene452,annotation&nbsp;not&nbsp;available,71.2
1449076.JOOE01000002_gene925,JOOE01000002_gene925,annotation&nbsp;not&nbsp;available,71.2
1449076.JOOE01000001_gene2066,JOOE01000001_gene2066,annotation&nbsp;not&nbsp;available,71.2
1449076.JOOE01000001_gene2617,JOOE01000001_gene2617,annotation&nbsp;not&nbsp;available,71.1
1449076.JOOE01000001_gene1940,JOOE01000001_gene1940,annotation&nbsp;not&nbsp;available,71.0
1449076.JOOE01000001_gene2007,JOOE01000001_gene2007,annotation&nbsp;not&nbsp;available,71.0
1449076.JOOE01000004_gene198,JOOE01000004_gene198,annotation&nbsp;not&nbsp;available,71.0
1449076.JOOE01000002_gene1454,JOOE01000002_gene1454,annotation&nbsp;not&nbsp;available,70.9
1449076.JOOE01000003_gene3062,JOOE01000003_gene3062,annotation&nbsp;not&nbsp;available,70.9
1449076.JOOE01000003_gene3193,JOOE01000003_gene3193,annotation&nbsp;not&nbsp;available,70.9
1449076.JOOE01000002_gene736,JOOE01000002_gene736,annotation&nbsp;not&nbsp;available,70.9
1449076.JOOE01000001_gene1801,JOOE01000001_gene1801,annotation&nbsp;not&nbsp;available,70.9
1449076.JOOE01000002_gene917,JOOE01000002_gene917,annotation&nbsp;not&nbsp;available,70.8
1449076.JOOE01000001_gene2674,JOOE01000001_gene2674,annotation&nbsp;not&nbsp;available,70.8
1449076.JOOE01000003_gene3835,JOOE01000003_gene3835,annotation&nbsp;not&nbsp;available,70.8
1449076.JOOE01000002_gene1354,JOOE01000002_gene1354,annotation&nbsp;not&nbsp;available,70.7
1449076.JOOE01000002_gene1461,JOOE01000002_gene1461,annotation&nbsp;not&nbsp;available,70.7
1449076.JOOE01000001_gene1661,JOOE01000001_gene1661,annotation&nbsp;not&nbsp;available,70.7
1449076.JOOE01000002_gene779,JOOE01000002_gene779,annotation&nbsp;not&nbsp;available,70.7
1449076.JOOE01000001_gene2175,JOOE01000001_gene2175,annotation&nbsp;not&nbsp;available,70.7
1449076.JOOE01000003_gene3690,JOOE01000003_gene3690,annotation&nbsp;not&nbsp;available,70.6
1449076.JOOE01000004_gene140,JOOE01000004_gene140,annotation&nbsp;not&nbsp;available,70.6
1449076.JOOE01000003_gene3115,JOOE01000003_gene3115,annotation&nbsp;not&nbsp;available,70.6
1449076.JOOE01000003_gene3103,JOOE01000003_gene3103,annotation&nbsp;not&nbsp;available,70.5
1449076.JOOE01000001_gene2353,JOOE01000001_gene2353,annotation&nbsp;not&nbsp;available,70.5
1449076.JOOE01000001_gene2783,JOOE01000001_gene2783,annotation&nbsp;not&nbsp;available,70.4
1449076.JOOE01000001_gene2368,JOOE01000001_gene2368,annotation&nbsp;not&nbsp;available,70.4
1449076.JOOE01000004_gene548,JOOE01000004_gene548,annotation&nbsp;not&nbsp;available,70.4
1449076.JOOE01000001_gene1897,JOOE01000001_gene1897,annotation&nbsp;not&nbsp;available,70.4
1449076.JOOE01000004_gene160,JOOE01000004_gene160,annotation&nbsp;not&nbsp;available,70.4
1449076.JOOE01000003_gene3654,JOOE01000003_gene3654,annotation&nbsp;not&nbsp;available,70.4
1449076.JOOE01000002_gene884,JOOE01000002_gene884,annotation&nbsp;not&nbsp;available,70.3
1449076.JOOE01000003_gene3171,JOOE01000003_gene3171,annotation&nbsp;not&nbsp;available,70.3
1449076.JOOE01000001_gene2755,JOOE01000001_gene2755,annotation&nbsp;not&nbsp;available,70.3
1449076.JOOE01000001_gene1637,JOOE01000001_gene1637,annotation&nbsp;not&nbsp;available,70.2
1449076.JOOE01000002_gene1237,JOOE01000002_gene1237,annotation&nbsp;not&nbsp;available,70.1
1449076.JOOE01000001_gene2327,JOOE01000001_gene2327,annotation&nbsp;not&nbsp;available,70.1
